year,total_renewable_energy(%),Country_code,country,log_value,yoy_change
1990,0.3,ABW,Aruba,0.262364264467491,
1991,0.2,ABW,Aruba,0.18232155679395465,-0.09999999999999998
1992,0.2,ABW,Aruba,0.18232155679395465,0.0
1993,0.2,ABW,Aruba,0.18232155679395465,0.0
1994,0.2,ABW,Aruba,0.18232155679395465,0.0
1995,0.2,ABW,Aruba,0.18232155679395465,0.0
1996,0.2,ABW,Aruba,0.18232155679395465,0.0
1997,0.2,ABW,Aruba,0.18232155679395465,0.0
1998,0.2,ABW,Aruba,0.18232155679395465,0.0
1999,0.2,ABW,Aruba,0.18232155679395465,0.0
2000,0.2,ABW,Aruba,0.18232155679395465,0.0
2001,0.2,ABW,Aruba,0.18232155679395465,0.0
2002,0.2,ABW,Aruba,0.18232155679395465,0.0
2003,0.2,ABW,Aruba,0.18232155679395465,0.0
2004,0.2,ABW,Aruba,0.18232155679395465,0.0
2005,0.2,ABW,Aruba,0.18232155679395465,0.0
2006,0.2,ABW,Aruba,0.18232155679395465,0.0
2007,0.2,ABW,Aruba,0.18232155679395465,0.0
2008,0.2,ABW,Aruba,0.18232155679395465,0.0
2009,0.3,ABW,Aruba,0.262364264467491,0.09999999999999998
2010,5.5,ABW,Aruba,1.8718021769015913,5.2
2011,5.7,ABW,Aruba,1.9021075263969205,0.20000000000000018
2012,6.9,ABW,Aruba,2.066862759472976,1.2000000000000002
2013,6.9,ABW,Aruba,2.066862759472976,0.0
2014,6.9,ABW,Aruba,2.066862759472976,0.0
2015,6.7,ABW,Aruba,2.0412203288596382,-0.20000000000000018
2016,7.0,ABW,Aruba,2.0794415416798357,0.2999999999999998
2017,6.8,ABW,Aruba,2.0541237336955462,-0.20000000000000018
2018,8.6,ABW,Aruba,2.2617630984737906,1.7999999999999998
2019,8.3,ABW,Aruba,2.2300144001592104,-0.29999999999999893
2020,9.1,ABW,Aruba,2.312535423847214,0.7999999999999989
2021,8.8,ABW,Aruba,2.2823823856765264,-0.29999999999999893
2022,8.8,ABW,Aruba,2.2823823856765264,0.0
1990,23.0,AFG,Afghanistan,3.1780538303479458,
1991,23.7,AFG,Afghanistan,3.2068032436339315,0.6999999999999993
1992,27.4,AFG,Afghanistan,3.3463891451671604,3.6999999999999993
1993,28.5,AFG,Afghanistan,3.3843902633457743,1.1000000000000014
1994,30.1,AFG,Afghanistan,3.4372078191851885,1.6000000000000014
1995,31.8,AFG,Afghanistan,3.490428515390098,1.6999999999999993
1996,33.9,AFG,Afghanistan,3.5524868292083815,2.099999999999998
1997,36.4,AFG,Afghanistan,3.6216707044204863,2.5
1998,38.0,AFG,Afghanistan,3.6635616461296463,1.6000000000000014
1999,43.4,AFG,Afghanistan,3.7932394694381792,5.399999999999999
2000,45.0,AFG,Afghanistan,3.828641396489095,1.6000000000000014
2001,45.6,AFG,Afghanistan,3.8416005411316,0.6000000000000014
2002,37.8,AFG,Afghanistan,3.6584202466292277,-7.800000000000004
2003,36.7,AFG,Afghanistan,3.629660094453965,-1.0999999999999943
2004,44.2,AFG,Afghanistan,3.8110970868381857,7.5
2005,33.9,AFG,Afghanistan,3.5524868292083815,-10.300000000000004
2006,31.9,AFG,Afghanistan,3.493472657771326,-2.0
2007,28.8,AFG,Afghanistan,3.3945083935113587,-3.099999999999998
2008,21.2,AFG,Afghanistan,3.100092288878234,-7.600000000000001
2009,16.5,AFG,Afghanistan,2.8622008809294686,-4.699999999999999
2010,15.2,AFG,Afghanistan,2.785011242238338,-1.3000000000000007
2011,12.6,AFG,Afghanistan,2.6100697927420065,-2.5999999999999996
2012,15.4,AFG,Afghanistan,2.797281334830153,2.8000000000000007
2013,16.9,AFG,Afghanistan,2.884800712846709,1.4999999999999982
2014,19.1,AFG,Afghanistan,3.0007198150650303,2.200000000000003
2015,17.7,AFG,Afghanistan,2.928523523860541,-1.4000000000000021
2016,20.2,AFG,Afghanistan,3.054001181677967,2.5
2017,19.5,AFG,Afghanistan,3.0204248861443626,-0.6999999999999993
2018,18.3,AFG,Afghanistan,2.9601050959108397,-1.1999999999999993
2019,18.9,AFG,Afghanistan,2.990719731730447,0.5999999999999979
2020,18.2,AFG,Afghanistan,2.954910279033736,-0.6999999999999993
2021,20.0,AFG,Afghanistan,3.044522437723423,1.8000000000000007
2022,20.0,AFG,Afghanistan,3.044522437723423,0.0
1990,72.3,AGO,Angola,4.294560608892605,
1991,71.9,AGO,Angola,4.289088639014612,-0.3999999999999915
1992,72.7,AGO,Angola,4.300002799195291,0.7999999999999972
1993,71.3,AGO,Angola,4.280824129164719,-1.4000000000000057
1994,72.2,AGO,Angola,4.293195420967266,0.9000000000000057
1995,73.8,AGO,Angola,4.314817884980432,1.5999999999999943
1996,72.9,AGO,Angola,4.302712827954156,-0.8999999999999915
1997,73.4,AGO,Angola,4.309455941839047,0.5
1998,76.4,AGO,Angola,4.3489867805956814,3.0
1999,72.8,AGO,Angola,4.301358731606427,-3.6000000000000085
2000,73.8,AGO,Angola,4.314817884980432,1.0
2001,72.8,AGO,Angola,4.301358731606427,-1.0
2002,70.8,AGO,Angola,4.273884476054178,-2.0
2003,65.6,AGO,Angola,4.198704577546343,-5.200000000000003
2004,62.3,AGO,Angola,4.147885329150131,-3.299999999999997
2005,68.9,AGO,Angola,4.247065649239764,6.6000000000000085
2006,62.6,AGO,Angola,4.152613470346076,-6.300000000000004
2007,58.9,AGO,Angola,4.092676505121403,-3.700000000000003
2008,55.4,AGO,Angola,4.032469158504013,-3.5
2009,53.0,AGO,Angola,3.9889840465642745,-2.3999999999999986
2010,53.1,AGO,Angola,3.9908341858524357,0.10000000000000142
2011,51.7,AGO,Angola,3.9646154555473165,-1.3999999999999986
2012,49.0,AGO,Angola,3.912023005428146,-2.700000000000003
2013,46.8,AGO,Angola,3.86702563949741,-2.200000000000003
2014,47.5,AGO,Angola,3.8815637979434374,0.7000000000000028
2015,47.1,AGO,Angola,3.8732821771117156,-0.3999999999999986
2016,48.1,AGO,Angola,3.893859034800475,1.0
2017,52.5,AGO,Angola,3.979681653901961,4.399999999999999
2018,52.5,AGO,Angola,3.979681653901961,0.0
2019,51.0,AGO,Angola,3.9512437185814275,-1.5
2020,60.1,AGO,Angola,4.11251186617755,9.100000000000001
2021,52.9,AGO,Angola,3.9871304779149512,-7.200000000000003
1990,25.5,ALB,Albania,3.2771447329921766,
1991,33.0,ALB,Albania,3.5263605246161616,7.5
1992,46.8,ALB,Albania,3.86702563949741,13.799999999999997
1993,51.1,ALB,Albania,3.9531649487593215,4.300000000000004
1994,51.4,ALB,Albania,3.9589065913269965,0.29999999999999716
1995,50.6,ALB,Albania,3.9435216724875173,-0.7999999999999972
1996,51.6,ALB,Albania,3.9627161197436642,1.0
1997,55.9,ALB,Albania,4.041295341132285,4.299999999999997
1998,49.9,ALB,Albania,3.929862923556477,-6.0
1999,42.6,ALB,Albania,3.775057150354989,-7.299999999999997
2000,41.4,ALB,Albania,3.7471483622379123,-1.2000000000000028
2001,39.0,ALB,Albania,3.6888794541139363,-2.3999999999999986
2002,35.8,ALB,Albania,3.6054978451748854,-3.200000000000003
2003,33.7,ALB,Albania,3.5467396869528134,-2.0999999999999943
2004,35.8,ALB,Albania,3.6054978451748854,2.0999999999999943
2005,36.8,ALB,Albania,3.632309102625542,1.0
2006,31.6,ALB,Albania,3.484312288372662,-5.199999999999996
2007,32.0,ALB,Albania,3.4965075614664802,0.3999999999999986
2008,35.8,ALB,Albania,3.6054978451748854,3.799999999999997
2009,37.1,ALB,Albania,3.6402142821326553,1.3000000000000043
2010,37.0,ALB,Albania,3.6375861597263857,-0.10000000000000142
2011,35.8,ALB,Albania,3.6054978451748854,-1.2000000000000028
2012,39.9,ALB,Albania,3.711130063048756,4.100000000000001
2013,41.1,ALB,Albania,3.7400477406883357,1.2000000000000028
2014,38.6,ALB,Albania,3.6788291182604347,-2.5
2015,38.5,ALB,Albania,3.676300671907076,-0.10000000000000142
2016,39.4,ALB,Albania,3.6988297849671046,0.8999999999999986
2017,36.9,ALB,Albania,3.634951112088381,-2.5
2018,37.8,ALB,Albania,3.6584202466292277,0.8999999999999986
2019,40.1,ALB,Albania,3.716008121502189,2.3000000000000043
2020,44.4,ALB,Albania,3.8155121050473024,4.299999999999997
2021,41.9,ALB,Albania,3.758871825933971,-2.5
1990,14.1,AND,Andorra,2.714694743820879,
1991,14.1,AND,Andorra,2.714694743820879,0.0
1992,14.1,AND,Andorra,2.714694743820879,0.0
1993,13.7,AND,Andorra,2.6878474937846906,-0.40000000000000036
1994,14.4,AND,Andorra,2.7343675094195836,0.7000000000000011
1995,14.3,AND,Andorra,2.72785282839839,-0.09999999999999964
1996,13.9,AND,Andorra,2.7013612129514133,-0.40000000000000036
1997,14.0,AND,Andorra,2.70805020110221,0.09999999999999964
1998,14.2,AND,Andorra,2.7212954278522306,0.1999999999999993
1999,14.3,AND,Andorra,2.72785282839839,0.10000000000000142
2000,14.5,AND,Andorra,2.740840023925201,0.1999999999999993
2001,15.4,AND,Andorra,2.797281334830153,0.9000000000000004
2002,15.8,AND,Andorra,2.8213788864092133,0.40000000000000036
2003,16.5,AND,Andorra,2.8622008809294686,0.6999999999999993
2004,16.6,AND,Andorra,2.8678989020441064,0.10000000000000142
2005,16.6,AND,Andorra,2.8678989020441064,0.0
2006,17.6,AND,Andorra,2.9231615807191558,1.0
2007,16.6,AND,Andorra,2.8678989020441064,-1.0
2008,17.0,AND,Andorra,2.8903717578961645,0.3999999999999986
2009,17.1,AND,Andorra,2.89591193827178,0.10000000000000142
2010,18.7,AND,Andorra,2.9806186357439426,1.5999999999999979
2011,18.6,AND,Andorra,2.975529566236472,-0.09999999999999787
2012,18.8,AND,Andorra,2.9856819377004897,0.1999999999999993
2013,19.1,AND,Andorra,3.0007198150650303,0.3000000000000007
2014,19.4,AND,Andorra,3.0155349008501706,0.29999999999999716
2015,19.0,AND,Andorra,2.995732273553991,-0.3999999999999986
2016,18.9,AND,Andorra,2.990719731730447,-0.10000000000000142
2017,18.0,AND,Andorra,2.9444389791664403,-0.8999999999999986
2018,17.6,AND,Andorra,2.9231615807191558,-0.3999999999999986
2019,17.2,AND,Andorra,2.9014215940827497,-0.40000000000000213
2020,20.9,AND,Andorra,3.086486636822455,3.6999999999999993
2021,18.4,AND,Andorra,2.9652730660692823,-2.5
2022,18.7,AND,Andorra,2.9806186357439426,0.3000000000000007
1990,0.0,ARE,United Arab Emirates,0.0,
1991,0.0,ARE,United Arab Emirates,0.0,0.0
1992,0.2,ARE,United Arab Emirates,0.18232155679395465,0.2
1993,0.1,ARE,United Arab Emirates,0.09531017980432487,-0.1
1994,0.1,ARE,United Arab Emirates,0.09531017980432487,0.0
1995,0.1,ARE,United Arab Emirates,0.09531017980432487,0.0
1996,0.1,ARE,United Arab Emirates,0.09531017980432487,0.0
1997,0.1,ARE,United Arab Emirates,0.09531017980432487,0.0
1998,0.1,ARE,United Arab Emirates,0.09531017980432487,0.0
1999,0.1,ARE,United Arab Emirates,0.09531017980432487,0.0
2000,0.1,ARE,United Arab Emirates,0.09531017980432487,0.0
2001,0.1,ARE,United Arab Emirates,0.09531017980432487,0.0
2002,0.1,ARE,United Arab Emirates,0.09531017980432487,0.0
2003,0.1,ARE,United Arab Emirates,0.09531017980432487,0.0
2004,0.1,ARE,United Arab Emirates,0.09531017980432487,0.0
2005,0.1,ARE,United Arab Emirates,0.09531017980432487,0.0
2006,0.1,ARE,United Arab Emirates,0.09531017980432487,0.0
2007,0.1,ARE,United Arab Emirates,0.09531017980432487,0.0
2008,0.1,ARE,United Arab Emirates,0.09531017980432487,0.0
2009,0.1,ARE,United Arab Emirates,0.09531017980432487,0.0
2010,0.1,ARE,United Arab Emirates,0.09531017980432487,0.0
2011,0.1,ARE,United Arab Emirates,0.09531017980432487,0.0
2012,0.1,ARE,United Arab Emirates,0.09531017980432487,0.0
2013,0.1,ARE,United Arab Emirates,0.09531017980432487,0.0
2014,0.1,ARE,United Arab Emirates,0.09531017980432487,0.0
2015,0.1,ARE,United Arab Emirates,0.09531017980432487,0.0
2016,0.1,ARE,United Arab Emirates,0.09531017980432487,0.0
2017,0.2,ARE,United Arab Emirates,0.18232155679395465,0.1
2018,0.3,ARE,United Arab Emirates,0.262364264467491,0.09999999999999998
2019,0.7,ARE,United Arab Emirates,0.5306282510621704,0.39999999999999997
2020,0.9,ARE,United Arab Emirates,0.6418538861723948,0.20000000000000007
2021,1.0,ARE,United Arab Emirates,0.6931471805599453,0.09999999999999998
1990,8.6,ARG,Argentina,2.2617630984737906,
1991,8.4,ARG,Argentina,2.2407096892759584,-0.1999999999999993
1992,9.0,ARG,Argentina,2.302585092994046,0.5999999999999996
1993,9.7,ARG,Argentina,2.3702437414678603,0.6999999999999993
1994,10.0,ARG,Argentina,2.3978952727983707,0.3000000000000007
1995,10.2,ARG,Argentina,2.4159137783010487,0.1999999999999993
1996,8.6,ARG,Argentina,2.2617630984737906,-1.5999999999999996
1997,9.7,ARG,Argentina,2.3702437414678603,1.0999999999999996
1998,9.6,ARG,Argentina,2.3608540011180215,-0.09999999999999964
1999,8.8,ARG,Argentina,2.2823823856765264,-0.7999999999999989
2000,9.8,ARG,Argentina,2.379546134130174,1.0
2001,11.5,ARG,Argentina,2.5257286443082556,1.6999999999999993
2002,11.6,ARG,Argentina,2.533696813957432,0.09999999999999964
2003,10.8,ARG,Argentina,2.468099531471619,-0.7999999999999989
2004,9.3,ARG,Argentina,2.33214389523559,-1.5
2005,9.6,ARG,Argentina,2.3608540011180215,0.29999999999999893
2006,9.2,ARG,Argentina,2.322387720290225,-0.40000000000000036
2007,7.7,ARG,Argentina,2.163323025660538,-1.4999999999999991
2008,7.7,ARG,Argentina,2.163323025660538,0.0
2009,8.6,ARG,Argentina,2.2617630984737906,0.8999999999999995
2010,8.8,ARG,Argentina,2.2823823856765264,0.20000000000000107
2011,8.8,ARG,Argentina,2.2823823856765264,0.0
2012,8.6,ARG,Argentina,2.2617630984737906,-0.20000000000000107
2013,8.9,ARG,Argentina,2.2925347571405443,0.3000000000000007
2014,9.8,ARG,Argentina,2.379546134130174,0.9000000000000004
2015,9.4,ARG,Argentina,2.341805806147327,-0.40000000000000036
2016,9.4,ARG,Argentina,2.341805806147327,0.0
2017,10.4,ARG,Argentina,2.4336133554004498,1.0
2018,10.5,ARG,Argentina,2.4423470353692043,0.09999999999999964
2019,10.7,ARG,Argentina,2.4595888418037104,0.1999999999999993
2020,9.8,ARG,Argentina,2.379546134130174,-0.8999999999999986
2021,9.2,ARG,Argentina,2.322387720290225,-0.6000000000000014
1990,2.1,ARM,Armenia,1.1314021114911006,
1991,2.3,ARM,Armenia,1.1939224684724346,0.19999999999999973
1992,6.7,ARM,Armenia,2.0412203288596382,4.4
1993,12.9,ARM,Armenia,2.631888840136646,6.2
1994,17.8,ARM,Armenia,2.9338568698359038,4.9
1995,9.3,ARM,Armenia,2.33214389523559,-8.5
1996,12.5,ARM,Armenia,2.6026896854443837,3.1999999999999993
1997,10.1,ARM,Armenia,2.4069451083182885,-2.4000000000000004
1998,9.4,ARM,Armenia,2.341805806147327,-0.6999999999999993
1999,8.4,ARM,Armenia,2.2407096892759584,-1.0
2000,7.2,ARM,Armenia,2.1041341542702074,-1.2000000000000002
2001,5.4,ARM,Armenia,1.8562979903656263,-1.7999999999999998
2002,8.9,ARM,Armenia,2.2925347571405443,3.5
2003,9.8,ARM,Armenia,2.379546134130174,0.9000000000000004
2004,8.7,ARM,Armenia,2.272125885509337,-1.1000000000000014
2005,6.5,ARM,Armenia,2.0149030205422647,-2.1999999999999993
2006,7.7,ARM,Armenia,2.163323025660538,1.2000000000000002
2007,7.0,ARM,Armenia,2.0794415416798357,-0.7000000000000002
2008,6.4,ARM,Armenia,2.0014800002101243,-0.5999999999999996
2009,7.8,ARM,Armenia,2.174751721484161,1.3999999999999995
2010,9.4,ARM,Armenia,2.341805806147327,1.6000000000000005
2011,8.0,ARM,Armenia,2.1972245773362196,-1.4000000000000004
2012,6.6,ARM,Armenia,2.028148247292285,-1.4000000000000004
2013,6.8,ARM,Armenia,2.0541237336955462,0.20000000000000018
2014,7.1,ARM,Armenia,2.0918640616783932,0.2999999999999998
2015,10.7,ARM,Armenia,2.4595888418037104,3.5999999999999996
2016,13.2,ARM,Armenia,2.653241964607215,2.5
2017,12.6,ARM,Armenia,2.6100697927420065,-0.5999999999999996
2018,11.1,ARM,Armenia,2.4932054526026954,-1.5
2019,10.3,ARM,Armenia,2.424802725718295,-0.7999999999999989
2020,8.4,ARM,Armenia,2.2407096892759584,-1.9000000000000004
2021,9.1,ARM,Armenia,2.312535423847214,0.6999999999999993
1990,0.0,ASM,American Samoa,0.0,
1991,0.0,ASM,American Samoa,0.0,0.0
1992,0.0,ASM,American Samoa,0.0,0.0
1993,0.0,ASM,American Samoa,0.0,0.0
1994,0.0,ASM,American Samoa,0.0,0.0
1995,0.0,ASM,American Samoa,0.0,0.0
1996,0.0,ASM,American Samoa,0.0,0.0
1997,0.0,ASM,American Samoa,0.0,0.0
1998,0.0,ASM,American Samoa,0.0,0.0
1999,0.0,ASM,American Samoa,0.0,0.0
2000,0.0,ASM,American Samoa,0.0,0.0
2001,0.0,ASM,American Samoa,0.0,0.0
2002,0.0,ASM,American Samoa,0.0,0.0
2003,0.0,ASM,American Samoa,0.0,0.0
2004,0.0,ASM,American Samoa,0.0,0.0
2005,0.0,ASM,American Samoa,0.0,0.0
2006,0.0,ASM,American Samoa,0.0,0.0
2007,0.0,ASM,American Samoa,0.0,0.0
2008,0.0,ASM,American Samoa,0.0,0.0
2009,0.0,ASM,American Samoa,0.0,0.0
2010,0.0,ASM,American Samoa,0.0,0.0
2011,0.0,ASM,American Samoa,0.0,0.0
2012,0.1,ASM,American Samoa,0.09531017980432487,0.1
2013,0.2,ASM,American Samoa,0.18232155679395465,0.1
2014,0.2,ASM,American Samoa,0.18232155679395465,0.0
2015,0.2,ASM,American Samoa,0.18232155679395465,0.0
2016,0.2,ASM,American Samoa,0.18232155679395465,0.0
2017,0.3,ASM,American Samoa,0.262364264467491,0.09999999999999998
2018,0.3,ASM,American Samoa,0.262364264467491,0.0
2019,0.4,ASM,American Samoa,0.33647223662121295,0.10000000000000003
2020,0.4,ASM,American Samoa,0.33647223662121295,0.0
2021,0.4,ASM,American Samoa,0.33647223662121295,0.0
2022,0.4,ASM,American Samoa,0.33647223662121295,0.0
1990,0.0,ATG,Antigua and Barbuda,0.0,
1991,0.0,ATG,Antigua and Barbuda,0.0,0.0
1992,0.0,ATG,Antigua and Barbuda,0.0,0.0
1993,0.0,ATG,Antigua and Barbuda,0.0,0.0
1994,0.0,ATG,Antigua and Barbuda,0.0,0.0
1995,0.0,ATG,Antigua and Barbuda,0.0,0.0
1996,0.0,ATG,Antigua and Barbuda,0.0,0.0
1997,0.0,ATG,Antigua and Barbuda,0.0,0.0
1998,0.0,ATG,Antigua and Barbuda,0.0,0.0
1999,0.0,ATG,Antigua and Barbuda,0.0,0.0
2000,0.0,ATG,Antigua and Barbuda,0.0,0.0
2001,0.0,ATG,Antigua and Barbuda,0.0,0.0
2002,0.0,ATG,Antigua and Barbuda,0.0,0.0
2003,0.0,ATG,Antigua and Barbuda,0.0,0.0
2004,0.0,ATG,Antigua and Barbuda,0.0,0.0
2005,0.0,ATG,Antigua and Barbuda,0.0,0.0
2006,0.0,ATG,Antigua and Barbuda,0.0,0.0
2007,0.0,ATG,Antigua and Barbuda,0.0,0.0
2008,0.0,ATG,Antigua and Barbuda,0.0,0.0
2009,0.0,ATG,Antigua and Barbuda,0.0,0.0
2010,0.0,ATG,Antigua and Barbuda,0.0,0.0
2011,0.1,ATG,Antigua and Barbuda,0.09531017980432487,0.1
2012,0.1,ATG,Antigua and Barbuda,0.09531017980432487,0.0
2013,0.1,ATG,Antigua and Barbuda,0.09531017980432487,0.0
2014,0.1,ATG,Antigua and Barbuda,0.09531017980432487,0.0
2015,0.4,ATG,Antigua and Barbuda,0.33647223662121295,0.30000000000000004
2016,0.4,ATG,Antigua and Barbuda,0.33647223662121295,0.0
2017,0.4,ATG,Antigua and Barbuda,0.33647223662121295,0.0
2018,0.7,ATG,Antigua and Barbuda,0.5306282510621704,0.29999999999999993
2019,0.7,ATG,Antigua and Barbuda,0.5306282510621704,0.0
2020,0.9,ATG,Antigua and Barbuda,0.6418538861723948,0.20000000000000007
2021,0.9,ATG,Antigua and Barbuda,0.6418538861723948,0.0
2022,0.9,ATG,Antigua and Barbuda,0.6418538861723948,0.0
1990,8.0,AUS,Australia,2.1972245773362196,
1991,8.2,AUS,Australia,2.2192034840549946,0.1999999999999993
1992,7.5,AUS,Australia,2.1400661634962708,-0.6999999999999993
1993,8.6,AUS,Australia,2.2617630984737906,1.0999999999999996
1994,8.3,AUS,Australia,2.2300144001592104,-0.29999999999999893
1995,8.2,AUS,Australia,2.2192034840549946,-0.10000000000000142
1996,8.9,AUS,Australia,2.2925347571405443,0.7000000000000011
1997,9.1,AUS,Australia,2.312535423847214,0.1999999999999993
1998,8.6,AUS,Australia,2.2617630984737906,-0.5
1999,8.5,AUS,Australia,2.2512917986064953,-0.09999999999999964
2000,8.4,AUS,Australia,2.2407096892759584,-0.09999999999999964
2001,8.4,AUS,Australia,2.2407096892759584,0.0
2002,8.7,AUS,Australia,2.272125885509337,0.29999999999999893
2003,7.2,AUS,Australia,2.1041341542702074,-1.4999999999999991
2004,6.7,AUS,Australia,2.0412203288596382,-0.5
2005,6.7,AUS,Australia,2.0412203288596382,0.0
2006,6.8,AUS,Australia,2.0541237336955462,0.09999999999999964
2007,7.0,AUS,Australia,2.0794415416798357,0.20000000000000018
2008,6.8,AUS,Australia,2.0541237336955462,-0.20000000000000018
2009,7.1,AUS,Australia,2.0918640616783932,0.2999999999999998
2010,8.2,AUS,Australia,2.2192034840549946,1.0999999999999996
2011,8.3,AUS,Australia,2.2300144001592104,0.10000000000000142
2012,8.3,AUS,Australia,2.2300144001592104,0.0
2013,9.2,AUS,Australia,2.322387720290225,0.8999999999999986
2014,9.3,AUS,Australia,2.33214389523559,0.10000000000000142
2015,9.4,AUS,Australia,2.341805806147327,0.09999999999999964
2016,9.6,AUS,Australia,2.3608540011180215,0.1999999999999993
2017,9.9,AUS,Australia,2.388762789235098,0.3000000000000007
2018,9.8,AUS,Australia,2.379546134130174,-0.09999999999999964
2019,10.3,AUS,Australia,2.424802725718295,0.5
2020,11.2,AUS,Australia,2.501435951739211,0.8999999999999986
2021,12.3,AUS,Australia,2.5877640352277083,1.1000000000000014
1990,25.2,AUT,Austria,3.265759410767051,
1991,24.5,AUT,Austria,3.2386784521643803,-0.6999999999999993
1992,26.2,AUT,Austria,3.3032169733019514,1.6999999999999993
1993,26.4,AUT,Austria,3.3105430133940246,0.1999999999999993
1994,25.7,AUT,Austria,3.2846635654062037,-0.6999999999999993
1995,25.7,AUT,Austria,3.2846635654062037,0.0
1996,24.1,AUT,Austria,3.2228678461377385,-1.5999999999999979
1997,24.9,AUT,Austria,3.254242968705492,0.7999999999999972
1998,24.5,AUT,Austria,3.2386784521643803,-0.3999999999999986
1999,26.5,AUT,Austria,3.3141860046725258,2.0
2000,26.4,AUT,Austria,3.3105430133940246,-0.10000000000000142
2001,25.5,AUT,Austria,3.2771447329921766,-0.8999999999999986
2002,24.7,AUT,Austria,3.246490991901174,-0.8000000000000007
2003,22.6,AUT,Austria,3.1612467120315646,-2.099999999999998
2004,23.2,AUT,Austria,3.186352633162641,0.5999999999999979
2005,24.4,AUT,Austria,3.2347491740244907,1.1999999999999993
2006,26.6,AUT,Austria,3.3178157727231046,2.200000000000003
2007,29.0,AUT,Austria,3.4011973816621555,2.3999999999999986
2008,29.7,AUT,Austria,3.4242626545931514,0.6999999999999993
2009,31.3,AUT,Austria,3.475067230228611,1.6000000000000014
2010,31.1,AUT,Austria,3.4688560301359703,-0.1999999999999993
2011,31.6,AUT,Austria,3.484312288372662,0.5
2012,34.4,AUT,Austria,3.5667118201397288,2.799999999999997
2013,34.6,AUT,Austria,3.572345637857985,0.20000000000000284
2014,35.7,AUT,Austria,3.6027767550605247,1.1000000000000014
2015,34.8,AUT,Austria,3.5779478934066544,-0.9000000000000057
2016,34.6,AUT,Austria,3.572345637857985,-0.19999999999999574
2017,34.0,AUT,Austria,3.5553480614894135,-0.6000000000000014
2018,34.1,AUT,Austria,3.55820113047182,0.10000000000000142
2019,34.0,AUT,Austria,3.5553480614894135,-0.10000000000000142
2020,35.8,AUT,Austria,3.6054978451748854,1.7999999999999972
2021,36.0,AUT,Austria,3.6109179126442243,0.20000000000000284
1990,0.7,AZE,Azerbaijan,0.5306282510621704,
1991,0.8,AZE,Azerbaijan,0.5877866649021191,0.10000000000000009
1992,1.2,AZE,Azerbaijan,0.7884573603642702,0.3999999999999999
1993,2.0,AZE,Azerbaijan,1.0986122886681098,0.8
1994,1.5,AZE,Azerbaijan,0.9162907318741551,-0.5
1995,1.4,AZE,Azerbaijan,0.8754687373538999,-0.10000000000000009
1996,1.7,AZE,Azerbaijan,0.9932517730102833,0.30000000000000004
1997,2.0,AZE,Azerbaijan,1.0986122886681098,0.30000000000000004
1998,2.5,AZE,Azerbaijan,1.252762968495368,0.5
1999,2.1,AZE,Azerbaijan,1.1314021114911006,-0.3999999999999999
2000,2.1,AZE,Azerbaijan,1.1314021114911006,0.0
2001,1.8,AZE,Azerbaijan,1.0296194171811581,-0.30000000000000004
2002,2.4,AZE,Azerbaijan,1.2237754316221157,0.5999999999999999
2003,2.9,AZE,Azerbaijan,1.3609765531356006,0.5
2004,3.1,AZE,Azerbaijan,1.410986973710262,0.20000000000000018
2005,3.4,AZE,Azerbaijan,1.4816045409242156,0.2999999999999998
2006,2.9,AZE,Azerbaijan,1.3609765531356006,-0.5
2007,3.8,AZE,Azerbaijan,1.5686159179138452,0.8999999999999999
2008,3.1,AZE,Azerbaijan,1.410986973710262,-0.6999999999999997
2009,3.3,AZE,Azerbaijan,1.4586150226995167,0.19999999999999973
2010,4.4,AZE,Azerbaijan,1.6863989535702288,1.1000000000000005
2011,3.5,AZE,Azerbaijan,1.5040773967762742,-0.9000000000000004
2012,2.8,AZE,Azerbaijan,1.33500106673234,-0.7000000000000002
2013,2.5,AZE,Azerbaijan,1.252762968495368,-0.2999999999999998
2014,2.1,AZE,Azerbaijan,1.1314021114911006,-0.3999999999999999
2015,2.3,AZE,Azerbaijan,1.1939224684724346,0.19999999999999973
2016,1.9,AZE,Azerbaijan,1.0647107369924282,-0.3999999999999999
2017,1.9,AZE,Azerbaijan,1.0647107369924282,0.0
2018,1.9,AZE,Azerbaijan,1.0647107369924282,0.0
2019,1.7,AZE,Azerbaijan,0.9932517730102833,-0.19999999999999996
2020,1.3,AZE,Azerbaijan,0.832909122935104,-0.3999999999999999
2021,1.3,AZE,Azerbaijan,0.832909122935104,0.0
1990,94.6,BDI,Burundi,4.560172820057356,
1991,93.5,BDI,Burundi,4.548599834499697,-1.0999999999999943
1992,94.3,BDI,Burundi,4.557029810660157,0.7999999999999972
1993,94.0,BDI,Burundi,4.553876891600541,-0.29999999999999716
1994,93.9,BDI,Burundi,4.552823705615882,-0.09999999999999432
1995,93.7,BDI,Burundi,4.550714000192032,-0.20000000000000284
1996,93.5,BDI,Burundi,4.548599834499697,-0.20000000000000284
1997,93.4,BDI,Burundi,4.547541073151455,-0.09999999999999432
1998,93.2,BDI,Burundi,4.545420181582317,-0.20000000000000284
1999,93.8,BDI,Burundi,4.551769409260976,0.5999999999999943
2000,93.2,BDI,Burundi,4.545420181582317,-0.5999999999999943
2001,94.7,BDI,Burundi,4.5612182984589085,1.5
2002,94.6,BDI,Burundi,4.560172820057356,-0.10000000000000853
2003,95.8,BDI,Burundi,4.572646994282532,1.2000000000000028
2004,96.0,BDI,Burundi,4.574710978503383,0.20000000000000284
2005,96.0,BDI,Burundi,4.574710978503383,0.0
2006,95.3,BDI,Burundi,4.56746831880408,-0.7000000000000028
2007,95.3,BDI,Burundi,4.56746831880408,0.0
2008,95.0,BDI,Burundi,4.564348191467836,-0.29999999999999716
2009,94.6,BDI,Burundi,4.560172820057356,-0.4000000000000057
2010,93.2,BDI,Burundi,4.545420181582317,-1.3999999999999915
2011,92.1,BDI,Burundi,4.533674184283021,-1.1000000000000085
2012,91.7,BDI,Burundi,4.529368472571809,-0.3999999999999915
2013,90.8,BDI,Burundi,4.519612297626445,-0.9000000000000057
2014,91.3,BDI,Burundi,4.525044141508807,0.5
2015,91.2,BDI,Burundi,4.523960130562548,-0.09999999999999432
2016,89.6,BDI,Burundi,4.506454213048934,-1.6000000000000085
2017,88.2,BDI,Burundi,4.490881039585964,-1.3999999999999915
2018,85.7,BDI,Burundi,4.462453883786496,-2.5
2019,84.8,BDI,Burundi,4.4520190064939165,-0.9000000000000057
2020,83.4,BDI,Burundi,4.4355674016019115,-1.3999999999999915
2021,83.1,BDI,Burundi,4.432006566978902,-0.30000000000001137
2022,83.0,BDI,Burundi,4.430816798843313,-0.09999999999999432
1990,1.3,BEL,Belgium,0.832909122935104,
1991,1.2,BEL,Belgium,0.7884573603642702,-0.10000000000000009
1992,1.2,BEL,Belgium,0.7884573603642702,0.0
1993,1.0,BEL,Belgium,0.6931471805599453,-0.19999999999999996
1994,0.9,BEL,Belgium,0.6418538861723948,-0.09999999999999998
1995,1.3,BEL,Belgium,0.832909122935104,0.4
1996,1.2,BEL,Belgium,0.7884573603642702,-0.10000000000000009
1997,1.1,BEL,Belgium,0.7419373447293773,-0.09999999999999987
1998,1.3,BEL,Belgium,0.832909122935104,0.19999999999999996
1999,1.4,BEL,Belgium,0.8754687373538999,0.09999999999999987
2000,1.4,BEL,Belgium,0.8754687373538999,0.0
2001,1.6,BEL,Belgium,0.9555114450274363,0.20000000000000018
2002,1.7,BEL,Belgium,0.9932517730102833,0.09999999999999987
2003,1.9,BEL,Belgium,1.0647107369924282,0.19999999999999996
2004,2.0,BEL,Belgium,1.0986122886681098,0.10000000000000009
2005,2.5,BEL,Belgium,1.252762968495368,0.5
2006,2.9,BEL,Belgium,1.3609765531356006,0.3999999999999999
2007,3.4,BEL,Belgium,1.4816045409242156,0.5
2008,4.0,BEL,Belgium,1.6094379124341003,0.6000000000000001
2009,4.9,BEL,Belgium,1.7749523509116738,0.9000000000000004
2010,6.2,BEL,Belgium,1.9740810260220096,1.2999999999999998
2011,6.7,BEL,Belgium,2.0412203288596382,0.5
2012,7.7,BEL,Belgium,2.163323025660538,1.0
2013,8.3,BEL,Belgium,2.2300144001592104,0.6000000000000005
2014,9.1,BEL,Belgium,2.312535423847214,0.7999999999999989
2015,9.4,BEL,Belgium,2.341805806147327,0.3000000000000007
2016,9.2,BEL,Belgium,2.322387720290225,-0.20000000000000107
2017,9.7,BEL,Belgium,2.3702437414678603,0.5
2018,10.7,BEL,Belgium,2.4595888418037104,1.0
2019,10.2,BEL,Belgium,2.4159137783010487,-0.5
2020,12.3,BEL,Belgium,2.5877640352277083,2.1000000000000014
2021,11.7,BEL,Belgium,2.5416019934645457,-0.6000000000000014
1990,93.7,BEN,Benin,4.550714000192032,
1991,95.0,BEN,Benin,4.564348191467836,1.2999999999999972
1992,94.8,BEN,Benin,4.562262684976814,-0.20000000000000284
1993,95.0,BEN,Benin,4.564348191467836,0.20000000000000284
1994,95.0,BEN,Benin,4.564348191467836,0.0
1995,94.8,BEN,Benin,4.562262684976814,-0.20000000000000284
1996,84.2,BEN,Benin,4.44500143383527,-10.599999999999994
1997,80.6,BEN,Benin,4.401829261970061,-3.6000000000000085
1998,79.6,BEN,Benin,4.389498649512583,-1.0
1999,76.9,BEN,Benin,4.355425952876702,-2.6999999999999886
2000,70.3,BEN,Benin,4.26689632742025,-6.6000000000000085
2001,66.9,BEN,Benin,4.21803603456465,-3.3999999999999915
2002,64.0,BEN,Benin,4.174387269895637,-2.9000000000000057
2003,61.7,BEN,Benin,4.138361447638875,-2.299999999999997
2004,60.7,BEN,Benin,4.122283930911342,-1.0
2005,59.2,BEN,Benin,4.097672352314776,-1.5
2006,57.3,BEN,Benin,4.065602093356446,-1.9000000000000057
2007,54.5,BEN,Benin,4.0163830207523885,-2.799999999999997
2008,54.8,BEN,Benin,4.021773869387265,0.29999999999999716
2009,52.8,BEN,Benin,3.9852734671677386,-2.0
2010,47.2,BEN,Benin,3.8753590210565547,-5.599999999999994
2011,48.7,BEN,Benin,3.906004933102583,1.5
2012,50.3,BEN,Benin,3.937690752176724,1.5999999999999943
2013,52.0,BEN,Benin,3.970291913552122,1.7000000000000028
2014,51.0,BEN,Benin,3.9512437185814275,-1.0
2015,49.9,BEN,Benin,3.929862923556477,-1.1000000000000014
2016,45.4,BEN,Benin,3.8372994592322094,-4.5
2017,45.4,BEN,Benin,3.8372994592322094,0.0
2018,44.0,BEN,Benin,3.8066624897703196,-1.3999999999999986
2019,46.5,BEN,Benin,3.8607297110405954,2.5
2020,46.2,BEN,Benin,3.8543938925915096,-0.29999999999999716
2021,54.5,BEN,Benin,4.0163830207523885,8.299999999999997
1990,86.3,BFA,Burkina Faso,4.469350462845557,
1991,86.1,BFA,Burkina Faso,4.467056883858457,-0.20000000000000284
1992,86.4,BFA,Burkina Faso,4.470495282661489,0.30000000000001137
1993,86.3,BFA,Burkina Faso,4.469350462845557,-0.10000000000000853
1994,86.2,BFA,Burkina Faso,4.468204330914934,-0.09999999999999432
1995,86.4,BFA,Burkina Faso,4.470495282661489,0.20000000000000284
1996,85.8,BFA,Burkina Faso,4.463606621666305,-0.6000000000000085
1997,85.2,BFA,Burkina Faso,4.456670177669648,-0.5999999999999943
1998,84.1,BFA,Burkina Faso,4.443827035579329,-1.1000000000000085
1999,83.1,BFA,Burkina Faso,4.432006566978902,-1.0
2000,83.9,BFA,Burkina Faso,4.441474093317302,0.8000000000000114
2001,81.7,BFA,Burkina Faso,4.415219602029645,-2.200000000000003
2002,81.8,BFA,Burkina Faso,4.416428061391214,0.09999999999999432
2003,80.8,BFA,Burkina Faso,4.404277243608702,-1.0
2004,82.0,BFA,Burkina Faso,4.418840607796598,1.2000000000000028
2005,85.4,BFA,Burkina Faso,4.45898767581001,3.4000000000000057
2006,84.8,BFA,Burkina Faso,4.4520190064939165,-0.6000000000000085
2007,82.9,BFA,Burkina Faso,4.429625613473161,-1.8999999999999915
2008,83.5,BFA,Burkina Faso,4.436751534363128,0.5999999999999943
2009,83.3,BFA,Burkina Faso,4.4343818650078095,-0.20000000000000284
2010,82.1,BFA,Burkina Faso,4.420044701861403,-1.2000000000000028
2011,81.4,BFA,Burkina Faso,4.411585436915426,-0.6999999999999886
2012,79.2,BFA,Burkina Faso,4.384523514872469,-2.200000000000003
2013,78.7,BFA,Burkina Faso,4.378269585796169,-0.5
2014,78.9,BFA,Burkina Faso,4.380775852772229,0.20000000000000284
2015,78.8,BFA,Burkina Faso,4.379523504455763,-0.10000000000000853
2016,77.1,BFA,Burkina Faso,4.35799005684564,-1.7000000000000028
2017,74.6,BFA,Burkina Faso,4.3254562831854875,-2.5
2018,73.7,BFA,Burkina Faso,4.3134800921387715,-0.8999999999999915
2019,72.7,BFA,Burkina Faso,4.300002799195291,-1.0
2020,73.1,BFA,Burkina Faso,4.3054155323020415,0.3999999999999915
2021,71.2,BFA,Burkina Faso,4.279440045898781,-1.8999999999999915
2022,71.4,BFA,Burkina Faso,4.282206299391671,0.20000000000000284
1990,71.7,BGD,Bangladesh,4.286341384539473,
1991,73.1,BGD,Bangladesh,4.3054155323020415,1.3999999999999915
1992,71.6,BGD,Bangladesh,4.28496492183075,-1.5
1993,70.5,BGD,Bangladesh,4.269697449699962,-1.0999999999999943
1994,69.0,BGD,Bangladesh,4.248495242049359,-1.5
1995,63.8,BGD,Bangladesh,4.1713056033582285,-5.200000000000003
1996,62.1,BGD,Bangladesh,4.144720769547168,-1.6999999999999957
1997,60.0,BGD,Bangladesh,4.110873864173311,-2.1000000000000014
1998,60.2,BGD,Bangladesh,4.11414718951828,0.20000000000000284
1999,60.5,BGD,Bangladesh,4.119037174812473,0.29999999999999716
2000,60.2,BGD,Bangladesh,4.11414718951828,-0.29999999999999716
2001,55.9,BGD,Bangladesh,4.041295341132285,-4.300000000000004
2002,54.4,BGD,Bangladesh,4.014579593753238,-1.5
2003,52.6,BGD,Bangladesh,3.9815490680767565,-1.7999999999999972
2004,52.0,BGD,Bangladesh,3.970291913552122,-0.6000000000000014
2005,50.6,BGD,Bangladesh,3.9435216724875173,-1.3999999999999986
2006,48.6,BGD,Bangladesh,3.903990833730882,-2.0
2007,47.2,BGD,Bangladesh,3.8753590210565547,-1.3999999999999986
2008,45.2,BGD,Bangladesh,3.832979798087693,-2.0
2009,43.1,BGD,Bangladesh,3.7864597824528,-2.1000000000000014
2010,40.3,BGD,Bangladesh,3.720862499966987,-2.8000000000000043
2011,38.4,BGD,Bangladesh,3.673765816303888,-1.8999999999999986
2012,37.3,BGD,Bangladesh,3.6454498961866,-1.1000000000000014
2013,37.0,BGD,Bangladesh,3.6375861597263857,-0.29999999999999716
2014,35.4,BGD,Bangladesh,3.594568774642695,-1.6000000000000014
2015,33.1,BGD,Bangladesh,3.529297384289471,-2.299999999999997
2016,30.2,BGD,Bangladesh,3.4404180948154366,-2.900000000000002
2017,28.1,BGD,Bangladesh,3.370738174177447,-2.099999999999998
2018,27.0,BGD,Bangladesh,3.332204510175204,-1.1000000000000014
2019,26.1,BGD,Bangladesh,3.299533727885655,-0.8999999999999986
2020,27.2,BGD,Bangladesh,3.339321977944068,1.0999999999999979
2021,25.0,BGD,Bangladesh,3.258096538021482,-2.1999999999999993
1990,1.8,BGR,Bulgaria,1.0296194171811581,
1991,2.2,BGR,Bulgaria,1.1631508098056809,0.40000000000000013
1992,2.6,BGR,Bulgaria,1.2809338454620642,0.3999999999999999
1993,2.4,BGR,Bulgaria,1.2237754316221157,-0.20000000000000018
1994,2.3,BGR,Bulgaria,1.1939224684724346,-0.10000000000000009
1995,3.0,BGR,Bulgaria,1.3862943611198906,0.7000000000000002
1996,3.5,BGR,Bulgaria,1.5040773967762742,0.5
1997,3.8,BGR,Bulgaria,1.5686159179138452,0.2999999999999998
1998,5.8,BGR,Bulgaria,1.916922612182061,2.0
1999,6.6,BGR,Bulgaria,2.028148247292285,0.7999999999999998
2000,8.0,BGR,Bulgaria,2.1972245773362196,1.4000000000000004
2001,7.2,BGR,Bulgaria,2.1041341542702074,-0.7999999999999998
2002,8.7,BGR,Bulgaria,2.272125885509337,1.4999999999999991
2003,9.2,BGR,Bulgaria,2.322387720290225,0.5
2004,9.6,BGR,Bulgaria,2.3608540011180215,0.40000000000000036
2005,9.8,BGR,Bulgaria,2.379546134130174,0.20000000000000107
2006,10.0,BGR,Bulgaria,2.3978952727983707,0.1999999999999993
2007,8.8,BGR,Bulgaria,2.2823823856765264,-1.1999999999999993
2008,9.9,BGR,Bulgaria,2.388762789235098,1.0999999999999996
2009,11.6,BGR,Bulgaria,2.533696813957432,1.6999999999999993
2010,14.3,BGR,Bulgaria,2.72785282839839,2.700000000000001
2011,13.2,BGR,Bulgaria,2.653241964607215,-1.1000000000000014
2012,15.6,BGR,Bulgaria,2.8094026953624978,2.4000000000000004
2013,18.2,BGR,Bulgaria,2.954910279033736,2.5999999999999996
2014,17.1,BGR,Bulgaria,2.89591193827178,-1.0999999999999979
2015,17.9,BGR,Bulgaria,2.9391619220655967,0.7999999999999972
2016,17.7,BGR,Bulgaria,2.928523523860541,-0.1999999999999993
2017,17.1,BGR,Bulgaria,2.89591193827178,-0.5999999999999979
2018,19.6,BGR,Bulgaria,3.0252910757955354,2.5
2019,19.3,BGR,Bulgaria,3.0106208860477417,-0.3000000000000007
2020,21.1,BGR,Bulgaria,3.095577608523707,1.8000000000000007
2021,20.4,BGR,Bulgaria,3.0633909220278057,-0.7000000000000028
1990,0.0,BHR,Bahrain,0.0,
1991,0.0,BHR,Bahrain,0.0,0.0
1992,0.0,BHR,Bahrain,0.0,0.0
1993,0.0,BHR,Bahrain,0.0,0.0
1994,0.0,BHR,Bahrain,0.0,0.0
1995,0.0,BHR,Bahrain,0.0,0.0
1996,0.0,BHR,Bahrain,0.0,0.0
1997,0.0,BHR,Bahrain,0.0,0.0
1998,0.0,BHR,Bahrain,0.0,0.0
1999,0.0,BHR,Bahrain,0.0,0.0
2000,0.0,BHR,Bahrain,0.0,0.0
2001,0.0,BHR,Bahrain,0.0,0.0
2002,0.0,BHR,Bahrain,0.0,0.0
2003,0.0,BHR,Bahrain,0.0,0.0
2004,0.0,BHR,Bahrain,0.0,0.0
2005,0.0,BHR,Bahrain,0.0,0.0
2006,0.0,BHR,Bahrain,0.0,0.0
2007,0.0,BHR,Bahrain,0.0,0.0
2008,0.0,BHR,Bahrain,0.0,0.0
2009,0.0,BHR,Bahrain,0.0,0.0
2010,0.0,BHR,Bahrain,0.0,0.0
2011,0.0,BHR,Bahrain,0.0,0.0
2012,0.0,BHR,Bahrain,0.0,0.0
2013,0.0,BHR,Bahrain,0.0,0.0
2014,0.0,BHR,Bahrain,0.0,0.0
2015,0.0,BHR,Bahrain,0.0,0.0
2016,0.0,BHR,Bahrain,0.0,0.0
2017,0.0,BHR,Bahrain,0.0,0.0
2018,0.0,BHR,Bahrain,0.0,0.0
2019,0.0,BHR,Bahrain,0.0,0.0
2020,0.0,BHR,Bahrain,0.0,0.0
2021,0.0,BHR,Bahrain,0.0,0.0
1990,0.0,BHS,"Bahamas, The",0.0,
1991,0.0,BHS,"Bahamas, The",0.0,0.0
1992,0.0,BHS,"Bahamas, The",0.0,0.0
1993,0.0,BHS,"Bahamas, The",0.0,0.0
1994,0.0,BHS,"Bahamas, The",0.0,0.0
1995,0.0,BHS,"Bahamas, The",0.0,0.0
1996,0.0,BHS,"Bahamas, The",0.0,0.0
1997,0.0,BHS,"Bahamas, The",0.0,0.0
1998,0.0,BHS,"Bahamas, The",0.0,0.0
1999,0.0,BHS,"Bahamas, The",0.0,0.0
2000,0.0,BHS,"Bahamas, The",0.0,0.0
2001,0.4,BHS,"Bahamas, The",0.33647223662121295,0.4
2002,0.4,BHS,"Bahamas, The",0.33647223662121295,0.0
2003,1.5,BHS,"Bahamas, The",0.9162907318741551,1.1
2004,1.6,BHS,"Bahamas, The",0.9555114450274363,0.10000000000000009
2005,1.7,BHS,"Bahamas, The",0.9932517730102833,0.09999999999999987
2006,2.0,BHS,"Bahamas, The",1.0986122886681098,0.30000000000000004
2007,3.5,BHS,"Bahamas, The",1.5040773967762742,1.5
2008,2.0,BHS,"Bahamas, The",1.0986122886681098,-1.5
2009,1.5,BHS,"Bahamas, The",0.9162907318741551,-0.5
2010,1.3,BHS,"Bahamas, The",0.832909122935104,-0.19999999999999996
2011,1.4,BHS,"Bahamas, The",0.8754687373538999,0.09999999999999987
2012,1.4,BHS,"Bahamas, The",0.8754687373538999,0.0
2013,1.4,BHS,"Bahamas, The",0.8754687373538999,0.0
2014,1.4,BHS,"Bahamas, The",0.8754687373538999,0.0
2015,1.4,BHS,"Bahamas, The",0.8754687373538999,0.0
2016,1.2,BHS,"Bahamas, The",0.7884573603642702,-0.19999999999999996
2017,1.1,BHS,"Bahamas, The",0.7419373447293773,-0.09999999999999987
2018,1.1,BHS,"Bahamas, The",0.7419373447293773,0.0
2019,1.1,BHS,"Bahamas, The",0.7419373447293773,0.0
2020,1.4,BHS,"Bahamas, The",0.8754687373538999,0.2999999999999998
2021,1.1,BHS,"Bahamas, The",0.7419373447293773,-0.2999999999999998
2022,1.1,BHS,"Bahamas, The",0.7419373447293773,0.0
1990,7.3,BIH,Bosnia and Herzegovina,2.1162555148025524,
1991,8.8,BIH,Bosnia and Herzegovina,2.2823823856765264,1.5000000000000009
1992,11.6,BIH,Bosnia and Herzegovina,2.533696813957432,2.799999999999999
1993,14.6,BIH,Bosnia and Herzegovina,2.747270914255491,3.0
1994,33.4,BIH,Bosnia and Herzegovina,3.5380565643793527,18.799999999999997
1995,33.2,BIH,Bosnia and Herzegovina,3.5322256440685598,-0.19999999999999574
1996,32.9,BIH,Bosnia and Herzegovina,3.5234150143864045,-0.30000000000000426
1997,27.6,BIH,Bosnia and Herzegovina,3.353406717825807,-5.299999999999997
1998,26.7,BIH,Bosnia and Herzegovina,3.3214324131932926,-0.9000000000000021
1999,28.4,BIH,Bosnia and Herzegovina,3.380994674344636,1.6999999999999993
2000,19.4,BIH,Bosnia and Herzegovina,3.0155349008501706,-9.0
2001,20.3,BIH,Bosnia and Herzegovina,3.0587070727153796,0.9000000000000021
2002,21.2,BIH,Bosnia and Herzegovina,3.100092288878234,0.8999999999999986
2003,20.1,BIH,Bosnia and Herzegovina,3.0492730404820207,-1.0999999999999979
2004,20.1,BIH,Bosnia and Herzegovina,3.0492730404820207,0.0
2005,19.7,BIH,Bosnia and Herzegovina,3.0301337002713233,-0.40000000000000213
2006,18.1,BIH,Bosnia and Herzegovina,2.9496883350525844,-1.5999999999999979
2007,14.8,BIH,Bosnia and Herzegovina,2.760009940032921,-3.3000000000000007
2008,14.3,BIH,Bosnia and Herzegovina,2.72785282839839,-0.5
2009,17.4,BIH,Bosnia and Herzegovina,2.91235066461494,3.099999999999998
2010,19.6,BIH,Bosnia and Herzegovina,3.0252910757955354,2.200000000000003
2011,14.2,BIH,Bosnia and Herzegovina,2.7212954278522306,-5.400000000000002
2012,15.3,BIH,Bosnia and Herzegovina,2.791165107812717,1.1000000000000014
2013,19.5,BIH,Bosnia and Herzegovina,3.0204248861443626,4.199999999999999
2014,23.6,BIH,Bosnia and Herzegovina,3.202746442938317,4.100000000000001
2015,25.2,BIH,Bosnia and Herzegovina,3.265759410767051,1.5999999999999979
2016,23.0,BIH,Bosnia and Herzegovina,3.1780538303479458,-2.1999999999999993
2017,18.5,BIH,Bosnia and Herzegovina,2.970414465569701,-4.5
2018,35.4,BIH,Bosnia and Herzegovina,3.594568774642695,16.9
2019,36.8,BIH,Bosnia and Herzegovina,3.632309102625542,1.3999999999999986
2020,37.7,BIH,Bosnia and Herzegovina,3.655839600035736,0.9000000000000057
2021,36.6,BIH,Bosnia and Herzegovina,3.6270040503958487,-1.1000000000000014
1990,0.9,BLR,Belarus,0.6418538861723948,
1991,1.0,BLR,Belarus,0.6931471805599453,0.09999999999999998
1992,1.2,BLR,Belarus,0.7884573603642702,0.19999999999999996
1993,1.4,BLR,Belarus,0.8754687373538999,0.19999999999999996
1994,2.3,BLR,Belarus,1.1939224684724346,0.8999999999999999
1995,2.8,BLR,Belarus,1.33500106673234,0.5
1996,3.5,BLR,Belarus,1.5040773967762742,0.7000000000000002
1997,3.8,BLR,Belarus,1.5686159179138452,0.2999999999999998
1998,4.1,BLR,Belarus,1.62924053973028,0.2999999999999998
1999,4.5,BLR,Belarus,1.7047480922384253,0.40000000000000036
2000,5.7,BLR,Belarus,1.9021075263969205,1.2000000000000002
2001,6.3,BLR,Belarus,1.9878743481543455,0.5999999999999996
2002,6.5,BLR,Belarus,2.0149030205422647,0.20000000000000018
2003,6.2,BLR,Belarus,1.9740810260220096,-0.2999999999999998
2004,6.3,BLR,Belarus,1.9878743481543455,0.09999999999999964
2005,6.8,BLR,Belarus,2.0541237336955462,0.5
2006,7.2,BLR,Belarus,2.1041341542702074,0.40000000000000036
2007,7.3,BLR,Belarus,2.1162555148025524,0.09999999999999964
2008,7.1,BLR,Belarus,2.0918640616783932,-0.20000000000000018
2009,7.4,BLR,Belarus,2.128231705849268,0.3000000000000007
2010,7.3,BLR,Belarus,2.1162555148025524,-0.10000000000000053
2011,7.5,BLR,Belarus,2.1400661634962708,0.20000000000000018
2012,7.2,BLR,Belarus,2.1041341542702074,-0.2999999999999998
2013,7.0,BLR,Belarus,2.0794415416798357,-0.20000000000000018
2014,6.7,BLR,Belarus,2.0412203288596382,-0.2999999999999998
2015,6.8,BLR,Belarus,2.0541237336955462,0.09999999999999964
2016,6.7,BLR,Belarus,2.0412203288596382,-0.09999999999999964
2017,7.3,BLR,Belarus,2.1162555148025524,0.5999999999999996
2018,7.2,BLR,Belarus,2.1041341542702074,-0.09999999999999964
2019,7.8,BLR,Belarus,2.174751721484161,0.5999999999999996
2020,8.4,BLR,Belarus,2.2407096892759584,0.6000000000000005
2021,8.2,BLR,Belarus,2.2192034840549946,-0.20000000000000107
1990,38.0,BLZ,Belize,3.6635616461296463,
1991,32.4,BLZ,Belize,3.5085558999826545,-5.600000000000001
1992,36.3,BLZ,Belize,3.6189933266497696,3.8999999999999986
1993,35.6,BLZ,Belize,3.6000482404073204,-0.6999999999999957
1994,34.1,BLZ,Belize,3.55820113047182,-1.5
1995,34.9,BLZ,Belize,3.580737295494233,0.7999999999999972
1996,42.7,BLZ,Belize,3.7773481021015445,7.800000000000004
1997,36.7,BLZ,Belize,3.629660094453965,-6.0
1998,35.3,BLZ,Belize,3.591817741270805,-1.4000000000000057
1999,35.9,BLZ,Belize,3.6082115510464816,0.6000000000000014
2000,34.5,BLZ,Belize,3.56953269648137,-1.3999999999999986
2001,23.9,BLZ,Belize,3.214867803470662,-10.600000000000001
2002,25.7,BLZ,Belize,3.2846635654062037,1.8000000000000007
2003,24.4,BLZ,Belize,3.2347491740244907,-1.3000000000000007
2004,26.3,BLZ,Belize,3.3068867021909143,1.9000000000000021
2005,25.6,BLZ,Belize,3.2809112157876537,-0.6999999999999993
2006,32.7,BLZ,Belize,3.517497837358316,7.100000000000001
2007,28.0,BLZ,Belize,3.367295829986474,-4.700000000000003
2008,29.8,BLZ,Belize,3.427514689979529,1.8000000000000007
2009,25.1,BLZ,Belize,3.261935314328648,-4.699999999999999
2010,29.4,BLZ,Belize,3.414442608412176,4.299999999999997
2011,42.2,BLZ,Belize,3.765840495250065,12.800000000000004
2012,47.9,BLZ,Belize,3.8897773964808264,5.699999999999996
2013,38.0,BLZ,Belize,3.6635616461296463,-9.899999999999999
2014,37.4,BLZ,Belize,3.648057459593681,-0.6000000000000014
2015,30.3,BLZ,Belize,3.4436180975461075,-7.099999999999998
2016,33.3,BLZ,Belize,3.535145354171894,2.9999999999999964
2017,37.2,BLZ,Belize,3.6428355156125294,3.9000000000000057
2018,35.5,BLZ,Belize,3.597312260588446,-1.7000000000000028
2019,30.4,BLZ,Belize,3.4468078929142076,-5.100000000000001
2020,31.4,BLZ,Belize,3.4781584227982836,1.0
2021,26.6,BLZ,Belize,3.3178157727231046,-4.799999999999997
2022,30.8,BLZ,Belize,3.459466289786131,4.199999999999999
1990,0.0,BMU,Bermuda,0.0,
1991,0.0,BMU,Bermuda,0.0,0.0
1992,0.0,BMU,Bermuda,0.0,0.0
1993,0.0,BMU,Bermuda,0.0,0.0
1994,0.0,BMU,Bermuda,0.0,0.0
1995,0.3,BMU,Bermuda,0.262364264467491,0.3
1996,0.4,BMU,Bermuda,0.33647223662121295,0.10000000000000003
1997,0.4,BMU,Bermuda,0.33647223662121295,0.0
1998,0.4,BMU,Bermuda,0.33647223662121295,0.0
1999,0.5,BMU,Bermuda,0.4054651081081644,0.09999999999999998
2000,0.5,BMU,Bermuda,0.4054651081081644,0.0
2001,0.5,BMU,Bermuda,0.4054651081081644,0.0
2002,0.5,BMU,Bermuda,0.4054651081081644,0.0
2003,0.5,BMU,Bermuda,0.4054651081081644,0.0
2004,0.5,BMU,Bermuda,0.4054651081081644,0.0
2005,0.5,BMU,Bermuda,0.4054651081081644,0.0
2006,0.4,BMU,Bermuda,0.33647223662121295,-0.09999999999999998
2007,0.5,BMU,Bermuda,0.4054651081081644,0.09999999999999998
2008,0.5,BMU,Bermuda,0.4054651081081644,0.0
2009,0.4,BMU,Bermuda,0.33647223662121295,-0.09999999999999998
2010,0.4,BMU,Bermuda,0.33647223662121295,0.0
2011,0.4,BMU,Bermuda,0.33647223662121295,0.0
2012,0.4,BMU,Bermuda,0.33647223662121295,0.0
2013,1.5,BMU,Bermuda,0.9162907318741551,1.1
2014,0.4,BMU,Bermuda,0.33647223662121295,-1.1
2015,0.6,BMU,Bermuda,0.4700036292457356,0.19999999999999996
2016,1.1,BMU,Bermuda,0.7419373447293773,0.5000000000000001
2017,0.6,BMU,Bermuda,0.4700036292457356,-0.5000000000000001
2018,0.7,BMU,Bermuda,0.5306282510621704,0.09999999999999998
2019,0.8,BMU,Bermuda,0.5877866649021191,0.10000000000000009
2020,0.9,BMU,Bermuda,0.6418538861723948,0.09999999999999998
2021,0.9,BMU,Bermuda,0.6418538861723948,0.0
2022,0.9,BMU,Bermuda,0.6418538861723948,0.0
1990,37.0,BOL,Bolivia,3.6375861597263857,
1991,38.1,BOL,Bolivia,3.66612246699132,1.1000000000000014
1992,36.9,BOL,Bolivia,3.634951112088381,-1.2000000000000028
1993,36.9,BOL,Bolivia,3.634951112088381,0.0
1994,35.2,BOL,Bolivia,3.5890591188317256,-1.6999999999999957
1995,33.2,BOL,Bolivia,3.5322256440685598,-2.0
1996,32.4,BOL,Bolivia,3.5085558999826545,-0.8000000000000043
1997,32.0,BOL,Bolivia,3.4965075614664802,-0.3999999999999986
1998,30.6,BOL,Bolivia,3.4531571205928664,-1.3999999999999986
1999,30.8,BOL,Bolivia,3.459466289786131,0.1999999999999993
2000,29.2,BOL,Bolivia,3.407841924380824,-1.6000000000000014
2001,29.0,BOL,Bolivia,3.4011973816621555,-0.1999999999999993
2002,28.1,BOL,Bolivia,3.370738174177447,-0.8999999999999986
2003,27.0,BOL,Bolivia,3.332204510175204,-1.1000000000000014
2004,25.8,BOL,Bolivia,3.288401887516811,-1.1999999999999993
2005,24.6,BOL,Bolivia,3.242592351485517,-1.1999999999999993
2006,23.7,BOL,Bolivia,3.2068032436339315,-0.9000000000000021
2007,22.1,BOL,Bolivia,3.139832617527748,-1.5999999999999979
2008,21.3,BOL,Bolivia,3.104586678466073,-0.8000000000000007
2009,20.6,BOL,Bolivia,3.0726933146901194,-0.6999999999999993
2010,19.9,BOL,Bolivia,3.039749158970765,-0.7000000000000028
2011,18.1,BOL,Bolivia,2.9496883350525844,-1.7999999999999972
2012,17.4,BOL,Bolivia,2.91235066461494,-0.7000000000000028
2013,16.0,BOL,Bolivia,2.833213344056216,-1.3999999999999986
2014,15.0,BOL,Bolivia,2.772588722239781,-1.0
2015,14.2,BOL,Bolivia,2.7212954278522306,-0.8000000000000007
2016,13.6,BOL,Bolivia,2.681021528714291,-0.5999999999999996
2017,14.3,BOL,Bolivia,2.72785282839839,0.7000000000000011
2018,14.3,BOL,Bolivia,2.72785282839839,0.0
2019,13.5,BOL,Bolivia,2.6741486494265287,-0.8000000000000007
2020,16.9,BOL,Bolivia,2.884800712846709,3.3999999999999986
2021,12.8,BOL,Bolivia,2.624668592163159,-4.099999999999998
1990,49.8,BRA,Brazil,3.927896354584436,
1991,48.9,BRA,Brazil,3.910021002757473,-0.8999999999999986
1992,48.7,BRA,Brazil,3.906004933102583,-0.19999999999999574
1993,48.2,BRA,Brazil,3.8958936234982624,-0.5
1994,48.3,BRA,Brazil,3.8979240810486444,0.09999999999999432
1995,46.1,BRA,Brazil,3.8522730010223722,-2.1999999999999957
1996,44.5,BRA,Brazil,3.817712325956905,-1.6000000000000014
1997,43.7,BRA,Brazil,3.7999735016195233,-0.7999999999999972
1998,43.8,BRA,Brazil,3.8022081394209395,0.09999999999999432
1999,44.0,BRA,Brazil,3.8066624897703196,0.20000000000000284
2000,42.7,BRA,Brazil,3.7773481021015445,-1.2999999999999972
2001,41.3,BRA,Brazil,3.744787086052232,-1.4000000000000057
2002,42.9,BRA,Brazil,3.7819143200811256,1.6000000000000014
2003,45.1,BRA,Brazil,3.8308129500026027,2.200000000000003
2004,45.2,BRA,Brazil,3.832979798087693,0.10000000000000142
2005,46.1,BRA,Brazil,3.8522730010223722,0.8999999999999986
2006,46.7,BRA,Brazil,3.8649313978942956,0.6000000000000014
2007,47.2,BRA,Brazil,3.8753590210565547,0.5
2008,47.0,BRA,Brazil,3.871201010907891,-0.20000000000000284
2009,48.9,BRA,Brazil,3.910021002757473,1.8999999999999986
2010,46.8,BRA,Brazil,3.86702563949741,-2.1000000000000014
2011,45.2,BRA,Brazil,3.832979798087693,-1.5999999999999943
2012,43.5,BRA,Brazil,3.7954891891721947,-1.7000000000000028
2013,42.3,BRA,Brazil,3.768152635008444,-1.2000000000000028
2014,41.7,BRA,Brazil,3.754198920234579,-0.5999999999999943
2015,43.7,BRA,Brazil,3.7999735016195233,2.0
2016,45.4,BRA,Brazil,3.8372994592322094,1.6999999999999957
2017,45.3,BRA,Brazil,3.835141961092188,-0.10000000000000142
2018,46.9,BRA,Brazil,3.8691155044168695,1.6000000000000014
2019,47.5,BRA,Brazil,3.8815637979434374,0.6000000000000014
2020,50.0,BRA,Brazil,3.9318256327243257,2.5
2021,46.5,BRA,Brazil,3.8607297110405954,-3.5
1990,17.5,BRB,Barbados,2.917770732084279,
1991,16.9,BRB,Barbados,2.884800712846709,-0.6000000000000014
1992,15.7,BRB,Barbados,2.8154087194227095,-1.1999999999999993
1993,14.2,BRB,Barbados,2.7212954278522306,-1.5
1994,13.8,BRB,Barbados,2.6946271807700692,-0.3999999999999986
1995,14.4,BRB,Barbados,2.7343675094195836,0.5999999999999996
1996,15.2,BRB,Barbados,2.785011242238338,0.7999999999999989
1997,14.3,BRB,Barbados,2.72785282839839,-0.8999999999999986
1998,10.6,BRB,Barbados,2.451005098112319,-3.700000000000001
1999,11.3,BRB,Barbados,2.509599262378372,0.7000000000000011
2000,11.9,BRB,Barbados,2.5572273113676265,0.5999999999999996
2001,10.8,BRB,Barbados,2.468099531471619,-1.0999999999999996
2002,9.8,BRB,Barbados,2.379546134130174,-1.0
2003,8.6,BRB,Barbados,2.2617630984737906,-1.200000000000001
2004,8.7,BRB,Barbados,2.272125885509337,0.09999999999999964
2005,8.7,BRB,Barbados,2.272125885509337,0.0
2006,8.8,BRB,Barbados,2.2823823856765264,0.10000000000000142
2007,8.6,BRB,Barbados,2.2617630984737906,-0.20000000000000107
2008,7.6,BRB,Barbados,2.151762203259462,-1.0
2009,8.5,BRB,Barbados,2.2512917986064953,0.9000000000000004
2010,8.2,BRB,Barbados,2.2192034840549946,-0.3000000000000007
2011,4.1,BRB,Barbados,1.62924053973028,-4.1
2012,3.8,BRB,Barbados,1.5686159179138452,-0.2999999999999998
2013,3.1,BRB,Barbados,1.410986973710262,-0.6999999999999997
2014,3.0,BRB,Barbados,1.3862943611198906,-0.10000000000000009
2015,3.0,BRB,Barbados,1.3862943611198906,0.0
2016,2.8,BRB,Barbados,1.33500106673234,-0.20000000000000018
2017,4.3,BRB,Barbados,1.667706820558076,1.5
2018,4.9,BRB,Barbados,1.7749523509116738,0.6000000000000005
2019,3.4,BRB,Barbados,1.4816045409242156,-1.5000000000000004
2020,4.7,BRB,Barbados,1.7404661748405046,1.3000000000000003
2021,5.5,BRB,Barbados,1.8718021769015913,0.7999999999999998
2022,5.5,BRB,Barbados,1.8718021769015913,0.0
1990,0.7,BRN,Brunei Darussalam,0.5306282510621704,
1991,0.4,BRN,Brunei Darussalam,0.33647223662121295,-0.29999999999999993
1992,0.2,BRN,Brunei Darussalam,0.18232155679395465,-0.2
1993,0.0,BRN,Brunei Darussalam,0.0,-0.2
1994,0.0,BRN,Brunei Darussalam,0.0,0.0
1995,0.0,BRN,Brunei Darussalam,0.0,0.0
1996,0.0,BRN,Brunei Darussalam,0.0,0.0
1997,0.0,BRN,Brunei Darussalam,0.0,0.0
1998,0.0,BRN,Brunei Darussalam,0.0,0.0
1999,0.0,BRN,Brunei Darussalam,0.0,0.0
2000,0.0,BRN,Brunei Darussalam,0.0,0.0
2001,0.0,BRN,Brunei Darussalam,0.0,0.0
2002,0.0,BRN,Brunei Darussalam,0.0,0.0
2003,0.0,BRN,Brunei Darussalam,0.0,0.0
2004,0.0,BRN,Brunei Darussalam,0.0,0.0
2005,0.0,BRN,Brunei Darussalam,0.0,0.0
2006,0.0,BRN,Brunei Darussalam,0.0,0.0
2007,0.0,BRN,Brunei Darussalam,0.0,0.0
2008,0.0,BRN,Brunei Darussalam,0.0,0.0
2009,0.0,BRN,Brunei Darussalam,0.0,0.0
2010,0.0,BRN,Brunei Darussalam,0.0,0.0
2011,0.0,BRN,Brunei Darussalam,0.0,0.0
2012,0.0,BRN,Brunei Darussalam,0.0,0.0
2013,0.0,BRN,Brunei Darussalam,0.0,0.0
2014,0.0,BRN,Brunei Darussalam,0.0,0.0
2015,0.0,BRN,Brunei Darussalam,0.0,0.0
2016,0.0,BRN,Brunei Darussalam,0.0,0.0
2017,0.0,BRN,Brunei Darussalam,0.0,0.0
2018,0.0,BRN,Brunei Darussalam,0.0,0.0
2019,0.0,BRN,Brunei Darussalam,0.0,0.0
2020,0.0,BRN,Brunei Darussalam,0.0,0.0
2021,0.0,BRN,Brunei Darussalam,0.0,0.0
1990,95.9,BTN,Bhutan,4.5736795188967205,
1991,95.9,BTN,Bhutan,4.5736795188967205,0.0
1992,95.3,BTN,Bhutan,4.56746831880408,-0.6000000000000085
1993,95.9,BTN,Bhutan,4.5736795188967205,0.6000000000000085
1994,95.3,BTN,Bhutan,4.56746831880408,-0.6000000000000085
1995,94.4,BTN,Bhutan,4.558078578454241,-0.8999999999999915
1996,93.2,BTN,Bhutan,4.545420181582317,-1.2000000000000028
1997,91.3,BTN,Bhutan,4.525044141508807,-1.9000000000000057
1998,91.5,BTN,Bhutan,4.52720864451838,0.20000000000000284
1999,91.6,BTN,Bhutan,4.528289141652134,0.09999999999999432
2000,91.4,BTN,Bhutan,4.526126978647638,-0.19999999999998863
2001,90.2,BTN,Bhutan,4.513054897080286,-1.2000000000000028
2002,89.7,BTN,Bhutan,4.507557357121091,-0.5
2003,89.7,BTN,Bhutan,4.507557357121091,0.0
2004,90.9,BTN,Bhutan,4.520701029361642,1.2000000000000028
2005,88.7,BTN,Bhutan,4.49647076906475,-2.200000000000003
2006,91.6,BTN,Bhutan,4.528289141652134,2.8999999999999915
2007,92.0,BTN,Bhutan,4.532599493153256,0.4000000000000057
2008,87.8,BTN,Bhutan,4.486386649998124,-4.200000000000003
2009,87.8,BTN,Bhutan,4.486386649998124,0.0
2010,84.8,BTN,Bhutan,4.4520190064939165,-3.0
2011,84.9,BTN,Bhutan,4.45318382899021,0.10000000000000853
2012,82.8,BTN,Bhutan,4.428433007488037,-2.1000000000000085
2013,81.7,BTN,Bhutan,4.415219602029645,-1.0999999999999943
2014,82.1,BTN,Bhutan,4.420044701861403,0.3999999999999915
2015,81.6,BTN,Bhutan,4.414009680526933,-0.5
2016,80.8,BTN,Bhutan,4.404277243608702,-0.7999999999999972
2017,79.7,BTN,Bhutan,4.390738575275903,-1.0999999999999943
2018,80.0,BTN,Bhutan,4.394449154672439,0.29999999999999716
2019,81.0,BTN,Bhutan,4.406719247264253,1.0
2020,83.9,BTN,Bhutan,4.441474093317302,2.9000000000000057
2021,81.8,BTN,Bhutan,4.416428061391214,-2.1000000000000085
2022,82.5,BTN,Bhutan,4.42484663185681,0.7000000000000028
1990,49.0,BWA,Botswana,3.912023005428146,
1991,49.5,BWA,Botswana,3.9219733362813143,0.5
1992,46.1,BWA,Botswana,3.8522730010223722,-3.3999999999999986
1993,47.3,BWA,Botswana,3.877431560658527,1.1999999999999957
1994,49.8,BWA,Botswana,3.927896354584436,2.5
1995,48.9,BWA,Botswana,3.910021002757473,-0.8999999999999986
1996,46.4,BWA,Botswana,3.858622228701031,-2.5
1997,45.8,BWA,Botswana,3.845883202923601,-0.6000000000000014
1998,39.2,BWA,Botswana,3.6938669956249757,-6.599999999999994
1999,41.6,BWA,Botswana,3.751854253275325,2.3999999999999986
2000,38.5,BWA,Botswana,3.676300671907076,-3.1000000000000014
2001,37.5,BWA,Botswana,3.6506582412937387,-1.0
2002,36.1,BWA,Botswana,3.6136169696133895,-1.3999999999999986
2003,36.2,BWA,Botswana,3.616308761279101,0.10000000000000142
2004,34.3,BWA,Botswana,3.563882963939251,-1.9000000000000057
2005,33.0,BWA,Botswana,3.5263605246161616,-1.2999999999999972
2006,31.8,BWA,Botswana,3.490428515390098,-1.1999999999999993
2007,29.0,BWA,Botswana,3.4011973816621555,-2.8000000000000007
2008,27.8,BWA,Botswana,3.3603753871419,-1.1999999999999993
2009,28.9,BWA,Botswana,3.3978584803966405,1.0999999999999979
2010,29.9,BWA,Botswana,3.4307561839036995,1.0
2011,28.9,BWA,Botswana,3.3978584803966405,-1.0
2012,27.8,BWA,Botswana,3.3603753871419,-1.0999999999999979
2013,26.7,BWA,Botswana,3.3214324131932926,-1.1000000000000014
2014,25.8,BWA,Botswana,3.288401887516811,-0.8999999999999986
2015,26.1,BWA,Botswana,3.299533727885655,0.3000000000000007
2016,26.7,BWA,Botswana,3.3214324131932926,0.5999999999999979
2017,26.7,BWA,Botswana,3.3214324131932926,0.0
2018,25.6,BWA,Botswana,3.2809112157876537,-1.0999999999999979
2019,26.2,BWA,Botswana,3.3032169733019514,0.5999999999999979
2020,27.7,BWA,Botswana,3.3568971227655755,1.5
2021,27.4,BWA,Botswana,3.3463891451671604,-0.3000000000000007
1990,93.9,CAF,Central African Republic,4.552823705615882,
1991,94.1,CAF,Central African Republic,4.554928969551344,0.19999999999998863
1992,94.1,CAF,Central African Republic,4.554928969551344,0.0
1993,93.8,CAF,Central African Republic,4.551769409260976,-0.29999999999999716
1994,93.2,CAF,Central African Republic,4.545420181582317,-0.5999999999999943
1995,93.0,CAF,Central African Republic,4.543294782270004,-0.20000000000000284
1996,91.7,CAF,Central African Republic,4.529368472571809,-1.2999999999999972
1997,91.9,CAF,Central African Republic,4.531523645819793,0.20000000000000284
1998,89.0,CAF,Central African Republic,4.499809670330265,-2.9000000000000057
1999,89.0,CAF,Central African Republic,4.499809670330265,0.0
2000,88.9,CAF,Central African Republic,4.498697941477575,-0.09999999999999432
2001,88.9,CAF,Central African Republic,4.498697941477575,0.0
2002,89.2,CAF,Central African Republic,4.502029427068578,0.29999999999999716
2003,90.2,CAF,Central African Republic,4.513054897080286,1.0
2004,90.6,CAF,Central African Republic,4.517431271680085,0.3999999999999915
2005,91.0,CAF,Central African Republic,4.5217885770490405,0.4000000000000057
2006,90.8,CAF,Central African Republic,4.519612297626445,-0.20000000000000284
2007,90.9,CAF,Central African Republic,4.520701029361642,0.10000000000000853
2008,93.6,CAF,Central African Republic,4.549657476057832,2.6999999999999886
2009,93.9,CAF,Central African Republic,4.552823705615882,0.30000000000001137
2010,93.8,CAF,Central African Republic,4.551769409260976,-0.10000000000000853
2011,93.3,CAF,Central African Republic,4.546481189639412,-0.5
2012,93.1,CAF,Central African Republic,4.544358046591334,-0.20000000000000284
2013,95.1,CAF,Central African Republic,4.565389315976247,2.0
2014,94.8,CAF,Central African Republic,4.562262684976814,-0.29999999999999716
2015,92.9,CAF,Central African Republic,4.542230386214217,-1.8999999999999915
2016,92.1,CAF,Central African Republic,4.533674184283021,-0.8000000000000114
2017,91.6,CAF,Central African Republic,4.528289141652134,-0.5
2018,91.4,CAF,Central African Republic,4.526126978647638,-0.19999999999998863
2019,91.3,CAF,Central African Republic,4.525044141508807,-0.10000000000000853
2020,90.9,CAF,Central African Republic,4.520701029361642,-0.3999999999999915
2021,90.9,CAF,Central African Republic,4.520701029361642,0.0
2022,90.9,CAF,Central African Republic,4.520701029361642,0.0
1990,22.6,CAN,Canada,3.1612467120315646,
1991,22.7,CAN,Canada,3.1654750481410856,0.09999999999999787
1992,22.4,CAN,Canada,3.152736022363656,-0.3000000000000007
1993,22.3,CAN,Canada,3.1484533605716547,-0.09999999999999787
1994,22.2,CAN,Canada,3.1441522786722644,-0.10000000000000142
1995,22.4,CAN,Canada,3.152736022363656,0.1999999999999993
1996,22.1,CAN,Canada,3.139832617527748,-0.29999999999999716
1997,21.8,CAN,Canada,3.126760535960395,-0.3000000000000007
1998,22.0,CAN,Canada,3.1354942159291497,0.1999999999999993
1999,22.2,CAN,Canada,3.1441522786722644,0.1999999999999993
2000,20.3,CAN,Canada,3.0587070727153796,-1.8999999999999986
2001,19.8,CAN,Canada,3.0349529867072724,-0.5
2002,20.1,CAN,Canada,3.0492730404820207,0.3000000000000007
2003,19.7,CAN,Canada,3.0301337002713233,-0.40000000000000213
2004,20.4,CAN,Canada,3.0633909220278057,0.6999999999999993
2005,21.6,CAN,Canada,3.1179499062782403,1.2000000000000028
2006,21.5,CAN,Canada,3.1135153092103742,-0.10000000000000142
2007,21.6,CAN,Canada,3.1179499062782403,0.10000000000000142
2008,21.6,CAN,Canada,3.1179499062782403,0.0
2009,22.2,CAN,Canada,3.1441522786722644,0.5999999999999979
2010,21.4,CAN,Canada,3.109060958860994,-0.8000000000000007
2011,21.5,CAN,Canada,3.1135153092103742,0.10000000000000142
2012,21.8,CAN,Canada,3.126760535960395,0.3000000000000007
2013,22.2,CAN,Canada,3.1441522786722644,0.3999999999999986
2014,22.2,CAN,Canada,3.1441522786722644,0.0
2015,22.3,CAN,Canada,3.1484533605716547,0.10000000000000142
2016,22.1,CAN,Canada,3.139832617527748,-0.1999999999999993
2017,22.8,CAN,Canada,3.169685580677429,0.6999999999999993
2018,22.3,CAN,Canada,3.1484533605716547,-0.5
2019,22.4,CAN,Canada,3.152736022363656,0.09999999999999787
2020,23.9,CAN,Canada,3.214867803470662,1.5
2021,23.8,CAN,Canada,3.2108436531709366,-0.09999999999999787
1990,16.8,CHE,Switzerland,2.8791984572980396,
1991,17.1,CHE,Switzerland,2.89591193827178,0.3000000000000007
1992,17.0,CHE,Switzerland,2.8903717578961645,-0.10000000000000142
1993,18.0,CHE,Switzerland,2.9444389791664403,1.0
1994,18.3,CHE,Switzerland,2.9601050959108397,0.3000000000000007
1995,17.6,CHE,Switzerland,2.9231615807191558,-0.6999999999999993
1996,16.7,CHE,Switzerland,2.8735646395797834,-0.9000000000000021
1997,17.4,CHE,Switzerland,2.91235066461494,0.6999999999999993
1998,17.1,CHE,Switzerland,2.89591193827178,-0.29999999999999716
1999,18.4,CHE,Switzerland,2.9652730660692823,1.2999999999999972
2000,18.2,CHE,Switzerland,2.954910279033736,-0.1999999999999993
2001,18.7,CHE,Switzerland,2.9806186357439426,0.5
2002,18.2,CHE,Switzerland,2.954910279033736,-0.5
2003,18.0,CHE,Switzerland,2.9444389791664403,-0.1999999999999993
2004,18.1,CHE,Switzerland,2.9496883350525844,0.10000000000000142
2005,18.7,CHE,Switzerland,2.9806186357439426,0.5999999999999979
2006,18.1,CHE,Switzerland,2.9496883350525844,-0.5999999999999979
2007,19.3,CHE,Switzerland,3.0106208860477417,1.1999999999999993
2008,19.6,CHE,Switzerland,3.0252910757955354,0.3000000000000007
2009,20.0,CHE,Switzerland,3.044522437723423,0.3999999999999986
2010,20.6,CHE,Switzerland,3.0726933146901194,0.6000000000000014
2011,20.6,CHE,Switzerland,3.0726933146901194,0.0
2012,21.9,CHE,Switzerland,3.131136910560194,1.2999999999999972
2013,21.8,CHE,Switzerland,3.126760535960395,-0.09999999999999787
2014,22.2,CHE,Switzerland,3.1441522786722644,0.3999999999999986
2015,23.9,CHE,Switzerland,3.214867803470662,1.6999999999999993
2016,24.1,CHE,Switzerland,3.2228678461377385,0.20000000000000284
2017,25.0,CHE,Switzerland,3.258096538021482,0.8999999999999986
2018,24.2,CHE,Switzerland,3.2268439945173775,-0.8000000000000007
2019,24.8,CHE,Switzerland,3.250374491927572,0.6000000000000014
2020,26.4,CHE,Switzerland,3.3105430133940246,1.5999999999999979
2021,27.7,CHE,Switzerland,3.3568971227655755,1.3000000000000007
1990,34.0,CHL,Chile,3.5553480614894135,
1991,37.3,CHL,Chile,3.6454498961866,3.299999999999997
1992,38.6,CHL,Chile,3.6788291182604347,1.3000000000000043
1993,35.8,CHL,Chile,3.6054978451748854,-2.8000000000000043
1994,34.8,CHL,Chile,3.5779478934066544,-1.0
1995,34.2,CHL,Chile,3.5610460826040513,-0.5999999999999943
1996,32.2,CHL,Chile,3.502549875922443,-2.0
1997,30.0,CHL,Chile,3.4339872044851463,-2.200000000000003
1998,29.8,CHL,Chile,3.427514689979529,-0.1999999999999993
1999,29.1,CHL,Chile,3.40452517175483,-0.6999999999999993
2000,31.4,CHL,Chile,3.4781584227982836,2.299999999999997
2001,32.1,CHL,Chile,3.4995332823830174,0.7000000000000028
2002,33.1,CHL,Chile,3.529297384289471,1.0
2003,31.6,CHL,Chile,3.484312288372662,-1.5
2004,31.4,CHL,Chile,3.4781584227982836,-0.20000000000000284
2005,32.3,CHL,Chile,3.505557396986398,0.8999999999999986
2006,32.9,CHL,Chile,3.5234150143864045,0.6000000000000014
2007,30.5,CHL,Chile,3.449987545831587,-2.3999999999999986
2008,30.8,CHL,Chile,3.459466289786131,0.3000000000000007
2009,31.5,CHL,Chile,3.481240089335692,0.6999999999999993
2010,27.0,CHL,Chile,3.332204510175204,-4.5
2011,28.8,CHL,Chile,3.3945083935113587,1.8000000000000007
2012,30.3,CHL,Chile,3.4436180975461075,1.5
2013,30.2,CHL,Chile,3.4404180948154366,-0.10000000000000142
2014,27.0,CHL,Chile,3.332204510175204,-3.1999999999999993
2015,25.1,CHL,Chile,3.261935314328648,-1.8999999999999986
2016,24.6,CHL,Chile,3.242592351485517,-0.5
2017,24.1,CHL,Chile,3.2228678461377385,-0.5
2018,25.5,CHL,Chile,3.2771447329921766,1.3999999999999986
2019,25.3,CHL,Chile,3.269568939183719,-0.1999999999999993
2020,26.7,CHL,Chile,3.3214324131932926,1.3999999999999986
2021,24.2,CHL,Chile,3.2268439945173775,-2.5
1990,33.9,CHN,China,3.5524868292083815,
1991,33.1,CHN,China,3.529297384289471,-0.7999999999999972
1992,32.8,CHN,China,3.520460802488973,-0.30000000000000426
1993,31.5,CHN,China,3.481240089335692,-1.2999999999999972
1994,31.1,CHN,China,3.4688560301359703,-0.3999999999999986
1995,29.4,CHN,China,3.414442608412176,-1.7000000000000028
1996,30.5,CHN,China,3.449987545831587,1.1000000000000014
1997,30.0,CHN,China,3.4339872044851463,-0.5
1998,29.5,CHN,China,3.417726683613366,-0.5
1999,30.3,CHN,China,3.4436180975461075,0.8000000000000007
2000,29.6,CHN,China,3.4210000089583352,-0.6999999999999993
2001,28.4,CHN,China,3.380994674344636,-1.2000000000000028
2002,27.0,CHN,China,3.332204510175204,-1.3999999999999986
2003,23.9,CHN,China,3.214867803470662,-3.1000000000000014
2004,20.2,CHN,China,3.054001181677967,-3.6999999999999993
2005,17.4,CHN,China,2.91235066461494,-2.8000000000000007
2006,16.4,CHN,China,2.856470206220483,-1.0
2007,14.9,CHN,China,2.766319109226186,-1.4999999999999982
2008,14.1,CHN,China,2.714694743820879,-0.8000000000000007
2009,13.4,CHN,China,2.667228206581955,-0.6999999999999993
2010,12.3,CHN,China,2.5877640352277083,-1.0999999999999996
2011,11.3,CHN,China,2.509599262378372,-1.0
2012,11.5,CHN,China,2.5257286443082556,0.1999999999999993
2013,11.5,CHN,China,2.5257286443082556,0.0
2014,11.9,CHN,China,2.5572273113676265,0.40000000000000036
2015,12.2,CHN,China,2.580216829592325,0.29999999999999893
2016,12.6,CHN,China,2.6100697927420065,0.40000000000000036
2017,13.1,CHN,China,2.6461747973841225,0.5
2018,13.5,CHN,China,2.6741486494265287,0.40000000000000036
2019,14.3,CHN,China,2.72785282839839,0.8000000000000007
2020,14.9,CHN,China,2.766319109226186,0.5999999999999996
2021,15.2,CHN,China,2.785011242238338,0.29999999999999893
1990,73.6,CIV,Cote d'Ivoire,4.312140507209715,
1991,74.0,CIV,Cote d'Ivoire,4.31748811353631,0.4000000000000057
1992,74.6,CIV,Cote d'Ivoire,4.3254562831854875,0.5999999999999943
1993,75.1,CIV,Cote d'Ivoire,4.33204826486764,0.5
1994,75.6,CIV,Cote d'Ivoire,4.338597076746545,0.5
1995,74.9,CIV,Cote d'Ivoire,4.3294166844015844,-0.6999999999999886
1996,74.0,CIV,Cote d'Ivoire,4.31748811353631,-0.9000000000000057
1997,72.1,CIV,Cote d'Ivoire,4.291828366755733,-1.9000000000000057
1998,73.4,CIV,Cote d'Ivoire,4.309455941839047,1.3000000000000114
1999,61.9,CIV,Cote d'Ivoire,4.141546163706395,-11.500000000000007
2000,63.7,CIV,Cote d'Ivoire,4.169761201506855,1.8000000000000043
2001,64.7,CIV,Cote d'Ivoire,4.185098925490565,1.0
2002,65.3,CIV,Cote d'Ivoire,4.194189897191817,0.5999999999999943
2003,70.3,CIV,Cote d'Ivoire,4.26689632742025,5.0
2004,75.4,CIV,Cote d'Ivoire,4.335982696172475,5.1000000000000085
2005,77.9,CIV,Cote d'Ivoire,4.368181227851829,2.5
2006,74.8,CIV,Cote d'Ivoire,4.328098292648326,-3.1000000000000085
2007,76.3,CIV,Cote d'Ivoire,4.3476939555933765,1.5
2008,74.2,CIV,Cote d'Ivoire,4.320151230955794,-2.0999999999999943
2009,73.7,CIV,Cote d'Ivoire,4.3134800921387715,-0.5
2010,75.4,CIV,Cote d'Ivoire,4.335982696172475,1.7000000000000028
2011,79.1,CIV,Cote d'Ivoire,4.383275854074314,3.6999999999999886
2012,74.9,CIV,Cote d'Ivoire,4.3294166844015844,-4.199999999999989
2013,72.2,CIV,Cote d'Ivoire,4.293195420967266,-2.700000000000003
2014,71.9,CIV,Cote d'Ivoire,4.289088639014612,-0.29999999999999716
2015,64.5,CIV,Cote d'Ivoire,4.182050142641207,-7.400000000000006
2016,64.0,CIV,Cote d'Ivoire,4.174387269895637,-0.5
2017,62.5,CIV,Cote d'Ivoire,4.151039905898646,-1.5
2018,60.5,CIV,Cote d'Ivoire,4.119037174812473,-2.0
2019,61.1,CIV,Cote d'Ivoire,4.128745988939433,0.6000000000000014
2020,61.8,CIV,Cote d'Ivoire,4.139955073474153,0.6999999999999957
2021,58.2,CIV,Cote d'Ivoire,4.0809215418899605,-3.5999999999999943
1990,81.6,CMR,Cameroon,4.414009680526933,
1991,83.2,CMR,Cameroon,4.4331949212482815,1.6000000000000085
1992,84.4,CMR,Cameroon,4.447346100794524,1.2000000000000028
1993,83.9,CMR,Cameroon,4.441474093317302,-0.5
1994,83.6,CMR,Cameroon,4.437934266612178,-0.30000000000001137
1995,84.5,CMR,Cameroon,4.448516375942715,0.9000000000000057
1996,84.9,CMR,Cameroon,4.45318382899021,0.4000000000000057
1997,84.7,CMR,Cameroon,4.450852825603734,-0.20000000000000284
1998,84.5,CMR,Cameroon,4.448516375942715,-0.20000000000000284
1999,86.2,CMR,Cameroon,4.468204330914934,1.7000000000000028
2000,84.6,CMR,Cameroon,4.449685283147696,-1.6000000000000085
2001,85.3,CMR,Cameroon,4.457829598089382,0.7000000000000028
2002,85.2,CMR,Cameroon,4.456670177669648,-0.09999999999999432
2003,85.3,CMR,Cameroon,4.457829598089382,0.09999999999999432
2004,85.5,CMR,Cameroon,4.460144413937834,0.20000000000000284
2005,86.3,CMR,Cameroon,4.469350462845557,0.7999999999999972
2006,85.5,CMR,Cameroon,4.460144413937834,-0.7999999999999972
2007,80.8,CMR,Cameroon,4.404277243608702,-4.700000000000003
2008,80.8,CMR,Cameroon,4.404277243608702,0.0
2009,79.2,CMR,Cameroon,4.384523514872469,-1.5999999999999943
2010,78.7,CMR,Cameroon,4.378269585796169,-0.5
2011,78.6,CMR,Cameroon,4.377014092850337,-0.10000000000000853
2012,78.6,CMR,Cameroon,4.377014092850337,0.0
2013,77.7,CMR,Cameroon,4.365643155423357,-0.8999999999999915
2014,76.9,CMR,Cameroon,4.355425952876702,-0.7999999999999972
2015,78.1,CMR,Cameroon,4.370712874773608,1.1999999999999886
2016,78.8,CMR,Cameroon,4.379523504455763,0.7000000000000028
2017,79.2,CMR,Cameroon,4.384523514872469,0.4000000000000057
2018,78.7,CMR,Cameroon,4.378269585796169,-0.5
2019,78.9,CMR,Cameroon,4.380775852772229,0.20000000000000284
2020,78.9,CMR,Cameroon,4.380775852772229,0.0
2021,79.2,CMR,Cameroon,4.384523514872469,0.29999999999999716
1990,92.0,COD,"Congo, Dem. Rep.",4.532599493153256,
1991,95.1,COD,"Congo, Dem. Rep.",4.565389315976247,3.0999999999999943
1992,95.9,COD,"Congo, Dem. Rep.",4.5736795188967205,0.8000000000000114
1993,96.1,COD,"Congo, Dem. Rep.",4.575741375297279,0.19999999999998863
1994,96.6,COD,"Congo, Dem. Rep.",4.580877493419047,0.5
1995,96.9,COD,"Congo, Dem. Rep.",4.583946549536464,0.30000000000001137
1996,97.0,COD,"Congo, Dem. Rep.",4.584967478670572,0.09999999999999432
1997,97.1,COD,"Congo, Dem. Rep.",4.585987366571318,0.09999999999999432
1998,96.8,COD,"Congo, Dem. Rep.",4.582924577040772,-0.29999999999999716
1999,97.0,COD,"Congo, Dem. Rep.",4.584967478670572,0.20000000000000284
2000,97.9,COD,"Congo, Dem. Rep.",4.594109238628667,0.9000000000000057
2001,98.3,COD,"Congo, Dem. Rep.",4.598145571051127,0.3999999999999915
2002,98.3,COD,"Congo, Dem. Rep.",4.598145571051127,0.0
2003,98.0,COD,"Congo, Dem. Rep.",4.59511985013459,-0.29999999999999716
2004,97.9,COD,"Congo, Dem. Rep.",4.594109238628667,-0.09999999999999432
2005,97.4,COD,"Congo, Dem. Rep.",4.589040804058207,-0.5
2006,97.3,COD,"Congo, Dem. Rep.",4.5880240271531205,-0.10000000000000853
2007,97.2,COD,"Congo, Dem. Rep.",4.58700621536042,-0.09999999999999432
2008,97.0,COD,"Congo, Dem. Rep.",4.584967478670572,-0.20000000000000284
2009,97.0,COD,"Congo, Dem. Rep.",4.584967478670572,0.0
2010,96.8,COD,"Congo, Dem. Rep.",4.582924577040772,-0.20000000000000284
2011,96.2,COD,"Congo, Dem. Rep.",4.576770711466393,-0.5999999999999943
2012,95.5,COD,"Congo, Dem. Rep.",4.56954300834494,-0.7000000000000028
2013,93.9,COD,"Congo, Dem. Rep.",4.552823705615882,-1.5999999999999943
2014,92.9,COD,"Congo, Dem. Rep.",4.542230386214217,-1.0
2015,95.8,COD,"Congo, Dem. Rep.",4.572646994282532,2.8999999999999915
2016,97.0,COD,"Congo, Dem. Rep.",4.584967478670572,1.2000000000000028
2017,96.7,COD,"Congo, Dem. Rep.",4.581901559048737,-0.29999999999999716
2018,96.4,COD,"Congo, Dem. Rep.",4.578826210648489,-0.29999999999999716
2019,96.3,COD,"Congo, Dem. Rep.",4.577798989191959,-0.10000000000000853
2020,96.2,COD,"Congo, Dem. Rep.",4.576770711466393,-0.09999999999999432
2021,96.3,COD,"Congo, Dem. Rep.",4.577798989191959,0.09999999999999432
1990,65.4,COG,"Congo, Rep.",4.1956970564823886,
1991,64.6,COG,"Congo, Rep.",4.183575695950044,-0.8000000000000114
1992,67.6,COG,"Congo, Rep.",4.22829253473184,3.0
1993,68.4,COG,"Congo, Rep.",4.239886867512759,0.8000000000000114
1994,76.5,COG,"Congo, Rep.",4.350277936359301,8.099999999999994
1995,69.8,COG,"Congo, Rep.",4.259859000699674,-6.700000000000003
1996,75.4,COG,"Congo, Rep.",4.335982696172475,5.6000000000000085
1997,80.2,COG,"Congo, Rep.",4.396915247167632,4.799999999999997
1998,79.7,COG,"Congo, Rep.",4.390738575275903,-0.5
1999,77.0,COG,"Congo, Rep.",4.356708826689592,-2.700000000000003
2000,64.9,COG,"Congo, Rep.",4.188138441508461,-12.099999999999994
2001,61.2,COG,"Congo, Rep.",4.130354999745133,-3.700000000000003
2002,68.6,COG,"Congo, Rep.",4.242764567340374,7.3999999999999915
2003,62.1,COG,"Congo, Rep.",4.144720769547168,-6.499999999999993
2004,63.1,COG,"Congo, Rep.",4.160444363926624,1.0
2005,63.1,COG,"Congo, Rep.",4.160444363926624,0.0
2006,69.3,COG,"Congo, Rep.",4.252771798816619,6.199999999999996
2007,60.2,COG,"Congo, Rep.",4.11414718951828,-9.099999999999994
2008,56.8,COG,"Congo, Rep.",4.056988775678332,-3.4000000000000057
2009,55.9,COG,"Congo, Rep.",4.041295341132285,-0.8999999999999986
2010,54.5,COG,"Congo, Rep.",4.0163830207523885,-1.3999999999999986
2011,64.3,COG,"Congo, Rep.",4.178992036282385,9.799999999999997
2012,65.1,COG,"Congo, Rep.",4.191168746857641,0.7999999999999972
2013,62.3,COG,"Congo, Rep.",4.147885329150131,-2.799999999999997
2014,62.1,COG,"Congo, Rep.",4.144720769547168,-0.19999999999999574
2015,64.2,COG,"Congo, Rep.",4.177459468932607,2.1000000000000014
2016,67.7,COG,"Congo, Rep.",4.229749199228304,3.5
2017,69.8,COG,"Congo, Rep.",4.259859000699674,2.0999999999999943
2018,70.6,COG,"Congo, Rep.",4.2710950739666,0.7999999999999972
2019,69.8,COG,"Congo, Rep.",4.259859000699674,-0.7999999999999972
2020,71.4,COG,"Congo, Rep.",4.282206299391671,1.6000000000000085
2021,71.4,COG,"Congo, Rep.",4.282206299391671,0.0
1990,38.1,COL,Colombia,3.66612246699132,
1991,36.8,COL,Colombia,3.632309102625542,-1.3000000000000043
1992,33.1,COL,Colombia,3.529297384289471,-3.6999999999999957
1993,33.0,COL,Colombia,3.5263605246161616,-0.10000000000000142
1994,33.8,COL,Colombia,3.5496173867804286,0.7999999999999972
1995,33.5,COL,Colombia,3.5409593240373143,-0.29999999999999716
1996,33.6,COL,Colombia,3.543853682063679,0.10000000000000142
1997,25.7,COL,Colombia,3.2846635654062037,-7.900000000000002
1998,25.8,COL,Colombia,3.288401887516811,0.10000000000000142
1999,29.0,COL,Colombia,3.4011973816621555,3.1999999999999993
2000,27.9,COL,Colombia,3.3638415951183864,-1.1000000000000014
2001,27.1,COL,Colombia,3.3357695763397,-0.7999999999999972
2002,28.6,COL,Colombia,3.3877743613300146,1.5
2003,30.6,COL,Colombia,3.4531571205928664,2.0
2004,29.0,COL,Colombia,3.4011973816621555,-1.6000000000000014
2005,28.9,COL,Colombia,3.3978584803966405,-0.10000000000000142
2006,30.6,COL,Colombia,3.4531571205928664,1.7000000000000028
2007,31.0,COL,Colombia,3.4657359027997265,0.3999999999999986
2008,30.8,COL,Colombia,3.459466289786131,-0.1999999999999993
2009,31.4,COL,Colombia,3.4781584227982836,0.5999999999999979
2010,30.6,COL,Colombia,3.4531571205928664,-0.7999999999999972
2011,29.6,COL,Colombia,3.4210000089583352,-1.0
2012,29.6,COL,Colombia,3.4210000089583352,0.0
2013,32.0,COL,Colombia,3.4965075614664802,2.3999999999999986
2014,32.1,COL,Colombia,3.4995332823830174,0.10000000000000142
2015,31.1,COL,Colombia,3.4688560301359703,-1.0
2016,30.5,COL,Colombia,3.449987545831587,-0.6000000000000014
2017,32.2,COL,Colombia,3.502549875922443,1.7000000000000028
2018,30.4,COL,Colombia,3.4468078929142076,-1.8000000000000043
2019,31.5,COL,Colombia,3.481240089335692,1.1000000000000014
2020,32.0,COL,Colombia,3.4965075614664802,0.5
2021,29.7,COL,Colombia,3.4242626545931514,-2.3000000000000007
1990,74.0,COM,Comoros,4.31748811353631,
1991,73.4,COM,Comoros,4.309455941839047,-0.5999999999999943
1992,73.6,COM,Comoros,4.312140507209715,0.19999999999998863
1993,73.1,COM,Comoros,4.3054155323020415,-0.5
1994,73.3,COM,Comoros,4.308110951723713,0.20000000000000284
1995,73.0,COM,Comoros,4.30406509320417,-0.29999999999999716
1996,73.4,COM,Comoros,4.309455941839047,0.4000000000000057
1997,72.9,COM,Comoros,4.302712827954156,-0.5
1998,71.5,COM,Comoros,4.283586561860629,-1.4000000000000057
1999,71.1,COM,Comoros,4.278054044290903,-0.4000000000000057
2000,69.9,COM,Comoros,4.2612704335380815,-1.1999999999999886
2001,69.5,COM,Comoros,4.255612709818223,-0.4000000000000057
2002,70.3,COM,Comoros,4.26689632742025,0.7999999999999972
2003,64.4,COM,Comoros,4.180522258463153,-5.8999999999999915
2004,63.5,COM,Comoros,4.1666652238017265,-0.9000000000000057
2005,65.7,COM,Comoros,4.200204952921578,2.200000000000003
2006,61.8,COM,Comoros,4.139955073474153,-3.9000000000000057
2007,74.4,COM,Comoros,4.32280727501391,12.600000000000009
2008,73.4,COM,Comoros,4.309455941839047,-1.0
2009,68.5,COM,Comoros,4.241326752570746,-4.900000000000006
2010,66.0,COM,Comoros,4.204692619390966,-2.5
2011,69.0,COM,Comoros,4.248495242049359,3.0
2012,68.3,COM,Comoros,4.238444906195857,-0.7000000000000028
2013,63.6,COM,Comoros,4.168214410788556,-4.699999999999996
2014,68.0,COM,Comoros,4.23410650459726,4.399999999999999
2015,67.0,COM,Comoros,4.219507705176107,-1.0
2016,64.0,COM,Comoros,4.174387269895637,-3.0
2017,59.5,COM,Comoros,4.102643365036796,-4.5
2018,57.7,COM,Comoros,4.072439726834051,-1.7999999999999972
2019,55.3,COM,Comoros,4.030694535145645,-2.4000000000000057
2020,50.8,COM,Comoros,3.9473901492654373,-4.5
2021,41.2,COM,Comoros,3.742420221041966,-9.599999999999994
2022,39.3,COM,Comoros,3.696351468952637,-1.9000000000000057
1990,21.1,CPV,Cabo Verde,3.095577608523707,
1991,26.3,CPV,Cabo Verde,3.3068867021909143,5.199999999999999
1992,26.3,CPV,Cabo Verde,3.3068867021909143,0.0
1993,30.4,CPV,Cabo Verde,3.4468078929142076,4.099999999999998
1994,32.4,CPV,Cabo Verde,3.5085558999826545,2.0
1995,30.8,CPV,Cabo Verde,3.459466289786131,-1.5999999999999979
1996,30.2,CPV,Cabo Verde,3.4404180948154366,-0.6000000000000014
1997,30.5,CPV,Cabo Verde,3.449987545831587,0.3000000000000007
1998,30.0,CPV,Cabo Verde,3.4339872044851463,-0.5
1999,26.9,CPV,Cabo Verde,3.32862668882732,-3.1000000000000014
2000,27.9,CPV,Cabo Verde,3.3638415951183864,1.0
2001,26.0,CPV,Cabo Verde,3.295836866004329,-1.8999999999999986
2002,26.0,CPV,Cabo Verde,3.295836866004329,0.0
2003,24.8,CPV,Cabo Verde,3.250374491927572,-1.1999999999999993
2004,24.4,CPV,Cabo Verde,3.2347491740244907,-0.40000000000000213
2005,23.9,CPV,Cabo Verde,3.214867803470662,-0.5
2006,21.2,CPV,Cabo Verde,3.100092288878234,-2.6999999999999993
2007,21.0,CPV,Cabo Verde,3.091042453358316,-0.1999999999999993
2008,23.8,CPV,Cabo Verde,3.2108436531709366,2.8000000000000007
2009,22.1,CPV,Cabo Verde,3.139832617527748,-1.6999999999999993
2010,21.2,CPV,Cabo Verde,3.100092288878234,-0.9000000000000021
2011,20.8,CPV,Cabo Verde,3.0819099697950434,-0.3999999999999986
2012,24.3,CPV,Cabo Verde,3.2308043957334744,3.5
2013,25.9,CPV,Cabo Verde,3.292126286607793,1.5999999999999979
2014,26.1,CPV,Cabo Verde,3.299533727885655,0.20000000000000284
2015,26.4,CPV,Cabo Verde,3.3105430133940246,0.29999999999999716
2016,23.9,CPV,Cabo Verde,3.214867803470662,-2.5
2017,21.8,CPV,Cabo Verde,3.126760535960395,-2.099999999999998
2018,21.9,CPV,Cabo Verde,3.131136910560194,0.09999999999999787
2019,19.7,CPV,Cabo Verde,3.0301337002713233,-2.1999999999999993
2020,23.4,CPV,Cabo Verde,3.1945831322991562,3.6999999999999993
2021,22.6,CPV,Cabo Verde,3.1612467120315646,-0.7999999999999972
2022,21.8,CPV,Cabo Verde,3.126760535960395,-0.8000000000000007
1990,45.4,CRI,Costa Rica,3.8372994592322094,
1991,44.7,CRI,Costa Rica,3.822098297900159,-0.6999999999999957
1992,35.1,CRI,Costa Rica,3.586292865338835,-9.600000000000001
1993,36.3,CRI,Costa Rica,3.6189933266497696,1.1999999999999957
1994,35.8,CRI,Costa Rica,3.6054978451748854,-0.5
1995,35.0,CRI,Costa Rica,3.58351893845611,-0.7999999999999972
1996,36.6,CRI,Costa Rica,3.6270040503958487,1.6000000000000014
1997,33.6,CRI,Costa Rica,3.543853682063679,-3.0
1998,28.9,CRI,Costa Rica,3.3978584803966405,-4.700000000000003
1999,29.9,CRI,Costa Rica,3.4307561839036995,1.0
2000,33.0,CRI,Costa Rica,3.5263605246161616,3.1000000000000014
2001,32.1,CRI,Costa Rica,3.4995332823830174,-0.8999999999999986
2002,32.5,CRI,Costa Rica,3.5115454388310208,0.3999999999999986
2003,33.3,CRI,Costa Rica,3.535145354171894,0.7999999999999972
2004,39.2,CRI,Costa Rica,3.6938669956249757,5.900000000000006
2005,41.7,CRI,Costa Rica,3.754198920234579,2.5
2006,42.4,CRI,Costa Rica,3.770459441106359,0.6999999999999957
2007,41.2,CRI,Costa Rica,3.742420221041966,-1.1999999999999957
2008,40.7,CRI,Costa Rica,3.730501128804756,-0.5
2009,40.7,CRI,Costa Rica,3.730501128804756,0.0
2010,40.4,CRI,Costa Rica,3.7232808808312687,-0.30000000000000426
2011,38.0,CRI,Costa Rica,3.6635616461296463,-2.3999999999999986
2012,38.1,CRI,Costa Rica,3.66612246699132,0.10000000000000142
2013,37.8,CRI,Costa Rica,3.6584202466292277,-0.30000000000000426
2014,37.6,CRI,Costa Rica,3.653252276470785,-0.19999999999999574
2015,38.3,CRI,Costa Rica,3.6712245188752153,0.6999999999999957
2016,34.1,CRI,Costa Rica,3.55820113047182,-4.199999999999996
2017,33.3,CRI,Costa Rica,3.535145354171894,-0.8000000000000043
2018,33.1,CRI,Costa Rica,3.529297384289471,-0.19999999999999574
2019,33.4,CRI,Costa Rica,3.5380565643793527,0.29999999999999716
2020,36.4,CRI,Costa Rica,3.6216707044204863,3.0
2021,34.2,CRI,Costa Rica,3.5610460826040513,-2.1999999999999957
1990,42.9,CUB,Cuba,3.7819143200811256,
1991,47.2,CUB,Cuba,3.8753590210565547,4.300000000000004
1992,51.3,CUB,Cuba,3.9569963710708773,4.099999999999994
1993,46.9,CUB,Cuba,3.8691155044168695,-4.399999999999999
1994,45.8,CUB,Cuba,3.845883202923601,-1.1000000000000014
1995,41.3,CUB,Cuba,3.744787086052232,-4.5
1996,41.4,CUB,Cuba,3.7471483622379123,0.10000000000000142
1997,36.8,CUB,Cuba,3.632309102625542,-4.600000000000001
1998,34.8,CUB,Cuba,3.5779478934066544,-2.0
1999,33.7,CUB,Cuba,3.5467396869528134,-1.0999999999999943
2000,34.4,CUB,Cuba,3.5667118201397288,0.6999999999999957
2001,34.0,CUB,Cuba,3.5553480614894135,-0.3999999999999986
2002,34.8,CUB,Cuba,3.5779478934066544,0.7999999999999972
2003,33.6,CUB,Cuba,3.543853682063679,-1.1999999999999957
2004,33.8,CUB,Cuba,3.5496173867804286,0.19999999999999574
2005,26.3,CUB,Cuba,3.3068867021909143,-7.4999999999999964
2006,22.0,CUB,Cuba,3.1354942159291497,-4.300000000000001
2007,18.6,CUB,Cuba,2.975529566236472,-3.3999999999999986
2008,18.7,CUB,Cuba,2.9806186357439426,0.09999999999999787
2009,19.0,CUB,Cuba,2.995732273553991,0.3000000000000007
2010,15.6,CUB,Cuba,2.8094026953624978,-3.4000000000000004
2011,19.2,CUB,Cuba,3.005682604407159,3.5999999999999996
2012,19.4,CUB,Cuba,3.0155349008501706,0.1999999999999993
2013,18.2,CUB,Cuba,2.954910279033736,-1.1999999999999993
2014,23.2,CUB,Cuba,3.186352633162641,5.0
2015,21.1,CUB,Cuba,3.095577608523707,-2.099999999999998
2016,19.2,CUB,Cuba,3.005682604407159,-1.9000000000000021
2017,22.0,CUB,Cuba,3.1354942159291497,2.8000000000000007
2018,24.0,CUB,Cuba,3.2188758248682006,2.0
2019,23.1,CUB,Cuba,3.1822118404966093,-0.8999999999999986
2020,24.5,CUB,Cuba,3.2386784521643803,1.3999999999999986
2021,20.9,CUB,Cuba,3.086486636822455,-3.6000000000000014
1990,0.0,CUW,Curacao,0.0,
1991,0.0,CUW,Curacao,0.0,0.0
1992,0.0,CUW,Curacao,0.0,0.0
1993,0.1,CUW,Curacao,0.09531017980432487,0.1
1994,0.1,CUW,Curacao,0.09531017980432487,0.0
1995,0.1,CUW,Curacao,0.09531017980432487,0.0
1996,0.1,CUW,Curacao,0.09531017980432487,0.0
1997,0.1,CUW,Curacao,0.09531017980432487,0.0
1998,0.1,CUW,Curacao,0.09531017980432487,0.0
1999,0.1,CUW,Curacao,0.09531017980432487,0.0
2000,0.1,CUW,Curacao,0.09531017980432487,0.0
2001,0.6,CUW,Curacao,0.4700036292457356,0.5
2002,0.6,CUW,Curacao,0.4700036292457356,0.0
2003,0.6,CUW,Curacao,0.4700036292457356,0.0
2004,0.6,CUW,Curacao,0.4700036292457356,0.0
2005,0.6,CUW,Curacao,0.4700036292457356,0.0
2006,0.6,CUW,Curacao,0.4700036292457356,0.0
2007,0.6,CUW,Curacao,0.4700036292457356,0.0
2008,0.5,CUW,Curacao,0.4054651081081644,-0.09999999999999998
2009,0.5,CUW,Curacao,0.4054651081081644,0.0
2010,0.5,CUW,Curacao,0.4054651081081644,0.0
2011,0.5,CUW,Curacao,0.4054651081081644,0.0
2012,0.6,CUW,Curacao,0.4700036292457356,0.09999999999999998
2013,1.1,CUW,Curacao,0.7419373447293773,0.5000000000000001
2014,1.4,CUW,Curacao,0.8754687373538999,0.2999999999999998
2015,1.3,CUW,Curacao,0.832909122935104,-0.09999999999999987
2016,1.4,CUW,Curacao,0.8754687373538999,0.09999999999999987
2017,1.9,CUW,Curacao,1.0647107369924282,0.5
2018,2.5,CUW,Curacao,1.252762968495368,0.6000000000000001
2019,2.5,CUW,Curacao,1.252762968495368,0.0
2020,2.8,CUW,Curacao,1.33500106673234,0.2999999999999998
2021,2.8,CUW,Curacao,1.33500106673234,0.0
1990,0.0,CYM,Cayman Islands,0.0,
1991,0.0,CYM,Cayman Islands,0.0,0.0
1992,0.0,CYM,Cayman Islands,0.0,0.0
1993,0.0,CYM,Cayman Islands,0.0,0.0
1994,0.0,CYM,Cayman Islands,0.0,0.0
1995,0.0,CYM,Cayman Islands,0.0,0.0
1996,0.0,CYM,Cayman Islands,0.0,0.0
1997,0.0,CYM,Cayman Islands,0.0,0.0
1998,0.0,CYM,Cayman Islands,0.0,0.0
1999,0.0,CYM,Cayman Islands,0.0,0.0
2000,0.0,CYM,Cayman Islands,0.0,0.0
2001,0.0,CYM,Cayman Islands,0.0,0.0
2002,0.0,CYM,Cayman Islands,0.0,0.0
2003,0.0,CYM,Cayman Islands,0.0,0.0
2004,0.0,CYM,Cayman Islands,0.0,0.0
2005,0.0,CYM,Cayman Islands,0.0,0.0
2006,0.0,CYM,Cayman Islands,0.0,0.0
2007,0.0,CYM,Cayman Islands,0.0,0.0
2008,0.0,CYM,Cayman Islands,0.0,0.0
2009,0.0,CYM,Cayman Islands,0.0,0.0
2010,0.0,CYM,Cayman Islands,0.0,0.0
2011,0.0,CYM,Cayman Islands,0.0,0.0
2012,0.0,CYM,Cayman Islands,0.0,0.0
2013,0.0,CYM,Cayman Islands,0.0,0.0
2014,0.0,CYM,Cayman Islands,0.0,0.0
2015,0.0,CYM,Cayman Islands,0.0,0.0
2016,0.0,CYM,Cayman Islands,0.0,0.0
2017,0.0,CYM,Cayman Islands,0.0,0.0
2018,0.0,CYM,Cayman Islands,0.0,0.0
2019,0.0,CYM,Cayman Islands,0.0,0.0
2020,0.0,CYM,Cayman Islands,0.0,0.0
2021,0.0,CYM,Cayman Islands,0.0,0.0
2022,0.0,CYM,Cayman Islands,0.0,0.0
1990,0.5,CYP,Cyprus,0.4054651081081644,
1991,0.4,CYP,Cyprus,0.33647223662121295,-0.09999999999999998
1992,0.3,CYP,Cyprus,0.262364264467491,-0.10000000000000003
1993,0.3,CYP,Cyprus,0.262364264467491,0.0
1994,0.7,CYP,Cyprus,0.5306282510621704,0.39999999999999997
1995,3.3,CYP,Cyprus,1.4586150226995167,2.5999999999999996
1996,3.3,CYP,Cyprus,1.4586150226995167,0.0
1997,3.3,CYP,Cyprus,1.4586150226995167,0.0
1998,3.2,CYP,Cyprus,1.4350845252893227,-0.09999999999999964
1999,3.2,CYP,Cyprus,1.4350845252893227,0.0
2000,3.1,CYP,Cyprus,1.410986973710262,-0.10000000000000009
2001,3.0,CYP,Cyprus,1.3862943611198906,-0.10000000000000009
2002,3.2,CYP,Cyprus,1.4350845252893227,0.20000000000000018
2003,3.2,CYP,Cyprus,1.4350845252893227,0.0
2004,3.3,CYP,Cyprus,1.4586150226995167,0.09999999999999964
2005,3.4,CYP,Cyprus,1.4816045409242156,0.10000000000000009
2006,3.5,CYP,Cyprus,1.5040773967762742,0.10000000000000009
2007,4.3,CYP,Cyprus,1.667706820558076,0.7999999999999998
2008,5.7,CYP,Cyprus,1.9021075263969205,1.4000000000000004
2009,6.3,CYP,Cyprus,1.9878743481543455,0.5999999999999996
2010,6.5,CYP,Cyprus,2.0149030205422647,0.20000000000000018
2011,7.6,CYP,Cyprus,2.151762203259462,1.0999999999999996
2012,8.6,CYP,Cyprus,2.2617630984737906,1.0
2013,9.7,CYP,Cyprus,2.3702437414678603,1.0999999999999996
2014,9.5,CYP,Cyprus,2.3513752571634776,-0.1999999999999993
2015,10.4,CYP,Cyprus,2.4336133554004498,0.9000000000000004
2016,10.3,CYP,Cyprus,2.424802725718295,-0.09999999999999964
2017,10.9,CYP,Cyprus,2.4765384001174837,0.5999999999999996
2018,12.0,CYP,Cyprus,2.5649493574615367,1.0999999999999996
2019,12.0,CYP,Cyprus,2.5649493574615367,0.0
2020,15.0,CYP,Cyprus,2.772588722239781,3.0
2021,15.6,CYP,Cyprus,2.8094026953624978,0.5999999999999996
1990,3.6,CZE,Czechia,1.5260563034950492,
1991,4.0,CZE,Czechia,1.6094379124341003,0.3999999999999999
1992,5.9,CZE,Czechia,1.9315214116032138,1.9000000000000004
1993,5.8,CZE,Czechia,1.916922612182061,-0.10000000000000053
1994,5.9,CZE,Czechia,1.9315214116032138,0.10000000000000053
1995,5.3,CZE,Czechia,1.840549633397487,-0.6000000000000005
1996,5.2,CZE,Czechia,1.824549292051046,-0.09999999999999964
1997,5.7,CZE,Czechia,1.9021075263969205,0.5
1998,6.0,CZE,Czechia,1.9459101490553132,0.2999999999999998
1999,6.5,CZE,Czechia,2.0149030205422647,0.5
2000,5.9,CZE,Czechia,1.9315214116032138,-0.5999999999999996
2001,6.3,CZE,Czechia,1.9878743481543455,0.39999999999999947
2002,7.3,CZE,Czechia,2.1162555148025524,1.0
2003,6.7,CZE,Czechia,2.0412203288596382,-0.5999999999999996
2004,7.1,CZE,Czechia,2.0918640616783932,0.39999999999999947
2005,7.5,CZE,Czechia,2.1400661634962708,0.40000000000000036
2006,7.9,CZE,Czechia,2.186051276738094,0.40000000000000036
2007,8.3,CZE,Czechia,2.2300144001592104,0.40000000000000036
2008,9.0,CZE,Czechia,2.302585092994046,0.6999999999999993
2009,10.2,CZE,Czechia,2.4159137783010487,1.1999999999999993
2010,10.9,CZE,Czechia,2.4765384001174837,0.7000000000000011
2011,12.2,CZE,Czechia,2.580216829592325,1.299999999999999
2012,12.8,CZE,Czechia,2.624668592163159,0.6000000000000014
2013,13.9,CZE,Czechia,2.7013612129514133,1.0999999999999996
2014,14.8,CZE,Czechia,2.760009940032921,0.9000000000000004
2015,14.8,CZE,Czechia,2.760009940032921,0.0
2016,14.8,CZE,Czechia,2.760009940032921,0.0
2017,14.5,CZE,Czechia,2.740840023925201,-0.3000000000000007
2018,14.7,CZE,Czechia,2.7536607123542622,0.1999999999999993
2019,15.9,CZE,Czechia,2.8273136219290276,1.200000000000001
2020,17.0,CZE,Czechia,2.8903717578961645,1.0999999999999996
2021,17.2,CZE,Czechia,2.9014215940827497,0.1999999999999993
1990,2.1,DEU,Germany,1.1314021114911006,
1991,2.0,DEU,Germany,1.0986122886681098,-0.10000000000000009
1992,2.1,DEU,Germany,1.1314021114911006,0.10000000000000009
1993,2.1,DEU,Germany,1.1314021114911006,0.0
1994,2.3,DEU,Germany,1.1939224684724346,0.19999999999999973
1995,2.3,DEU,Germany,1.1939224684724346,0.0
1996,2.2,DEU,Germany,1.1631508098056809,-0.09999999999999964
1997,2.8,DEU,Germany,1.33500106673234,0.5999999999999996
1998,3.0,DEU,Germany,1.3862943611198906,0.20000000000000018
1999,3.3,DEU,Germany,1.4586150226995167,0.2999999999999998
2000,3.7,DEU,Germany,1.547562508716013,0.40000000000000036
2001,3.9,DEU,Germany,1.589235205116581,0.19999999999999973
2002,4.4,DEU,Germany,1.6863989535702288,0.5000000000000004
2003,5.4,DEU,Germany,1.8562979903656263,1.0
2004,6.3,DEU,Germany,1.9878743481543455,0.8999999999999995
2005,7.3,DEU,Germany,2.1162555148025524,1.0
2006,8.6,DEU,Germany,2.2617630984737906,1.2999999999999998
2007,10.5,DEU,Germany,2.4423470353692043,1.9000000000000004
2008,10.2,DEU,Germany,2.4159137783010487,-0.3000000000000007
2009,10.7,DEU,Germany,2.4595888418037104,0.5
2010,11.6,DEU,Germany,2.533696813957432,0.9000000000000004
2011,12.5,DEU,Germany,2.6026896854443837,0.9000000000000004
2012,13.6,DEU,Germany,2.681021528714291,1.0999999999999996
2013,13.6,DEU,Germany,2.681021528714291,0.0
2014,14.0,DEU,Germany,2.70805020110221,0.40000000000000036
2015,14.6,DEU,Germany,2.747270914255491,0.5999999999999996
2016,14.2,DEU,Germany,2.7212954278522306,-0.40000000000000036
2017,15.2,DEU,Germany,2.785011242238338,1.0
2018,16.0,DEU,Germany,2.833213344056216,0.8000000000000007
2019,17.1,DEU,Germany,2.89591193827178,1.1000000000000014
2020,18.5,DEU,Germany,2.970414465569701,1.3999999999999986
2021,17.6,DEU,Germany,2.9231615807191558,-0.8999999999999986
1990,29.6,DJI,Djibouti,3.4210000089583352,
1991,30.1,DJI,Djibouti,3.4372078191851885,0.5
1992,30.3,DJI,Djibouti,3.4436180975461075,0.1999999999999993
1993,31.2,DJI,Djibouti,3.4719664525503626,0.8999999999999986
1994,32.4,DJI,Djibouti,3.5085558999826545,1.1999999999999993
1995,32.2,DJI,Djibouti,3.502549875922443,-0.19999999999999574
1996,34.0,DJI,Djibouti,3.5553480614894135,1.7999999999999972
1997,32.0,DJI,Djibouti,3.4965075614664802,-2.0
1998,29.6,DJI,Djibouti,3.4210000089583352,-2.3999999999999986
1999,29.6,DJI,Djibouti,3.4210000089583352,0.0
2000,31.4,DJI,Djibouti,3.4781584227982836,1.7999999999999972
2001,31.7,DJI,Djibouti,3.487375077903208,0.3000000000000007
2002,32.4,DJI,Djibouti,3.5085558999826545,0.6999999999999993
2003,32.9,DJI,Djibouti,3.5234150143864045,0.5
2004,33.6,DJI,Djibouti,3.543853682063679,0.7000000000000028
2005,33.1,DJI,Djibouti,3.529297384289471,-0.5
2006,33.0,DJI,Djibouti,3.5263605246161616,-0.10000000000000142
2007,32.5,DJI,Djibouti,3.5115454388310208,-0.5
2008,33.1,DJI,Djibouti,3.529297384289471,0.6000000000000014
2009,34.4,DJI,Djibouti,3.5667118201397288,1.2999999999999972
2010,32.5,DJI,Djibouti,3.5115454388310208,-1.8999999999999986
2011,32.0,DJI,Djibouti,3.4965075614664802,-0.5
2012,32.3,DJI,Djibouti,3.505557396986398,0.29999999999999716
2013,29.9,DJI,Djibouti,3.4307561839036995,-2.3999999999999986
2014,29.4,DJI,Djibouti,3.414442608412176,-0.5
2015,24.8,DJI,Djibouti,3.250374491927572,-4.599999999999998
2016,23.6,DJI,Djibouti,3.202746442938317,-1.1999999999999993
2017,23.3,DJI,Djibouti,3.190476350346503,-0.3000000000000007
2018,24.7,DJI,Djibouti,3.246490991901174,1.3999999999999986
2019,23.4,DJI,Djibouti,3.1945831322991562,-1.3000000000000007
2020,27.5,DJI,Djibouti,3.349904087274605,4.100000000000001
2021,26.6,DJI,Djibouti,3.3178157727231046,-0.8999999999999986
2022,26.9,DJI,Djibouti,3.32862668882732,0.29999999999999716
1990,14.6,DMA,Dominica,2.747270914255491,
1991,14.5,DMA,Dominica,2.740840023925201,-0.09999999999999964
1992,14.5,DMA,Dominica,2.740840023925201,0.0
1993,13.4,DMA,Dominica,2.667228206581955,-1.0999999999999996
1994,13.1,DMA,Dominica,2.6461747973841225,-0.3000000000000007
1995,15.7,DMA,Dominica,2.8154087194227095,2.5999999999999996
1996,20.9,DMA,Dominica,3.086486636822455,5.199999999999999
1997,15.5,DMA,Dominica,2.803360380906535,-5.399999999999999
1998,15.0,DMA,Dominica,2.772588722239781,-0.5
1999,14.1,DMA,Dominica,2.714694743820879,-0.9000000000000004
2000,11.1,DMA,Dominica,2.4932054526026954,-3.0
2001,9.4,DMA,Dominica,2.341805806147327,-1.6999999999999993
2002,13.6,DMA,Dominica,2.681021528714291,4.199999999999999
2003,10.6,DMA,Dominica,2.451005098112319,-3.0
2004,11.4,DMA,Dominica,2.517696472610991,0.8000000000000007
2005,10.0,DMA,Dominica,2.3978952727983707,-1.4000000000000004
2006,9.8,DMA,Dominica,2.379546134130174,-0.1999999999999993
2007,7.8,DMA,Dominica,2.174751721484161,-2.000000000000001
2008,8.0,DMA,Dominica,2.1972245773362196,0.20000000000000018
2009,7.5,DMA,Dominica,2.1400661634962708,-0.5
2010,10.3,DMA,Dominica,2.424802725718295,2.8000000000000007
2011,13.8,DMA,Dominica,2.6946271807700692,3.5
2012,11.3,DMA,Dominica,2.509599262378372,-2.5
2013,11.4,DMA,Dominica,2.517696472610991,0.09999999999999964
2014,9.9,DMA,Dominica,2.388762789235098,-1.5
2015,8.7,DMA,Dominica,2.272125885509337,-1.200000000000001
2016,10.7,DMA,Dominica,2.4595888418037104,2.0
2017,9.7,DMA,Dominica,2.3702437414678603,-1.0
2018,7.9,DMA,Dominica,2.186051276738094,-1.799999999999999
2019,7.6,DMA,Dominica,2.151762203259462,-0.3000000000000007
2020,8.6,DMA,Dominica,2.2617630984737906,1.0
2021,8.8,DMA,Dominica,2.2823823856765264,0.20000000000000107
2022,8.9,DMA,Dominica,2.2925347571405443,0.09999999999999964
1990,7.0,DNK,Denmark,2.0794415416798357,
1991,7.1,DNK,Denmark,2.0918640616783932,0.09999999999999964
1992,7.8,DNK,Denmark,2.174751721484161,0.7000000000000002
1993,7.7,DNK,Denmark,2.163323025660538,-0.09999999999999964
1994,7.3,DNK,Denmark,2.1162555148025524,-0.40000000000000036
1995,7.5,DNK,Denmark,2.1400661634962708,0.20000000000000018
1996,7.3,DNK,Denmark,2.1162555148025524,-0.20000000000000018
1997,8.1,DNK,Denmark,2.2082744135228043,0.7999999999999998
1998,8.5,DNK,Denmark,2.2512917986064953,0.40000000000000036
1999,9.1,DNK,Denmark,2.312535423847214,0.5999999999999996
2000,10.7,DNK,Denmark,2.4595888418037104,1.5999999999999996
2001,11.1,DNK,Denmark,2.4932054526026954,0.40000000000000036
2002,11.9,DNK,Denmark,2.5572273113676265,0.8000000000000007
2003,12.7,DNK,Denmark,2.617395832834079,0.7999999999999989
2004,14.4,DNK,Denmark,2.7343675094195836,1.700000000000001
2005,16.1,DNK,Denmark,2.8390784635086144,1.700000000000001
2006,15.3,DNK,Denmark,2.791165107812717,-0.8000000000000007
2007,17.7,DNK,Denmark,2.928523523860541,2.3999999999999986
2008,18.5,DNK,Denmark,2.970414465569701,0.8000000000000007
2009,19.3,DNK,Denmark,3.0106208860477417,0.8000000000000007
2010,21.2,DNK,Denmark,3.100092288878234,1.8999999999999986
2011,23.8,DNK,Denmark,3.2108436531709366,2.6000000000000014
2012,26.9,DNK,Denmark,3.32862668882732,3.099999999999998
2013,27.0,DNK,Denmark,3.332204510175204,0.10000000000000142
2014,30.2,DNK,Denmark,3.4404180948154366,3.1999999999999993
2015,32.5,DNK,Denmark,3.5115454388310208,2.3000000000000007
2016,32.0,DNK,Denmark,3.4965075614664802,-0.5
2017,35.0,DNK,Denmark,3.58351893845611,3.0
2018,34.6,DNK,Denmark,3.572345637857985,-0.3999999999999986
2019,37.2,DNK,Denmark,3.6428355156125294,2.6000000000000014
2020,39.5,DNK,Denmark,3.7013019741124933,2.299999999999997
2021,39.5,DNK,Denmark,3.7013019741124933,0.0
1990,28.0,DOM,Dominican Republic,3.367295829986474,
1991,28.2,DOM,Dominican Republic,3.374168709274236,0.1999999999999993
1992,25.4,DOM,Dominican Republic,3.2733640101522705,-2.8000000000000007
1993,26.9,DOM,Dominican Republic,3.32862668882732,1.5
1994,24.4,DOM,Dominican Republic,3.2347491740244907,-2.5
1995,22.3,DOM,Dominican Republic,3.1484533605716547,-2.099999999999998
1996,20.3,DOM,Dominican Republic,3.0587070727153796,-2.0
1997,18.2,DOM,Dominican Republic,2.954910279033736,-2.1000000000000014
1998,20.4,DOM,Dominican Republic,3.0633909220278057,2.1999999999999993
1999,19.9,DOM,Dominican Republic,3.039749158970765,-0.5
2000,19.1,DOM,Dominican Republic,3.0007198150650303,-0.7999999999999972
2001,18.9,DOM,Dominican Republic,2.990719731730447,-0.20000000000000284
2002,17.9,DOM,Dominican Republic,2.9391619220655967,-1.0
2003,18.9,DOM,Dominican Republic,2.990719731730447,1.0
2004,20.7,DOM,Dominican Republic,3.077312260546414,1.8000000000000007
2005,19.4,DOM,Dominican Republic,3.0155349008501706,-1.3000000000000007
2006,18.0,DOM,Dominican Republic,2.9444389791664403,-1.3999999999999986
2007,17.9,DOM,Dominican Republic,2.9391619220655967,-0.10000000000000142
2008,17.7,DOM,Dominican Republic,2.928523523860541,-0.1999999999999993
2009,17.3,DOM,Dominican Republic,2.9069010598473755,-0.3999999999999986
2010,16.9,DOM,Dominican Republic,2.884800712846709,-0.40000000000000213
2011,16.8,DOM,Dominican Republic,2.8791984572980396,-0.09999999999999787
2012,16.5,DOM,Dominican Republic,2.8622008809294686,-0.3000000000000007
2013,16.6,DOM,Dominican Republic,2.8678989020441064,0.10000000000000142
2014,17.3,DOM,Dominican Republic,2.9069010598473755,0.6999999999999993
2015,14.9,DOM,Dominican Republic,2.766319109226186,-2.4000000000000004
2016,15.3,DOM,Dominican Republic,2.791165107812717,0.40000000000000036
2017,16.9,DOM,Dominican Republic,2.884800712846709,1.5999999999999979
2018,15.9,DOM,Dominican Republic,2.8273136219290276,-0.9999999999999982
2019,14.4,DOM,Dominican Republic,2.7343675094195836,-1.5
2020,16.0,DOM,Dominican Republic,2.833213344056216,1.5999999999999996
2021,14.8,DOM,Dominican Republic,2.760009940032921,-1.1999999999999993
1990,0.2,DZA,Algeria,0.18232155679395465,
1991,0.3,DZA,Algeria,0.262364264467491,0.09999999999999998
1992,0.3,DZA,Algeria,0.262364264467491,0.0
1993,0.5,DZA,Algeria,0.4054651081081644,0.2
1994,0.4,DZA,Algeria,0.33647223662121295,-0.09999999999999998
1995,0.4,DZA,Algeria,0.33647223662121295,0.0
1996,0.4,DZA,Algeria,0.33647223662121295,0.0
1997,0.5,DZA,Algeria,0.4054651081081644,0.09999999999999998
1998,0.5,DZA,Algeria,0.4054651081081644,0.0
1999,0.5,DZA,Algeria,0.4054651081081644,0.0
2000,0.4,DZA,Algeria,0.33647223662121295,-0.09999999999999998
2001,0.4,DZA,Algeria,0.33647223662121295,0.0
2002,0.5,DZA,Algeria,0.4054651081081644,0.09999999999999998
2003,0.5,DZA,Algeria,0.4054651081081644,0.0
2004,0.4,DZA,Algeria,0.33647223662121295,-0.09999999999999998
2005,0.6,DZA,Algeria,0.4700036292457356,0.19999999999999996
2006,0.4,DZA,Algeria,0.33647223662121295,-0.19999999999999996
2007,0.4,DZA,Algeria,0.33647223662121295,0.0
2008,0.3,DZA,Algeria,0.262364264467491,-0.10000000000000003
2009,0.3,DZA,Algeria,0.262364264467491,0.0
2010,0.3,DZA,Algeria,0.262364264467491,0.0
2011,0.2,DZA,Algeria,0.18232155679395465,-0.09999999999999998
2012,0.2,DZA,Algeria,0.18232155679395465,0.0
2013,0.1,DZA,Algeria,0.09531017980432487,-0.1
2014,0.1,DZA,Algeria,0.09531017980432487,0.0
2015,0.1,DZA,Algeria,0.09531017980432487,0.0
2016,0.1,DZA,Algeria,0.09531017980432487,0.0
2017,0.1,DZA,Algeria,0.09531017980432487,0.0
2018,0.2,DZA,Algeria,0.18232155679395465,0.1
2019,0.2,DZA,Algeria,0.18232155679395465,0.0
2020,0.1,DZA,Algeria,0.09531017980432487,-0.1
2021,0.1,DZA,Algeria,0.09531017980432487,0.0
1990,24.2,ECU,Ecuador,3.2268439945173775,
1991,24.2,ECU,Ecuador,3.2268439945173775,0.0
1992,20.8,ECU,Ecuador,3.0819099697950434,-3.3999999999999986
1993,21.6,ECU,Ecuador,3.1179499062782403,0.8000000000000007
1994,20.9,ECU,Ecuador,3.086486636822455,-0.7000000000000028
1995,20.4,ECU,Ecuador,3.0633909220278057,-0.5
1996,19.3,ECU,Ecuador,3.0106208860477417,-1.0999999999999979
1997,16.6,ECU,Ecuador,2.8678989020441064,-2.6999999999999993
1998,18.2,ECU,Ecuador,2.954910279033736,1.5999999999999979
1999,19.6,ECU,Ecuador,3.0252910757955354,1.4000000000000021
2000,19.4,ECU,Ecuador,3.0155349008501706,-0.20000000000000284
2001,17.1,ECU,Ecuador,2.89591193827178,-2.299999999999997
2002,17.1,ECU,Ecuador,2.89591193827178,0.0
2003,16.6,ECU,Ecuador,2.8678989020441064,-0.5
2004,16.7,ECU,Ecuador,2.8735646395797834,0.09999999999999787
2005,16.2,ECU,Ecuador,2.8449093838194073,-0.5
2006,14.2,ECU,Ecuador,2.7212954278522306,-2.0
2007,15.9,ECU,Ecuador,2.8273136219290276,1.700000000000001
2008,15.3,ECU,Ecuador,2.791165107812717,-0.5999999999999996
2009,12.9,ECU,Ecuador,2.631888840136646,-2.4000000000000004
2010,11.8,ECU,Ecuador,2.5494451709255714,-1.0999999999999996
2011,13.2,ECU,Ecuador,2.653241964607215,1.3999999999999986
2012,13.2,ECU,Ecuador,2.653241964607215,0.0
2013,11.8,ECU,Ecuador,2.5494451709255714,-1.3999999999999986
2014,12.2,ECU,Ecuador,2.580216829592325,0.3999999999999986
2015,13.1,ECU,Ecuador,2.6461747973841225,0.9000000000000004
2016,14.8,ECU,Ecuador,2.760009940032921,1.700000000000001
2017,17.0,ECU,Ecuador,2.8903717578961645,2.1999999999999993
2018,16.3,ECU,Ecuador,2.8507065015037334,-0.6999999999999993
2019,17.7,ECU,Ecuador,2.928523523860541,1.3999999999999986
2020,20.2,ECU,Ecuador,3.054001181677967,2.5
2021,18.9,ECU,Ecuador,2.990719731730447,-1.3000000000000007
1990,9.0,EGY,"Egypt, Arab Rep.",2.302585092994046,
1991,9.3,EGY,"Egypt, Arab Rep.",2.33214389523559,0.3000000000000007
1992,9.1,EGY,"Egypt, Arab Rep.",2.312535423847214,-0.20000000000000107
1993,9.2,EGY,"Egypt, Arab Rep.",2.322387720290225,0.09999999999999964
1994,10.0,EGY,"Egypt, Arab Rep.",2.3978952727983707,0.8000000000000007
1995,9.4,EGY,"Egypt, Arab Rep.",2.341805806147327,-0.5999999999999996
1996,9.0,EGY,"Egypt, Arab Rep.",2.302585092994046,-0.40000000000000036
1997,8.6,EGY,"Egypt, Arab Rep.",2.2617630984737906,-0.40000000000000036
1998,8.5,EGY,"Egypt, Arab Rep.",2.2512917986064953,-0.09999999999999964
1999,8.8,EGY,"Egypt, Arab Rep.",2.2823823856765264,0.3000000000000007
2000,8.3,EGY,"Egypt, Arab Rep.",2.2300144001592104,-0.5
2001,7.8,EGY,"Egypt, Arab Rep.",2.174751721484161,-0.5000000000000009
2002,7.3,EGY,"Egypt, Arab Rep.",2.1162555148025524,-0.5
2003,7.4,EGY,"Egypt, Arab Rep.",2.128231705849268,0.10000000000000053
2004,7.6,EGY,"Egypt, Arab Rep.",2.151762203259462,0.1999999999999993
2005,6.5,EGY,"Egypt, Arab Rep.",2.0149030205422647,-1.0999999999999996
2006,6.2,EGY,"Egypt, Arab Rep.",1.9740810260220096,-0.2999999999999998
2007,6.0,EGY,"Egypt, Arab Rep.",1.9459101490553132,-0.20000000000000018
2008,5.9,EGY,"Egypt, Arab Rep.",1.9315214116032138,-0.09999999999999964
2009,5.7,EGY,"Egypt, Arab Rep.",1.9021075263969205,-0.20000000000000018
2010,5.4,EGY,"Egypt, Arab Rep.",1.8562979903656263,-0.2999999999999998
2011,5.4,EGY,"Egypt, Arab Rep.",1.8562979903656263,0.0
2012,5.3,EGY,"Egypt, Arab Rep.",1.840549633397487,-0.10000000000000053
2013,5.3,EGY,"Egypt, Arab Rep.",1.840549633397487,0.0
2014,5.4,EGY,"Egypt, Arab Rep.",1.8562979903656263,0.10000000000000053
2015,5.3,EGY,"Egypt, Arab Rep.",1.840549633397487,-0.10000000000000053
2016,5.1,EGY,"Egypt, Arab Rep.",1.8082887711792655,-0.20000000000000018
2017,4.9,EGY,"Egypt, Arab Rep.",1.7749523509116738,-0.1999999999999993
2018,5.0,EGY,"Egypt, Arab Rep.",1.791759469228055,0.09999999999999964
2019,6.2,EGY,"Egypt, Arab Rep.",1.9740810260220096,1.2000000000000002
2020,6.7,EGY,"Egypt, Arab Rep.",2.0412203288596382,0.5
2021,6.1,EGY,"Egypt, Arab Rep.",1.9600947840472698,-0.6000000000000005
1992,89.9,ERI,Eritrea,4.509760001183433,
1993,83.6,ERI,Eritrea,4.437934266612178,-6.300000000000011
1994,80.1,ERI,Eritrea,4.395682961121367,-3.5
1995,77.9,ERI,Eritrea,4.368181227851829,-2.1999999999999886
1996,76.4,ERI,Eritrea,4.3489867805956814,-1.5
1997,77.6,ERI,Eritrea,4.364371699435161,1.1999999999999886
1998,75.0,ERI,Eritrea,4.330733340286331,-2.5999999999999943
1999,76.1,ERI,Eritrea,4.345103280569283,1.0999999999999943
2000,76.8,ERI,Eritrea,4.354141431184346,0.7000000000000028
2001,74.8,ERI,Eritrea,4.328098292648326,-2.0
2002,74.7,ERI,Eritrea,4.3267781604434035,-0.09999999999999432
2003,75.0,ERI,Eritrea,4.330733340286331,0.29999999999999716
2004,69.8,ERI,Eritrea,4.259859000699674,-5.200000000000003
2005,74.7,ERI,Eritrea,4.3267781604434035,4.900000000000006
2006,77.3,ERI,Eritrea,4.360547602996758,2.5999999999999943
2007,79.1,ERI,Eritrea,4.383275854074314,1.7999999999999972
2008,81.4,ERI,Eritrea,4.411585436915426,2.3000000000000114
2009,81.7,ERI,Eritrea,4.415219602029645,0.29999999999999716
2010,80.9,ERI,Eritrea,4.405498990859024,-0.7999999999999972
2011,77.1,ERI,Eritrea,4.35799005684564,-3.8000000000000114
2012,78.4,ERI,Eritrea,4.37449836825309,1.3000000000000114
2013,79.7,ERI,Eritrea,4.390738575275903,1.2999999999999972
2014,80.5,ERI,Eritrea,4.400603020246817,0.7999999999999972
2015,81.2,ERI,Eritrea,4.409155302062135,0.7000000000000028
2016,81.4,ERI,Eritrea,4.411585436915426,0.20000000000000284
2017,81.6,ERI,Eritrea,4.414009680526933,0.19999999999998863
2018,80.8,ERI,Eritrea,4.404277243608702,-0.7999999999999972
2019,80.6,ERI,Eritrea,4.401829261970061,-0.20000000000000284
2020,80.9,ERI,Eritrea,4.405498990859024,0.30000000000001137
2021,80.7,ERI,Eritrea,4.403054001865957,-0.20000000000000284
1990,10.6,ESP,Spain,2.451005098112319,
1991,9.9,ESP,Spain,2.388762789235098,-0.6999999999999993
1992,8.2,ESP,Spain,2.2192034840549946,-1.700000000000001
1993,9.1,ESP,Spain,2.312535423847214,0.9000000000000004
1994,9.2,ESP,Spain,2.322387720290225,0.09999999999999964
1995,8.3,ESP,Spain,2.2300144001592104,-0.8999999999999986
1996,10.1,ESP,Spain,2.4069451083182885,1.799999999999999
1997,9.2,ESP,Spain,2.322387720290225,-0.9000000000000004
1998,8.9,ESP,Spain,2.2925347571405443,-0.29999999999999893
1999,7.7,ESP,Spain,2.163323025660538,-1.2000000000000002
2000,7.9,ESP,Spain,2.186051276738094,0.20000000000000018
2001,8.9,ESP,Spain,2.2925347571405443,1.0
2002,7.4,ESP,Spain,2.128231705849268,-1.5
2003,8.9,ESP,Spain,2.2925347571405443,1.5
2004,8.0,ESP,Spain,2.1972245773362196,-0.9000000000000004
2005,7.3,ESP,Spain,2.1162555148025524,-0.7000000000000002
2006,8.5,ESP,Spain,2.2512917986064953,1.2000000000000002
2007,9.0,ESP,Spain,2.302585092994046,0.5
2008,9.7,ESP,Spain,2.3702437414678603,0.6999999999999993
2009,12.2,ESP,Spain,2.580216829592325,2.5
2010,14.4,ESP,Spain,2.7343675094195836,2.200000000000001
2011,14.7,ESP,Spain,2.7536607123542622,0.29999999999999893
2012,15.8,ESP,Spain,2.8213788864092133,1.1000000000000014
2013,16.9,ESP,Spain,2.884800712846709,1.0999999999999979
2014,17.3,ESP,Spain,2.9069010598473755,0.40000000000000213
2015,16.3,ESP,Spain,2.8507065015037334,-1.0
2016,16.7,ESP,Spain,2.8735646395797834,0.3999999999999986
2017,15.2,ESP,Spain,2.785011242238338,-1.5
2018,16.9,ESP,Spain,2.884800712846709,1.6999999999999993
2019,16.7,ESP,Spain,2.8735646395797834,-0.1999999999999993
2020,19.3,ESP,Spain,3.0106208860477417,2.6000000000000014
2021,19.0,ESP,Spain,2.995732273553991,-0.3000000000000007
1990,3.5,EST,Estonia,1.5040773967762742,
1991,3.6,EST,Estonia,1.5260563034950492,0.10000000000000009
1992,5.9,EST,Estonia,1.9315214116032138,2.3000000000000003
1993,6.6,EST,Estonia,2.028148247292285,0.6999999999999993
1994,11.1,EST,Estonia,2.4932054526026954,4.5
1995,17.9,EST,Estonia,2.9391619220655967,6.799999999999999
1996,20.1,EST,Estonia,3.0492730404820207,2.200000000000003
1997,20.0,EST,Estonia,3.044522437723423,-0.10000000000000142
1998,17.9,EST,Estonia,2.9391619220655967,-2.1000000000000014
1999,20.0,EST,Estonia,3.044522437723423,2.1000000000000014
2000,19.8,EST,Estonia,3.0349529867072724,-0.1999999999999993
2001,18.9,EST,Estonia,2.990719731730447,-0.9000000000000021
2002,19.3,EST,Estonia,3.0106208860477417,0.40000000000000213
2003,19.9,EST,Estonia,3.039749158970765,0.5999999999999979
2004,20.0,EST,Estonia,3.044522437723423,0.10000000000000142
2005,18.9,EST,Estonia,2.990719731730447,-1.1000000000000014
2006,17.2,EST,Estonia,2.9014215940827497,-1.6999999999999993
2007,18.6,EST,Estonia,2.975529566236472,1.4000000000000021
2008,20.5,EST,Estonia,3.068052935133617,1.8999999999999986
2009,24.2,EST,Estonia,3.2268439945173775,3.6999999999999993
2010,25.3,EST,Estonia,3.269568939183719,1.1000000000000014
2011,25.2,EST,Estonia,3.265759410767051,-0.10000000000000142
2012,25.0,EST,Estonia,3.258096538021482,-0.1999999999999993
2013,24.5,EST,Estonia,3.2386784521643803,-0.5
2014,25.3,EST,Estonia,3.269568939183719,0.8000000000000007
2015,28.2,EST,Estonia,3.374168709274236,2.8999999999999986
2016,27.2,EST,Estonia,3.339321977944068,-1.0
2017,27.5,EST,Estonia,3.349904087274605,0.3000000000000007
2018,28.6,EST,Estonia,3.3877743613300146,1.1000000000000014
2019,31.3,EST,Estonia,3.475067230228611,2.6999999999999993
2020,40.4,EST,Estonia,3.7232808808312687,9.099999999999998
2021,38.0,EST,Estonia,3.6635616461296463,-2.3999999999999986
1990,96.2,ETH,Ethiopia,4.576770711466393,
1991,96.3,ETH,Ethiopia,4.577798989191959,0.09999999999999432
1992,97.5,ETH,Ethiopia,4.590056548178043,1.2000000000000028
1993,96.9,ETH,Ethiopia,4.583946549536464,-0.5999999999999943
1994,96.5,ETH,Ethiopia,4.579852378003801,-0.4000000000000057
1995,96.2,ETH,Ethiopia,4.576770711466393,-0.29999999999999716
1996,95.9,ETH,Ethiopia,4.5736795188967205,-0.29999999999999716
1997,95.8,ETH,Ethiopia,4.572646994282532,-0.10000000000000853
1998,95.7,ETH,Ethiopia,4.571613402459248,-0.09999999999999432
1999,95.8,ETH,Ethiopia,4.572646994282532,0.09999999999999432
2000,95.5,ETH,Ethiopia,4.56954300834494,-0.29999999999999716
2001,94.6,ETH,Ethiopia,4.560172820057356,-0.9000000000000057
2002,94.5,ETH,Ethiopia,4.5591262474866845,-0.09999999999999432
2003,94.2,ETH,Ethiopia,4.55597994179732,-0.29999999999999716
2004,94.1,ETH,Ethiopia,4.554928969551344,-0.10000000000000853
2005,94.7,ETH,Ethiopia,4.5612182984589085,0.6000000000000085
2006,94.5,ETH,Ethiopia,4.5591262474866845,-0.20000000000000284
2007,94.1,ETH,Ethiopia,4.554928969551344,-0.4000000000000057
2008,94.1,ETH,Ethiopia,4.554928969551344,0.0
2009,94.2,ETH,Ethiopia,4.55597994179732,0.10000000000000853
2010,94.1,ETH,Ethiopia,4.554928969551344,-0.10000000000000853
2011,93.6,ETH,Ethiopia,4.549657476057832,-0.5
2012,93.3,ETH,Ethiopia,4.546481189639412,-0.29999999999999716
2013,92.4,ETH,Ethiopia,4.536891345234797,-0.8999999999999915
2014,91.4,ETH,Ethiopia,4.526126978647638,-1.0
2015,91.5,ETH,Ethiopia,4.52720864451838,0.09999999999999432
2016,90.4,ETH,Ethiopia,4.515245478460105,-1.0999999999999943
2017,90.8,ETH,Ethiopia,4.519612297626445,0.3999999999999915
2018,90.0,ETH,Ethiopia,4.51085950651685,-0.7999999999999972
2019,89.3,ETH,Ethiopia,4.5031374604229395,-0.7000000000000028
2020,90.7,ETH,Ethiopia,4.51852237926242,1.4000000000000057
2021,90.6,ETH,Ethiopia,4.517431271680085,-0.10000000000000853
1990,24.5,FIN,Finland,3.2386784521643803,
1991,24.0,FIN,Finland,3.2188758248682006,-0.5
1992,25.1,FIN,Finland,3.261935314328648,1.1000000000000014
1993,26.0,FIN,Finland,3.295836866004329,0.8999999999999986
1994,25.1,FIN,Finland,3.261935314328648,-0.8999999999999986
1995,27.3,FIN,Finland,3.342861804649192,2.1999999999999993
1996,26.9,FIN,Finland,3.32862668882732,-0.40000000000000213
1997,28.8,FIN,Finland,3.3945083935113587,1.9000000000000021
1998,30.5,FIN,Finland,3.449987545831587,1.6999999999999993
1999,30.2,FIN,Finland,3.4404180948154366,-0.3000000000000007
2000,31.7,FIN,Finland,3.487375077903208,1.5
2001,29.2,FIN,Finland,3.407841924380824,-2.5
2002,29.5,FIN,Finland,3.417726683613366,0.3000000000000007
2003,28.4,FIN,Finland,3.380994674344636,-1.1000000000000014
2004,31.1,FIN,Finland,3.4688560301359703,2.700000000000003
2005,31.5,FIN,Finland,3.481240089335692,0.3999999999999986
2006,31.2,FIN,Finland,3.4719664525503626,-0.3000000000000007
2007,31.8,FIN,Finland,3.490428515390098,0.6000000000000014
2008,34.6,FIN,Finland,3.572345637857985,2.8000000000000007
2009,32.5,FIN,Finland,3.5115454388310208,-2.1000000000000014
2010,33.4,FIN,Finland,3.5380565643793527,0.8999999999999986
2011,35.1,FIN,Finland,3.586292865338835,1.7000000000000028
2012,38.7,FIN,Finland,3.681351187693145,3.6000000000000014
2013,38.5,FIN,Finland,3.676300671907076,-0.20000000000000284
2014,41.2,FIN,Finland,3.742420221041966,2.700000000000003
2015,43.2,FIN,Finland,3.7887247890836524,2.0
2016,42.4,FIN,Finland,3.770459441106359,-0.8000000000000043
2017,44.4,FIN,Finland,3.8155121050473024,2.0
2018,44.2,FIN,Finland,3.8110970868381857,-0.19999999999999574
2019,45.4,FIN,Finland,3.8372994592322094,1.1999999999999957
2020,47.3,FIN,Finland,3.877431560658527,1.8999999999999986
2021,50.2,FIN,Finland,3.9357395320454622,2.9000000000000057
1990,57.1,FJI,Fiji,4.062165663857866,
1991,55.5,FJI,Fiji,4.034240638152395,-1.6000000000000014
1992,56.2,FJI,Fiji,4.046553898385752,0.7000000000000028
1993,57.6,FJI,Fiji,4.070734696582967,1.3999999999999986
1994,61.9,FJI,Fiji,4.141546163706395,4.299999999999997
1995,58.4,FJI,Fiji,4.084294226368599,-3.5
1996,57.3,FJI,Fiji,4.065602093356446,-1.1000000000000014
1997,51.6,FJI,Fiji,3.9627161197436642,-5.699999999999996
1998,45.4,FJI,Fiji,3.8372994592322094,-6.200000000000003
1999,54.2,FJI,Fiji,4.01096295328305,8.800000000000004
2000,50.1,FJI,Fiji,3.933784497209659,-4.100000000000001
2001,40.4,FJI,Fiji,3.7232808808312687,-9.700000000000003
2002,49.0,FJI,Fiji,3.912023005428146,8.600000000000001
2003,40.8,FJI,Fiji,3.7328963395307104,-8.200000000000003
2004,35.7,FJI,Fiji,3.6027767550605247,-5.099999999999994
2005,40.0,FJI,Fiji,3.713572066704308,4.299999999999997
2006,39.1,FJI,Fiji,3.6913763343125234,-0.8999999999999986
2007,36.0,FJI,Fiji,3.6109179126442243,-3.1000000000000014
2008,42.1,FJI,Fiji,3.763522997109702,6.100000000000001
2009,41.6,FJI,Fiji,3.751854253275325,-0.5
2010,28.0,FJI,Fiji,3.367295829986474,-13.600000000000001
2011,33.4,FJI,Fiji,3.5380565643793527,5.399999999999999
2012,33.3,FJI,Fiji,3.535145354171894,-0.10000000000000142
2013,32.8,FJI,Fiji,3.520460802488973,-0.5
2014,33.2,FJI,Fiji,3.5322256440685598,0.4000000000000057
2015,32.7,FJI,Fiji,3.517497837358316,-0.5
2016,27.7,FJI,Fiji,3.3568971227655755,-5.0000000000000036
2017,28.6,FJI,Fiji,3.3877743613300146,0.9000000000000021
2018,25.8,FJI,Fiji,3.288401887516811,-2.8000000000000007
2019,26.5,FJI,Fiji,3.3141860046725258,0.6999999999999993
2020,31.8,FJI,Fiji,3.490428515390098,5.300000000000001
2021,29.7,FJI,Fiji,3.4242626545931514,-2.1000000000000014
2022,28.4,FJI,Fiji,3.380994674344636,-1.3000000000000007
1990,10.5,FRA,France,2.4423470353692043,
1991,11.1,FRA,France,2.4932054526026954,0.5999999999999996
1992,11.3,FRA,France,2.509599262378372,0.20000000000000107
1993,10.9,FRA,France,2.4765384001174837,-0.40000000000000036
1994,11.0,FRA,France,2.4849066497880004,0.09999999999999964
1995,10.7,FRA,France,2.4595888418037104,-0.3000000000000007
1996,10.5,FRA,France,2.4423470353692043,-0.1999999999999993
1997,10.0,FRA,France,2.3978952727983707,-0.5
1998,9.7,FRA,France,2.3702437414678603,-0.3000000000000007
1999,9.8,FRA,France,2.379546134130174,0.10000000000000142
2000,9.3,FRA,France,2.33214389523559,-0.5
2001,9.4,FRA,France,2.341805806147327,0.09999999999999964
2002,8.7,FRA,France,2.272125885509337,-0.7000000000000011
2003,8.8,FRA,France,2.2823823856765264,0.10000000000000142
2004,8.9,FRA,France,2.2925347571405443,0.09999999999999964
2005,8.6,FRA,France,2.2617630984737906,-0.3000000000000007
2006,8.5,FRA,France,2.2512917986064953,-0.09999999999999964
2007,9.4,FRA,France,2.341805806147327,0.9000000000000004
2008,10.5,FRA,France,2.4423470353692043,1.0999999999999996
2009,11.2,FRA,France,2.501435951739211,0.6999999999999993
2010,11.9,FRA,France,2.5572273113676265,0.7000000000000011
2011,10.6,FRA,France,2.451005098112319,-1.3000000000000007
2012,12.3,FRA,France,2.5877640352277083,1.700000000000001
2013,13.4,FRA,France,2.667228206581955,1.0999999999999996
2014,13.2,FRA,France,2.653241964607215,-0.20000000000000107
2015,13.3,FRA,France,2.6602595372658615,0.10000000000000142
2016,14.2,FRA,France,2.7212954278522306,0.8999999999999986
2017,14.1,FRA,France,2.714694743820879,-0.09999999999999964
2018,15.2,FRA,France,2.785011242238338,1.0999999999999996
2019,15.5,FRA,France,2.803360380906535,0.3000000000000007
2020,16.8,FRA,France,2.8791984572980396,1.3000000000000007
2021,16.2,FRA,France,2.8449093838194073,-0.6000000000000014
1990,2.5,FRO,Faroe Islands,1.252762968495368,
1991,2.7,FRO,Faroe Islands,1.308332819650179,0.20000000000000018
1992,3.1,FRO,Faroe Islands,1.410986973710262,0.3999999999999999
1993,3.0,FRO,Faroe Islands,1.3862943611198906,-0.10000000000000009
1994,3.1,FRO,Faroe Islands,1.410986973710262,0.10000000000000009
1995,3.2,FRO,Faroe Islands,1.4350845252893227,0.10000000000000009
1996,2.7,FRO,Faroe Islands,1.308332819650179,-0.5
1997,3.3,FRO,Faroe Islands,1.4586150226995167,0.5999999999999996
1998,3.1,FRO,Faroe Islands,1.410986973710262,-0.19999999999999973
1999,2.8,FRO,Faroe Islands,1.33500106673234,-0.30000000000000027
2000,2.8,FRO,Faroe Islands,1.33500106673234,0.0
2001,2.6,FRO,Faroe Islands,1.2809338454620642,-0.19999999999999973
2002,3.4,FRO,Faroe Islands,1.4816045409242156,0.7999999999999998
2003,3.1,FRO,Faroe Islands,1.410986973710262,-0.2999999999999998
2004,3.4,FRO,Faroe Islands,1.4816045409242156,0.2999999999999998
2005,3.8,FRO,Faroe Islands,1.5686159179138452,0.3999999999999999
2006,4.3,FRO,Faroe Islands,1.667706820558076,0.5
2007,4.5,FRO,Faroe Islands,1.7047480922384253,0.20000000000000018
2008,4.5,FRO,Faroe Islands,1.7047480922384253,0.0
2009,5.1,FRO,Faroe Islands,1.8082887711792655,0.5999999999999996
2010,3.4,FRO,Faroe Islands,1.4816045409242156,-1.6999999999999997
2011,5.0,FRO,Faroe Islands,1.791759469228055,1.6
2012,4.7,FRO,Faroe Islands,1.7404661748405046,-0.2999999999999998
2013,4.5,FRO,Faroe Islands,1.7047480922384253,-0.20000000000000018
2014,6.5,FRO,Faroe Islands,2.0149030205422647,2.0
2015,7.5,FRO,Faroe Islands,2.1400661634962708,1.0
2016,6.3,FRO,Faroe Islands,1.9878743481543455,-1.2000000000000002
2017,6.0,FRO,Faroe Islands,1.9459101490553132,-0.2999999999999998
2018,5.9,FRO,Faroe Islands,1.9315214116032138,-0.09999999999999964
2019,5.4,FRO,Faroe Islands,1.8562979903656263,-0.5
2020,5.3,FRO,Faroe Islands,1.840549633397487,-0.10000000000000053
2021,5.1,FRO,Faroe Islands,1.8082887711792655,-0.20000000000000018
2022,7.9,FRO,Faroe Islands,2.186051276738094,2.8000000000000007
1992,0.9,FSM,"Micronesia, Fed. Sts.",0.6418538861723948,
1993,1.0,FSM,"Micronesia, Fed. Sts.",0.6931471805599453,0.09999999999999998
1994,0.9,FSM,"Micronesia, Fed. Sts.",0.6418538861723948,-0.09999999999999998
1995,0.8,FSM,"Micronesia, Fed. Sts.",0.5877866649021191,-0.09999999999999998
1996,0.8,FSM,"Micronesia, Fed. Sts.",0.5877866649021191,0.0
1997,0.8,FSM,"Micronesia, Fed. Sts.",0.5877866649021191,0.0
1998,0.8,FSM,"Micronesia, Fed. Sts.",0.5877866649021191,0.0
1999,0.6,FSM,"Micronesia, Fed. Sts.",0.4700036292457356,-0.20000000000000007
2000,1.3,FSM,"Micronesia, Fed. Sts.",0.832909122935104,0.7000000000000001
2001,1.4,FSM,"Micronesia, Fed. Sts.",0.8754687373538999,0.09999999999999987
2002,1.6,FSM,"Micronesia, Fed. Sts.",0.9555114450274363,0.20000000000000018
2003,0.9,FSM,"Micronesia, Fed. Sts.",0.6418538861723948,-0.7000000000000001
2004,1.0,FSM,"Micronesia, Fed. Sts.",0.6931471805599453,0.09999999999999998
2005,1.4,FSM,"Micronesia, Fed. Sts.",0.8754687373538999,0.3999999999999999
2006,1.4,FSM,"Micronesia, Fed. Sts.",0.8754687373538999,0.0
2007,1.2,FSM,"Micronesia, Fed. Sts.",0.7884573603642702,-0.19999999999999996
2008,1.4,FSM,"Micronesia, Fed. Sts.",0.8754687373538999,0.19999999999999996
2009,1.1,FSM,"Micronesia, Fed. Sts.",0.7419373447293773,-0.2999999999999998
2010,2.0,FSM,"Micronesia, Fed. Sts.",1.0986122886681098,0.8999999999999999
2011,1.6,FSM,"Micronesia, Fed. Sts.",0.9555114450274363,-0.3999999999999999
2012,1.4,FSM,"Micronesia, Fed. Sts.",0.8754687373538999,-0.20000000000000018
2013,1.4,FSM,"Micronesia, Fed. Sts.",0.8754687373538999,0.0
2014,1.5,FSM,"Micronesia, Fed. Sts.",0.9162907318741551,0.10000000000000009
2015,1.7,FSM,"Micronesia, Fed. Sts.",0.9932517730102833,0.19999999999999996
2016,1.9,FSM,"Micronesia, Fed. Sts.",1.0647107369924282,0.19999999999999996
2017,1.7,FSM,"Micronesia, Fed. Sts.",0.9932517730102833,-0.19999999999999996
2018,2.0,FSM,"Micronesia, Fed. Sts.",1.0986122886681098,0.30000000000000004
2019,2.0,FSM,"Micronesia, Fed. Sts.",1.0986122886681098,0.0
2020,2.0,FSM,"Micronesia, Fed. Sts.",1.0986122886681098,0.0
2021,2.1,FSM,"Micronesia, Fed. Sts.",1.1314021114911006,0.10000000000000009
2022,2.0,FSM,"Micronesia, Fed. Sts.",1.0986122886681098,-0.10000000000000009
1990,78.3,GAB,Gabon,4.373238128640803,
1991,75.2,GAB,Gabon,4.333361462692601,-3.0999999999999943
1992,74.8,GAB,Gabon,4.328098292648326,-0.4000000000000057
1993,73.8,GAB,Gabon,4.314817884980432,-1.0
1994,72.9,GAB,Gabon,4.302712827954156,-0.8999999999999915
1995,72.0,GAB,Gabon,4.290459441148391,-0.9000000000000057
1996,71.5,GAB,Gabon,4.283586561860629,-0.5
1997,70.0,GAB,Gabon,4.2626798770413155,-1.5
1998,69.7,GAB,Gabon,4.258445572902527,-0.29999999999999716
1999,71.3,GAB,Gabon,4.280824129164719,1.5999999999999943
2000,72.8,GAB,Gabon,4.301358731606427,1.5
2001,72.4,GAB,Gabon,4.29592393562047,-0.3999999999999915
2002,79.8,GAB,Gabon,4.39197696552705,7.3999999999999915
2003,83.6,GAB,Gabon,4.437934266612178,3.799999999999997
2004,85.8,GAB,Gabon,4.463606621666305,2.200000000000003
2005,85.2,GAB,Gabon,4.456670177669648,-0.5999999999999943
2006,86.2,GAB,Gabon,4.468204330914934,1.0
2007,87.3,GAB,Gabon,4.480740107609915,1.0999999999999943
2008,87.3,GAB,Gabon,4.480740107609915,0.0
2009,87.9,GAB,Gabon,4.487512142519859,0.6000000000000085
2010,85.8,GAB,Gabon,4.463606621666305,-2.1000000000000085
2011,79.7,GAB,Gabon,4.390738575275903,-6.099999999999994
2012,75.5,GAB,Gabon,4.33729074083249,-4.200000000000003
2013,82.2,GAB,Gabon,4.421247347827163,6.700000000000003
2014,81.3,GAB,Gabon,4.410371107683024,-0.9000000000000057
2015,81.9,GAB,Gabon,4.417635062141249,0.6000000000000085
2016,81.5,GAB,Gabon,4.412798293340635,-0.4000000000000057
2017,90.2,GAB,Gabon,4.513054897080286,8.700000000000003
2018,90.3,GAB,Gabon,4.514150787600923,0.09999999999999432
2019,90.2,GAB,Gabon,4.513054897080286,-0.09999999999999432
2020,91.3,GAB,Gabon,4.525044141508807,1.0999999999999943
2021,91.3,GAB,Gabon,4.525044141508807,0.0
1990,0.7,GBR,United Kingdom,0.5306282510621704,
1991,0.6,GBR,United Kingdom,0.4700036292457356,-0.09999999999999998
1992,0.8,GBR,United Kingdom,0.5877866649021191,0.20000000000000007
1993,0.8,GBR,United Kingdom,0.5877866649021191,0.0
1994,1.0,GBR,United Kingdom,0.6931471805599453,0.19999999999999996
1995,1.1,GBR,United Kingdom,0.7419373447293773,0.10000000000000009
1996,0.9,GBR,United Kingdom,0.6418538861723948,-0.20000000000000007
1997,1.0,GBR,United Kingdom,0.6931471805599453,0.09999999999999998
1998,1.0,GBR,United Kingdom,0.6931471805599453,0.0
1999,0.9,GBR,United Kingdom,0.6418538861723948,-0.09999999999999998
2000,1.0,GBR,United Kingdom,0.6931471805599453,0.09999999999999998
2001,0.8,GBR,United Kingdom,0.5877866649021191,-0.19999999999999996
2002,1.0,GBR,United Kingdom,0.6931471805599453,0.19999999999999996
2003,0.9,GBR,United Kingdom,0.6418538861723948,-0.09999999999999998
2004,1.1,GBR,United Kingdom,0.7419373447293773,0.20000000000000007
2005,1.4,GBR,United Kingdom,0.8754687373538999,0.2999999999999998
2006,1.6,GBR,United Kingdom,0.9555114450274363,0.20000000000000018
2007,1.8,GBR,United Kingdom,1.0296194171811581,0.19999999999999996
2008,2.4,GBR,United Kingdom,1.2237754316221157,0.5999999999999999
2009,3.0,GBR,United Kingdom,1.3862943611198906,0.6000000000000001
2010,3.2,GBR,United Kingdom,1.4350845252893227,0.20000000000000018
2011,4.0,GBR,United Kingdom,1.6094379124341003,0.7999999999999998
2012,4.2,GBR,United Kingdom,1.6486586255873816,0.20000000000000018
2013,5.2,GBR,United Kingdom,1.824549292051046,1.0
2014,6.6,GBR,United Kingdom,2.028148247292285,1.3999999999999995
2015,7.7,GBR,United Kingdom,2.163323025660538,1.1000000000000005
2016,7.7,GBR,United Kingdom,2.163323025660538,0.0
2017,8.8,GBR,United Kingdom,2.2823823856765264,1.1000000000000005
2018,10.2,GBR,United Kingdom,2.4159137783010487,1.3999999999999986
2019,11.4,GBR,United Kingdom,2.517696472610991,1.200000000000001
2020,13.6,GBR,United Kingdom,2.681021528714291,2.1999999999999993
2021,12.2,GBR,United Kingdom,2.580216829592325,-1.4000000000000004
1990,12.8,GEO,Georgia,2.624668592163159,
1991,14.1,GEO,Georgia,2.714694743820879,1.299999999999999
1992,18.5,GEO,Georgia,2.970414465569701,4.4
1993,26.0,GEO,Georgia,3.295836866004329,7.5
1994,22.7,GEO,Georgia,3.1654750481410856,-3.3000000000000007
1995,46.4,GEO,Georgia,3.858622228701031,23.7
1996,42.8,GEO,Georgia,3.7796338173824005,-3.6000000000000014
1997,44.4,GEO,Georgia,3.8155121050473024,1.6000000000000014
1998,47.5,GEO,Georgia,3.8815637979434374,3.1000000000000014
1999,49.7,GEO,Georgia,3.9259259105971376,2.200000000000003
2000,47.2,GEO,Georgia,3.8753590210565547,-2.5
2001,53.1,GEO,Georgia,3.9908341858524357,5.899999999999999
2002,56.8,GEO,Georgia,4.056988775678332,3.6999999999999957
2003,55.3,GEO,Georgia,4.030694535145645,-1.5
2004,54.5,GEO,Georgia,4.0163830207523885,-0.7999999999999972
2005,41.5,GEO,Georgia,3.7495040759303713,-13.0
2006,37.2,GEO,Georgia,3.6428355156125294,-4.299999999999997
2007,36.2,GEO,Georgia,3.616308761279101,-1.0
2008,36.3,GEO,Georgia,3.6189933266497696,0.09999999999999432
2009,36.7,GEO,Georgia,3.629660094453965,0.4000000000000057
2010,39.1,GEO,Georgia,3.6913763343125234,2.3999999999999986
2011,31.5,GEO,Georgia,3.481240089335692,-7.600000000000001
2012,28.7,GEO,Georgia,3.391147045808654,-2.8000000000000007
2013,32.4,GEO,Georgia,3.5085558999826545,3.6999999999999993
2014,30.7,GEO,Georgia,3.456316680883235,-1.6999999999999993
2015,27.5,GEO,Georgia,3.349904087274605,-3.1999999999999993
2016,27.2,GEO,Georgia,3.339321977944068,-0.3000000000000007
2017,27.5,GEO,Georgia,3.349904087274605,0.3000000000000007
2018,27.4,GEO,Georgia,3.3463891451671604,-0.10000000000000142
2019,24.7,GEO,Georgia,3.246490991901174,-2.6999999999999993
2020,23.4,GEO,Georgia,3.1945831322991562,-1.3000000000000007
2021,25.2,GEO,Georgia,3.265759410767051,1.8000000000000007
1990,80.6,GHA,Ghana,4.401829261970061,
1991,82.9,GHA,Ghana,4.429625613473161,2.3000000000000114
1992,81.0,GHA,Ghana,4.406719247264253,-1.9000000000000057
1993,81.3,GHA,Ghana,4.410371107683024,0.29999999999999716
1994,80.6,GHA,Ghana,4.401829261970061,-0.7000000000000028
1995,79.8,GHA,Ghana,4.39197696552705,-0.7999999999999972
1996,78.8,GHA,Ghana,4.379523504455763,-1.0
1997,78.3,GHA,Ghana,4.373238128640803,-0.5
1998,73.6,GHA,Ghana,4.312140507209715,-4.700000000000003
1999,72.8,GHA,Ghana,4.301358731606427,-0.7999999999999972
2000,71.6,GHA,Ghana,4.28496492183075,-1.2000000000000028
2001,69.3,GHA,Ghana,4.252771798816619,-2.299999999999997
2002,65.7,GHA,Ghana,4.200204952921578,-3.5999999999999943
2003,64.5,GHA,Ghana,4.182050142641207,-1.2000000000000028
2004,62.4,GHA,Ghana,4.14946386144318,-2.1000000000000014
2005,61.4,GHA,Ghana,4.133565275375382,-1.0
2006,58.6,GHA,Ghana,4.087655574071304,-2.799999999999997
2007,54.5,GHA,Ghana,4.0163830207523885,-4.100000000000001
2008,57.3,GHA,Ghana,4.065602093356446,2.799999999999997
2009,51.9,GHA,Ghana,3.9684033388642534,-5.399999999999999
2010,51.9,GHA,Ghana,3.9684033388642534,0.0
2011,50.1,GHA,Ghana,3.933784497209659,-1.7999999999999972
2012,46.5,GHA,Ghana,3.8607297110405954,-3.6000000000000014
2013,46.2,GHA,Ghana,3.8543938925915096,-0.29999999999999716
2014,47.7,GHA,Ghana,3.885679030088544,1.5
2015,44.0,GHA,Ghana,3.8066624897703196,-3.700000000000003
2016,45.2,GHA,Ghana,3.832979798087693,1.2000000000000028
2017,45.3,GHA,Ghana,3.835141961092188,0.09999999999999432
2018,42.1,GHA,Ghana,3.763522997109702,-3.1999999999999957
2019,42.6,GHA,Ghana,3.775057150354989,0.5
2020,40.0,GHA,Ghana,3.713572066704308,-2.6000000000000014
2021,39.0,GHA,Ghana,3.6888794541139363,-1.0
1990,0.0,GIB,Gibraltar,0.0,
1991,0.0,GIB,Gibraltar,0.0,0.0
1992,0.0,GIB,Gibraltar,0.0,0.0
1993,0.0,GIB,Gibraltar,0.0,0.0
1994,0.0,GIB,Gibraltar,0.0,0.0
1995,0.0,GIB,Gibraltar,0.0,0.0
1996,0.0,GIB,Gibraltar,0.0,0.0
1997,0.0,GIB,Gibraltar,0.0,0.0
1998,0.0,GIB,Gibraltar,0.0,0.0
1999,0.0,GIB,Gibraltar,0.0,0.0
2000,0.0,GIB,Gibraltar,0.0,0.0
2001,0.0,GIB,Gibraltar,0.0,0.0
2002,0.0,GIB,Gibraltar,0.0,0.0
2003,0.0,GIB,Gibraltar,0.0,0.0
2004,0.0,GIB,Gibraltar,0.0,0.0
2005,0.0,GIB,Gibraltar,0.0,0.0
2006,0.0,GIB,Gibraltar,0.0,0.0
2007,0.0,GIB,Gibraltar,0.0,0.0
2008,0.0,GIB,Gibraltar,0.0,0.0
2009,0.0,GIB,Gibraltar,0.0,0.0
2010,0.0,GIB,Gibraltar,0.0,0.0
2011,0.0,GIB,Gibraltar,0.0,0.0
2012,0.0,GIB,Gibraltar,0.0,0.0
2013,0.0,GIB,Gibraltar,0.0,0.0
2014,0.0,GIB,Gibraltar,0.0,0.0
2015,0.0,GIB,Gibraltar,0.0,0.0
2016,0.0,GIB,Gibraltar,0.0,0.0
2017,0.0,GIB,Gibraltar,0.0,0.0
2018,0.0,GIB,Gibraltar,0.0,0.0
2019,0.0,GIB,Gibraltar,0.0,0.0
2020,0.0,GIB,Gibraltar,0.0,0.0
2021,0.0,GIB,Gibraltar,0.0,0.0
1990,89.5,GIN,Guinea,4.505349850705881,
1991,89.6,GIN,Guinea,4.506454213048934,0.09999999999999432
1992,86.6,GIN,Guinea,4.472780997942346,-3.0
1993,86.2,GIN,Guinea,4.468204330914934,-0.3999999999999915
1994,86.0,GIN,Guinea,4.465908118654584,-0.20000000000000284
1995,90.0,GIN,Guinea,4.51085950651685,4.0
1996,88.8,GIN,Guinea,4.497584975308154,-1.2000000000000028
1997,85.2,GIN,Guinea,4.456670177669648,-3.5999999999999943
1998,84.3,GIN,Guinea,4.446174454497633,-0.9000000000000057
1999,86.3,GIN,Guinea,4.469350462845557,2.0
2000,85.5,GIN,Guinea,4.460144413937834,-0.7999999999999972
2001,84.8,GIN,Guinea,4.4520190064939165,-0.7000000000000028
2002,84.3,GIN,Guinea,4.446174454497633,-0.5
2003,83.5,GIN,Guinea,4.436751534363128,-0.7999999999999972
2004,83.2,GIN,Guinea,4.4331949212482815,-0.29999999999999716
2005,81.6,GIN,Guinea,4.414009680526933,-1.6000000000000085
2006,81.1,GIN,Guinea,4.407938016458383,-0.5
2007,80.4,GIN,Guinea,4.399375273008495,-0.6999999999999886
2008,80.2,GIN,Guinea,4.396915247167632,-0.20000000000000284
2009,79.2,GIN,Guinea,4.384523514872469,-1.0
2010,75.7,GIN,Guinea,4.33990170837321,-3.5
2011,74.8,GIN,Guinea,4.328098292648326,-0.9000000000000057
2012,76.4,GIN,Guinea,4.3489867805956814,1.6000000000000085
2013,78.5,GIN,Guinea,4.375757021660286,2.0999999999999943
2014,78.6,GIN,Guinea,4.377014092850337,0.09999999999999432
2015,76.2,GIN,Guinea,4.3463994570307305,-2.3999999999999915
2016,75.3,GIN,Guinea,4.334672938290411,-0.9000000000000057
2017,72.0,GIN,Guinea,4.290459441148391,-3.299999999999997
2018,73.2,GIN,Guinea,4.3067641501733345,1.2000000000000028
2019,68.3,GIN,Guinea,4.238444906195857,-4.900000000000006
2020,65.8,GIN,Guinea,4.2017030805426,-2.5
2021,66.8,GIN,Guinea,4.216562194946349,1.0
2022,66.6,GIN,Guinea,4.213607983048918,-0.20000000000000284
1990,62.0,GMB,"Gambia, The",4.143134726391533,
1991,62.3,GMB,"Gambia, The",4.147885329150131,0.29999999999999716
1992,63.5,GMB,"Gambia, The",4.1666652238017265,1.2000000000000028
1993,63.3,GMB,"Gambia, The",4.163559631243574,-0.20000000000000284
1994,61.6,GMB,"Gambia, The",4.136765278106052,-1.6999999999999957
1995,60.1,GMB,"Gambia, The",4.11251186617755,-1.5
1996,59.6,GMB,"Gambia, The",4.104294893075269,-0.5
1997,58.7,GMB,"Gambia, The",4.089332020398556,-0.8999999999999986
1998,57.5,GMB,"Gambia, The",4.069026754237811,-1.2000000000000028
1999,56.3,GMB,"Gambia, The",4.048300623720694,-1.2000000000000028
2000,62.9,GMB,"Gambia, The",4.157319361383489,6.600000000000001
2001,59.6,GMB,"Gambia, The",4.104294893075269,-3.299999999999997
2002,61.0,GMB,"Gambia, The",4.127134385045092,1.3999999999999986
2003,62.4,GMB,"Gambia, The",4.14946386144318,1.3999999999999986
2004,61.2,GMB,"Gambia, The",4.130354999745133,-1.1999999999999957
2005,61.7,GMB,"Gambia, The",4.138361447638875,0.5
2006,60.2,GMB,"Gambia, The",4.11414718951828,-1.5
2007,57.3,GMB,"Gambia, The",4.065602093356446,-2.9000000000000057
2008,56.3,GMB,"Gambia, The",4.048300623720694,-1.0
2009,53.9,GMB,"Gambia, The",4.005513348515485,-2.3999999999999986
2010,56.6,GMB,"Gambia, The",4.053522567701846,2.700000000000003
2011,56.2,GMB,"Gambia, The",4.046553898385752,-0.3999999999999986
2012,57.0,GMB,"Gambia, The",4.060443010546419,0.7999999999999972
2013,59.3,GMB,"Gambia, The",4.09933210373314,2.299999999999997
2014,53.2,GMB,"Gambia, The",3.9926809084456005,-6.099999999999994
2015,49.0,GMB,"Gambia, The",3.912023005428146,-4.200000000000003
2016,48.6,GMB,"Gambia, The",3.903990833730882,-0.3999999999999986
2017,48.0,GMB,"Gambia, The",3.8918202981106265,-0.6000000000000014
2018,48.1,GMB,"Gambia, The",3.893859034800475,0.10000000000000142
2019,47.4,GMB,"Gambia, The",3.879499813722586,-0.7000000000000028
2020,49.8,GMB,"Gambia, The",3.927896354584436,2.3999999999999986
2021,48.6,GMB,"Gambia, The",3.903990833730882,-1.1999999999999957
2022,47.7,GMB,"Gambia, The",3.885679030088544,-0.8999999999999986
1990,88.6,GNB,Guinea-Bissau,4.4953553199808844,
1991,88.6,GNB,Guinea-Bissau,4.4953553199808844,0.0
1992,88.5,GNB,Guinea-Bissau,4.4942386252808095,-0.09999999999999432
1993,88.0,GNB,Guinea-Bissau,4.48863636973214,-0.5
1994,88.5,GNB,Guinea-Bissau,4.4942386252808095,0.5
1995,88.6,GNB,Guinea-Bissau,4.4953553199808844,0.09999999999999432
1996,89.4,GNB,Guinea-Bissau,4.504244267398131,0.8000000000000114
1997,88.4,GNB,Guinea-Bissau,4.493120682179469,-1.0
1998,89.0,GNB,Guinea-Bissau,4.499809670330265,0.5999999999999943
1999,88.1,GNB,Guinea-Bissau,4.489759334476764,-0.9000000000000057
2000,91.2,GNB,Guinea-Bissau,4.523960130562548,3.1000000000000085
2001,91.2,GNB,Guinea-Bissau,4.523960130562548,0.0
2002,91.0,GNB,Guinea-Bissau,4.5217885770490405,-0.20000000000000284
2003,89.0,GNB,Guinea-Bissau,4.499809670330265,-2.0
2004,88.6,GNB,Guinea-Bissau,4.4953553199808844,-0.4000000000000057
2005,88.5,GNB,Guinea-Bissau,4.4942386252808095,-0.09999999999999432
2006,88.3,GNB,Guinea-Bissau,4.492001487882454,-0.20000000000000284
2007,87.9,GNB,Guinea-Bissau,4.487512142519859,-0.3999999999999915
2008,88.4,GNB,Guinea-Bissau,4.493120682179469,0.5
2009,87.9,GNB,Guinea-Bissau,4.487512142519859,-0.5
2010,87.8,GNB,Guinea-Bissau,4.486386649998124,-0.10000000000000853
2011,87.9,GNB,Guinea-Bissau,4.487512142519859,0.10000000000000853
2012,87.8,GNB,Guinea-Bissau,4.486386649998124,-0.10000000000000853
2013,87.7,GNB,Guinea-Bissau,4.485259889315534,-0.09999999999999432
2014,87.3,GNB,Guinea-Bissau,4.480740107609915,-0.4000000000000057
2015,87.2,GNB,Guinea-Bissau,4.4796069630127455,-0.09999999999999432
2016,86.8,GNB,Guinea-Bissau,4.475061500641071,-0.4000000000000057
2017,86.8,GNB,Guinea-Bissau,4.475061500641071,0.0
2018,86.6,GNB,Guinea-Bissau,4.472780997942346,-0.20000000000000284
2019,86.2,GNB,Guinea-Bissau,4.468204330914934,-0.3999999999999915
2020,87.2,GNB,Guinea-Bissau,4.4796069630127455,1.0
2021,87.4,GNB,Guinea-Bissau,4.481871969643598,0.20000000000000284
2022,87.4,GNB,Guinea-Bissau,4.481871969643598,0.0
1990,84.7,GNQ,Equatorial Guinea,4.450852825603734,
1991,83.8,GNQ,Equatorial Guinea,4.440295542797857,-0.9000000000000057
1992,83.9,GNQ,Equatorial Guinea,4.441474093317302,0.10000000000000853
1993,81.3,GNQ,Equatorial Guinea,4.410371107683024,-2.6000000000000085
1994,80.6,GNQ,Equatorial Guinea,4.401829261970061,-0.7000000000000028
1995,78.7,GNQ,Equatorial Guinea,4.378269585796169,-1.8999999999999915
1996,73.5,GNQ,Equatorial Guinea,4.310799125385514,-5.200000000000003
1997,63.6,GNQ,Equatorial Guinea,4.168214410788556,-9.899999999999999
1998,58.2,GNQ,Equatorial Guinea,4.0809215418899605,-5.399999999999999
1999,54.6,GNQ,Equatorial Guinea,4.018183201256536,-3.6000000000000014
2000,45.9,GNQ,Equatorial Guinea,3.8480176754522337,-8.700000000000003
2001,46.1,GNQ,Equatorial Guinea,3.8522730010223722,0.20000000000000284
2002,31.3,GNQ,Equatorial Guinea,3.475067230228611,-14.8
2003,29.5,GNQ,Equatorial Guinea,3.417726683613366,-1.8000000000000007
2004,7.2,GNQ,Equatorial Guinea,2.1041341542702074,-22.3
2005,7.1,GNQ,Equatorial Guinea,2.0918640616783932,-0.10000000000000053
2006,7.0,GNQ,Equatorial Guinea,2.0794415416798357,-0.09999999999999964
2007,8.5,GNQ,Equatorial Guinea,2.2512917986064953,1.5
2008,7.2,GNQ,Equatorial Guinea,2.1041341542702074,-1.2999999999999998
2009,9.2,GNQ,Equatorial Guinea,2.322387720290225,1.9999999999999991
2010,5.7,GNQ,Equatorial Guinea,1.9021075263969205,-3.499999999999999
2011,5.6,GNQ,Equatorial Guinea,1.8870696490323797,-0.10000000000000053
2012,4.4,GNQ,Equatorial Guinea,1.6863989535702288,-1.1999999999999993
2013,3.7,GNQ,Equatorial Guinea,1.547562508716013,-0.7000000000000002
2014,4.9,GNQ,Equatorial Guinea,1.7749523509116738,1.2000000000000002
2015,5.5,GNQ,Equatorial Guinea,1.8718021769015913,0.5999999999999996
2016,4.8,GNQ,Equatorial Guinea,1.7578579175523736,-0.7000000000000002
2017,5.0,GNQ,Equatorial Guinea,1.791759469228055,0.20000000000000018
2018,4.8,GNQ,Equatorial Guinea,1.7578579175523736,-0.20000000000000018
2019,7.4,GNQ,Equatorial Guinea,2.128231705849268,2.6000000000000005
2020,6.5,GNQ,Equatorial Guinea,2.0149030205422647,-0.9000000000000004
2021,5.2,GNQ,Equatorial Guinea,1.824549292051046,-1.2999999999999998
2022,4.2,GNQ,Equatorial Guinea,1.6486586255873816,-1.0
1990,7.8,GRC,Greece,2.174751721484161,
1991,8.3,GRC,Greece,2.2300144001592104,0.5000000000000009
1992,7.9,GRC,Greece,2.186051276738094,-0.40000000000000036
1993,8.0,GRC,Greece,2.1972245773362196,0.09999999999999964
1994,8.0,GRC,Greece,2.1972245773362196,0.0
1995,8.3,GRC,Greece,2.2300144001592104,0.3000000000000007
1996,8.2,GRC,Greece,2.2192034840549946,-0.10000000000000142
1997,8.0,GRC,Greece,2.1972245773362196,-0.1999999999999993
1998,7.6,GRC,Greece,2.151762203259462,-0.40000000000000036
1999,8.0,GRC,Greece,2.1972245773362196,0.40000000000000036
2000,7.8,GRC,Greece,2.174751721484161,-0.20000000000000018
2001,7.1,GRC,Greece,2.0918640616783932,-0.7000000000000002
2002,7.3,GRC,Greece,2.1162555148025524,0.20000000000000018
2003,7.6,GRC,Greece,2.151762203259462,0.2999999999999998
2004,7.8,GRC,Greece,2.174751721484161,0.20000000000000018
2005,8.0,GRC,Greece,2.1972245773362196,0.20000000000000018
2006,8.5,GRC,Greece,2.2512917986064953,0.5
2007,8.1,GRC,Greece,2.2082744135228043,-0.40000000000000036
2008,8.3,GRC,Greece,2.2300144001592104,0.20000000000000107
2009,9.2,GRC,Greece,2.322387720290225,0.8999999999999986
2010,11.4,GRC,Greece,2.517696472610991,2.200000000000001
2011,11.4,GRC,Greece,2.517696472610991,0.0
2012,14.2,GRC,Greece,2.7212954278522306,2.799999999999999
2013,16.6,GRC,Greece,2.8678989020441064,2.400000000000002
2014,16.4,GRC,Greece,2.856470206220483,-0.20000000000000284
2015,17.5,GRC,Greece,2.917770732084279,1.1000000000000014
2016,16.4,GRC,Greece,2.856470206220483,-1.1000000000000014
2017,16.4,GRC,Greece,2.856470206220483,0.0
2018,17.9,GRC,Greece,2.9391619220655967,1.5
2019,18.5,GRC,Greece,2.970414465569701,0.6000000000000014
2020,20.1,GRC,Greece,3.0492730404820207,1.6000000000000014
2021,21.5,GRC,Greece,3.1135153092103742,1.3999999999999986
1990,8.3,GRD,Grenada,2.2300144001592104,
1991,8.1,GRD,Grenada,2.2082744135228043,-0.20000000000000107
1992,7.7,GRD,Grenada,2.163323025660538,-0.39999999999999947
1993,8.1,GRD,Grenada,2.2082744135228043,0.39999999999999947
1994,7.4,GRD,Grenada,2.128231705849268,-0.6999999999999993
1995,7.4,GRD,Grenada,2.128231705849268,0.0
1996,6.2,GRD,Grenada,1.9740810260220096,-1.2000000000000002
1997,8.3,GRD,Grenada,2.2300144001592104,2.1000000000000005
1998,10.2,GRD,Grenada,2.4159137783010487,1.8999999999999986
1999,10.3,GRD,Grenada,2.424802725718295,0.10000000000000142
2000,10.5,GRD,Grenada,2.4423470353692043,0.1999999999999993
2001,10.4,GRD,Grenada,2.4336133554004498,-0.09999999999999964
2002,10.5,GRD,Grenada,2.4423470353692043,0.09999999999999964
2003,10.4,GRD,Grenada,2.4336133554004498,-0.09999999999999964
2004,10.6,GRD,Grenada,2.451005098112319,0.1999999999999993
2005,10.6,GRD,Grenada,2.451005098112319,0.0
2006,10.4,GRD,Grenada,2.4336133554004498,-0.1999999999999993
2007,9.9,GRD,Grenada,2.388762789235098,-0.5
2008,10.8,GRD,Grenada,2.468099531471619,0.9000000000000004
2009,10.5,GRD,Grenada,2.4423470353692043,-0.3000000000000007
2010,10.8,GRD,Grenada,2.468099531471619,0.3000000000000007
2011,11.4,GRD,Grenada,2.517696472610991,0.5999999999999996
2012,11.5,GRD,Grenada,2.5257286443082556,0.09999999999999964
2013,10.8,GRD,Grenada,2.468099531471619,-0.6999999999999993
2014,11.0,GRD,Grenada,2.4849066497880004,0.1999999999999993
2015,10.5,GRD,Grenada,2.4423470353692043,-0.5
2016,10.4,GRD,Grenada,2.4336133554004498,-0.09999999999999964
2017,10.2,GRD,Grenada,2.4159137783010487,-0.20000000000000107
2018,10.7,GRD,Grenada,2.4595888418037104,0.5
2019,10.4,GRD,Grenada,2.4336133554004498,-0.29999999999999893
2020,10.3,GRD,Grenada,2.424802725718295,-0.09999999999999964
2021,10.2,GRD,Grenada,2.4159137783010487,-0.10000000000000142
2022,10.0,GRD,Grenada,2.3978952727983707,-0.1999999999999993
1990,0.5,GRL,Greenland,0.4054651081081644,
1991,0.5,GRL,Greenland,0.4054651081081644,0.0
1992,0.6,GRL,Greenland,0.4700036292457356,0.09999999999999998
1993,5.3,GRL,Greenland,1.840549633397487,4.7
1994,11.2,GRL,Greenland,2.501435951739211,5.8999999999999995
1995,10.7,GRL,Greenland,2.4595888418037104,-0.5
1996,10.5,GRL,Greenland,2.4423470353692043,-0.1999999999999993
1997,9.2,GRL,Greenland,2.322387720290225,-1.3000000000000007
1998,9.3,GRL,Greenland,2.33214389523559,0.10000000000000142
1999,9.4,GRL,Greenland,2.341805806147327,0.09999999999999964
2000,9.2,GRL,Greenland,2.322387720290225,-0.20000000000000107
2001,8.7,GRL,Greenland,2.272125885509337,-0.5
2002,9.5,GRL,Greenland,2.3513752571634776,0.8000000000000007
2003,9.5,GRL,Greenland,2.3513752571634776,0.0
2004,6.7,GRL,Greenland,2.0412203288596382,-2.8
2005,7.0,GRL,Greenland,2.0794415416798357,0.2999999999999998
2006,7.1,GRL,Greenland,2.0918640616783932,0.09999999999999964
2007,6.9,GRL,Greenland,2.066862759472976,-0.1999999999999993
2008,6.9,GRL,Greenland,2.066862759472976,0.0
2009,8.8,GRL,Greenland,2.2823823856765264,1.9000000000000004
2010,10.1,GRL,Greenland,2.4069451083182885,1.299999999999999
2011,10.2,GRL,Greenland,2.4159137783010487,0.09999999999999964
2012,10.1,GRL,Greenland,2.4069451083182885,-0.09999999999999964
2013,11.2,GRL,Greenland,2.501435951739211,1.0999999999999996
2014,12.5,GRL,Greenland,2.6026896854443837,1.3000000000000007
2015,13.1,GRL,Greenland,2.6461747973841225,0.5999999999999996
2016,12.4,GRL,Greenland,2.5952547069568657,-0.6999999999999993
2017,11.3,GRL,Greenland,2.509599262378372,-1.0999999999999996
2018,11.4,GRL,Greenland,2.517696472610991,0.09999999999999964
2019,10.9,GRL,Greenland,2.4765384001174837,-0.5
2020,11.8,GRL,Greenland,2.5494451709255714,0.9000000000000004
2021,11.6,GRL,Greenland,2.533696813957432,-0.20000000000000107
2022,11.7,GRL,Greenland,2.5416019934645457,0.09999999999999964
1990,75.0,GTM,Guatemala,4.330733340286331,
1991,74.2,GTM,Guatemala,4.320151230955794,-0.7999999999999972
1992,72.2,GTM,Guatemala,4.293195420967266,-2.0
1993,69.8,GTM,Guatemala,4.259859000699674,-2.4000000000000057
1994,68.3,GTM,Guatemala,4.238444906195857,-1.5
1995,65.0,GTM,Guatemala,4.189654742026425,-3.299999999999997
1996,65.6,GTM,Guatemala,4.198704577546343,0.5999999999999943
1997,65.1,GTM,Guatemala,4.191168746857641,-0.5
1998,62.0,GTM,Guatemala,4.143134726391533,-3.0999999999999943
1999,64.5,GTM,Guatemala,4.182050142641207,2.5
2000,62.7,GTM,Guatemala,4.154184562578117,-1.7999999999999972
2001,61.3,GTM,Guatemala,4.131961425793407,-1.4000000000000057
2002,63.8,GTM,Guatemala,4.1713056033582285,2.5
2003,64.3,GTM,Guatemala,4.178992036282385,0.5
2004,66.1,GTM,Guatemala,4.206184043977636,1.7999999999999972
2005,65.2,GTM,Guatemala,4.192680462942962,-0.8999999999999915
2006,64.7,GTM,Guatemala,4.185098925490565,-0.5
2007,63.3,GTM,Guatemala,4.163559631243574,-1.4000000000000057
2008,66.5,GTM,Guatemala,4.212127597878484,3.200000000000003
2009,65.3,GTM,Guatemala,4.194189897191817,-1.2000000000000028
2010,67.1,GTM,Guatemala,4.220977213155467,1.7999999999999972
2011,67.1,GTM,Guatemala,4.220977213155467,0.0
2012,67.4,GTM,Guatemala,4.225372824628505,0.30000000000001137
2013,67.2,GTM,Guatemala,4.222444564849416,-0.20000000000000284
2014,66.2,GTM,Guatemala,4.207673247529104,-1.0
2015,63.3,GTM,Guatemala,4.163559631243574,-2.9000000000000057
2016,63.2,GTM,Guatemala,4.162003210695915,-0.09999999999999432
2017,65.0,GTM,Guatemala,4.189654742026425,1.7999999999999972
2018,64.0,GTM,Guatemala,4.174387269895637,-1.0
2019,62.8,GTM,Guatemala,4.155753190350744,-1.2000000000000028
2020,65.5,GTM,Guatemala,4.197201947661808,2.700000000000003
2021,62.1,GTM,Guatemala,4.144720769547168,-3.3999999999999986
1990,0.5,GUM,Guam,0.4054651081081644,
1991,0.5,GUM,Guam,0.4054651081081644,0.0
1992,0.5,GUM,Guam,0.4054651081081644,0.0
1993,0.4,GUM,Guam,0.33647223662121295,-0.09999999999999998
1994,0.4,GUM,Guam,0.33647223662121295,0.0
1995,0.4,GUM,Guam,0.33647223662121295,0.0
1996,0.4,GUM,Guam,0.33647223662121295,0.0
1997,0.4,GUM,Guam,0.33647223662121295,0.0
1998,0.4,GUM,Guam,0.33647223662121295,0.0
1999,0.4,GUM,Guam,0.33647223662121295,0.0
2000,0.4,GUM,Guam,0.33647223662121295,0.0
2001,0.4,GUM,Guam,0.33647223662121295,0.0
2002,0.4,GUM,Guam,0.33647223662121295,0.0
2003,0.5,GUM,Guam,0.4054651081081644,0.09999999999999998
2004,0.5,GUM,Guam,0.4054651081081644,0.0
2005,0.4,GUM,Guam,0.33647223662121295,-0.09999999999999998
2006,0.4,GUM,Guam,0.33647223662121295,0.0
2007,0.4,GUM,Guam,0.33647223662121295,0.0
2008,0.4,GUM,Guam,0.33647223662121295,0.0
2009,0.5,GUM,Guam,0.4054651081081644,0.09999999999999998
2010,0.5,GUM,Guam,0.4054651081081644,0.0
2011,0.5,GUM,Guam,0.4054651081081644,0.0
2012,0.5,GUM,Guam,0.4054651081081644,0.0
2013,0.6,GUM,Guam,0.4700036292457356,0.09999999999999998
2014,0.7,GUM,Guam,0.5306282510621704,0.09999999999999998
2015,2.3,GUM,Guam,1.1939224684724346,1.5999999999999999
2016,4.4,GUM,Guam,1.6863989535702288,2.1000000000000005
2017,3.9,GUM,Guam,1.589235205116581,-0.5000000000000004
2018,4.5,GUM,Guam,1.7047480922384253,0.6000000000000001
2019,4.5,GUM,Guam,1.7047480922384253,0.0
2020,4.6,GUM,Guam,1.7227665977411035,0.09999999999999964
2021,4.5,GUM,Guam,1.7047480922384253,-0.09999999999999964
2022,6.7,GUM,Guam,2.0412203288596382,2.2
1990,55.1,GUY,Guyana,4.027135812528651,
1991,41.6,GUY,Guyana,3.751854253275325,-13.5
1992,43.2,GUY,Guyana,3.7887247890836524,1.6000000000000014
1993,43.1,GUY,Guyana,3.7864597824528,-0.10000000000000142
1994,32.3,GUY,Guyana,3.505557396986398,-10.800000000000004
1995,31.0,GUY,Guyana,3.4657359027997265,-1.2999999999999972
1996,29.0,GUY,Guyana,3.4011973816621555,-2.0
1997,27.4,GUY,Guyana,3.3463891451671604,-1.6000000000000014
1998,27.6,GUY,Guyana,3.353406717825807,0.20000000000000284
1999,26.6,GUY,Guyana,3.3178157727231046,-1.0
2000,30.4,GUY,Guyana,3.4468078929142076,3.799999999999997
2001,31.0,GUY,Guyana,3.4657359027997265,0.6000000000000014
2002,34.2,GUY,Guyana,3.5610460826040513,3.200000000000003
2003,34.6,GUY,Guyana,3.572345637857985,0.3999999999999986
2004,35.5,GUY,Guyana,3.597312260588446,0.8999999999999986
2005,34.7,GUY,Guyana,3.5751506887855933,-0.7999999999999972
2006,36.8,GUY,Guyana,3.632309102625542,2.0999999999999943
2007,33.1,GUY,Guyana,3.529297384289471,-3.6999999999999957
2008,32.6,GUY,Guyana,3.5145260669691587,-0.5
2009,31.3,GUY,Guyana,3.475067230228611,-1.3000000000000007
2010,30.6,GUY,Guyana,3.4531571205928664,-0.6999999999999993
2011,32.8,GUY,Guyana,3.520460802488973,2.1999999999999957
2012,28.7,GUY,Guyana,3.391147045808654,-4.099999999999998
2013,26.9,GUY,Guyana,3.32862668882732,-1.8000000000000007
2014,24.0,GUY,Guyana,3.2188758248682006,-2.8999999999999986
2015,25.0,GUY,Guyana,3.258096538021482,1.0
2016,21.3,GUY,Guyana,3.104586678466073,-3.6999999999999993
2017,22.1,GUY,Guyana,3.139832617527748,0.8000000000000007
2018,16.8,GUY,Guyana,2.8791984572980396,-5.300000000000001
2019,11.3,GUY,Guyana,2.509599262378372,-5.5
2020,12.0,GUY,Guyana,2.5649493574615367,0.6999999999999993
2021,13.2,GUY,Guyana,2.653241964607215,1.1999999999999993
2022,12.1,GUY,Guyana,2.5726122302071057,-1.0999999999999996
1990,0.2,HKG,"Hong Kong SAR, China",0.18232155679395465,
1991,0.2,HKG,"Hong Kong SAR, China",0.18232155679395465,0.0
1992,0.2,HKG,"Hong Kong SAR, China",0.18232155679395465,0.0
1993,0.2,HKG,"Hong Kong SAR, China",0.18232155679395465,0.0
1994,0.1,HKG,"Hong Kong SAR, China",0.09531017980432487,-0.1
1995,0.1,HKG,"Hong Kong SAR, China",0.09531017980432487,0.0
1996,0.1,HKG,"Hong Kong SAR, China",0.09531017980432487,0.0
1997,0.1,HKG,"Hong Kong SAR, China",0.09531017980432487,0.0
1998,0.1,HKG,"Hong Kong SAR, China",0.09531017980432487,0.0
1999,0.1,HKG,"Hong Kong SAR, China",0.09531017980432487,0.0
2000,0.0,HKG,"Hong Kong SAR, China",0.0,-0.1
2001,0.1,HKG,"Hong Kong SAR, China",0.09531017980432487,0.1
2002,0.1,HKG,"Hong Kong SAR, China",0.09531017980432487,0.0
2003,0.1,HKG,"Hong Kong SAR, China",0.09531017980432487,0.0
2004,0.1,HKG,"Hong Kong SAR, China",0.09531017980432487,0.0
2005,0.1,HKG,"Hong Kong SAR, China",0.09531017980432487,0.0
2006,0.1,HKG,"Hong Kong SAR, China",0.09531017980432487,0.0
2007,0.1,HKG,"Hong Kong SAR, China",0.09531017980432487,0.0
2008,0.1,HKG,"Hong Kong SAR, China",0.09531017980432487,0.0
2009,0.1,HKG,"Hong Kong SAR, China",0.09531017980432487,0.0
2010,0.1,HKG,"Hong Kong SAR, China",0.09531017980432487,0.0
2011,0.5,HKG,"Hong Kong SAR, China",0.4054651081081644,0.4
2012,0.2,HKG,"Hong Kong SAR, China",0.18232155679395465,-0.3
2013,0.3,HKG,"Hong Kong SAR, China",0.262364264467491,0.09999999999999998
2014,0.2,HKG,"Hong Kong SAR, China",0.18232155679395465,-0.09999999999999998
2015,0.2,HKG,"Hong Kong SAR, China",0.18232155679395465,0.0
2016,0.2,HKG,"Hong Kong SAR, China",0.18232155679395465,0.0
2017,0.2,HKG,"Hong Kong SAR, China",0.18232155679395465,0.0
2018,0.2,HKG,"Hong Kong SAR, China",0.18232155679395465,0.0
2019,0.2,HKG,"Hong Kong SAR, China",0.18232155679395465,0.0
2020,0.3,HKG,"Hong Kong SAR, China",0.262364264467491,0.09999999999999998
2021,0.4,HKG,"Hong Kong SAR, China",0.33647223662121295,0.10000000000000003
1990,70.1,HND,Honduras,4.264087336809195,
1991,70.2,HND,Honduras,4.26549281841793,0.10000000000000853
1992,67.8,HND,Honduras,4.231203744939298,-2.4000000000000057
1993,66.7,HND,Honduras,4.215086179918229,-1.0999999999999943
1994,64.0,HND,Honduras,4.174387269895637,-2.700000000000003
1995,63.0,HND,Honduras,4.1588830833596715,-1.0
1996,62.6,HND,Honduras,4.152613470346076,-0.3999999999999986
1997,65.4,HND,Honduras,4.1956970564823886,2.8000000000000043
1998,62.9,HND,Honduras,4.157319361383489,-2.500000000000007
1999,53.9,HND,Honduras,4.005513348515485,-9.0
2000,55.2,HND,Honduras,4.028916756899646,1.3000000000000043
2001,50.4,HND,Honduras,3.9396381724611196,-4.800000000000004
2002,49.8,HND,Honduras,3.927896354584436,-0.6000000000000014
2003,47.9,HND,Honduras,3.8897773964808264,-1.8999999999999986
2004,46.7,HND,Honduras,3.8649313978942956,-1.1999999999999957
2005,51.4,HND,Honduras,3.9589065913269965,4.699999999999996
2006,52.2,HND,Honduras,3.9740583963475986,0.8000000000000043
2007,50.6,HND,Honduras,3.9435216724875173,-1.6000000000000014
2008,50.0,HND,Honduras,3.9318256327243257,-0.6000000000000014
2009,50.5,HND,Honduras,3.9415818076696905,0.5
2010,53.6,HND,Honduras,4.000033882750859,3.1000000000000014
2011,50.9,HND,Honduras,3.949318790171843,-2.700000000000003
2012,49.3,HND,Honduras,3.9180050771056933,-1.6000000000000014
2013,51.1,HND,Honduras,3.9531649487593215,1.8000000000000043
2014,52.2,HND,Honduras,3.9740583963475986,1.1000000000000014
2015,50.8,HND,Honduras,3.9473901492654373,-1.4000000000000057
2016,52.7,HND,Honduras,3.983413001514819,1.9000000000000057
2017,45.6,HND,Honduras,3.8416005411316,-7.100000000000001
2018,48.9,HND,Honduras,3.910021002757473,3.299999999999997
2019,46.2,HND,Honduras,3.8543938925915096,-2.6999999999999957
2020,50.2,HND,Honduras,3.9357395320454622,4.0
2021,45.9,HND,Honduras,3.8480176754522337,-4.300000000000004
1990,21.6,HRV,Croatia,3.1179499062782403,
1991,32.7,HRV,Croatia,3.517497837358316,11.100000000000001
1992,29.8,HRV,Croatia,3.427514689979529,-2.900000000000002
1993,29.9,HRV,Croatia,3.4307561839036995,0.09999999999999787
1994,30.1,HRV,Croatia,3.4372078191851885,0.20000000000000284
1995,30.3,HRV,Croatia,3.4436180975461075,0.1999999999999993
1996,32.6,HRV,Croatia,3.5145260669691587,2.3000000000000007
1997,29.1,HRV,Croatia,3.40452517175483,-3.5
1998,28.1,HRV,Croatia,3.370738174177447,-1.0
1999,27.8,HRV,Croatia,3.3603753871419,-0.3000000000000007
2000,26.8,HRV,Croatia,3.3250360206965914,-1.0
2001,26.9,HRV,Croatia,3.32862668882732,0.09999999999999787
2002,24.6,HRV,Croatia,3.242592351485517,-2.299999999999997
2003,24.8,HRV,Croatia,3.250374491927572,0.1999999999999993
2004,26.6,HRV,Croatia,3.3178157727231046,1.8000000000000007
2005,26.8,HRV,Croatia,3.3250360206965914,0.1999999999999993
2006,25.5,HRV,Croatia,3.2771447329921766,-1.3000000000000007
2007,22.7,HRV,Croatia,3.1654750481410856,-2.8000000000000007
2008,24.1,HRV,Croatia,3.2228678461377385,1.4000000000000021
2009,27.2,HRV,Croatia,3.339321977944068,3.099999999999998
2010,29.8,HRV,Croatia,3.427514689979529,2.6000000000000014
2011,27.2,HRV,Croatia,3.339321977944068,-2.6000000000000014
2012,29.4,HRV,Croatia,3.414442608412176,2.1999999999999993
2013,32.8,HRV,Croatia,3.520460802488973,3.3999999999999986
2014,33.6,HRV,Croatia,3.543853682063679,0.8000000000000043
2015,33.1,HRV,Croatia,3.529297384289471,-0.5
2016,31.8,HRV,Croatia,3.490428515390098,-1.3000000000000007
2017,29.8,HRV,Croatia,3.427514689979529,-2.0
2018,32.8,HRV,Croatia,3.520460802488973,2.9999999999999964
2019,31.6,HRV,Croatia,3.484312288372662,-1.1999999999999957
2020,32.4,HRV,Croatia,3.5085558999826545,0.7999999999999972
2021,34.1,HRV,Croatia,3.55820113047182,1.7000000000000028
1990,87.2,HTI,Haiti,4.4796069630127455,
1991,87.5,HTI,Haiti,4.483002552013883,0.29999999999999716
1992,87.7,HTI,Haiti,4.485259889315534,0.20000000000000284
1993,89.4,HTI,Haiti,4.504244267398131,1.7000000000000028
1994,96.7,HTI,Haiti,4.581901559048737,7.299999999999997
1995,87.0,HTI,Haiti,4.477336814478207,-9.700000000000003
1996,86.0,HTI,Haiti,4.465908118654584,-1.0
1997,84.6,HTI,Haiti,4.449685283147696,-1.4000000000000057
1998,83.3,HTI,Haiti,4.4343818650078095,-1.2999999999999972
1999,82.0,HTI,Haiti,4.418840607796598,-1.2999999999999972
2000,80.8,HTI,Haiti,4.404277243608702,-1.2000000000000028
2001,80.9,HTI,Haiti,4.405498990859024,0.10000000000000853
2002,79.1,HTI,Haiti,4.383275854074314,-1.8000000000000114
2003,79.0,HTI,Haiti,4.382026634673881,-0.09999999999999432
2004,81.1,HTI,Haiti,4.407938016458383,2.0999999999999943
2005,81.1,HTI,Haiti,4.407938016458383,0.0
2006,81.4,HTI,Haiti,4.411585436915426,0.30000000000001137
2007,79.3,HTI,Haiti,4.385769620952716,-2.1000000000000085
2008,79.6,HTI,Haiti,4.389498649512583,0.29999999999999716
2009,80.3,HTI,Haiti,4.398146016553765,0.7000000000000028
2010,79.0,HTI,Haiti,4.382026634673881,-1.2999999999999972
2011,79.0,HTI,Haiti,4.382026634673881,0.0
2012,82.2,HTI,Haiti,4.421247347827163,3.200000000000003
2013,80.4,HTI,Haiti,4.399375273008495,-1.7999999999999972
2014,77.8,HTI,Haiti,4.366912996863833,-2.6000000000000085
2015,76.1,HTI,Haiti,4.345103280569283,-1.7000000000000028
2016,76.1,HTI,Haiti,4.345103280569283,0.0
2017,76.2,HTI,Haiti,4.3463994570307305,0.10000000000000853
2018,76.2,HTI,Haiti,4.3463994570307305,0.0
2019,76.4,HTI,Haiti,4.3489867805956814,0.20000000000000284
2020,76.3,HTI,Haiti,4.3476939555933765,-0.10000000000000853
2021,76.7,HTI,Haiti,4.3528552573736015,0.4000000000000057
1990,3.9,HUN,Hungary,1.589235205116581,
1991,4.3,HUN,Hungary,1.667706820558076,0.3999999999999999
1992,4.9,HUN,Hungary,1.7749523509116738,0.6000000000000005
1993,5.0,HUN,Hungary,1.791759469228055,0.09999999999999964
1994,5.1,HUN,Hungary,1.8082887711792655,0.09999999999999964
1995,5.4,HUN,Hungary,1.8562979903656263,0.3000000000000007
1996,5.1,HUN,Hungary,1.8082887711792655,-0.3000000000000007
1997,5.2,HUN,Hungary,1.824549292051046,0.10000000000000053
1998,5.2,HUN,Hungary,1.824549292051046,0.0
1999,5.2,HUN,Hungary,1.824549292051046,0.0
2000,5.2,HUN,Hungary,1.824549292051046,0.0
2001,5.1,HUN,Hungary,1.8082887711792655,-0.10000000000000053
2002,5.2,HUN,Hungary,1.824549292051046,0.10000000000000053
2003,5.0,HUN,Hungary,1.791759469228055,-0.20000000000000018
2004,4.6,HUN,Hungary,1.7227665977411035,-0.40000000000000036
2005,7.3,HUN,Hungary,2.1162555148025524,2.7
2006,7.9,HUN,Hungary,2.186051276738094,0.6000000000000005
2007,9.0,HUN,Hungary,2.302585092994046,1.0999999999999996
2008,9.0,HUN,Hungary,2.302585092994046,0.0
2009,12.3,HUN,Hungary,2.5877640352277083,3.3000000000000007
2010,13.5,HUN,Hungary,2.6741486494265287,1.1999999999999993
2011,14.7,HUN,Hungary,2.7536607123542622,1.1999999999999993
2012,16.5,HUN,Hungary,2.8622008809294686,1.8000000000000007
2013,17.2,HUN,Hungary,2.9014215940827497,0.6999999999999993
2014,15.7,HUN,Hungary,2.8154087194227095,-1.5
2015,15.6,HUN,Hungary,2.8094026953624978,-0.09999999999999964
2016,15.3,HUN,Hungary,2.791165107812717,-0.29999999999999893
2017,14.6,HUN,Hungary,2.747270914255491,-0.7000000000000011
2018,13.6,HUN,Hungary,2.681021528714291,-1.0
2019,13.6,HUN,Hungary,2.681021528714291,0.0
2020,14.8,HUN,Hungary,2.760009940032921,1.200000000000001
2021,15.3,HUN,Hungary,2.791165107812717,0.5
1990,59.2,IDN,Indonesia,4.097672352314776,
1991,58.4,IDN,Indonesia,4.084294226368599,-0.8000000000000043
1992,57.5,IDN,Indonesia,4.069026754237811,-0.8999999999999986
1993,56.1,IDN,Indonesia,4.044804116661965,-1.3999999999999986
1994,53.4,IDN,Indonesia,3.996364153861897,-2.700000000000003
1995,50.7,IDN,Indonesia,3.9454577815143836,-2.6999999999999957
1996,49.3,IDN,Indonesia,3.9180050771056933,-1.4000000000000057
1997,47.6,IDN,Indonesia,3.883623530906448,-1.6999999999999957
1998,48.9,IDN,Indonesia,3.910021002757473,1.2999999999999972
1999,45.8,IDN,Indonesia,3.845883202923601,-3.1000000000000014
2000,45.6,IDN,Indonesia,3.8416005411316,-0.19999999999999574
2001,44.3,IDN,Indonesia,3.8133070324889884,-1.3000000000000043
2002,44.7,IDN,Indonesia,3.822098297900159,0.4000000000000057
2003,43.0,IDN,Indonesia,3.784189633918261,-1.7000000000000028
2004,41.5,IDN,Indonesia,3.7495040759303713,-1.5
2005,41.6,IDN,Indonesia,3.751854253275325,0.10000000000000142
2006,40.1,IDN,Indonesia,3.716008121502189,-1.5
2007,40.0,IDN,Indonesia,3.713572066704308,-0.10000000000000142
2008,41.1,IDN,Indonesia,3.7400477406883357,1.1000000000000014
2009,38.2,IDN,Indonesia,3.6686767467964168,-2.8999999999999986
2010,36.0,IDN,Indonesia,3.6109179126442243,-2.200000000000003
2011,32.4,IDN,Indonesia,3.5085558999826545,-3.6000000000000014
2012,30.1,IDN,Indonesia,3.4372078191851885,-2.299999999999997
2013,30.6,IDN,Indonesia,3.4531571205928664,0.5
2014,29.3,IDN,Indonesia,3.4111477125153233,-1.3000000000000007
2015,26.6,IDN,Indonesia,3.3178157727231046,-2.6999999999999993
2016,27.8,IDN,Indonesia,3.3603753871419,1.1999999999999993
2017,25.2,IDN,Indonesia,3.265759410767051,-2.6000000000000014
2018,22.0,IDN,Indonesia,3.1354942159291497,-3.1999999999999993
2019,19.8,IDN,Indonesia,3.0349529867072724,-2.1999999999999993
2020,21.9,IDN,Indonesia,3.131136910560194,2.099999999999998
2021,20.2,IDN,Indonesia,3.054001181677967,-1.6999999999999993
2002,1.5,IMN,Isle of Man,0.9162907318741551,
2003,1.1,IMN,Isle of Man,0.7419373447293773,-0.3999999999999999
2004,6.3,IMN,Isle of Man,1.9878743481543455,5.199999999999999
2005,2.7,IMN,Isle of Man,1.308332819650179,-3.5999999999999996
2006,3.3,IMN,Isle of Man,1.4586150226995167,0.5999999999999996
2007,1.9,IMN,Isle of Man,1.0647107369924282,-1.4
2008,1.3,IMN,Isle of Man,0.832909122935104,-0.5999999999999999
2009,1.9,IMN,Isle of Man,1.0647107369924282,0.5999999999999999
2010,1.9,IMN,Isle of Man,1.0647107369924282,0.0
2011,2.9,IMN,Isle of Man,1.3609765531356006,1.0
2012,3.5,IMN,Isle of Man,1.5040773967762742,0.6000000000000001
2013,2.1,IMN,Isle of Man,1.1314021114911006,-1.4
2014,1.9,IMN,Isle of Man,1.0647107369924282,-0.20000000000000018
2015,2.2,IMN,Isle of Man,1.1631508098056809,0.30000000000000027
2016,1.9,IMN,Isle of Man,1.0647107369924282,-0.30000000000000027
2017,1.9,IMN,Isle of Man,1.0647107369924282,0.0
2018,2.0,IMN,Isle of Man,1.0986122886681098,0.10000000000000009
2019,1.9,IMN,Isle of Man,1.0647107369924282,-0.10000000000000009
2020,2.0,IMN,Isle of Man,1.0986122886681098,0.10000000000000009
2021,3.2,IMN,Isle of Man,1.4350845252893227,1.2000000000000002
2022,2.7,IMN,Isle of Man,1.308332819650179,-0.5
1990,53.0,IND,India,3.9889840465642745,
1991,52.0,IND,India,3.970291913552122,-1.0
1992,51.5,IND,India,3.960813169597578,-0.5
1993,51.5,IND,India,3.960813169597578,0.0
1994,50.5,IND,India,3.9415818076696905,-1.0
1995,49.5,IND,India,3.9219733362813143,-1.0
1996,49.1,IND,India,3.914021008090819,-0.3999999999999986
1997,47.9,IND,India,3.8897773964808264,-1.2000000000000028
1998,48.0,IND,India,3.8918202981106265,0.10000000000000142
1999,47.1,IND,India,3.8732821771117156,-0.8999999999999986
2000,46.9,IND,India,3.8691155044168695,-0.20000000000000284
2001,47.1,IND,India,3.8732821771117156,0.20000000000000284
2002,45.8,IND,India,3.845883202923601,-1.3000000000000043
2003,45.6,IND,India,3.8416005411316,-0.19999999999999574
2004,44.9,IND,India,3.8264651170664994,-0.7000000000000028
2005,44.2,IND,India,3.8110970868381857,-0.6999999999999957
2006,43.2,IND,India,3.7887247890836524,-1.0
2007,41.5,IND,India,3.7495040759303713,-1.7000000000000028
2008,39.4,IND,India,3.6988297849671046,-2.1000000000000014
2009,37.4,IND,India,3.648057459593681,-2.0
2010,36.2,IND,India,3.616308761279101,-1.1999999999999957
2011,35.0,IND,India,3.58351893845611,-1.2000000000000028
2012,34.8,IND,India,3.5779478934066544,-0.20000000000000284
2013,34.9,IND,India,3.580737295494233,0.10000000000000142
2014,33.9,IND,India,3.5524868292083815,-1.0
2015,33.4,IND,India,3.5380565643793527,-0.5
2016,33.0,IND,India,3.5263605246161616,-0.3999999999999986
2017,32.5,IND,India,3.5115454388310208,-0.5
2018,32.9,IND,India,3.5234150143864045,0.3999999999999986
2019,33.5,IND,India,3.5409593240373143,0.6000000000000014
2020,36.1,IND,India,3.6136169696133895,2.6000000000000014
2021,34.9,IND,India,3.580737295494233,-1.2000000000000028
1990,2.3,IRL,Ireland,1.1939224684724346,
1991,2.2,IRL,Ireland,1.1631508098056809,-0.09999999999999964
1992,2.2,IRL,Ireland,1.1631508098056809,0.0
1993,2.1,IRL,Ireland,1.1314021114911006,-0.10000000000000009
1994,2.2,IRL,Ireland,1.1631508098056809,0.10000000000000009
1995,1.9,IRL,Ireland,1.0647107369924282,-0.30000000000000027
1996,2.0,IRL,Ireland,1.0986122886681098,0.10000000000000009
1997,1.9,IRL,Ireland,1.0647107369924282,-0.10000000000000009
1998,2.3,IRL,Ireland,1.1939224684724346,0.3999999999999999
1999,2.1,IRL,Ireland,1.1314021114911006,-0.19999999999999973
2000,2.0,IRL,Ireland,1.0986122886681098,-0.10000000000000009
2001,2.0,IRL,Ireland,1.0986122886681098,0.0
2002,2.2,IRL,Ireland,1.1631508098056809,0.20000000000000018
2003,2.0,IRL,Ireland,1.0986122886681098,-0.20000000000000018
2004,2.3,IRL,Ireland,1.1939224684724346,0.2999999999999998
2005,2.9,IRL,Ireland,1.3609765531356006,0.6000000000000001
2006,3.2,IRL,Ireland,1.4350845252893227,0.30000000000000027
2007,3.5,IRL,Ireland,1.5040773967762742,0.2999999999999998
2008,4.2,IRL,Ireland,1.6486586255873816,0.7000000000000002
2009,5.3,IRL,Ireland,1.840549633397487,1.0999999999999996
2010,5.3,IRL,Ireland,1.840549633397487,0.0
2011,7.0,IRL,Ireland,2.0794415416798357,1.7000000000000002
2012,6.9,IRL,Ireland,2.066862759472976,-0.09999999999999964
2013,7.7,IRL,Ireland,2.163323025660538,0.7999999999999998
2014,8.8,IRL,Ireland,2.2823823856765264,1.1000000000000005
2015,9.5,IRL,Ireland,2.3513752571634776,0.6999999999999993
2016,8.6,IRL,Ireland,2.2617630984737906,-0.9000000000000004
2017,10.1,IRL,Ireland,2.4069451083182885,1.5
2018,10.8,IRL,Ireland,2.468099531471619,0.7000000000000011
2019,12.3,IRL,Ireland,2.5877640352277083,1.5
2020,13.7,IRL,Ireland,2.6878474937846906,1.3999999999999986
2021,12.7,IRL,Ireland,2.617395832834079,-1.0
1990,1.2,IRN,"Iran, Islamic Rep.",0.7884573603642702,
1991,1.2,IRN,"Iran, Islamic Rep.",0.7884573603642702,0.0
1992,1.4,IRN,"Iran, Islamic Rep.",0.8754687373538999,0.19999999999999996
1993,1.5,IRN,"Iran, Islamic Rep.",0.9162907318741551,0.10000000000000009
1994,1.1,IRN,"Iran, Islamic Rep.",0.7419373447293773,-0.3999999999999999
1995,1.0,IRN,"Iran, Islamic Rep.",0.6931471805599453,-0.10000000000000009
1996,1.0,IRN,"Iran, Islamic Rep.",0.6931471805599453,0.0
1997,0.9,IRN,"Iran, Islamic Rep.",0.6418538861723948,-0.09999999999999998
1998,0.8,IRN,"Iran, Islamic Rep.",0.5877866649021191,-0.09999999999999998
1999,0.6,IRN,"Iran, Islamic Rep.",0.4700036292457356,-0.20000000000000007
2000,0.4,IRN,"Iran, Islamic Rep.",0.33647223662121295,-0.19999999999999996
2001,0.5,IRN,"Iran, Islamic Rep.",0.4054651081081644,0.09999999999999998
2002,0.7,IRN,"Iran, Islamic Rep.",0.5306282510621704,0.19999999999999996
2003,0.8,IRN,"Iran, Islamic Rep.",0.5877866649021191,0.10000000000000009
2004,0.7,IRN,"Iran, Islamic Rep.",0.5306282510621704,-0.10000000000000009
2005,1.4,IRN,"Iran, Islamic Rep.",0.8754687373538999,0.7
2006,1.4,IRN,"Iran, Islamic Rep.",0.8754687373538999,0.0
2007,1.3,IRN,"Iran, Islamic Rep.",0.832909122935104,-0.09999999999999987
2008,0.7,IRN,"Iran, Islamic Rep.",0.5306282510621704,-0.6000000000000001
2009,0.8,IRN,"Iran, Islamic Rep.",0.5877866649021191,0.10000000000000009
2010,0.9,IRN,"Iran, Islamic Rep.",0.6418538861723948,0.09999999999999998
2011,0.9,IRN,"Iran, Islamic Rep.",0.6418538861723948,0.0
2012,0.9,IRN,"Iran, Islamic Rep.",0.6418538861723948,0.0
2013,1.0,IRN,"Iran, Islamic Rep.",0.6931471805599453,0.09999999999999998
2014,0.9,IRN,"Iran, Islamic Rep.",0.6418538861723948,-0.09999999999999998
2015,0.9,IRN,"Iran, Islamic Rep.",0.6418538861723948,0.0
2016,1.0,IRN,"Iran, Islamic Rep.",0.6931471805599453,0.09999999999999998
2017,1.0,IRN,"Iran, Islamic Rep.",0.6931471805599453,0.0
2018,1.0,IRN,"Iran, Islamic Rep.",0.6931471805599453,0.0
2019,1.0,IRN,"Iran, Islamic Rep.",0.6931471805599453,0.0
2020,0.9,IRN,"Iran, Islamic Rep.",0.6418538861723948,-0.09999999999999998
2021,0.9,IRN,"Iran, Islamic Rep.",0.6418538861723948,0.0
1990,1.6,IRQ,Iraq,0.9555114450274363,
1991,0.8,IRQ,Iraq,0.5877866649021191,-0.8
1992,0.5,IRQ,Iraq,0.4054651081081644,-0.30000000000000004
1993,0.4,IRQ,Iraq,0.33647223662121295,-0.09999999999999998
1994,0.4,IRQ,Iraq,0.33647223662121295,0.0
1995,0.4,IRQ,Iraq,0.33647223662121295,0.0
1996,0.4,IRQ,Iraq,0.33647223662121295,0.0
1997,0.4,IRQ,Iraq,0.33647223662121295,0.0
1998,0.4,IRQ,Iraq,0.33647223662121295,0.0
1999,0.4,IRQ,Iraq,0.33647223662121295,0.0
2000,0.4,IRQ,Iraq,0.33647223662121295,0.0
2001,0.3,IRQ,Iraq,0.262364264467491,-0.10000000000000003
2002,0.3,IRQ,Iraq,0.262364264467491,0.0
2003,0.3,IRQ,Iraq,0.262364264467491,0.0
2004,0.4,IRQ,Iraq,0.33647223662121295,0.10000000000000003
2005,2.4,IRQ,Iraq,1.2237754316221157,2.0
2006,2.6,IRQ,Iraq,1.2809338454620642,0.20000000000000018
2007,2.0,IRQ,Iraq,1.0986122886681098,-0.6000000000000001
2008,1.1,IRQ,Iraq,0.7419373447293773,-0.8999999999999999
2009,1.2,IRQ,Iraq,0.7884573603642702,0.09999999999999987
2010,1.7,IRQ,Iraq,0.9932517730102833,0.5
2011,1.1,IRQ,Iraq,0.7419373447293773,-0.5999999999999999
2012,1.3,IRQ,Iraq,0.832909122935104,0.19999999999999996
2013,1.5,IRQ,Iraq,0.9162907318741551,0.19999999999999996
2014,1.0,IRQ,Iraq,0.6931471805599453,-0.5
2015,0.8,IRQ,Iraq,0.5877866649021191,-0.19999999999999996
2016,0.9,IRQ,Iraq,0.6418538861723948,0.09999999999999998
2017,0.5,IRQ,Iraq,0.4054651081081644,-0.4
2018,0.5,IRQ,Iraq,0.4054651081081644,0.0
2019,0.9,IRQ,Iraq,0.6418538861723948,0.4
2020,1.1,IRQ,Iraq,0.7419373447293773,0.20000000000000007
2021,1.1,IRQ,Iraq,0.7419373447293773,0.0
1990,54.7,ISL,Iceland,4.019980146933238,
1991,54.8,ISL,Iceland,4.021773869387265,0.09999999999999432
1992,54.6,ISL,Iceland,4.018183201256536,-0.19999999999999574
1993,54.7,ISL,Iceland,4.019980146933238,0.10000000000000142
1994,54.2,ISL,Iceland,4.01096295328305,-0.5
1995,55.7,ISL,Iceland,4.037774210733707,1.5
1996,52.3,ISL,Iceland,3.975936331171799,-3.4000000000000057
1997,54.9,ISL,Iceland,4.023564380161053,2.6000000000000014
1998,57.2,ISL,Iceland,4.063885354737392,2.3000000000000043
1999,59.8,ISL,Iceland,4.107589788972121,2.5999999999999943
2000,60.7,ISL,Iceland,4.122283930911342,0.9000000000000057
2001,62.1,ISL,Iceland,4.144720769547168,1.3999999999999986
2002,61.9,ISL,Iceland,4.141546163706395,-0.20000000000000284
2003,61.9,ISL,Iceland,4.141546163706395,0.0
2004,61.9,ISL,Iceland,4.141546163706395,0.0
2005,62.7,ISL,Iceland,4.154184562578117,0.8000000000000043
2006,64.2,ISL,Iceland,4.177459468932607,1.5
2007,67.6,ISL,Iceland,4.22829253473184,3.3999999999999915
2008,74.0,ISL,Iceland,4.31748811353631,6.400000000000006
2009,74.7,ISL,Iceland,4.3267781604434035,0.7000000000000028
2010,76.0,ISL,Iceland,4.343805421853684,1.2999999999999972
2011,77.1,ISL,Iceland,4.35799005684564,1.0999999999999943
2012,77.7,ISL,Iceland,4.365643155423357,0.6000000000000085
2013,76.8,ISL,Iceland,4.354141431184346,-0.9000000000000057
2014,77.6,ISL,Iceland,4.364371699435161,0.7999999999999972
2015,78.0,ISL,Iceland,4.3694478524670215,0.4000000000000057
2016,80.9,ISL,Iceland,4.405498990859024,2.9000000000000057
2017,80.8,ISL,Iceland,4.404277243608702,-0.10000000000000853
2018,81.4,ISL,Iceland,4.411585436915426,0.6000000000000085
2019,81.7,ISL,Iceland,4.415219602029645,0.29999999999999716
2020,82.9,ISL,Iceland,4.429625613473161,1.2000000000000028
2021,82.4,ISL,Iceland,4.423648309364701,-0.5
1990,5.8,ISR,Israel,1.916922612182061,
1991,6.0,ISR,Israel,1.9459101490553132,0.20000000000000018
1992,6.2,ISR,Israel,1.9740810260220096,0.20000000000000018
1993,5.9,ISR,Israel,1.9315214116032138,-0.2999999999999998
1994,5.7,ISR,Israel,1.9021075263969205,-0.20000000000000018
1995,5.4,ISR,Israel,1.8562979903656263,-0.2999999999999998
1996,5.4,ISR,Israel,1.8562979903656263,0.0
1997,5.7,ISR,Israel,1.9021075263969205,0.2999999999999998
1998,6.1,ISR,Israel,1.9600947840472698,0.39999999999999947
1999,5.9,ISR,Israel,1.9315214116032138,-0.1999999999999993
2000,6.0,ISR,Israel,1.9459101490553132,0.09999999999999964
2001,6.3,ISR,Israel,1.9878743481543455,0.2999999999999998
2002,6.5,ISR,Israel,2.0149030205422647,0.20000000000000018
2003,6.5,ISR,Israel,2.0149030205422647,0.0
2004,6.7,ISR,Israel,2.0412203288596382,0.20000000000000018
2005,7.0,ISR,Israel,2.0794415416798357,0.2999999999999998
2006,6.9,ISR,Israel,2.066862759472976,-0.09999999999999964
2007,6.7,ISR,Israel,2.0412203288596382,-0.20000000000000018
2008,8.9,ISR,Israel,2.2925347571405443,2.2
2009,8.5,ISR,Israel,2.2512917986064953,-0.40000000000000036
2010,8.6,ISR,Israel,2.2617630984737906,0.09999999999999964
2011,9.1,ISR,Israel,2.312535423847214,0.5
2012,2.9,ISR,Israel,1.3609765531356006,-6.199999999999999
2013,3.3,ISR,Israel,1.4586150226995167,0.3999999999999999
2014,3.7,ISR,Israel,1.547562508716013,0.40000000000000036
2015,3.7,ISR,Israel,1.547562508716013,0.0
2016,4.0,ISR,Israel,1.6094379124341003,0.2999999999999998
2017,3.9,ISR,Israel,1.589235205116581,-0.10000000000000009
2018,3.8,ISR,Israel,1.5686159179138452,-0.10000000000000009
2019,4.5,ISR,Israel,1.7047480922384253,0.7000000000000002
2020,5.6,ISR,Israel,1.8870696490323797,1.0999999999999996
2021,6.2,ISR,Israel,1.9740810260220096,0.6000000000000005
1990,3.8,ITA,Italy,1.5686159179138452,
1991,4.7,ITA,Italy,1.7404661748405046,0.9000000000000004
1992,4.8,ITA,Italy,1.7578579175523736,0.09999999999999964
1993,4.8,ITA,Italy,1.7578579175523736,0.0
1994,5.2,ITA,Italy,1.824549292051046,0.40000000000000036
1995,4.5,ITA,Italy,1.7047480922384253,-0.7000000000000002
1996,4.8,ITA,Italy,1.7578579175523736,0.2999999999999998
1997,4.8,ITA,Italy,1.7578579175523736,0.0
1998,4.8,ITA,Italy,1.7578579175523736,0.0
1999,5.0,ITA,Italy,1.791759469228055,0.20000000000000018
2000,5.1,ITA,Italy,1.8082887711792655,0.09999999999999964
2001,5.4,ITA,Italy,1.8562979903656263,0.3000000000000007
2002,5.6,ITA,Italy,1.8870696490323797,0.1999999999999993
2003,6.2,ITA,Italy,1.9740810260220096,0.6000000000000005
2004,5.9,ITA,Italy,1.9315214116032138,-0.2999999999999998
2005,6.7,ITA,Italy,2.0412203288596382,0.7999999999999998
2006,7.5,ITA,Italy,2.1400661634962708,0.7999999999999998
2007,8.7,ITA,Italy,2.272125885509337,1.1999999999999993
2008,10.8,ITA,Italy,2.468099531471619,2.1000000000000014
2009,12.5,ITA,Italy,2.6026896854443837,1.6999999999999993
2010,12.8,ITA,Italy,2.624668592163159,0.3000000000000007
2011,11.9,ITA,Italy,2.5572273113676265,-0.9000000000000004
2012,14.4,ITA,Italy,2.7343675094195836,2.5
2013,16.3,ITA,Italy,2.8507065015037334,1.9000000000000004
2014,17.1,ITA,Italy,2.89591193827178,0.8000000000000007
2015,16.6,ITA,Italy,2.8678989020441064,-0.5
2016,16.1,ITA,Italy,2.8390784635086144,-0.5
2017,16.4,ITA,Italy,2.856470206220483,0.29999999999999716
2018,17.1,ITA,Italy,2.89591193827178,0.7000000000000028
2019,17.3,ITA,Italy,2.9069010598473755,0.1999999999999993
2020,18.7,ITA,Italy,2.9806186357439426,1.3999999999999986
2021,17.5,ITA,Italy,2.917770732084279,-1.1999999999999993
1990,12.5,JAM,Jamaica,2.6026896854443837,
1991,12.4,JAM,Jamaica,2.5952547069568657,-0.09999999999999964
1992,13.1,JAM,Jamaica,2.6461747973841225,0.6999999999999993
1993,14.3,JAM,Jamaica,2.72785282839839,1.200000000000001
1994,12.6,JAM,Jamaica,2.6100697927420065,-1.700000000000001
1995,13.7,JAM,Jamaica,2.6878474937846906,1.0999999999999996
1996,12.6,JAM,Jamaica,2.6100697927420065,-1.0999999999999996
1997,12.9,JAM,Jamaica,2.631888840136646,0.3000000000000007
1998,10.5,JAM,Jamaica,2.4423470353692043,-2.4000000000000004
1999,10.0,JAM,Jamaica,2.3978952727983707,-0.5
2000,9.3,JAM,Jamaica,2.33214389523559,-0.6999999999999993
2001,7.9,JAM,Jamaica,2.186051276738094,-1.4000000000000004
2002,8.0,JAM,Jamaica,2.1972245773362196,0.09999999999999964
2003,8.1,JAM,Jamaica,2.2082744135228043,0.09999999999999964
2004,6.4,JAM,Jamaica,2.0014800002101243,-1.6999999999999993
2005,5.4,JAM,Jamaica,1.8562979903656263,-1.0
2006,4.8,JAM,Jamaica,1.7578579175523736,-0.6000000000000005
2007,5.3,JAM,Jamaica,1.840549633397487,0.5
2008,5.9,JAM,Jamaica,1.9315214116032138,0.6000000000000005
2009,7.4,JAM,Jamaica,2.128231705849268,1.5
2010,8.9,JAM,Jamaica,2.2925347571405443,1.5
2011,9.8,JAM,Jamaica,2.379546134130174,0.9000000000000004
2012,12.2,JAM,Jamaica,2.580216829592325,2.3999999999999986
2013,11.4,JAM,Jamaica,2.517696472610991,-0.7999999999999989
2014,11.9,JAM,Jamaica,2.5572273113676265,0.5
2015,12.1,JAM,Jamaica,2.5726122302071057,0.1999999999999993
2016,11.1,JAM,Jamaica,2.4932054526026954,-1.0
2017,11.0,JAM,Jamaica,2.4849066497880004,-0.09999999999999964
2018,8.9,JAM,Jamaica,2.2925347571405443,-2.0999999999999996
2019,9.2,JAM,Jamaica,2.322387720290225,0.29999999999999893
2020,11.7,JAM,Jamaica,2.5416019934645457,2.5
2021,10.5,JAM,Jamaica,2.4423470353692043,-1.1999999999999993
1990,2.8,JOR,Jordan,1.33500106673234,
1991,2.9,JOR,Jordan,1.3609765531356006,0.10000000000000009
1992,2.5,JOR,Jordan,1.252762968495368,-0.3999999999999999
1993,2.5,JOR,Jordan,1.252762968495368,0.0
1994,2.3,JOR,Jordan,1.1939224684724346,-0.20000000000000018
1995,2.2,JOR,Jordan,1.1631508098056809,-0.09999999999999964
1996,2.2,JOR,Jordan,1.1631508098056809,0.0
1997,2.1,JOR,Jordan,1.1314021114911006,-0.10000000000000009
1998,2.2,JOR,Jordan,1.1631508098056809,0.10000000000000009
1999,2.2,JOR,Jordan,1.1631508098056809,0.0
2000,2.1,JOR,Jordan,1.1314021114911006,-0.10000000000000009
2001,2.1,JOR,Jordan,1.1314021114911006,0.0
2002,2.1,JOR,Jordan,1.1314021114911006,0.0
2003,2.0,JOR,Jordan,1.0986122886681098,-0.10000000000000009
2004,1.8,JOR,Jordan,1.0296194171811581,-0.19999999999999996
2005,1.7,JOR,Jordan,0.9932517730102833,-0.10000000000000009
2006,2.3,JOR,Jordan,1.1939224684724346,0.5999999999999999
2007,2.3,JOR,Jordan,1.1939224684724346,0.0
2008,2.7,JOR,Jordan,1.308332819650179,0.40000000000000036
2009,2.8,JOR,Jordan,1.33500106673234,0.09999999999999964
2010,3.0,JOR,Jordan,1.3862943611198906,0.20000000000000018
2011,3.0,JOR,Jordan,1.3862943611198906,0.0
2012,2.9,JOR,Jordan,1.3609765531356006,-0.10000000000000009
2013,3.1,JOR,Jordan,1.410986973710262,0.20000000000000018
2014,3.1,JOR,Jordan,1.410986973710262,0.0
2015,3.2,JOR,Jordan,1.4350845252893227,0.10000000000000009
2016,4.7,JOR,Jordan,1.7404661748405046,1.5
2017,5.3,JOR,Jordan,1.840549633397487,0.5999999999999996
2018,7.2,JOR,Jordan,2.1041341542702074,1.9000000000000004
2019,8.5,JOR,Jordan,2.2512917986064953,1.2999999999999998
2020,10.7,JOR,Jordan,2.4595888418037104,2.1999999999999993
2021,11.5,JOR,Jordan,2.5257286443082556,0.8000000000000007
1990,4.3,JPN,Japan,1.667706820558076,
1991,4.5,JPN,Japan,1.7047480922384253,0.20000000000000018
1992,4.0,JPN,Japan,1.6094379124341003,-0.5
1993,4.2,JPN,Japan,1.6486586255873816,0.20000000000000018
1994,3.3,JPN,Japan,1.4586150226995167,-0.9000000000000004
1995,3.7,JPN,Japan,1.547562508716013,0.40000000000000036
1996,3.6,JPN,Japan,1.5260563034950492,-0.10000000000000009
1997,3.8,JPN,Japan,1.5686159179138452,0.19999999999999973
1998,3.8,JPN,Japan,1.5686159179138452,0.0
1999,3.7,JPN,Japan,1.547562508716013,-0.09999999999999964
2000,3.7,JPN,Japan,1.547562508716013,0.0
2001,3.5,JPN,Japan,1.5040773967762742,-0.20000000000000018
2002,3.7,JPN,Japan,1.547562508716013,0.20000000000000018
2003,4.2,JPN,Japan,1.6486586255873816,0.5
2004,4.3,JPN,Japan,1.667706820558076,0.09999999999999964
2005,4.0,JPN,Japan,1.6094379124341003,-0.2999999999999998
2006,4.4,JPN,Japan,1.6863989535702288,0.40000000000000036
2007,4.3,JPN,Japan,1.667706820558076,-0.10000000000000053
2008,4.4,JPN,Japan,1.6863989535702288,0.10000000000000053
2009,4.5,JPN,Japan,1.7047480922384253,0.09999999999999964
2010,4.7,JPN,Japan,1.7404661748405046,0.20000000000000018
2011,4.8,JPN,Japan,1.7578579175523736,0.09999999999999964
2012,4.7,JPN,Japan,1.7404661748405046,-0.09999999999999964
2013,5.0,JPN,Japan,1.791759469228055,0.2999999999999998
2014,5.6,JPN,Japan,1.8870696490323797,0.5999999999999996
2015,6.2,JPN,Japan,1.9740810260220096,0.6000000000000005
2016,6.4,JPN,Japan,2.0014800002101243,0.20000000000000018
2017,6.9,JPN,Japan,2.066862759472976,0.5
2018,7.3,JPN,Japan,2.1162555148025524,0.39999999999999947
2019,7.8,JPN,Japan,2.174751721484161,0.5
2020,8.5,JPN,Japan,2.2512917986064953,0.7000000000000002
2021,8.8,JPN,Japan,2.2823823856765264,0.3000000000000007
1990,1.4,KAZ,Kazakhstan,0.8754687373538999,
1991,1.3,KAZ,Kazakhstan,0.832909122935104,-0.09999999999999987
1992,1.2,KAZ,Kazakhstan,0.7884573603642702,-0.10000000000000009
1993,1.3,KAZ,Kazakhstan,0.832909122935104,0.10000000000000009
1994,1.8,KAZ,Kazakhstan,1.0296194171811581,0.5
1995,1.6,KAZ,Kazakhstan,0.9555114450274363,-0.19999999999999996
1996,1.6,KAZ,Kazakhstan,0.9555114450274363,0.0
1997,1.7,KAZ,Kazakhstan,0.9932517730102833,0.09999999999999987
1998,1.5,KAZ,Kazakhstan,0.9162907318741551,-0.19999999999999996
1999,1.8,KAZ,Kazakhstan,1.0296194171811581,0.30000000000000004
2000,2.5,KAZ,Kazakhstan,1.252762968495368,0.7
2001,2.4,KAZ,Kazakhstan,1.2237754316221157,-0.10000000000000009
2002,2.8,KAZ,Kazakhstan,1.33500106673234,0.3999999999999999
2003,2.3,KAZ,Kazakhstan,1.1939224684724346,-0.5
2004,1.9,KAZ,Kazakhstan,1.0647107369924282,-0.3999999999999999
2005,2.1,KAZ,Kazakhstan,1.1314021114911006,0.20000000000000018
2006,2.1,KAZ,Kazakhstan,1.1314021114911006,0.0
2007,1.8,KAZ,Kazakhstan,1.0296194171811581,-0.30000000000000004
2008,1.1,KAZ,Kazakhstan,0.7419373447293773,-0.7
2009,1.3,KAZ,Kazakhstan,0.832909122935104,0.19999999999999996
2010,1.4,KAZ,Kazakhstan,0.8754687373538999,0.09999999999999987
2011,1.4,KAZ,Kazakhstan,0.8754687373538999,0.0
2012,1.3,KAZ,Kazakhstan,0.832909122935104,-0.09999999999999987
2013,1.2,KAZ,Kazakhstan,0.7884573603642702,-0.10000000000000009
2014,1.3,KAZ,Kazakhstan,0.832909122935104,0.10000000000000009
2015,1.7,KAZ,Kazakhstan,0.9932517730102833,0.3999999999999999
2016,2.1,KAZ,Kazakhstan,1.1314021114911006,0.40000000000000013
2017,2.0,KAZ,Kazakhstan,1.0986122886681098,-0.10000000000000009
2018,1.9,KAZ,Kazakhstan,1.0647107369924282,-0.10000000000000009
2019,1.9,KAZ,Kazakhstan,1.0647107369924282,0.0
2020,1.8,KAZ,Kazakhstan,1.0296194171811581,-0.09999999999999987
2021,2.0,KAZ,Kazakhstan,1.0986122886681098,0.19999999999999996
1990,76.5,KEN,Kenya,4.350277936359301,
1991,77.8,KEN,Kenya,4.366912996863833,1.2999999999999972
1992,78.4,KEN,Kenya,4.37449836825309,0.6000000000000085
1993,79.1,KEN,Kenya,4.383275854074314,0.6999999999999886
1994,79.3,KEN,Kenya,4.385769620952716,0.20000000000000284
1995,78.2,KEN,Kenya,4.37197629882038,-1.0999999999999943
1996,77.2,KEN,Kenya,4.359269647551265,-1.0
1997,78.1,KEN,Kenya,4.370712874773608,0.8999999999999915
1998,77.9,KEN,Kenya,4.368181227851829,-0.19999999999998863
1999,77.7,KEN,Kenya,4.365643155423357,-0.20000000000000284
2000,76.8,KEN,Kenya,4.354141431184346,-0.9000000000000057
2001,78.3,KEN,Kenya,4.373238128640803,1.5
2002,78.8,KEN,Kenya,4.379523504455763,0.5
2003,81.6,KEN,Kenya,4.414009680526933,2.799999999999997
2004,80.3,KEN,Kenya,4.398146016553765,-1.2999999999999972
2005,79.2,KEN,Kenya,4.384523514872469,-1.0999999999999943
2006,77.6,KEN,Kenya,4.364371699435161,-1.6000000000000085
2007,78.2,KEN,Kenya,4.37197629882038,0.6000000000000085
2008,78.2,KEN,Kenya,4.37197629882038,0.0
2009,75.6,KEN,Kenya,4.338597076746545,-2.6000000000000085
2010,74.0,KEN,Kenya,4.31748811353631,-1.5999999999999943
2011,74.7,KEN,Kenya,4.3267781604434035,0.7000000000000028
2012,76.2,KEN,Kenya,4.3463994570307305,1.5
2013,74.3,KEN,Kenya,4.321480134805848,-1.9000000000000057
2014,71.8,KEN,Kenya,4.28771595520264,-2.5
2015,69.2,KEN,Kenya,4.251348311031766,-2.5999999999999943
2016,68.3,KEN,Kenya,4.238444906195857,-0.9000000000000057
2017,68.1,KEN,Kenya,4.235554730773624,-0.20000000000000284
2018,68.7,KEN,Kenya,4.244200317766478,0.6000000000000085
2019,68.1,KEN,Kenya,4.235554730773624,-0.6000000000000085
2020,69.0,KEN,Kenya,4.248495242049359,0.9000000000000057
2021,67.7,KEN,Kenya,4.229749199228304,-1.2999999999999972
1990,7.9,KGZ,Kyrgyz Republic,2.186051276738094,
1991,9.0,KGZ,Kyrgyz Republic,2.302585092994046,1.0999999999999996
1992,13.0,KGZ,Kyrgyz Republic,2.6390573296152584,4.0
1993,16.2,KGZ,Kyrgyz Republic,2.8449093838194073,3.1999999999999993
1994,26.5,KGZ,Kyrgyz Republic,3.3141860046725258,10.3
1995,35.0,KGZ,Kyrgyz Republic,3.58351893845611,8.5
1996,29.5,KGZ,Kyrgyz Republic,3.417726683613366,-5.5
1997,28.8,KGZ,Kyrgyz Republic,3.3945083935113587,-0.6999999999999993
1998,25.1,KGZ,Kyrgyz Republic,3.261935314328648,-3.6999999999999993
1999,34.5,KGZ,Kyrgyz Republic,3.56953269648137,9.399999999999999
2000,35.2,KGZ,Kyrgyz Republic,3.5890591188317256,0.7000000000000028
2001,36.0,KGZ,Kyrgyz Republic,3.6109179126442243,0.7999999999999972
2002,28.3,KGZ,Kyrgyz Republic,3.3775875160230218,-7.699999999999999
2003,30.5,KGZ,Kyrgyz Republic,3.449987545831587,2.1999999999999993
2004,27.7,KGZ,Kyrgyz Republic,3.3568971227655755,-2.8000000000000007
2005,28.0,KGZ,Kyrgyz Republic,3.367295829986474,0.3000000000000007
2006,27.8,KGZ,Kyrgyz Republic,3.3603753871419,-0.1999999999999993
2007,24.5,KGZ,Kyrgyz Republic,3.2386784521643803,-3.3000000000000007
2008,22.0,KGZ,Kyrgyz Republic,3.1354942159291497,-2.5
2009,24.7,KGZ,Kyrgyz Republic,3.246490991901174,2.6999999999999993
2010,25.6,KGZ,Kyrgyz Republic,3.2809112157876537,0.9000000000000021
2011,26.0,KGZ,Kyrgyz Republic,3.295836866004329,0.3999999999999986
2012,22.4,KGZ,Kyrgyz Republic,3.152736022363656,-3.6000000000000014
2013,24.8,KGZ,Kyrgyz Republic,3.250374491927572,2.400000000000002
2014,26.6,KGZ,Kyrgyz Republic,3.3178157727231046,1.8000000000000007
2015,23.5,KGZ,Kyrgyz Republic,3.1986731175506815,-3.1000000000000014
2016,22.2,KGZ,Kyrgyz Republic,3.1441522786722644,-1.3000000000000007
2017,24.7,KGZ,Kyrgyz Republic,3.246490991901174,2.5
2018,23.4,KGZ,Kyrgyz Republic,3.1945831322991562,-1.3000000000000007
2019,28.3,KGZ,Kyrgyz Republic,3.3775875160230218,4.900000000000002
2020,30.0,KGZ,Kyrgyz Republic,3.4339872044851463,1.6999999999999993
2021,27.6,KGZ,Kyrgyz Republic,3.353406717825807,-2.3999999999999986
1995,82.5,KHM,Cambodia,4.42484663185681,
1996,82.5,KHM,Cambodia,4.42484663185681,0.0
1997,82.2,KHM,Cambodia,4.421247347827163,-0.29999999999999716
1998,81.3,KHM,Cambodia,4.410371107683024,-0.9000000000000057
1999,81.5,KHM,Cambodia,4.412798293340635,0.20000000000000284
2000,81.6,KHM,Cambodia,4.414009680526933,0.09999999999999432
2001,80.5,KHM,Cambodia,4.400603020246817,-1.0999999999999943
2002,81.0,KHM,Cambodia,4.406719247264253,0.5
2003,79.9,KHM,Cambodia,4.393213824064446,-1.0999999999999943
2004,80.7,KHM,Cambodia,4.403054001865957,0.7999999999999972
2005,79.2,KHM,Cambodia,4.384523514872469,-1.5
2006,78.0,KHM,Cambodia,4.3694478524670215,-1.2000000000000028
2007,74.8,KHM,Cambodia,4.328098292648326,-3.200000000000003
2008,74.1,KHM,Cambodia,4.318820558770089,-0.7000000000000028
2009,68.0,KHM,Cambodia,4.23410650459726,-6.099999999999994
2010,64.8,KHM,Cambodia,4.186619838331271,-3.200000000000003
2011,64.0,KHM,Cambodia,4.174387269895637,-0.7999999999999972
2012,64.4,KHM,Cambodia,4.180522258463153,0.4000000000000057
2013,65.0,KHM,Cambodia,4.189654742026425,0.5999999999999943
2014,63.7,KHM,Cambodia,4.169761201506855,-1.2999999999999972
2015,60.6,KHM,Cambodia,4.120661870539474,-3.1000000000000014
2016,58.0,KHM,Cambodia,4.07753744390572,-2.6000000000000014
2017,56.3,KHM,Cambodia,4.048300623720694,-1.7000000000000028
2018,58.1,KHM,Cambodia,4.079230924412053,1.8000000000000043
2019,53.0,KHM,Cambodia,3.9889840465642745,-5.100000000000001
2020,51.4,KHM,Cambodia,3.9589065913269965,-1.6000000000000014
2021,52.4,KHM,Cambodia,3.977810745966149,1.0
1990,64.0,KIR,Kiribati,4.174387269895637,
1991,63.5,KIR,Kiribati,4.1666652238017265,-0.5
1992,63.2,KIR,Kiribati,4.162003210695915,-0.29999999999999716
1993,59.3,KIR,Kiribati,4.09933210373314,-3.9000000000000057
1994,59.9,KIR,Kiribati,4.109233174715851,0.6000000000000014
1995,59.1,KIR,Kiribati,4.096009841541162,-0.7999999999999972
1996,55.3,KIR,Kiribati,4.030694535145645,-3.8000000000000043
1997,57.5,KIR,Kiribati,4.069026754237811,2.200000000000003
1998,59.1,KIR,Kiribati,4.096009841541162,1.6000000000000014
1999,59.8,KIR,Kiribati,4.107589788972121,0.6999999999999957
2000,54.7,KIR,Kiribati,4.019980146933238,-5.099999999999994
2001,56.4,KIR,Kiribati,4.050044303325521,1.6999999999999957
2002,53.0,KIR,Kiribati,3.9889840465642745,-3.3999999999999986
2003,50.5,KIR,Kiribati,3.9415818076696905,-2.5
2004,50.5,KIR,Kiribati,3.9415818076696905,0.0
2005,48.5,KIR,Kiribati,3.901972669574645,-2.0
2006,48.1,KIR,Kiribati,3.893859034800475,-0.3999999999999986
2007,48.4,KIR,Kiribati,3.899950424193877,0.29999999999999716
2008,49.7,KIR,Kiribati,3.9259259105971376,1.3000000000000043
2009,50.4,KIR,Kiribati,3.9396381724611196,0.6999999999999957
2010,50.1,KIR,Kiribati,3.933784497209659,-0.29999999999999716
2011,50.5,KIR,Kiribati,3.9415818076696905,0.3999999999999986
2012,48.7,KIR,Kiribati,3.906004933102583,-1.7999999999999972
2013,46.2,KIR,Kiribati,3.8543938925915096,-2.5
2014,48.0,KIR,Kiribati,3.8918202981106265,1.7999999999999972
2015,47.5,KIR,Kiribati,3.8815637979434374,-0.5
2016,48.1,KIR,Kiribati,3.893859034800475,0.6000000000000014
2017,42.5,KIR,Kiribati,3.7727609380946383,-5.600000000000001
2018,42.3,KIR,Kiribati,3.768152635008444,-0.20000000000000284
2019,42.2,KIR,Kiribati,3.765840495250065,-0.09999999999999432
2020,42.2,KIR,Kiribati,3.765840495250065,0.0
2021,42.2,KIR,Kiribati,3.765840495250065,0.0
2022,41.9,KIR,Kiribati,3.758871825933971,-0.30000000000000426
1990,39.9,KNA,St. Kitts and Nevis,3.711130063048756,
1991,33.9,KNA,St. Kitts and Nevis,3.5524868292083815,-6.0
1992,33.6,KNA,St. Kitts and Nevis,3.543853682063679,-0.29999999999999716
1993,38.6,KNA,St. Kitts and Nevis,3.6788291182604347,5.0
1994,41.1,KNA,St. Kitts and Nevis,3.7400477406883357,2.5
1995,36.5,KNA,St. Kitts and Nevis,3.624340932976365,-4.600000000000001
1996,30.4,KNA,St. Kitts and Nevis,3.4468078929142076,-6.100000000000001
1997,33.9,KNA,St. Kitts and Nevis,3.5524868292083815,3.5
1998,32.0,KNA,St. Kitts and Nevis,3.4965075614664802,-1.8999999999999986
1999,27.2,KNA,St. Kitts and Nevis,3.339321977944068,-4.800000000000001
2000,26.4,KNA,St. Kitts and Nevis,3.3105430133940246,-0.8000000000000007
2001,26.0,KNA,St. Kitts and Nevis,3.295836866004329,-0.3999999999999986
2002,24.3,KNA,St. Kitts and Nevis,3.2308043957334744,-1.6999999999999993
2003,26.3,KNA,St. Kitts and Nevis,3.3068867021909143,2.0
2004,22.0,KNA,St. Kitts and Nevis,3.1354942159291497,-4.300000000000001
2005,25.3,KNA,St. Kitts and Nevis,3.269568939183719,3.3000000000000007
2006,0.0,KNA,St. Kitts and Nevis,0.0,-25.3
2007,0.0,KNA,St. Kitts and Nevis,0.0,0.0
2008,0.0,KNA,St. Kitts and Nevis,0.0,0.0
2009,0.0,KNA,St. Kitts and Nevis,0.0,0.0
2010,1.0,KNA,St. Kitts and Nevis,0.6931471805599453,1.0
2011,0.9,KNA,St. Kitts and Nevis,0.6418538861723948,-0.09999999999999998
2012,1.3,KNA,St. Kitts and Nevis,0.832909122935104,0.4
2013,1.4,KNA,St. Kitts and Nevis,0.8754687373538999,0.09999999999999987
2014,1.6,KNA,St. Kitts and Nevis,0.9555114450274363,0.20000000000000018
2015,1.6,KNA,St. Kitts and Nevis,0.9555114450274363,0.0
2016,1.7,KNA,St. Kitts and Nevis,0.9932517730102833,0.09999999999999987
2017,1.3,KNA,St. Kitts and Nevis,0.832909122935104,-0.3999999999999999
2018,1.3,KNA,St. Kitts and Nevis,0.832909122935104,0.0
2019,1.3,KNA,St. Kitts and Nevis,0.832909122935104,0.0
2020,1.6,KNA,St. Kitts and Nevis,0.9555114450274363,0.30000000000000004
2021,1.6,KNA,St. Kitts and Nevis,0.9555114450274363,0.0
2022,1.5,KNA,St. Kitts and Nevis,0.9162907318741551,-0.10000000000000009
1990,1.6,KOR,"Korea, Rep.",0.9555114450274363,
1991,1.0,KOR,"Korea, Rep.",0.6931471805599453,-0.6000000000000001
1992,0.8,KOR,"Korea, Rep.",0.5877866649021191,-0.19999999999999996
1993,0.7,KOR,"Korea, Rep.",0.5306282510621704,-0.10000000000000009
1994,0.4,KOR,"Korea, Rep.",0.33647223662121295,-0.29999999999999993
1995,0.4,KOR,"Korea, Rep.",0.33647223662121295,0.0
1996,0.6,KOR,"Korea, Rep.",0.4700036292457356,0.19999999999999996
1997,0.7,KOR,"Korea, Rep.",0.5306282510621704,0.09999999999999998
1998,0.9,KOR,"Korea, Rep.",0.6418538861723948,0.20000000000000007
1999,0.8,KOR,"Korea, Rep.",0.5877866649021191,-0.09999999999999998
2000,0.7,KOR,"Korea, Rep.",0.5306282510621704,-0.10000000000000009
2001,0.7,KOR,"Korea, Rep.",0.5306282510621704,0.0
2002,0.7,KOR,"Korea, Rep.",0.5306282510621704,0.0
2003,0.8,KOR,"Korea, Rep.",0.5877866649021191,0.10000000000000009
2004,0.8,KOR,"Korea, Rep.",0.5877866649021191,0.0
2005,0.9,KOR,"Korea, Rep.",0.6418538861723948,0.09999999999999998
2006,0.9,KOR,"Korea, Rep.",0.6418538861723948,0.0
2007,1.0,KOR,"Korea, Rep.",0.6931471805599453,0.09999999999999998
2008,1.1,KOR,"Korea, Rep.",0.7419373447293773,0.10000000000000009
2009,1.2,KOR,"Korea, Rep.",0.7884573603642702,0.09999999999999987
2010,1.3,KOR,"Korea, Rep.",0.832909122935104,0.10000000000000009
2011,1.4,KOR,"Korea, Rep.",0.8754687373538999,0.09999999999999987
2012,1.6,KOR,"Korea, Rep.",0.9555114450274363,0.20000000000000018
2013,1.9,KOR,"Korea, Rep.",1.0647107369924282,0.2999999999999998
2014,2.9,KOR,"Korea, Rep.",1.3609765531356006,1.0
2015,2.7,KOR,"Korea, Rep.",1.308332819650179,-0.19999999999999973
2016,2.6,KOR,"Korea, Rep.",1.2809338454620642,-0.10000000000000009
2017,2.8,KOR,"Korea, Rep.",1.33500106673234,0.19999999999999973
2018,3.2,KOR,"Korea, Rep.",1.4350845252893227,0.40000000000000036
2019,3.2,KOR,"Korea, Rep.",1.4350845252893227,0.0
2020,3.6,KOR,"Korea, Rep.",1.5260563034950492,0.3999999999999999
2021,3.6,KOR,"Korea, Rep.",1.5260563034950492,0.0
1990,0.2,KWT,Kuwait,0.18232155679395465,
1991,0.3,KWT,Kuwait,0.262364264467491,0.09999999999999998
1992,0.2,KWT,Kuwait,0.18232155679395465,-0.09999999999999998
1993,0.1,KWT,Kuwait,0.09531017980432487,-0.1
1994,0.0,KWT,Kuwait,0.0,-0.1
1995,0.1,KWT,Kuwait,0.09531017980432487,0.1
1996,0.1,KWT,Kuwait,0.09531017980432487,0.0
1997,0.0,KWT,Kuwait,0.0,-0.1
1998,0.0,KWT,Kuwait,0.0,0.0
1999,0.0,KWT,Kuwait,0.0,0.0
2000,0.0,KWT,Kuwait,0.0,0.0
2001,0.0,KWT,Kuwait,0.0,0.0
2002,0.0,KWT,Kuwait,0.0,0.0
2003,0.0,KWT,Kuwait,0.0,0.0
2004,0.0,KWT,Kuwait,0.0,0.0
2005,0.0,KWT,Kuwait,0.0,0.0
2006,0.0,KWT,Kuwait,0.0,0.0
2007,0.0,KWT,Kuwait,0.0,0.0
2008,0.0,KWT,Kuwait,0.0,0.0
2009,0.0,KWT,Kuwait,0.0,0.0
2010,0.0,KWT,Kuwait,0.0,0.0
2011,0.0,KWT,Kuwait,0.0,0.0
2012,0.0,KWT,Kuwait,0.0,0.0
2013,0.0,KWT,Kuwait,0.0,0.0
2014,0.0,KWT,Kuwait,0.0,0.0
2015,0.0,KWT,Kuwait,0.0,0.0
2016,0.0,KWT,Kuwait,0.0,0.0
2017,0.0,KWT,Kuwait,0.0,0.0
2018,0.0,KWT,Kuwait,0.0,0.0
2019,0.1,KWT,Kuwait,0.09531017980432487,0.1
2020,0.1,KWT,Kuwait,0.09531017980432487,0.0
2021,0.1,KWT,Kuwait,0.09531017980432487,0.0
1990,88.4,LAO,Lao PDR,4.493120682179469,
1991,88.0,LAO,Lao PDR,4.48863636973214,-0.4000000000000057
1992,87.0,LAO,Lao PDR,4.477336814478207,-1.0
1993,86.7,LAO,Lao PDR,4.473921899378137,-0.29999999999999716
1994,86.3,LAO,Lao PDR,4.469350462845557,-0.4000000000000057
1995,85.6,LAO,Lao PDR,4.461299815568389,-0.7000000000000028
1996,84.9,LAO,Lao PDR,4.45318382899021,-0.6999999999999886
1997,84.6,LAO,Lao PDR,4.449685283147696,-0.30000000000001137
1998,86.6,LAO,Lao PDR,4.472780997942346,2.0
1999,86.6,LAO,Lao PDR,4.472780997942346,0.0
2000,81.5,LAO,Lao PDR,4.412798293340635,-5.099999999999994
2001,81.1,LAO,Lao PDR,4.407938016458383,-0.4000000000000057
2002,80.2,LAO,Lao PDR,4.396915247167632,-0.8999999999999915
2003,78.7,LAO,Lao PDR,4.378269585796169,-1.5
2004,74.0,LAO,Lao PDR,4.31748811353631,-4.700000000000003
2005,73.9,LAO,Lao PDR,4.316153890523174,-0.09999999999999432
2006,69.8,LAO,Lao PDR,4.259859000699674,-4.1000000000000085
2007,70.7,LAO,Lao PDR,4.272490747605575,0.9000000000000057
2008,69.3,LAO,Lao PDR,4.252771798816619,-1.4000000000000057
2009,66.4,LAO,Lao PDR,4.210645017918261,-2.8999999999999915
2010,64.8,LAO,Lao PDR,4.186619838331271,-1.6000000000000085
2011,63.6,LAO,Lao PDR,4.168214410788556,-1.1999999999999957
2012,62.4,LAO,Lao PDR,4.14946386144318,-1.2000000000000028
2013,58.6,LAO,Lao PDR,4.087655574071304,-3.799999999999997
2014,58.2,LAO,Lao PDR,4.0809215418899605,-0.3999999999999986
2015,53.3,LAO,Lao PDR,3.9945242269398897,-4.900000000000006
2016,51.7,LAO,Lao PDR,3.9646154555473165,-1.5999999999999943
2017,50.6,LAO,Lao PDR,3.9435216724875173,-1.1000000000000014
2018,50.2,LAO,Lao PDR,3.9357395320454622,-0.3999999999999986
2019,50.5,LAO,Lao PDR,3.9415818076696905,0.29999999999999716
2020,50.6,LAO,Lao PDR,3.9435216724875173,0.10000000000000142
2021,51.5,LAO,Lao PDR,3.960813169597578,0.8999999999999986
2022,49.2,LAO,Lao PDR,3.9160150266976834,-2.299999999999997
1990,11.3,LBN,Lebanon,2.509599262378372,
1991,8.5,LBN,Lebanon,2.2512917986064953,-2.8000000000000007
1992,8.0,LBN,Lebanon,2.1972245773362196,-0.5
1993,5.4,LBN,Lebanon,1.8562979903656263,-2.5999999999999996
1994,5.3,LBN,Lebanon,1.840549633397487,-0.10000000000000053
1995,4.4,LBN,Lebanon,1.6863989535702288,-0.8999999999999995
1996,5.0,LBN,Lebanon,1.791759469228055,0.5999999999999996
1997,4.4,LBN,Lebanon,1.6863989535702288,-0.5999999999999996
1998,5.5,LBN,Lebanon,1.8718021769015913,1.0999999999999996
1999,4.3,LBN,Lebanon,1.667706820558076,-1.2000000000000002
2000,4.9,LBN,Lebanon,1.7749523509116738,0.6000000000000005
2001,4.6,LBN,Lebanon,1.7227665977411035,-0.3000000000000007
2002,5.7,LBN,Lebanon,1.9021075263969205,1.1000000000000005
2003,7.0,LBN,Lebanon,2.0794415416798357,1.2999999999999998
2004,6.1,LBN,Lebanon,1.9600947840472698,-0.9000000000000004
2005,6.4,LBN,Lebanon,2.0014800002101243,0.3000000000000007
2006,6.4,LBN,Lebanon,2.0014800002101243,0.0
2007,7.3,LBN,Lebanon,2.1162555148025524,0.8999999999999995
2008,5.1,LBN,Lebanon,1.8082887711792655,-2.2
2009,4.3,LBN,Lebanon,1.667706820558076,-0.7999999999999998
2010,5.7,LBN,Lebanon,1.9021075263969205,1.4000000000000004
2011,6.2,LBN,Lebanon,1.9740810260220096,0.5
2012,5.6,LBN,Lebanon,1.8870696490323797,-0.6000000000000005
2013,5.9,LBN,Lebanon,1.9315214116032138,0.3000000000000007
2014,4.2,LBN,Lebanon,1.6486586255873816,-1.7000000000000002
2015,4.2,LBN,Lebanon,1.6486586255873816,0.0
2016,4.0,LBN,Lebanon,1.6094379124341003,-0.20000000000000018
2017,4.0,LBN,Lebanon,1.6094379124341003,0.0
2018,4.7,LBN,Lebanon,1.7404661748405046,0.7000000000000002
2019,5.1,LBN,Lebanon,1.8082887711792655,0.39999999999999947
2020,6.3,LBN,Lebanon,1.9878743481543455,1.2000000000000002
2021,6.8,LBN,Lebanon,2.0541237336955462,0.5
1990,89.1,LBR,Liberia,4.500920164614292,
1991,90.1,LBR,Liberia,4.511957804265912,1.0
1992,89.0,LBR,Liberia,4.499809670330265,-1.0999999999999943
1993,87.7,LBR,Liberia,4.485259889315534,-1.2999999999999972
1994,87.1,LBR,Liberia,4.478472532942134,-0.6000000000000085
1995,87.0,LBR,Liberia,4.477336814478207,-0.09999999999999432
1996,87.5,LBR,Liberia,4.483002552013883,0.5
1997,88.1,LBR,Liberia,4.489759334476764,0.5999999999999943
1998,88.5,LBR,Liberia,4.4942386252808095,0.4000000000000057
1999,90.5,LBR,Liberia,4.516338972281476,2.0
2000,91.3,LBR,Liberia,4.525044141508807,0.7999999999999972
2001,91.6,LBR,Liberia,4.528289141652134,0.29999999999999716
2002,91.1,LBR,Liberia,4.522874943261261,-0.5
2003,90.3,LBR,Liberia,4.514150787600923,-0.7999999999999972
2004,89.6,LBR,Liberia,4.506454213048934,-0.7000000000000028
2005,87.8,LBR,Liberia,4.486386649998124,-1.7999999999999972
2006,87.6,LBR,Liberia,4.484131857611035,-0.20000000000000284
2007,89.8,LBR,Liberia,4.508659285607248,2.200000000000003
2008,91.8,LBR,Liberia,4.530446639792155,2.0
2009,91.8,LBR,Liberia,4.530446639792155,0.0
2010,88.6,LBR,Liberia,4.4953553199808844,-3.200000000000003
2011,87.1,LBR,Liberia,4.478472532942134,-1.5
2012,86.2,LBR,Liberia,4.468204330914934,-0.8999999999999915
2013,87.5,LBR,Liberia,4.483002552013883,1.2999999999999972
2014,91.2,LBR,Liberia,4.523960130562548,3.700000000000003
2015,91.9,LBR,Liberia,4.531523645819793,0.7000000000000028
2016,92.8,LBR,Liberia,4.541164856012179,0.8999999999999915
2017,93.6,LBR,Liberia,4.549657476057832,0.7999999999999972
2018,94.4,LBR,Liberia,4.558078578454241,0.8000000000000114
2019,89.7,LBR,Liberia,4.507557357121091,-4.700000000000003
2020,93.0,LBR,Liberia,4.543294782270004,3.299999999999997
2021,93.2,LBR,Liberia,4.545420181582317,0.20000000000000284
2022,92.8,LBR,Liberia,4.541164856012179,-0.4000000000000057
1990,3.1,LBY,Libya,1.410986973710262,
1991,3.0,LBY,Libya,1.3862943611198906,-0.10000000000000009
1992,2.9,LBY,Libya,1.3609765531356006,-0.10000000000000009
1993,2.7,LBY,Libya,1.308332819650179,-0.19999999999999973
1994,2.4,LBY,Libya,1.2237754316221157,-0.30000000000000027
1995,2.2,LBY,Libya,1.1631508098056809,-0.19999999999999973
1996,2.1,LBY,Libya,1.1314021114911006,-0.10000000000000009
1997,2.1,LBY,Libya,1.1314021114911006,0.0
1998,2.1,LBY,Libya,1.1314021114911006,0.0
1999,2.0,LBY,Libya,1.0986122886681098,-0.10000000000000009
2000,2.0,LBY,Libya,1.0986122886681098,0.0
2001,2.9,LBY,Libya,1.3609765531356006,0.8999999999999999
2002,2.9,LBY,Libya,1.3609765531356006,0.0
2003,2.9,LBY,Libya,1.3609765531356006,0.0
2004,2.8,LBY,Libya,1.33500106673234,-0.10000000000000009
2005,2.7,LBY,Libya,1.308332819650179,-0.09999999999999964
2006,2.9,LBY,Libya,1.3609765531356006,0.19999999999999973
2007,3.1,LBY,Libya,1.410986973710262,0.20000000000000018
2008,2.9,LBY,Libya,1.3609765531356006,-0.20000000000000018
2009,2.6,LBY,Libya,1.2809338454620642,-0.2999999999999998
2010,2.5,LBY,Libya,1.252762968495368,-0.10000000000000009
2011,3.2,LBY,Libya,1.4350845252893227,0.7000000000000002
2012,2.6,LBY,Libya,1.2809338454620642,-0.6000000000000001
2013,2.4,LBY,Libya,1.2237754316221157,-0.20000000000000018
2014,2.3,LBY,Libya,1.1939224684724346,-0.10000000000000009
2015,2.9,LBY,Libya,1.3609765531356006,0.6000000000000001
2016,2.8,LBY,Libya,1.33500106673234,-0.10000000000000009
2017,2.9,LBY,Libya,1.3609765531356006,0.10000000000000009
2018,2.9,LBY,Libya,1.3609765531356006,0.0
2019,3.0,LBY,Libya,1.3862943611198906,0.10000000000000009
2020,3.2,LBY,Libya,1.4350845252893227,0.20000000000000018
2021,3.1,LBY,Libya,1.410986973710262,-0.10000000000000009
1990,43.1,LCA,St. Lucia,3.7864597824528,
1991,41.2,LCA,St. Lucia,3.742420221041966,-1.8999999999999986
1992,36.7,LCA,St. Lucia,3.629660094453965,-4.5
1993,33.8,LCA,St. Lucia,3.5496173867804286,-2.9000000000000057
1994,30.8,LCA,St. Lucia,3.459466289786131,-2.9999999999999964
1995,29.7,LCA,St. Lucia,3.4242626545931514,-1.1000000000000014
1996,27.4,LCA,St. Lucia,3.3463891451671604,-2.3000000000000007
1997,27.7,LCA,St. Lucia,3.3568971227655755,0.3000000000000007
1998,25.1,LCA,St. Lucia,3.261935314328648,-2.599999999999998
1999,24.0,LCA,St. Lucia,3.2188758248682006,-1.1000000000000014
2000,24.0,LCA,St. Lucia,3.2188758248682006,0.0
2001,22.2,LCA,St. Lucia,3.1441522786722644,-1.8000000000000007
2002,21.7,LCA,St. Lucia,3.122364924487357,-0.5
2003,20.0,LCA,St. Lucia,3.044522437723423,-1.6999999999999993
2004,18.4,LCA,St. Lucia,2.9652730660692823,-1.6000000000000014
2005,18.4,LCA,St. Lucia,2.9652730660692823,0.0
2006,16.9,LCA,St. Lucia,2.884800712846709,-1.5
2007,16.3,LCA,St. Lucia,2.8507065015037334,-0.5999999999999979
2008,15.5,LCA,St. Lucia,2.803360380906535,-0.8000000000000007
2009,15.1,LCA,St. Lucia,2.7788192719904172,-0.40000000000000036
2010,13.2,LCA,St. Lucia,2.653241964607215,-1.9000000000000004
2011,12.9,LCA,St. Lucia,2.631888840136646,-0.29999999999999893
2012,12.4,LCA,St. Lucia,2.5952547069568657,-0.5
2013,12.1,LCA,St. Lucia,2.5726122302071057,-0.3000000000000007
2014,11.7,LCA,St. Lucia,2.5416019934645457,-0.40000000000000036
2015,11.5,LCA,St. Lucia,2.5257286443082556,-0.1999999999999993
2016,11.2,LCA,St. Lucia,2.501435951739211,-0.3000000000000007
2017,10.2,LCA,St. Lucia,2.4159137783010487,-1.0
2018,10.2,LCA,St. Lucia,2.4159137783010487,0.0
2019,10.0,LCA,St. Lucia,2.3978952727983707,-0.1999999999999993
2020,10.0,LCA,St. Lucia,2.3978952727983707,0.0
2021,9.7,LCA,St. Lucia,2.3702437414678603,-0.3000000000000007
2022,9.7,LCA,St. Lucia,2.3702437414678603,0.0
1990,64.8,LIE,Liechtenstein,4.186619838331271,
1991,59.8,LIE,Liechtenstein,4.107589788972121,-5.0
1992,57.7,LIE,Liechtenstein,4.072439726834051,-2.0999999999999943
1993,56.1,LIE,Liechtenstein,4.044804116661965,-1.6000000000000014
1994,56.5,LIE,Liechtenstein,4.051784947803305,0.3999999999999986
1995,55.0,LIE,Liechtenstein,4.02535169073515,-1.5
1996,51.8,LIE,Liechtenstein,3.966511190712216,-3.200000000000003
1997,53.2,LIE,Liechtenstein,3.9926809084456005,1.4000000000000057
1998,52.6,LIE,Liechtenstein,3.9815490680767565,-0.6000000000000014
1999,52.0,LIE,Liechtenstein,3.970291913552122,-0.6000000000000014
2000,54.0,LIE,Liechtenstein,4.007333185232471,2.0
2001,51.6,LIE,Liechtenstein,3.9627161197436642,-2.3999999999999986
2002,51.3,LIE,Liechtenstein,3.9569963710708773,-0.30000000000000426
2003,50.2,LIE,Liechtenstein,3.9357395320454622,-1.0999999999999943
2004,50.3,LIE,Liechtenstein,3.937690752176724,0.09999999999999432
2005,49.9,LIE,Liechtenstein,3.929862923556477,-0.3999999999999986
2006,50.8,LIE,Liechtenstein,3.9473901492654373,0.8999999999999986
2007,53.4,LIE,Liechtenstein,3.996364153861897,2.6000000000000014
2008,53.0,LIE,Liechtenstein,3.9889840465642745,-0.3999999999999986
2009,55.1,LIE,Liechtenstein,4.027135812528651,2.1000000000000014
2010,52.3,LIE,Liechtenstein,3.975936331171799,-2.8000000000000043
2011,55.3,LIE,Liechtenstein,4.030694535145645,3.0
2012,55.5,LIE,Liechtenstein,4.034240638152395,0.20000000000000284
2013,53.5,LIE,Liechtenstein,3.9982007016691985,-2.0
2014,55.0,LIE,Liechtenstein,4.02535169073515,1.5
2015,55.5,LIE,Liechtenstein,4.034240638152395,0.5
2016,55.8,LIE,Liechtenstein,4.039536325727106,0.29999999999999716
2017,55.3,LIE,Liechtenstein,4.030694535145645,-0.5
2018,56.8,LIE,Liechtenstein,4.056988775678332,1.5
2019,56.1,LIE,Liechtenstein,4.044804116661965,-0.6999999999999957
2020,55.2,LIE,Liechtenstein,4.028916756899646,-0.8999999999999986
2021,53.6,LIE,Liechtenstein,4.000033882750859,-1.6000000000000014
2022,56.9,LIE,Liechtenstein,4.05871738457895,3.299999999999997
1990,78.1,LKA,Sri Lanka,4.370712874773608,
1991,78.0,LKA,Sri Lanka,4.3694478524670215,-0.09999999999999432
1992,75.3,LKA,Sri Lanka,4.334672938290411,-2.700000000000003
1993,74.2,LKA,Sri Lanka,4.320151230955794,-1.0999999999999943
1994,70.6,LKA,Sri Lanka,4.2710950739666,-3.6000000000000085
1995,69.9,LKA,Sri Lanka,4.2612704335380815,-0.6999999999999886
1996,64.4,LKA,Sri Lanka,4.180522258463153,-5.5
1997,65.9,LKA,Sri Lanka,4.203198967134183,1.5
1998,64.2,LKA,Sri Lanka,4.177459468932607,-1.7000000000000028
1999,63.2,LKA,Sri Lanka,4.162003210695915,-1.0
2000,64.2,LKA,Sri Lanka,4.177459468932607,1.0
2001,62.9,LKA,Sri Lanka,4.157319361383489,-1.3000000000000043
2002,62.1,LKA,Sri Lanka,4.144720769547168,-0.7999999999999972
2003,61.3,LKA,Sri Lanka,4.131961425793407,-0.8000000000000043
2004,61.6,LKA,Sri Lanka,4.136765278106052,0.30000000000000426
2005,60.1,LKA,Sri Lanka,4.11251186617755,-1.5
2006,62.2,LKA,Sri Lanka,4.146304301152812,2.1000000000000014
2007,60.2,LKA,Sri Lanka,4.11414718951828,-2.0
2008,61.6,LKA,Sri Lanka,4.136765278106052,1.3999999999999986
2009,63.5,LKA,Sri Lanka,4.1666652238017265,1.8999999999999986
2010,61.9,LKA,Sri Lanka,4.141546163706395,-1.6000000000000014
2011,56.4,LKA,Sri Lanka,4.050044303325521,-5.5
2012,52.9,LKA,Sri Lanka,3.9871304779149512,-3.5
2013,56.9,LKA,Sri Lanka,4.05871738457895,4.0
2014,54.2,LKA,Sri Lanka,4.01096295328305,-2.6999999999999957
2015,51.3,LKA,Sri Lanka,3.9569963710708773,-2.9000000000000057
2016,45.1,LKA,Sri Lanka,3.8308129500026027,-6.199999999999996
2017,45.8,LKA,Sri Lanka,3.845883202923601,0.6999999999999957
2018,47.9,LKA,Sri Lanka,3.8897773964808264,2.1000000000000014
2019,46.1,LKA,Sri Lanka,3.8522730010223722,-1.7999999999999972
2020,49.3,LKA,Sri Lanka,3.9180050771056933,3.1999999999999957
2021,48.8,LKA,Sri Lanka,3.9080149840306073,-0.5
1990,52.0,LSO,Lesotho,3.970291913552122,
1991,52.0,LSO,Lesotho,3.970291913552122,0.0
1992,51.4,LSO,Lesotho,3.9589065913269965,-0.6000000000000014
1993,51.0,LSO,Lesotho,3.9512437185814275,-0.3999999999999986
1994,50.8,LSO,Lesotho,3.9473901492654373,-0.20000000000000284
1995,50.8,LSO,Lesotho,3.9473901492654373,0.0
1996,50.8,LSO,Lesotho,3.9473901492654373,0.0
1997,50.6,LSO,Lesotho,3.9435216724875173,-0.19999999999999574
1998,50.6,LSO,Lesotho,3.9435216724875173,0.0
1999,56.9,LSO,Lesotho,4.05871738457895,6.299999999999997
2000,56.7,LSO,Lesotho,4.055257173514054,-0.19999999999999574
2001,56.5,LSO,Lesotho,4.051784947803305,-0.20000000000000284
2002,56.2,LSO,Lesotho,4.046553898385752,-0.29999999999999716
2003,55.9,LSO,Lesotho,4.041295341132285,-0.30000000000000426
2004,55.4,LSO,Lesotho,4.032469158504013,-0.5
2005,55.3,LSO,Lesotho,4.030694535145645,-0.10000000000000142
2006,55.5,LSO,Lesotho,4.034240638152395,0.20000000000000284
2007,55.3,LSO,Lesotho,4.030694535145645,-0.20000000000000284
2008,55.0,LSO,Lesotho,4.02535169073515,-0.29999999999999716
2009,54.0,LSO,Lesotho,4.007333185232471,-1.0
2010,53.0,LSO,Lesotho,3.9889840465642745,-1.0
2011,42.3,LSO,Lesotho,3.768152635008444,-10.700000000000003
2012,40.8,LSO,Lesotho,3.7328963395307104,-1.5
2013,46.1,LSO,Lesotho,3.8522730010223722,5.300000000000004
2014,43.2,LSO,Lesotho,3.7887247890836524,-2.8999999999999986
2015,46.0,LSO,Lesotho,3.8501476017100584,2.799999999999997
2016,45.1,LSO,Lesotho,3.8308129500026027,-0.8999999999999986
2017,41.5,LSO,Lesotho,3.7495040759303713,-3.6000000000000014
2018,42.5,LSO,Lesotho,3.7727609380946383,1.0
2019,41.6,LSO,Lesotho,3.751854253275325,-0.8999999999999986
2020,43.2,LSO,Lesotho,3.7887247890836524,1.6000000000000014
2021,33.6,LSO,Lesotho,3.543853682063679,-9.600000000000001
2022,34.9,LSO,Lesotho,3.580737295494233,1.2999999999999972
1990,3.1,LTU,Lithuania,1.410986973710262,
1991,2.9,LTU,Lithuania,1.3609765531356006,-0.20000000000000018
1992,4.6,LTU,Lithuania,1.7227665977411035,1.6999999999999997
1993,8.9,LTU,Lithuania,2.2925347571405443,4.300000000000001
1994,9.8,LTU,Lithuania,2.379546134130174,0.9000000000000004
1995,10.3,LTU,Lithuania,2.424802725718295,0.5
1996,11.5,LTU,Lithuania,2.5257286443082556,1.1999999999999993
1997,11.6,LTU,Lithuania,2.533696813957432,0.09999999999999964
1998,12.9,LTU,Lithuania,2.631888840136646,1.3000000000000007
1999,15.0,LTU,Lithuania,2.772588722239781,2.0999999999999996
2000,17.2,LTU,Lithuania,2.9014215940827497,2.1999999999999993
2001,17.6,LTU,Lithuania,2.9231615807191558,0.40000000000000213
2002,17.9,LTU,Lithuania,2.9391619220655967,0.29999999999999716
2003,18.1,LTU,Lithuania,2.9496883350525844,0.20000000000000284
2004,18.1,LTU,Lithuania,2.9496883350525844,0.0
2005,17.5,LTU,Lithuania,2.917770732084279,-0.6000000000000014
2006,17.5,LTU,Lithuania,2.917770732084279,0.0
2007,17.1,LTU,Lithuania,2.89591193827178,-0.3999999999999986
2008,18.3,LTU,Lithuania,2.9601050959108397,1.1999999999999993
2009,20.1,LTU,Lithuania,3.0492730404820207,1.8000000000000007
2010,21.5,LTU,Lithuania,3.1135153092103742,1.3999999999999986
2011,22.7,LTU,Lithuania,3.1654750481410856,1.1999999999999993
2012,23.9,LTU,Lithuania,3.214867803470662,1.1999999999999993
2013,26.3,LTU,Lithuania,3.3068867021909143,2.400000000000002
2014,27.7,LTU,Lithuania,3.3568971227655755,1.3999999999999986
2015,29.0,LTU,Lithuania,3.4011973816621555,1.3000000000000007
2016,31.5,LTU,Lithuania,3.481240089335692,2.5
2017,33.8,LTU,Lithuania,3.5496173867804286,2.299999999999997
2018,33.7,LTU,Lithuania,3.5467396869528134,-0.09999999999999432
2019,33.5,LTU,Lithuania,3.5409593240373143,-0.20000000000000284
2020,31.7,LTU,Lithuania,3.487375077903208,-1.8000000000000007
2021,33.2,LTU,Lithuania,3.5322256440685598,1.5000000000000036
1990,1.7,LUX,Luxembourg,0.9932517730102833,
1991,1.7,LUX,Luxembourg,0.9932517730102833,0.0
1992,2.0,LUX,Luxembourg,1.0986122886681098,0.30000000000000004
1993,2.0,LUX,Luxembourg,1.0986122886681098,0.0
1994,2.8,LUX,Luxembourg,1.33500106673234,0.7999999999999998
1995,4.0,LUX,Luxembourg,1.6094379124341003,1.2000000000000002
1996,3.1,LUX,Luxembourg,1.410986973710262,-0.8999999999999999
1997,4.4,LUX,Luxembourg,1.6863989535702288,1.3000000000000003
1998,6.7,LUX,Luxembourg,2.0412203288596382,2.3
1999,5.9,LUX,Luxembourg,1.9315214116032138,-0.7999999999999998
2000,6.8,LUX,Luxembourg,2.0541237336955462,0.8999999999999995
2001,3.4,LUX,Luxembourg,1.4816045409242156,-3.4
2002,1.3,LUX,Luxembourg,0.832909122935104,-2.0999999999999996
2003,1.3,LUX,Luxembourg,0.832909122935104,0.0
2004,1.4,LUX,Luxembourg,0.8754687373538999,0.09999999999999987
2005,1.9,LUX,Luxembourg,1.0647107369924282,0.5
2006,2.1,LUX,Luxembourg,1.1314021114911006,0.20000000000000018
2007,3.6,LUX,Luxembourg,1.5260563034950492,1.5
2008,4.0,LUX,Luxembourg,1.6094379124341003,0.3999999999999999
2009,3.7,LUX,Luxembourg,1.547562508716013,-0.2999999999999998
2010,3.7,LUX,Luxembourg,1.547562508716013,0.0
2011,3.8,LUX,Luxembourg,1.5686159179138452,0.09999999999999964
2012,4.2,LUX,Luxembourg,1.6486586255873816,0.40000000000000036
2013,5.7,LUX,Luxembourg,1.9021075263969205,1.5
2014,6.8,LUX,Luxembourg,2.0541237336955462,1.0999999999999996
2015,9.1,LUX,Luxembourg,2.312535423847214,2.3
2016,13.5,LUX,Luxembourg,2.6741486494265287,4.4
2017,15.3,LUX,Luxembourg,2.791165107812717,1.8000000000000007
2018,16.0,LUX,Luxembourg,2.833213344056216,0.6999999999999993
2019,16.4,LUX,Luxembourg,2.856470206220483,0.3999999999999986
2020,20.8,LUX,Luxembourg,3.0819099697950434,4.400000000000002
2021,20.5,LUX,Luxembourg,3.068052935133617,-0.3000000000000007
1990,17.6,LVA,Latvia,2.9231615807191558,
1991,18.7,LVA,Latvia,2.9806186357439426,1.0999999999999979
1992,21.6,LVA,Latvia,3.1179499062782403,2.900000000000002
1993,25.4,LVA,Latvia,3.2733640101522705,3.799999999999997
1994,28.3,LVA,Latvia,3.3775875160230218,2.900000000000002
1995,32.4,LVA,Latvia,3.5085558999826545,4.099999999999998
1996,32.0,LVA,Latvia,3.4965075614664802,-0.3999999999999986
1997,32.9,LVA,Latvia,3.5234150143864045,0.8999999999999986
1998,35.4,LVA,Latvia,3.594568774642695,2.5
1999,36.3,LVA,Latvia,3.6189933266497696,0.8999999999999986
2000,35.8,LVA,Latvia,3.6054978451748854,-0.5
2001,35.4,LVA,Latvia,3.594568774642695,-0.3999999999999986
2002,34.4,LVA,Latvia,3.5667118201397288,-1.0
2003,34.3,LVA,Latvia,3.563882963939251,-0.10000000000000142
2004,36.1,LVA,Latvia,3.6136169696133895,1.8000000000000043
2005,36.3,LVA,Latvia,3.6189933266497696,0.19999999999999574
2006,34.0,LVA,Latvia,3.5553480614894135,-2.299999999999997
2007,33.1,LVA,Latvia,3.529297384289471,-0.8999999999999986
2008,33.7,LVA,Latvia,3.5467396869528134,0.6000000000000014
2009,38.4,LVA,Latvia,3.673765816303888,4.699999999999996
2010,33.1,LVA,Latvia,3.529297384289471,-5.299999999999997
2011,35.5,LVA,Latvia,3.597312260588446,2.3999999999999986
2012,40.4,LVA,Latvia,3.7232808808312687,4.899999999999999
2013,39.6,LVA,Latvia,3.703768066607687,-0.7999999999999972
2014,40.2,LVA,Latvia,3.7184382563554808,0.6000000000000014
2015,38.1,LVA,Latvia,3.66612246699132,-2.1000000000000014
2016,38.5,LVA,Latvia,3.676300671907076,0.3999999999999986
2017,42.6,LVA,Latvia,3.775057150354989,4.100000000000001
2018,41.0,LVA,Latvia,3.7376696182833684,-1.6000000000000014
2019,41.5,LVA,Latvia,3.7495040759303713,0.5
2020,43.8,LVA,Latvia,3.8022081394209395,2.299999999999997
2021,44.0,LVA,Latvia,3.8066624897703196,0.20000000000000284
1990,0.8,MAC,"Macao SAR, China",0.5877866649021191,
1991,0.8,MAC,"Macao SAR, China",0.5877866649021191,0.0
1992,0.7,MAC,"Macao SAR, China",0.5306282510621704,-0.10000000000000009
1993,0.6,MAC,"Macao SAR, China",0.4700036292457356,-0.09999999999999998
1994,0.6,MAC,"Macao SAR, China",0.4700036292457356,0.0
1995,0.6,MAC,"Macao SAR, China",0.4700036292457356,0.0
1996,0.5,MAC,"Macao SAR, China",0.4054651081081644,-0.09999999999999998
1997,0.2,MAC,"Macao SAR, China",0.18232155679395465,-0.3
1998,0.2,MAC,"Macao SAR, China",0.18232155679395465,0.0
1999,0.2,MAC,"Macao SAR, China",0.18232155679395465,0.0
2000,0.2,MAC,"Macao SAR, China",0.18232155679395465,0.0
2001,0.9,MAC,"Macao SAR, China",0.6418538861723948,0.7
2002,1.4,MAC,"Macao SAR, China",0.8754687373538999,0.4999999999999999
2003,2.4,MAC,"Macao SAR, China",1.2237754316221157,1.0
2004,2.5,MAC,"Macao SAR, China",1.252762968495368,0.10000000000000009
2005,2.3,MAC,"Macao SAR, China",1.1939224684724346,-0.20000000000000018
2006,2.8,MAC,"Macao SAR, China",1.33500106673234,0.5
2007,3.4,MAC,"Macao SAR, China",1.4816045409242156,0.6000000000000001
2008,4.7,MAC,"Macao SAR, China",1.7404661748405046,1.3000000000000003
2009,3.0,MAC,"Macao SAR, China",1.3862943611198906,-1.7000000000000002
2010,5.5,MAC,"Macao SAR, China",1.8718021769015913,2.5
2011,6.4,MAC,"Macao SAR, China",2.0014800002101243,0.9000000000000004
2012,11.1,MAC,"Macao SAR, China",2.4932054526026954,4.699999999999999
2013,16.6,MAC,"Macao SAR, China",2.8678989020441064,5.500000000000002
2014,11.4,MAC,"Macao SAR, China",2.517696472610991,-5.200000000000001
2015,5.4,MAC,"Macao SAR, China",1.8562979903656263,-6.0
2016,5.4,MAC,"Macao SAR, China",1.8562979903656263,0.0
2017,3.9,MAC,"Macao SAR, China",1.589235205116581,-1.5000000000000004
2018,8.4,MAC,"Macao SAR, China",2.2407096892759584,4.5
2019,8.4,MAC,"Macao SAR, China",2.2407096892759584,0.0
2020,11.0,MAC,"Macao SAR, China",2.4849066497880004,2.5999999999999996
2021,13.6,MAC,"Macao SAR, China",2.681021528714291,2.5999999999999996
2022,11.0,MAC,"Macao SAR, China",2.4849066497880004,-2.5999999999999996
1990,22.4,MAR,Morocco,3.152736022363656,
1991,23.0,MAR,Morocco,3.1780538303479458,0.6000000000000014
1992,21.6,MAR,Morocco,3.1179499062782403,-1.3999999999999986
1993,19.0,MAR,Morocco,2.995732273553991,-2.6000000000000014
1994,19.0,MAR,Morocco,2.995732273553991,0.0
1995,17.7,MAR,Morocco,2.928523523860541,-1.3000000000000007
1996,19.1,MAR,Morocco,3.0007198150650303,1.4000000000000021
1997,18.8,MAR,Morocco,2.9856819377004897,-0.3000000000000007
1998,17.6,MAR,Morocco,2.9231615807191558,-1.1999999999999993
1999,15.9,MAR,Morocco,2.8273136219290276,-1.700000000000001
2000,15.5,MAR,Morocco,2.803360380906535,-0.40000000000000036
2001,15.3,MAR,Morocco,2.791165107812717,-0.1999999999999993
2002,15.1,MAR,Morocco,2.7788192719904172,-0.20000000000000107
2003,16.1,MAR,Morocco,2.8390784635086144,1.0000000000000018
2004,22.4,MAR,Morocco,3.152736022363656,6.299999999999997
2005,20.0,MAR,Morocco,3.044522437723423,-2.3999999999999986
2006,18.2,MAR,Morocco,2.954910279033736,-1.8000000000000007
2007,16.6,MAR,Morocco,2.8678989020441064,-1.5999999999999979
2008,14.4,MAR,Morocco,2.7343675094195836,-2.200000000000001
2009,14.2,MAR,Morocco,2.7212954278522306,-0.20000000000000107
2010,13.9,MAR,Morocco,2.7013612129514133,-0.29999999999999893
2011,11.8,MAR,Morocco,2.5494451709255714,-2.0999999999999996
2012,10.9,MAR,Morocco,2.4765384001174837,-0.9000000000000004
2013,11.6,MAR,Morocco,2.533696813957432,0.6999999999999993
2014,11.1,MAR,Morocco,2.4932054526026954,-0.5
2015,11.2,MAR,Morocco,2.501435951739211,0.09999999999999964
2016,11.1,MAR,Morocco,2.4932054526026954,-0.09999999999999964
2017,10.4,MAR,Morocco,2.4336133554004498,-0.6999999999999993
2018,10.9,MAR,Morocco,2.4765384001174837,0.5
2019,10.7,MAR,Morocco,2.4595888418037104,-0.20000000000000107
2020,11.1,MAR,Morocco,2.4932054526026954,0.40000000000000036
2021,10.9,MAR,Morocco,2.4765384001174837,-0.1999999999999993
1990,1.1,MDA,Moldova,0.7419373447293773,
1991,1.6,MDA,Moldova,0.9555114450274363,0.5
1992,2.2,MDA,Moldova,1.1631508098056809,0.6000000000000001
1993,2.4,MDA,Moldova,1.2237754316221157,0.19999999999999973
1994,2.6,MDA,Moldova,1.2809338454620642,0.20000000000000018
1995,2.8,MDA,Moldova,1.33500106673234,0.19999999999999973
1996,3.7,MDA,Moldova,1.547562508716013,0.9000000000000004
1997,3.9,MDA,Moldova,1.589235205116581,0.19999999999999973
1998,4.1,MDA,Moldova,1.62924053973028,0.19999999999999973
1999,4.9,MDA,Moldova,1.7749523509116738,0.8000000000000007
2000,5.7,MDA,Moldova,1.9021075263969205,0.7999999999999998
2001,5.6,MDA,Moldova,1.8870696490323797,-0.10000000000000053
2002,5.8,MDA,Moldova,1.916922612182061,0.20000000000000018
2003,5.9,MDA,Moldova,1.9315214116032138,0.10000000000000053
2004,4.8,MDA,Moldova,1.7578579175523736,-1.1000000000000005
2005,4.3,MDA,Moldova,1.667706820558076,-0.5
2006,5.0,MDA,Moldova,1.791759469228055,0.7000000000000002
2007,4.4,MDA,Moldova,1.6863989535702288,-0.5999999999999996
2008,4.9,MDA,Moldova,1.7749523509116738,0.5
2009,4.8,MDA,Moldova,1.7578579175523736,-0.10000000000000053
2010,20.0,MDA,Moldova,3.044522437723423,15.2
2011,20.4,MDA,Moldova,3.0633909220278057,0.3999999999999986
2012,22.1,MDA,Moldova,3.139832617527748,1.7000000000000028
2013,23.8,MDA,Moldova,3.2108436531709366,1.6999999999999993
2014,24.3,MDA,Moldova,3.2308043957334744,0.5
2015,24.7,MDA,Moldova,3.246490991901174,0.3999999999999986
2016,25.3,MDA,Moldova,3.269568939183719,0.6000000000000014
2017,26.1,MDA,Moldova,3.299533727885655,0.8000000000000007
2018,25.3,MDA,Moldova,3.269568939183719,-0.8000000000000007
2019,22.0,MDA,Moldova,3.1354942159291497,-3.3000000000000007
2020,22.3,MDA,Moldova,3.1484533605716547,0.3000000000000007
2021,21.4,MDA,Moldova,3.109060958860994,-0.9000000000000021
1990,87.2,MDG,Madagascar,4.4796069630127455,
1991,86.6,MDG,Madagascar,4.472780997942346,-0.6000000000000085
1992,86.7,MDG,Madagascar,4.473921899378137,0.10000000000000853
1993,87.0,MDG,Madagascar,4.477336814478207,0.29999999999999716
1994,86.0,MDG,Madagascar,4.465908118654584,-1.0
1995,86.1,MDG,Madagascar,4.467056883858457,0.09999999999999432
1996,85.5,MDG,Madagascar,4.460144413937834,-0.5999999999999943
1997,83.1,MDG,Madagascar,4.432006566978902,-2.4000000000000057
1998,82.7,MDG,Madagascar,4.4272389774954295,-0.3999999999999915
1999,82.7,MDG,Madagascar,4.4272389774954295,0.0
2000,82.2,MDG,Madagascar,4.421247347827163,-0.5
2001,84.1,MDG,Madagascar,4.443827035579329,1.8999999999999915
2002,87.2,MDG,Madagascar,4.4796069630127455,3.1000000000000085
2003,84.8,MDG,Madagascar,4.4520190064939165,-2.4000000000000057
2004,84.3,MDG,Madagascar,4.446174454497633,-0.5
2005,84.9,MDG,Madagascar,4.45318382899021,0.6000000000000085
2006,85.9,MDG,Madagascar,4.464758032271346,1.0
2007,86.2,MDG,Madagascar,4.468204330914934,0.29999999999999716
2008,86.4,MDG,Madagascar,4.470495282661489,0.20000000000000284
2009,87.2,MDG,Madagascar,4.4796069630127455,0.7999999999999972
2010,86.7,MDG,Madagascar,4.473921899378137,-0.5
2011,84.5,MDG,Madagascar,4.448516375942715,-2.200000000000003
2012,83.3,MDG,Madagascar,4.4343818650078095,-1.2000000000000028
2013,81.4,MDG,Madagascar,4.411585436915426,-1.8999999999999915
2014,82.2,MDG,Madagascar,4.421247347827163,0.7999999999999972
2015,83.9,MDG,Madagascar,4.441474093317302,1.7000000000000028
2016,83.8,MDG,Madagascar,4.440295542797857,-0.10000000000000853
2017,81.9,MDG,Madagascar,4.417635062141249,-1.8999999999999915
2018,84.2,MDG,Madagascar,4.44500143383527,2.299999999999997
2019,82.5,MDG,Madagascar,4.42484663185681,-1.7000000000000028
2020,84.7,MDG,Madagascar,4.450852825603734,2.200000000000003
2021,83.6,MDG,Madagascar,4.437934266612178,-1.1000000000000085
2022,83.1,MDG,Madagascar,4.432006566978902,-0.5
1990,4.5,MDV,Maldives,1.7047480922384253,
1991,4.4,MDV,Maldives,1.6863989535702288,-0.09999999999999964
1992,3.1,MDV,Maldives,1.410986973710262,-1.3000000000000003
1993,3.8,MDV,Maldives,1.5686159179138452,0.6999999999999997
1994,4.0,MDV,Maldives,1.6094379124341003,0.20000000000000018
1995,3.3,MDV,Maldives,1.4586150226995167,-0.7000000000000002
1996,3.2,MDV,Maldives,1.4350845252893227,-0.09999999999999964
1997,2.7,MDV,Maldives,1.308332819650179,-0.5
1998,3.0,MDV,Maldives,1.3862943611198906,0.2999999999999998
1999,2.2,MDV,Maldives,1.1631508098056809,-0.7999999999999998
2000,2.3,MDV,Maldives,1.1939224684724346,0.09999999999999964
2001,2.3,MDV,Maldives,1.1939224684724346,0.0
2002,1.8,MDV,Maldives,1.0296194171811581,-0.4999999999999998
2003,2.2,MDV,Maldives,1.1631508098056809,0.40000000000000013
2004,1.7,MDV,Maldives,0.9932517730102833,-0.5000000000000002
2005,2.0,MDV,Maldives,1.0986122886681098,0.30000000000000004
2006,1.6,MDV,Maldives,0.9555114450274363,-0.3999999999999999
2007,1.5,MDV,Maldives,0.9162907318741551,-0.10000000000000009
2008,1.5,MDV,Maldives,0.9162907318741551,0.0
2009,1.5,MDV,Maldives,0.9162907318741551,0.0
2010,1.4,MDV,Maldives,0.8754687373538999,-0.10000000000000009
2011,1.3,MDV,Maldives,0.832909122935104,-0.09999999999999987
2012,1.2,MDV,Maldives,0.7884573603642702,-0.10000000000000009
2013,1.3,MDV,Maldives,0.832909122935104,0.10000000000000009
2014,1.2,MDV,Maldives,0.7884573603642702,-0.10000000000000009
2015,1.5,MDV,Maldives,0.9162907318741551,0.30000000000000004
2016,1.2,MDV,Maldives,0.7884573603642702,-0.30000000000000004
2017,1.3,MDV,Maldives,0.832909122935104,0.10000000000000009
2018,1.3,MDV,Maldives,0.832909122935104,0.0
2019,1.3,MDV,Maldives,0.832909122935104,0.0
2020,1.6,MDV,Maldives,0.9555114450274363,0.30000000000000004
2021,1.4,MDV,Maldives,0.8754687373538999,-0.20000000000000018
2022,1.2,MDV,Maldives,0.7884573603642702,-0.19999999999999996
1990,14.4,MEX,Mexico,2.7343675094195836,
1991,13.2,MEX,Mexico,2.653241964607215,-1.200000000000001
1992,13.4,MEX,Mexico,2.667228206581955,0.20000000000000107
1993,13.3,MEX,Mexico,2.6602595372658615,-0.09999999999999964
1994,11.9,MEX,Mexico,2.5572273113676265,-1.4000000000000004
1995,13.3,MEX,Mexico,2.6602595372658615,1.4000000000000004
1996,13.1,MEX,Mexico,2.6461747973841225,-0.20000000000000107
1997,12.7,MEX,Mexico,2.617395832834079,-0.40000000000000036
1998,12.2,MEX,Mexico,2.580216829592325,-0.5
1999,12.8,MEX,Mexico,2.624668592163159,0.6000000000000014
2000,12.2,MEX,Mexico,2.580216829592325,-0.6000000000000014
2001,11.3,MEX,Mexico,2.509599262378372,-0.8999999999999986
2002,10.7,MEX,Mexico,2.4595888418037104,-0.6000000000000014
2003,10.2,MEX,Mexico,2.4159137783010487,-0.5
2004,10.2,MEX,Mexico,2.4159137783010487,0.0
2005,10.3,MEX,Mexico,2.424802725718295,0.10000000000000142
2006,9.8,MEX,Mexico,2.379546134130174,-0.5
2007,9.5,MEX,Mexico,2.3513752571634776,-0.3000000000000007
2008,9.8,MEX,Mexico,2.379546134130174,0.3000000000000007
2009,9.2,MEX,Mexico,2.322387720290225,-0.6000000000000014
2010,9.4,MEX,Mexico,2.341805806147327,0.20000000000000107
2011,9.1,MEX,Mexico,2.312535423847214,-0.3000000000000007
2012,9.0,MEX,Mexico,2.302585092994046,-0.09999999999999964
2013,9.2,MEX,Mexico,2.322387720290225,0.1999999999999993
2014,9.8,MEX,Mexico,2.379546134130174,0.6000000000000014
2015,9.2,MEX,Mexico,2.322387720290225,-0.6000000000000014
2016,9.2,MEX,Mexico,2.322387720290225,0.0
2017,10.1,MEX,Mexico,2.4069451083182885,0.9000000000000004
2018,10.3,MEX,Mexico,2.424802725718295,0.20000000000000107
2019,10.3,MEX,Mexico,2.424802725718295,0.0
2020,12.3,MEX,Mexico,2.5877640352277083,2.0
2021,13.0,MEX,Mexico,2.6390573296152584,0.6999999999999993
1992,19.3,MHL,Marshall Islands,3.0106208860477417,
1993,19.0,MHL,Marshall Islands,2.995732273553991,-0.3000000000000007
1994,19.4,MHL,Marshall Islands,3.0155349008501706,0.3999999999999986
1995,19.4,MHL,Marshall Islands,3.0155349008501706,0.0
1996,19.6,MHL,Marshall Islands,3.0252910757955354,0.20000000000000284
1997,19.7,MHL,Marshall Islands,3.0301337002713233,0.09999999999999787
1998,19.6,MHL,Marshall Islands,3.0252910757955354,-0.09999999999999787
1999,19.4,MHL,Marshall Islands,3.0155349008501706,-0.20000000000000284
2000,19.6,MHL,Marshall Islands,3.0252910757955354,0.20000000000000284
2001,19.1,MHL,Marshall Islands,3.0007198150650303,-0.5
2002,18.6,MHL,Marshall Islands,2.975529566236472,-0.5
2003,18.6,MHL,Marshall Islands,2.975529566236472,0.0
2004,18.4,MHL,Marshall Islands,2.9652730660692823,-0.20000000000000284
2005,18.4,MHL,Marshall Islands,2.9652730660692823,0.0
2006,17.0,MHL,Marshall Islands,2.8903717578961645,-1.3999999999999986
2007,15.2,MHL,Marshall Islands,2.785011242238338,-1.8000000000000007
2008,14.8,MHL,Marshall Islands,2.760009940032921,-0.3999999999999986
2009,14.0,MHL,Marshall Islands,2.70805020110221,-0.8000000000000007
2010,13.7,MHL,Marshall Islands,2.6878474937846906,-0.3000000000000007
2011,12.3,MHL,Marshall Islands,2.5877640352277083,-1.3999999999999986
2012,12.0,MHL,Marshall Islands,2.5649493574615367,-0.3000000000000007
2013,12.4,MHL,Marshall Islands,2.5952547069568657,0.40000000000000036
2014,12.2,MHL,Marshall Islands,2.580216829592325,-0.20000000000000107
2015,11.7,MHL,Marshall Islands,2.5416019934645457,-0.5
2016,12.1,MHL,Marshall Islands,2.5726122302071057,0.40000000000000036
2017,12.0,MHL,Marshall Islands,2.5649493574615367,-0.09999999999999964
2018,12.0,MHL,Marshall Islands,2.5649493574615367,0.0
2019,12.1,MHL,Marshall Islands,2.5726122302071057,0.09999999999999964
2020,12.0,MHL,Marshall Islands,2.5649493574615367,-0.09999999999999964
2021,12.1,MHL,Marshall Islands,2.5726122302071057,0.09999999999999964
2022,12.2,MHL,Marshall Islands,2.580216829592325,0.09999999999999964
1990,2.4,MKD,North Macedonia,1.2237754316221157,
1991,4.4,MKD,North Macedonia,1.6863989535702288,2.0000000000000004
1992,16.0,MKD,North Macedonia,2.833213344056216,11.6
1993,14.8,MKD,North Macedonia,2.760009940032921,-1.1999999999999993
1994,16.6,MKD,North Macedonia,2.8678989020441064,1.8000000000000007
1995,17.8,MKD,North Macedonia,2.9338568698359038,1.1999999999999993
1996,14.2,MKD,North Macedonia,2.7212954278522306,-3.6000000000000014
1997,15.9,MKD,North Macedonia,2.8273136219290276,1.700000000000001
1998,15.1,MKD,North Macedonia,2.7788192719904172,-0.8000000000000007
1999,17.7,MKD,North Macedonia,2.928523523860541,2.5999999999999996
2000,19.4,MKD,North Macedonia,3.0155349008501706,1.6999999999999993
2001,15.2,MKD,North Macedonia,2.785011242238338,-4.199999999999999
2002,14.6,MKD,North Macedonia,2.747270914255491,-0.5999999999999996
2003,17.3,MKD,North Macedonia,2.9069010598473755,2.700000000000001
2004,18.2,MKD,North Macedonia,2.954910279033736,0.8999999999999986
2005,19.0,MKD,North Macedonia,2.995732273553991,0.8000000000000007
2006,19.8,MKD,North Macedonia,3.0349529867072724,0.8000000000000007
2007,15.7,MKD,North Macedonia,2.8154087194227095,-4.100000000000001
2008,15.6,MKD,North Macedonia,2.8094026953624978,-0.09999999999999964
2009,18.4,MKD,North Macedonia,2.9652730660692823,2.799999999999999
2010,22.3,MKD,North Macedonia,3.1484533605716547,3.900000000000002
2011,18.6,MKD,North Macedonia,2.975529566236472,-3.6999999999999993
2012,18.3,MKD,North Macedonia,2.9601050959108397,-0.3000000000000007
2013,21.2,MKD,North Macedonia,3.100092288878234,2.8999999999999986
2014,21.2,MKD,North Macedonia,3.100092288878234,0.0
2015,23.9,MKD,North Macedonia,3.214867803470662,2.6999999999999993
2016,21.4,MKD,North Macedonia,3.109060958860994,-2.5
2017,19.0,MKD,North Macedonia,2.995732273553991,-2.3999999999999986
2018,20.9,MKD,North Macedonia,3.086486636822455,1.8999999999999986
2019,17.0,MKD,North Macedonia,2.8903717578961645,-3.8999999999999986
2020,20.0,MKD,North Macedonia,3.044522437723423,3.0
2021,19.5,MKD,North Macedonia,3.0204248861443626,-0.5
1990,87.2,MLI,Mali,4.4796069630127455,
1991,87.6,MLI,Mali,4.484131857611035,0.3999999999999915
1992,86.9,MLI,Mali,4.476199804691132,-0.6999999999999886
1993,86.6,MLI,Mali,4.472780997942346,-0.30000000000001137
1994,85.6,MLI,Mali,4.461299815568389,-1.0
1995,85.1,MLI,Mali,4.455509411433685,-0.5
1996,85.4,MLI,Mali,4.45898767581001,0.30000000000001137
1997,84.6,MLI,Mali,4.449685283147696,-0.8000000000000114
1998,84.8,MLI,Mali,4.4520190064939165,0.20000000000000284
1999,84.6,MLI,Mali,4.449685283147696,-0.20000000000000284
2000,83.5,MLI,Mali,4.436751534363128,-1.0999999999999943
2001,82.1,MLI,Mali,4.420044701861403,-1.4000000000000057
2002,83.6,MLI,Mali,4.437934266612178,1.5
2003,85.8,MLI,Mali,4.463606621666305,2.200000000000003
2004,81.5,MLI,Mali,4.412798293340635,-4.299999999999997
2005,82.3,MLI,Mali,4.422448549172797,0.7999999999999972
2006,81.7,MLI,Mali,4.415219602029645,-0.5999999999999943
2007,78.9,MLI,Mali,4.380775852772229,-2.799999999999997
2008,75.0,MLI,Mali,4.330733340286331,-3.9000000000000057
2009,78.7,MLI,Mali,4.378269585796169,3.700000000000003
2010,84.0,MLI,Mali,4.442651256490317,5.299999999999997
2011,83.6,MLI,Mali,4.437934266612178,-0.4000000000000057
2012,81.2,MLI,Mali,4.409155302062135,-2.3999999999999915
2013,84.8,MLI,Mali,4.4520190064939165,3.5999999999999943
2014,84.6,MLI,Mali,4.449685283147696,-0.20000000000000284
2015,81.2,MLI,Mali,4.409155302062135,-3.3999999999999915
2016,77.9,MLI,Mali,4.368181227851829,-3.299999999999997
2017,77.0,MLI,Mali,4.356708826689592,-0.9000000000000057
2018,77.2,MLI,Mali,4.359269647551265,0.20000000000000284
2019,74.9,MLI,Mali,4.3294166844015844,-2.299999999999997
2020,72.8,MLI,Mali,4.301358731606427,-2.1000000000000085
2021,71.2,MLI,Mali,4.279440045898781,-1.5999999999999943
2022,71.1,MLI,Mali,4.278054044290903,-0.10000000000000853
1990,0.0,MLT,Malta,0.0,
1991,0.0,MLT,Malta,0.0,0.0
1992,0.0,MLT,Malta,0.0,0.0
1993,0.0,MLT,Malta,0.0,0.0
1994,0.0,MLT,Malta,0.0,0.0
1995,0.0,MLT,Malta,0.0,0.0
1996,0.0,MLT,Malta,0.0,0.0
1997,0.0,MLT,Malta,0.0,0.0
1998,0.0,MLT,Malta,0.0,0.0
1999,0.0,MLT,Malta,0.0,0.0
2000,0.0,MLT,Malta,0.0,0.0
2001,0.0,MLT,Malta,0.0,0.0
2002,0.1,MLT,Malta,0.09531017980432487,0.1
2003,0.1,MLT,Malta,0.09531017980432487,0.0
2004,0.1,MLT,Malta,0.09531017980432487,0.0
2005,0.1,MLT,Malta,0.09531017980432487,0.0
2006,0.2,MLT,Malta,0.18232155679395465,0.1
2007,0.2,MLT,Malta,0.18232155679395465,0.0
2008,0.2,MLT,Malta,0.18232155679395465,0.0
2009,0.3,MLT,Malta,0.262364264467491,0.09999999999999998
2010,1.2,MLT,Malta,0.7884573603642702,0.8999999999999999
2011,2.0,MLT,Malta,1.0986122886681098,0.8
2012,2.7,MLT,Malta,1.308332819650179,0.7000000000000002
2013,3.2,MLT,Malta,1.4350845252893227,0.5
2014,4.5,MLT,Malta,1.7047480922384253,1.2999999999999998
2015,6.0,MLT,Malta,1.9459101490553132,1.5
2016,9.2,MLT,Malta,2.322387720290225,3.1999999999999993
2017,7.3,MLT,Malta,2.1162555148025524,-1.8999999999999995
2018,7.6,MLT,Malta,2.151762203259462,0.2999999999999998
2019,7.4,MLT,Malta,2.128231705849268,-0.1999999999999993
2020,9.2,MLT,Malta,2.322387720290225,1.799999999999999
2021,8.6,MLT,Malta,2.2617630984737906,-0.5999999999999996
1990,90.9,MMR,Myanmar,4.520701029361642,
1991,91.1,MMR,Myanmar,4.522874943261261,0.19999999999998863
1992,90.8,MMR,Myanmar,4.519612297626445,-0.29999999999999716
1993,89.2,MMR,Myanmar,4.502029427068578,-1.5999999999999943
1994,88.0,MMR,Myanmar,4.48863636973214,-1.2000000000000028
1995,85.2,MMR,Myanmar,4.456670177669648,-2.799999999999997
1996,84.6,MMR,Myanmar,4.449685283147696,-0.6000000000000085
1997,85.2,MMR,Myanmar,4.456670177669648,0.6000000000000085
1998,83.4,MMR,Myanmar,4.4355674016019115,-1.7999999999999972
1999,81.9,MMR,Myanmar,4.417635062141249,-1.5
2000,80.2,MMR,Myanmar,4.396915247167632,-1.7000000000000028
2001,82.5,MMR,Myanmar,4.42484663185681,2.299999999999997
2002,83.0,MMR,Myanmar,4.430816798843313,0.5
2003,79.9,MMR,Myanmar,4.393213824064446,-3.0999999999999943
2004,80.2,MMR,Myanmar,4.396915247167632,0.29999999999999716
2005,79.6,MMR,Myanmar,4.389498649512583,-0.6000000000000085
2006,81.3,MMR,Myanmar,4.410371107683024,1.7000000000000028
2007,80.5,MMR,Myanmar,4.400603020246817,-0.7999999999999972
2008,85.6,MMR,Myanmar,4.461299815568389,5.099999999999994
2009,85.8,MMR,Myanmar,4.463606621666305,0.20000000000000284
2010,84.6,MMR,Myanmar,4.449685283147696,-1.2000000000000028
2011,83.8,MMR,Myanmar,4.440295542797857,-0.7999999999999972
2012,78.1,MMR,Myanmar,4.370712874773608,-5.700000000000003
2013,75.6,MMR,Myanmar,4.338597076746545,-2.5
2014,72.0,MMR,Myanmar,4.290459441148391,-3.5999999999999943
2015,70.0,MMR,Myanmar,4.2626798770413155,-2.0
2016,68.8,MMR,Myanmar,4.2456340097683265,-1.2000000000000028
2017,59.5,MMR,Myanmar,4.102643365036796,-9.299999999999997
2018,59.4,MMR,Myanmar,4.100989104940769,-0.10000000000000142
2019,58.5,MMR,Myanmar,4.085976312551584,-0.8999999999999986
2020,59.2,MMR,Myanmar,4.097672352314776,0.7000000000000028
2021,62.9,MMR,Myanmar,4.157319361383489,3.6999999999999957
2005,47.6,MNE,Montenegro,3.883623530906448,
2006,44.8,MNE,Montenegro,3.824284091120139,-2.8000000000000043
2007,42.3,MNE,Montenegro,3.768152635008444,-2.5
2008,38.8,MNE,Montenegro,3.6838669122903918,-3.5
2009,49.2,MNE,Montenegro,3.9160150266976834,10.400000000000006
2010,49.1,MNE,Montenegro,3.914021008090819,-0.10000000000000142
2011,42.8,MNE,Montenegro,3.7796338173824005,-6.300000000000004
2012,45.9,MNE,Montenegro,3.8480176754522337,3.1000000000000014
2013,49.3,MNE,Montenegro,3.9180050771056933,3.3999999999999986
2014,46.0,MNE,Montenegro,3.8501476017100584,-3.299999999999997
2015,43.0,MNE,Montenegro,3.784189633918261,-3.0
2016,43.9,MNE,Montenegro,3.8044377947482086,0.8999999999999986
2017,37.8,MNE,Montenegro,3.6584202466292277,-6.100000000000001
2018,40.6,MNE,Montenegro,3.728100167267218,2.8000000000000043
2019,38.7,MNE,Montenegro,3.681351187693145,-1.8999999999999986
2020,39.6,MNE,Montenegro,3.703768066607687,0.8999999999999986
2021,39.6,MNE,Montenegro,3.703768066607687,0.0
1990,1.9,MNG,Mongolia,1.0647107369924282,
1991,2.0,MNG,Mongolia,1.0986122886681098,0.10000000000000009
1992,2.4,MNG,Mongolia,1.2237754316221157,0.3999999999999999
1993,2.7,MNG,Mongolia,1.308332819650179,0.30000000000000027
1994,3.0,MNG,Mongolia,1.3862943611198906,0.2999999999999998
1995,3.0,MNG,Mongolia,1.3862943611198906,0.0
1996,3.4,MNG,Mongolia,1.4816045409242156,0.3999999999999999
1997,3.4,MNG,Mongolia,1.4816045409242156,0.0
1998,3.7,MNG,Mongolia,1.547562508716013,0.30000000000000027
1999,3.6,MNG,Mongolia,1.5260563034950492,-0.10000000000000009
2000,5.7,MNG,Mongolia,1.9021075263969205,2.1
2001,6.1,MNG,Mongolia,1.9600947840472698,0.39999999999999947
2002,6.5,MNG,Mongolia,2.0149030205422647,0.40000000000000036
2003,6.1,MNG,Mongolia,1.9600947840472698,-0.40000000000000036
2004,5.8,MNG,Mongolia,1.916922612182061,-0.2999999999999998
2005,5.3,MNG,Mongolia,1.840549633397487,-0.5
2006,4.5,MNG,Mongolia,1.7047480922384253,-0.7999999999999998
2007,4.7,MNG,Mongolia,1.7404661748405046,0.20000000000000018
2008,4.7,MNG,Mongolia,1.7404661748405046,0.0
2009,4.4,MNG,Mongolia,1.6863989535702288,-0.2999999999999998
2010,4.5,MNG,Mongolia,1.7047480922384253,0.09999999999999964
2011,4.0,MNG,Mongolia,1.6094379124341003,-0.5
2012,3.0,MNG,Mongolia,1.3862943611198906,-1.0
2013,3.0,MNG,Mongolia,1.3862943611198906,0.0
2014,3.3,MNG,Mongolia,1.4586150226995167,0.2999999999999998
2015,3.5,MNG,Mongolia,1.5040773967762742,0.20000000000000018
2016,3.4,MNG,Mongolia,1.4816045409242156,-0.10000000000000009
2017,1.8,MNG,Mongolia,1.0296194171811581,-1.5999999999999999
2018,2.1,MNG,Mongolia,1.1314021114911006,0.30000000000000004
2019,2.3,MNG,Mongolia,1.1939224684724346,0.19999999999999973
2020,2.9,MNG,Mongolia,1.3609765531356006,0.6000000000000001
2021,3.0,MNG,Mongolia,1.3862943611198906,0.10000000000000009
1992,0.0,MNP,Northern Mariana Islands,0.0,
1993,0.0,MNP,Northern Mariana Islands,0.0,0.0
1994,0.0,MNP,Northern Mariana Islands,0.0,0.0
1995,0.0,MNP,Northern Mariana Islands,0.0,0.0
1996,0.0,MNP,Northern Mariana Islands,0.0,0.0
1997,0.0,MNP,Northern Mariana Islands,0.0,0.0
1998,0.0,MNP,Northern Mariana Islands,0.0,0.0
1999,0.0,MNP,Northern Mariana Islands,0.0,0.0
2000,0.0,MNP,Northern Mariana Islands,0.0,0.0
2001,0.0,MNP,Northern Mariana Islands,0.0,0.0
2002,0.0,MNP,Northern Mariana Islands,0.0,0.0
2003,0.0,MNP,Northern Mariana Islands,0.0,0.0
2004,0.0,MNP,Northern Mariana Islands,0.0,0.0
2005,0.0,MNP,Northern Mariana Islands,0.0,0.0
2006,0.0,MNP,Northern Mariana Islands,0.0,0.0
2007,0.0,MNP,Northern Mariana Islands,0.0,0.0
2008,0.0,MNP,Northern Mariana Islands,0.0,0.0
2009,0.0,MNP,Northern Mariana Islands,0.0,0.0
2010,0.0,MNP,Northern Mariana Islands,0.0,0.0
2011,0.0,MNP,Northern Mariana Islands,0.0,0.0
2012,0.0,MNP,Northern Mariana Islands,0.0,0.0
2013,0.0,MNP,Northern Mariana Islands,0.0,0.0
2014,0.0,MNP,Northern Mariana Islands,0.0,0.0
2015,0.0,MNP,Northern Mariana Islands,0.0,0.0
2016,0.0,MNP,Northern Mariana Islands,0.0,0.0
2017,0.0,MNP,Northern Mariana Islands,0.0,0.0
2018,0.0,MNP,Northern Mariana Islands,0.0,0.0
2019,0.0,MNP,Northern Mariana Islands,0.0,0.0
2020,0.3,MNP,Northern Mariana Islands,0.262364264467491,0.3
2021,0.5,MNP,Northern Mariana Islands,0.4054651081081644,0.2
2022,0.5,MNP,Northern Mariana Islands,0.4054651081081644,0.0
1990,93.0,MOZ,Mozambique,4.543294782270004,
1991,94.2,MOZ,Mozambique,4.55597994179732,1.2000000000000028
1992,93.0,MOZ,Mozambique,4.543294782270004,-1.2000000000000028
1993,91.8,MOZ,Mozambique,4.530446639792155,-1.2000000000000028
1994,93.1,MOZ,Mozambique,4.544358046591334,1.2999999999999972
1995,92.8,MOZ,Mozambique,4.541164856012179,-0.29999999999999716
1996,93.1,MOZ,Mozambique,4.544358046591334,0.29999999999999716
1997,92.6,MOZ,Mozambique,4.539030383483547,-0.5
1998,94.0,MOZ,Mozambique,4.553876891600541,1.4000000000000057
1999,94.2,MOZ,Mozambique,4.55597994179732,0.20000000000000284
2000,93.6,MOZ,Mozambique,4.549657476057832,-0.6000000000000085
2001,93.0,MOZ,Mozambique,4.543294782270004,-0.5999999999999943
2002,93.2,MOZ,Mozambique,4.545420181582317,0.20000000000000284
2003,92.7,MOZ,Mozambique,4.540098189244376,-0.5
2004,92.9,MOZ,Mozambique,4.542230386214217,0.20000000000000284
2005,93.7,MOZ,Mozambique,4.550714000192032,0.7999999999999972
2006,93.1,MOZ,Mozambique,4.544358046591334,-0.6000000000000085
2007,87.5,MOZ,Mozambique,4.483002552013883,-5.599999999999994
2008,88.1,MOZ,Mozambique,4.489759334476764,0.5999999999999943
2009,86.1,MOZ,Mozambique,4.467056883858457,-2.0
2010,84.9,MOZ,Mozambique,4.45318382899021,-1.1999999999999886
2011,85.4,MOZ,Mozambique,4.45898767581001,0.5
2012,84.5,MOZ,Mozambique,4.448516375942715,-0.9000000000000057
2013,83.1,MOZ,Mozambique,4.432006566978902,-1.4000000000000057
2014,81.2,MOZ,Mozambique,4.409155302062135,-1.8999999999999915
2015,80.1,MOZ,Mozambique,4.395682961121367,-1.1000000000000085
2016,77.4,MOZ,Mozambique,4.361823927356363,-2.6999999999999886
2017,78.2,MOZ,Mozambique,4.37197629882038,0.7999999999999972
2018,79.0,MOZ,Mozambique,4.382026634673881,0.7999999999999972
2019,77.5,MOZ,Mozambique,4.363098624788363,-1.5
2020,80.2,MOZ,Mozambique,4.396915247167632,2.700000000000003
2021,76.9,MOZ,Mozambique,4.355425952876702,-3.299999999999997
1990,47.0,MRT,Mauritania,3.871201010907891,
1991,46.7,MRT,Mauritania,3.8649313978942956,-0.29999999999999716
1992,46.4,MRT,Mauritania,3.858622228701031,-0.30000000000000426
1993,46.1,MRT,Mauritania,3.8522730010223722,-0.29999999999999716
1994,45.5,MRT,Mauritania,3.8394523125933104,-0.6000000000000014
1995,45.2,MRT,Mauritania,3.832979798087693,-0.29999999999999716
1996,43.9,MRT,Mauritania,3.8044377947482086,-1.3000000000000043
1997,43.8,MRT,Mauritania,3.8022081394209395,-0.10000000000000142
1998,46.0,MRT,Mauritania,3.8501476017100584,2.200000000000003
1999,43.9,MRT,Mauritania,3.8044377947482086,-2.1000000000000014
2000,44.4,MRT,Mauritania,3.8155121050473024,0.5
2001,44.2,MRT,Mauritania,3.8110970868381857,-0.19999999999999574
2002,42.1,MRT,Mauritania,3.763522997109702,-2.1000000000000014
2003,40.2,MRT,Mauritania,3.7184382563554808,-1.8999999999999986
2004,38.6,MRT,Mauritania,3.6788291182604347,-1.6000000000000014
2005,38.8,MRT,Mauritania,3.6838669122903918,0.19999999999999574
2006,39.1,MRT,Mauritania,3.6913763343125234,0.30000000000000426
2007,35.6,MRT,Mauritania,3.6000482404073204,-3.5
2008,35.8,MRT,Mauritania,3.6054978451748854,0.19999999999999574
2009,33.4,MRT,Mauritania,3.5380565643793527,-2.3999999999999986
2010,34.0,MRT,Mauritania,3.5553480614894135,0.6000000000000014
2011,33.3,MRT,Mauritania,3.535145354171894,-0.7000000000000028
2012,31.9,MRT,Mauritania,3.493472657771326,-1.3999999999999986
2013,35.1,MRT,Mauritania,3.586292865338835,3.200000000000003
2014,31.0,MRT,Mauritania,3.4657359027997265,-4.100000000000001
2015,28.3,MRT,Mauritania,3.3775875160230218,-2.6999999999999993
2016,31.7,MRT,Mauritania,3.487375077903208,3.3999999999999986
2017,25.5,MRT,Mauritania,3.2771447329921766,-6.199999999999999
2018,21.6,MRT,Mauritania,3.1179499062782403,-3.8999999999999986
2019,21.2,MRT,Mauritania,3.100092288878234,-0.40000000000000213
2020,20.9,MRT,Mauritania,3.086486636822455,-0.3000000000000007
2021,22.1,MRT,Mauritania,3.139832617527748,1.2000000000000028
2022,19.6,MRT,Mauritania,3.0252910757955354,-2.5
1990,47.1,MUS,Mauritius,3.8732821771117156,
1991,43.4,MUS,Mauritius,3.7932394694381792,-3.700000000000003
1992,43.2,MUS,Mauritius,3.7887247890836524,-0.19999999999999574
1993,38.8,MUS,Mauritius,3.6838669122903918,-4.400000000000006
1994,35.4,MUS,Mauritius,3.594568774642695,-3.3999999999999986
1995,38.8,MUS,Mauritius,3.6838669122903918,3.3999999999999986
1996,35.6,MUS,Mauritius,3.6000482404073204,-3.1999999999999957
1997,36.5,MUS,Mauritius,3.624340932976365,0.8999999999999986
1998,33.5,MUS,Mauritius,3.5409593240373143,-3.0
1999,21.0,MUS,Mauritius,3.091042453358316,-12.5
2000,20.4,MUS,Mauritius,3.0633909220278057,-0.6000000000000014
2001,20.1,MUS,Mauritius,3.0492730404820207,-0.29999999999999716
2002,17.9,MUS,Mauritius,2.9391619220655967,-2.200000000000003
2003,18.9,MUS,Mauritius,2.990719731730447,1.0
2004,19.1,MUS,Mauritius,3.0007198150650303,0.20000000000000284
2005,17.6,MUS,Mauritius,2.9231615807191558,-1.5
2006,16.4,MUS,Mauritius,2.856470206220483,-1.2000000000000028
2007,15.7,MUS,Mauritius,2.8154087194227095,-0.6999999999999993
2008,12.7,MUS,Mauritius,2.617395832834079,-3.0
2009,12.8,MUS,Mauritius,2.624668592163159,0.10000000000000142
2010,12.8,MUS,Mauritius,2.624668592163159,0.0
2011,12.0,MUS,Mauritius,2.5649493574615367,-0.8000000000000007
2012,11.4,MUS,Mauritius,2.517696472610991,-0.5999999999999996
2013,11.4,MUS,Mauritius,2.517696472610991,0.0
2014,10.6,MUS,Mauritius,2.451005098112319,-0.8000000000000007
2015,11.5,MUS,Mauritius,2.5257286443082556,0.9000000000000004
2016,10.3,MUS,Mauritius,2.424802725718295,-1.1999999999999993
2017,9.4,MUS,Mauritius,2.341805806147327,-0.9000000000000004
2018,9.2,MUS,Mauritius,2.322387720290225,-0.20000000000000107
2019,8.9,MUS,Mauritius,2.2925347571405443,-0.29999999999999893
2020,9.4,MUS,Mauritius,2.341805806147327,0.5
2021,8.6,MUS,Mauritius,2.2617630984737906,-0.8000000000000007
1990,84.0,MWI,Malawi,4.442651256490317,
1991,82.6,MWI,Malawi,4.426043520090656,-1.4000000000000057
1992,82.7,MWI,Malawi,4.4272389774954295,0.10000000000000853
1993,81.3,MWI,Malawi,4.410371107683024,-1.4000000000000057
1994,82.0,MWI,Malawi,4.418840607796598,0.7000000000000028
1995,81.7,MWI,Malawi,4.415219602029645,-0.29999999999999716
1996,81.4,MWI,Malawi,4.411585436915426,-0.29999999999999716
1997,81.2,MWI,Malawi,4.409155302062135,-0.20000000000000284
1998,81.9,MWI,Malawi,4.417635062141249,0.7000000000000028
1999,81.0,MWI,Malawi,4.406719247264253,-0.9000000000000057
2000,82.6,MWI,Malawi,4.426043520090656,1.5999999999999943
2001,83.1,MWI,Malawi,4.432006566978902,0.5
2002,83.3,MWI,Malawi,4.4343818650078095,0.20000000000000284
2003,82.8,MWI,Malawi,4.428433007488037,-0.5
2004,82.4,MWI,Malawi,4.423648309364701,-0.3999999999999915
2005,83.2,MWI,Malawi,4.4331949212482815,0.7999999999999972
2006,82.8,MWI,Malawi,4.428433007488037,-0.4000000000000057
2007,82.2,MWI,Malawi,4.421247347827163,-0.5999999999999943
2008,80.4,MWI,Malawi,4.399375273008495,-1.7999999999999972
2009,80.0,MWI,Malawi,4.394449154672439,-0.4000000000000057
2010,81.2,MWI,Malawi,4.409155302062135,1.2000000000000028
2011,80.2,MWI,Malawi,4.396915247167632,-1.0
2012,80.2,MWI,Malawi,4.396915247167632,0.0
2013,79.8,MWI,Malawi,4.39197696552705,-0.4000000000000057
2014,82.8,MWI,Malawi,4.428433007488037,3.0
2015,81.0,MWI,Malawi,4.406719247264253,-1.7999999999999972
2016,78.9,MWI,Malawi,4.380775852772229,-2.0999999999999943
2017,76.9,MWI,Malawi,4.355425952876702,-2.0
2018,73.2,MWI,Malawi,4.3067641501733345,-3.700000000000003
2019,70.9,MWI,Malawi,4.275276264727001,-2.299999999999997
2020,71.5,MWI,Malawi,4.283586561860629,0.5999999999999943
2021,71.1,MWI,Malawi,4.278054044290903,-0.4000000000000057
2022,62.9,MWI,Malawi,4.157319361383489,-8.199999999999996
1990,8.3,MYS,Malaysia,2.2300144001592104,
1991,7.6,MYS,Malaysia,2.151762203259462,-0.7000000000000011
1992,6.9,MYS,Malaysia,2.066862759472976,-0.6999999999999993
1993,6.7,MYS,Malaysia,2.0412203288596382,-0.20000000000000018
1994,6.8,MYS,Malaysia,2.0541237336955462,0.09999999999999964
1995,6.1,MYS,Malaysia,1.9600947840472698,-0.7000000000000002
1996,4.9,MYS,Malaysia,1.7749523509116738,-1.1999999999999993
1997,4.2,MYS,Malaysia,1.6486586255873816,-0.7000000000000002
1998,4.5,MYS,Malaysia,1.7047480922384253,0.2999999999999998
1999,4.9,MYS,Malaysia,1.7749523509116738,0.40000000000000036
2000,4.4,MYS,Malaysia,1.6863989535702288,-0.5
2001,4.2,MYS,Malaysia,1.6486586255873816,-0.20000000000000018
2002,3.5,MYS,Malaysia,1.5040773967762742,-0.7000000000000002
2003,3.3,MYS,Malaysia,1.4586150226995167,-0.20000000000000018
2004,3.2,MYS,Malaysia,1.4350845252893227,-0.09999999999999964
2005,3.0,MYS,Malaysia,1.3862943611198906,-0.20000000000000018
2006,3.1,MYS,Malaysia,1.410986973710262,0.10000000000000009
2007,2.8,MYS,Malaysia,1.33500106673234,-0.30000000000000027
2008,3.0,MYS,Malaysia,1.3862943611198906,0.20000000000000018
2009,2.3,MYS,Malaysia,1.1939224684724346,-0.7000000000000002
2010,2.0,MYS,Malaysia,1.0986122886681098,-0.2999999999999998
2011,2.2,MYS,Malaysia,1.1631508098056809,0.20000000000000018
2012,2.5,MYS,Malaysia,1.252762968495368,0.2999999999999998
2013,2.8,MYS,Malaysia,1.33500106673234,0.2999999999999998
2014,3.0,MYS,Malaysia,1.3862943611198906,0.20000000000000018
2015,3.4,MYS,Malaysia,1.4816045409242156,0.3999999999999999
2016,4.4,MYS,Malaysia,1.6863989535702288,1.0000000000000004
2017,5.2,MYS,Malaysia,1.824549292051046,0.7999999999999998
2018,5.3,MYS,Malaysia,1.840549633397487,0.09999999999999964
2019,5.7,MYS,Malaysia,1.9021075263969205,0.40000000000000036
2020,7.0,MYS,Malaysia,2.0794415416798357,1.2999999999999998
2021,7.5,MYS,Malaysia,2.1400661634962708,0.5
1991,42.5,NAM,Namibia,3.7727609380946383,
1992,40.3,NAM,Namibia,3.720862499966987,-2.200000000000003
1993,38.0,NAM,Namibia,3.6635616461296463,-2.299999999999997
1994,32.8,NAM,Namibia,3.520460802488973,-5.200000000000003
1995,32.1,NAM,Namibia,3.4995332823830174,-0.6999999999999957
1996,31.4,NAM,Namibia,3.4781584227982836,-0.7000000000000028
1997,30.6,NAM,Namibia,3.4531571205928664,-0.7999999999999972
1998,31.7,NAM,Namibia,3.487375077903208,1.0999999999999979
1999,32.7,NAM,Namibia,3.517497837358316,1.0000000000000036
2000,34.8,NAM,Namibia,3.5779478934066544,2.0999999999999943
2001,30.4,NAM,Namibia,3.4468078929142076,-4.399999999999999
2002,33.8,NAM,Namibia,3.5496173867804286,3.3999999999999986
2003,33.3,NAM,Namibia,3.535145354171894,-0.5
2004,34.8,NAM,Namibia,3.5779478934066544,1.5
2005,34.6,NAM,Namibia,3.572345637857985,-0.19999999999999574
2006,35.8,NAM,Namibia,3.6054978451748854,1.1999999999999957
2007,36.5,NAM,Namibia,3.624340932976365,0.7000000000000028
2008,32.5,NAM,Namibia,3.5115454388310208,-4.0
2009,33.4,NAM,Namibia,3.5380565643793527,0.8999999999999986
2010,31.2,NAM,Namibia,3.4719664525503626,-2.1999999999999993
2011,31.6,NAM,Namibia,3.484312288372662,0.40000000000000213
2012,31.9,NAM,Namibia,3.493472657771326,0.29999999999999716
2013,30.7,NAM,Namibia,3.456316680883235,-1.1999999999999993
2014,30.2,NAM,Namibia,3.4404180948154366,-0.5
2015,29.3,NAM,Namibia,3.4111477125153233,-0.8999999999999986
2016,29.2,NAM,Namibia,3.407841924380824,-0.10000000000000142
2017,30.2,NAM,Namibia,3.4404180948154366,1.0
2018,30.9,NAM,Namibia,3.462606009790799,0.6999999999999993
2019,30.2,NAM,Namibia,3.4404180948154366,-0.6999999999999993
2020,31.2,NAM,Namibia,3.4719664525503626,1.0
2021,30.0,NAM,Namibia,3.4339872044851463,-1.1999999999999993
1990,10.6,NCL,New Caledonia,2.451005098112319,
1991,7.8,NCL,New Caledonia,2.174751721484161,-2.8
1992,7.0,NCL,New Caledonia,2.0794415416798357,-0.7999999999999998
1993,5.8,NCL,New Caledonia,1.916922612182061,-1.2000000000000002
1994,5.8,NCL,New Caledonia,1.916922612182061,0.0
1995,4.8,NCL,New Caledonia,1.7578579175523736,-1.0
1996,7.1,NCL,New Caledonia,2.0918640616783932,2.3
1997,8.0,NCL,New Caledonia,2.1972245773362196,0.9000000000000004
1998,8.5,NCL,New Caledonia,2.2512917986064953,0.5
1999,9.5,NCL,New Caledonia,2.3513752571634776,1.0
2000,7.5,NCL,New Caledonia,2.1400661634962708,-2.0
2001,6.7,NCL,New Caledonia,2.0412203288596382,-0.7999999999999998
2002,5.3,NCL,New Caledonia,1.840549633397487,-1.4000000000000004
2003,4.9,NCL,New Caledonia,1.7749523509116738,-0.39999999999999947
2004,5.2,NCL,New Caledonia,1.824549292051046,0.2999999999999998
2005,5.1,NCL,New Caledonia,1.8082887711792655,-0.10000000000000053
2006,4.5,NCL,New Caledonia,1.7047480922384253,-0.5999999999999996
2007,5.8,NCL,New Caledonia,1.916922612182061,1.2999999999999998
2008,7.8,NCL,New Caledonia,2.174751721484161,2.0
2009,7.0,NCL,New Caledonia,2.0794415416798357,-0.7999999999999998
2010,4.8,NCL,New Caledonia,1.7578579175523736,-2.2
2011,5.9,NCL,New Caledonia,1.9315214116032138,1.1000000000000005
2012,6.2,NCL,New Caledonia,1.9740810260220096,0.2999999999999998
2013,6.6,NCL,New Caledonia,2.028148247292285,0.39999999999999947
2014,4.3,NCL,New Caledonia,1.667706820558076,-2.3
2015,5.1,NCL,New Caledonia,1.8082887711792655,0.7999999999999998
2016,3.7,NCL,New Caledonia,1.547562508716013,-1.3999999999999995
2017,5.1,NCL,New Caledonia,1.8082887711792655,1.3999999999999995
2018,4.6,NCL,New Caledonia,1.7227665977411035,-0.5
2019,5.2,NCL,New Caledonia,1.824549292051046,0.6000000000000005
2020,6.1,NCL,New Caledonia,1.9600947840472698,0.8999999999999995
2021,8.3,NCL,New Caledonia,2.2300144001592104,2.200000000000001
2022,9.6,NCL,New Caledonia,2.3608540011180215,1.299999999999999
1990,91.4,NER,Niger,4.526126978647638,
1991,92.1,NER,Niger,4.533674184283021,0.6999999999999886
1992,92.8,NER,Niger,4.541164856012179,0.7000000000000028
1993,92.0,NER,Niger,4.532599493153256,-0.7999999999999972
1994,92.6,NER,Niger,4.539030383483547,0.5999999999999943
1995,93.4,NER,Niger,4.547541073151455,0.8000000000000114
1996,91.9,NER,Niger,4.531523645819793,-1.5
1997,93.5,NER,Niger,4.548599834499697,1.5999999999999943
1998,93.1,NER,Niger,4.544358046591334,-0.4000000000000057
1999,93.0,NER,Niger,4.543294782270004,-0.09999999999999432
2000,87.6,NER,Niger,4.484131857611035,-5.400000000000006
2001,87.7,NER,Niger,4.485259889315534,0.10000000000000853
2002,87.7,NER,Niger,4.485259889315534,0.0
2003,87.0,NER,Niger,4.477336814478207,-0.7000000000000028
2004,87.0,NER,Niger,4.477336814478207,0.0
2005,87.5,NER,Niger,4.483002552013883,0.5
2006,87.4,NER,Niger,4.481871969643598,-0.09999999999999432
2007,86.2,NER,Niger,4.468204330914934,-1.2000000000000028
2008,86.1,NER,Niger,4.467056883858457,-0.10000000000000853
2009,83.2,NER,Niger,4.4331949212482815,-2.8999999999999915
2010,80.7,NER,Niger,4.403054001865957,-2.5
2011,77.2,NER,Niger,4.359269647551265,-3.5
2012,72.7,NER,Niger,4.300002799195291,-4.5
2013,78.7,NER,Niger,4.378269585796169,6.0
2014,78.1,NER,Niger,4.370712874773608,-0.6000000000000085
2015,78.9,NER,Niger,4.380775852772229,0.8000000000000114
2016,80.2,NER,Niger,4.396915247167632,1.2999999999999972
2017,82.0,NER,Niger,4.418840607796598,1.7999999999999972
2018,82.0,NER,Niger,4.418840607796598,0.0
2019,80.7,NER,Niger,4.403054001865957,-1.2999999999999972
2020,81.9,NER,Niger,4.417635062141249,1.2000000000000028
2021,79.6,NER,Niger,4.389498649512583,-2.3000000000000114
1990,87.8,NGA,Nigeria,4.486386649998124,
1991,86.5,NGA,Nigeria,4.471638793363569,-1.2999999999999972
1992,84.5,NGA,Nigeria,4.448516375942715,-2.0
1993,86.3,NGA,Nigeria,4.469350462845557,1.7999999999999972
1994,88.6,NGA,Nigeria,4.4953553199808844,2.299999999999997
1995,88.0,NGA,Nigeria,4.48863636973214,-0.5999999999999943
1996,87.1,NGA,Nigeria,4.478472532942134,-0.9000000000000057
1997,85.6,NGA,Nigeria,4.461299815568389,-1.5
1998,87.2,NGA,Nigeria,4.4796069630127455,1.6000000000000085
1999,87.2,NGA,Nigeria,4.4796069630127455,0.0
2000,86.0,NGA,Nigeria,4.465908118654584,-1.2000000000000028
2001,84.5,NGA,Nigeria,4.448516375942715,-1.5
2002,84.5,NGA,Nigeria,4.448516375942715,0.0
2003,82.9,NGA,Nigeria,4.429625613473161,-1.5999999999999943
2004,84.0,NGA,Nigeria,4.442651256490317,1.0999999999999943
2005,83.9,NGA,Nigeria,4.441474093317302,-0.09999999999999432
2006,85.8,NGA,Nigeria,4.463606621666305,1.8999999999999915
2007,87.1,NGA,Nigeria,4.478472532942134,1.2999999999999972
2008,85.7,NGA,Nigeria,4.462453883786496,-1.3999999999999915
2009,88.1,NGA,Nigeria,4.489759334476764,2.3999999999999915
2010,86.0,NGA,Nigeria,4.465908118654584,-2.0999999999999943
2011,84.1,NGA,Nigeria,4.443827035579329,-1.9000000000000057
2012,83.9,NGA,Nigeria,4.441474093317302,-0.19999999999998863
2013,81.4,NGA,Nigeria,4.411585436915426,-2.5
2014,79.9,NGA,Nigeria,4.393213824064446,-1.5
2015,81.3,NGA,Nigeria,4.410371107683024,1.3999999999999915
2016,81.1,NGA,Nigeria,4.407938016458383,-0.20000000000000284
2017,81.6,NGA,Nigeria,4.414009680526933,0.5
2018,80.8,NGA,Nigeria,4.404277243608702,-0.7999999999999972
2019,80.1,NGA,Nigeria,4.395682961121367,-0.7000000000000028
2020,81.8,NGA,Nigeria,4.416428061391214,1.7000000000000028
2021,80.3,NGA,Nigeria,4.398146016553765,-1.5
1990,68.8,NIC,Nicaragua,4.2456340097683265,
1991,70.6,NIC,Nicaragua,4.2710950739666,1.7999999999999972
1992,67.2,NIC,Nicaragua,4.222444564849416,-3.3999999999999915
1993,67.7,NIC,Nicaragua,4.229749199228304,0.5
1994,64.6,NIC,Nicaragua,4.183575695950044,-3.1000000000000085
1995,64.6,NIC,Nicaragua,4.183575695950044,0.0
1996,63.9,NIC,Nicaragua,4.1728476237100445,-0.6999999999999957
1997,62.8,NIC,Nicaragua,4.155753190350744,-1.1000000000000014
1998,60.5,NIC,Nicaragua,4.119037174812473,-2.299999999999997
1999,59.4,NIC,Nicaragua,4.100989104940769,-1.1000000000000014
2000,58.4,NIC,Nicaragua,4.084294226368599,-1.0
2001,56.7,NIC,Nicaragua,4.055257173514054,-1.6999999999999957
2002,54.7,NIC,Nicaragua,4.019980146933238,-2.0
2003,51.5,NIC,Nicaragua,3.960813169597578,-3.200000000000003
2004,51.2,NIC,Nicaragua,3.955082494888593,-0.29999999999999716
2005,52.8,NIC,Nicaragua,3.9852734671677386,1.5999999999999943
2006,53.3,NIC,Nicaragua,3.9945242269398897,0.5
2007,52.6,NIC,Nicaragua,3.9815490680767565,-0.6999999999999957
2008,53.8,NIC,Nicaragua,4.00369019395397,1.1999999999999957
2009,54.6,NIC,Nicaragua,4.018183201256536,0.8000000000000043
2010,54.4,NIC,Nicaragua,4.014579593753238,-0.20000000000000284
2011,53.3,NIC,Nicaragua,3.9945242269398897,-1.1000000000000014
2012,53.3,NIC,Nicaragua,3.9945242269398897,0.0
2013,54.3,NIC,Nicaragua,4.012772908528289,1.0
2014,53.0,NIC,Nicaragua,3.9889840465642745,-1.2999999999999972
2015,50.0,NIC,Nicaragua,3.9318256327243257,-3.0
2016,49.5,NIC,Nicaragua,3.9219733362813143,-0.5
2017,48.9,NIC,Nicaragua,3.910021002757473,-0.6000000000000014
2018,51.3,NIC,Nicaragua,3.9569963710708773,2.3999999999999986
2019,50.5,NIC,Nicaragua,3.9415818076696905,-0.7999999999999972
2020,52.2,NIC,Nicaragua,3.9740583963475986,1.7000000000000028
2021,50.4,NIC,Nicaragua,3.9396381724611196,-1.8000000000000043
1990,1.2,NLD,Netherlands,0.7884573603642702,
1991,1.1,NLD,Netherlands,0.7419373447293773,-0.09999999999999987
1992,1.2,NLD,Netherlands,0.7884573603642702,0.09999999999999987
1993,1.2,NLD,Netherlands,0.7884573603642702,0.0
1994,1.2,NLD,Netherlands,0.7884573603642702,0.0
1995,1.2,NLD,Netherlands,0.7884573603642702,0.0
1996,1.3,NLD,Netherlands,0.832909122935104,0.10000000000000009
1997,1.5,NLD,Netherlands,0.9162907318741551,0.19999999999999996
1998,1.6,NLD,Netherlands,0.9555114450274363,0.10000000000000009
1999,1.6,NLD,Netherlands,0.9555114450274363,0.0
2000,1.7,NLD,Netherlands,0.9932517730102833,0.09999999999999987
2001,1.8,NLD,Netherlands,1.0296194171811581,0.10000000000000009
2002,1.9,NLD,Netherlands,1.0647107369924282,0.09999999999999987
2003,1.9,NLD,Netherlands,1.0647107369924282,0.0
2004,2.2,NLD,Netherlands,1.1631508098056809,0.30000000000000027
2005,2.7,NLD,Netherlands,1.308332819650179,0.5
2006,3.1,NLD,Netherlands,1.410986973710262,0.3999999999999999
2007,3.7,NLD,Netherlands,1.547562508716013,0.6000000000000001
2008,3.9,NLD,Netherlands,1.589235205116581,0.19999999999999973
2009,4.4,NLD,Netherlands,1.6863989535702288,0.5000000000000004
2010,3.9,NLD,Netherlands,1.589235205116581,-0.5000000000000004
2011,4.7,NLD,Netherlands,1.7404661748405046,0.8000000000000003
2012,4.9,NLD,Netherlands,1.7749523509116738,0.20000000000000018
2013,5.0,NLD,Netherlands,1.791759469228055,0.09999999999999964
2014,5.6,NLD,Netherlands,1.8870696490323797,0.5999999999999996
2015,5.8,NLD,Netherlands,1.916922612182061,0.20000000000000018
2016,5.6,NLD,Netherlands,1.8870696490323797,-0.20000000000000018
2017,6.4,NLD,Netherlands,2.0014800002101243,0.8000000000000007
2018,7.4,NLD,Netherlands,2.128231705849268,1.0
2019,8.6,NLD,Netherlands,2.2617630984737906,1.1999999999999993
2020,10.7,NLD,Netherlands,2.4595888418037104,2.0999999999999996
2021,12.2,NLD,Netherlands,2.580216829592325,1.5
1990,59.2,NOR,Norway,4.097672352314776,
1991,60.8,NOR,Norway,4.123903364463645,1.5999999999999943
1992,61.4,NOR,Norway,4.133565275375382,0.6000000000000014
1993,61.1,NOR,Norway,4.128745988939433,-0.29999999999999716
1994,60.4,NOR,Norway,4.117409835153096,-0.7000000000000028
1995,60.0,NOR,Norway,4.110873864173311,-0.3999999999999986
1996,57.9,NOR,Norway,4.075841090657541,-2.1000000000000014
1997,58.8,NOR,Norway,4.091005660956586,0.8999999999999986
1998,59.5,NOR,Norway,4.102643365036796,0.7000000000000028
1999,59.4,NOR,Norway,4.100989104940769,-0.10000000000000142
2000,60.2,NOR,Norway,4.11414718951828,0.8000000000000043
2001,59.6,NOR,Norway,4.104294893075269,-0.6000000000000014
2002,59.5,NOR,Norway,4.102643365036796,-0.10000000000000142
2003,56.2,NOR,Norway,4.046553898385752,-3.299999999999997
2004,56.9,NOR,Norway,4.05871738457895,0.6999999999999957
2005,58.6,NOR,Norway,4.087655574071304,1.7000000000000028
2006,57.0,NOR,Norway,4.060443010546419,-1.6000000000000014
2007,57.4,NOR,Norway,4.067315889834181,0.3999999999999986
2008,58.5,NOR,Norway,4.085976312551584,1.1000000000000014
2009,56.7,NOR,Norway,4.055257173514054,-1.7999999999999972
2010,56.0,NOR,Norway,4.04305126783455,-0.7000000000000028
2011,56.0,NOR,Norway,4.04305126783455,0.0
2012,56.9,NOR,Norway,4.05871738457895,0.8999999999999986
2013,56.6,NOR,Norway,4.053522567701846,-0.29999999999999716
2014,55.8,NOR,Norway,4.039536325727106,-0.8000000000000043
2015,56.5,NOR,Norway,4.051784947803305,0.7000000000000028
2016,57.7,NOR,Norway,4.072439726834051,1.2000000000000028
2017,58.9,NOR,Norway,4.092676505121403,1.1999999999999957
2018,58.9,NOR,Norway,4.092676505121403,0.0
2019,59.8,NOR,Norway,4.107589788972121,0.8999999999999986
2020,60.9,NOR,Norway,4.12552017969055,1.1000000000000014
2021,61.4,NOR,Norway,4.133565275375382,0.5
1990,95.1,NPL,Nepal,4.565389315976247,
1991,94.2,NPL,Nepal,4.55597994179732,-0.8999999999999915
1992,94.2,NPL,Nepal,4.55597994179732,0.0
1993,93.6,NPL,Nepal,4.549657476057832,-0.6000000000000085
1994,92.4,NPL,Nepal,4.536891345234797,-1.1999999999999886
1995,91.7,NPL,Nepal,4.529368472571809,-0.7000000000000028
1996,91.5,NPL,Nepal,4.52720864451838,-0.20000000000000284
1997,90.7,NPL,Nepal,4.51852237926242,-0.7999999999999972
1998,90.5,NPL,Nepal,4.516338972281476,-0.20000000000000284
1999,88.0,NPL,Nepal,4.48863636973214,-2.5
2000,88.3,NPL,Nepal,4.492001487882454,0.29999999999999716
2001,87.8,NPL,Nepal,4.486386649998124,-0.5
2002,90.0,NPL,Nepal,4.51085950651685,2.200000000000003
2003,89.4,NPL,Nepal,4.504244267398131,-0.5999999999999943
2004,90.3,NPL,Nepal,4.514150787600923,0.8999999999999915
2005,89.5,NPL,Nepal,4.505349850705881,-0.7999999999999972
2006,91.2,NPL,Nepal,4.523960130562548,1.7000000000000028
2007,91.3,NPL,Nepal,4.525044141508807,0.09999999999999432
2008,90.5,NPL,Nepal,4.516338972281476,-0.7999999999999972
2009,88.9,NPL,Nepal,4.498697941477575,-1.5999999999999943
2010,87.3,NPL,Nepal,4.480740107609915,-1.6000000000000085
2011,87.0,NPL,Nepal,4.477336814478207,-0.29999999999999716
2012,84.7,NPL,Nepal,4.450852825603734,-2.299999999999997
2013,86.0,NPL,Nepal,4.465908118654584,1.2999999999999972
2014,84.0,NPL,Nepal,4.442651256490317,-2.0
2015,85.2,NPL,Nepal,4.456670177669648,1.2000000000000028
2016,79.4,NPL,Nepal,4.387014176184921,-5.799999999999997
2017,76.8,NPL,Nepal,4.354141431184346,-2.6000000000000085
2018,75.0,NPL,Nepal,4.330733340286331,-1.7999999999999972
2019,78.2,NPL,Nepal,4.37197629882038,3.200000000000003
2020,73.1,NPL,Nepal,4.3054155323020415,-5.1000000000000085
2021,73.7,NPL,Nepal,4.3134800921387715,0.6000000000000085
1990,0.0,NRU,Naoero,0.0,
1991,0.0,NRU,Naoero,0.0,0.0
1992,0.0,NRU,Naoero,0.0,0.0
1993,0.0,NRU,Naoero,0.0,0.0
1994,0.0,NRU,Naoero,0.0,0.0
1995,0.0,NRU,Naoero,0.0,0.0
1996,0.0,NRU,Naoero,0.0,0.0
1997,0.0,NRU,Naoero,0.0,0.0
1998,0.0,NRU,Naoero,0.0,0.0
1999,0.0,NRU,Naoero,0.0,0.0
2000,0.0,NRU,Naoero,0.0,0.0
2001,0.0,NRU,Naoero,0.0,0.0
2002,0.0,NRU,Naoero,0.0,0.0
2003,0.0,NRU,Naoero,0.0,0.0
2004,0.0,NRU,Naoero,0.0,0.0
2005,0.0,NRU,Naoero,0.0,0.0
2006,0.1,NRU,Naoero,0.09531017980432487,0.1
2007,0.1,NRU,Naoero,0.09531017980432487,0.0
2008,0.1,NRU,Naoero,0.09531017980432487,0.0
2009,0.0,NRU,Naoero,0.0,-0.1
2010,0.0,NRU,Naoero,0.0,0.0
2011,0.0,NRU,Naoero,0.0,0.0
2012,0.1,NRU,Naoero,0.09531017980432487,0.1
2013,0.1,NRU,Naoero,0.09531017980432487,0.0
2014,0.0,NRU,Naoero,0.0,-0.1
2015,0.1,NRU,Naoero,0.09531017980432487,0.1
2016,0.2,NRU,Naoero,0.18232155679395465,0.1
2017,0.6,NRU,Naoero,0.4700036292457356,0.39999999999999997
2018,0.7,NRU,Naoero,0.5306282510621704,0.09999999999999998
2019,0.6,NRU,Naoero,0.4700036292457356,-0.09999999999999998
2020,1.3,NRU,Naoero,0.832909122935104,0.7000000000000001
2021,1.6,NRU,Naoero,0.9555114450274363,0.30000000000000004
2022,1.9,NRU,Naoero,1.0647107369924282,0.2999999999999998
1990,28.0,NZL,New Zealand,3.367295829986474,
1991,27.6,NZL,New Zealand,3.353406717825807,-0.3999999999999986
1992,25.6,NZL,New Zealand,3.2809112157876537,-2.0
1993,27.3,NZL,New Zealand,3.342861804649192,1.6999999999999993
1994,28.2,NZL,New Zealand,3.374168709274236,0.8999999999999986
1995,28.7,NZL,New Zealand,3.391147045808654,0.5
1996,27.6,NZL,New Zealand,3.353406717825807,-1.0999999999999979
1997,25.9,NZL,New Zealand,3.292126286607793,-1.7000000000000028
1998,27.3,NZL,New Zealand,3.342861804649192,1.4000000000000021
1999,26.4,NZL,New Zealand,3.3105430133940246,-0.9000000000000021
2000,26.4,NZL,New Zealand,3.3105430133940246,0.0
2001,24.6,NZL,New Zealand,3.242592351485517,-1.7999999999999972
2002,26.6,NZL,New Zealand,3.3178157727231046,2.0
2003,25.9,NZL,New Zealand,3.292126286607793,-0.7000000000000028
2004,28.2,NZL,New Zealand,3.374168709274236,2.3000000000000007
2005,26.8,NZL,New Zealand,3.3250360206965914,-1.3999999999999986
2006,27.0,NZL,New Zealand,3.332204510175204,0.1999999999999993
2007,27.0,NZL,New Zealand,3.332204510175204,0.0
2008,26.1,NZL,New Zealand,3.299533727885655,-0.8999999999999986
2009,28.5,NZL,New Zealand,3.3843902633457743,2.3999999999999986
2010,29.4,NZL,New Zealand,3.414442608412176,0.8999999999999986
2011,30.3,NZL,New Zealand,3.4436180975461075,0.9000000000000021
2012,28.8,NZL,New Zealand,3.3945083935113587,-1.5
2013,28.3,NZL,New Zealand,3.3775875160230218,-0.5
2014,29.0,NZL,New Zealand,3.4011973816621555,0.6999999999999993
2015,29.3,NZL,New Zealand,3.4111477125153233,0.3000000000000007
2016,30.1,NZL,New Zealand,3.4372078191851885,0.8000000000000007
2017,28.4,NZL,New Zealand,3.380994674344636,-1.7000000000000028
2018,28.9,NZL,New Zealand,3.3978584803966405,0.5
2019,28.0,NZL,New Zealand,3.367295829986474,-0.8999999999999986
2020,28.7,NZL,New Zealand,3.391147045808654,0.6999999999999993
2021,28.9,NZL,New Zealand,3.3978584803966405,0.1999999999999993
1990,0.0,OMN,Oman,0.0,
1991,0.0,OMN,Oman,0.0,0.0
1992,0.0,OMN,Oman,0.0,0.0
1993,0.0,OMN,Oman,0.0,0.0
1994,0.0,OMN,Oman,0.0,0.0
1995,0.0,OMN,Oman,0.0,0.0
1996,0.0,OMN,Oman,0.0,0.0
1997,0.0,OMN,Oman,0.0,0.0
1998,0.0,OMN,Oman,0.0,0.0
1999,0.0,OMN,Oman,0.0,0.0
2000,0.0,OMN,Oman,0.0,0.0
2001,0.0,OMN,Oman,0.0,0.0
2002,0.0,OMN,Oman,0.0,0.0
2003,0.0,OMN,Oman,0.0,0.0
2004,0.0,OMN,Oman,0.0,0.0
2005,0.0,OMN,Oman,0.0,0.0
2006,0.0,OMN,Oman,0.0,0.0
2007,0.0,OMN,Oman,0.0,0.0
2008,0.0,OMN,Oman,0.0,0.0
2009,0.0,OMN,Oman,0.0,0.0
2010,0.0,OMN,Oman,0.0,0.0
2011,0.0,OMN,Oman,0.0,0.0
2012,0.0,OMN,Oman,0.0,0.0
2013,0.0,OMN,Oman,0.0,0.0
2014,0.0,OMN,Oman,0.0,0.0
2015,0.0,OMN,Oman,0.0,0.0
2016,0.0,OMN,Oman,0.0,0.0
2017,0.0,OMN,Oman,0.0,0.0
2018,0.0,OMN,Oman,0.0,0.0
2019,0.0,OMN,Oman,0.0,0.0
2020,0.1,OMN,Oman,0.09531017980432487,0.1
2021,0.1,OMN,Oman,0.09531017980432487,0.0
1990,57.5,PAK,Pakistan,4.069026754237811,
1991,58.1,PAK,Pakistan,4.079230924412053,0.6000000000000014
1992,56.0,PAK,Pakistan,4.04305126783455,-2.1000000000000014
1993,54.1,PAK,Pakistan,4.009149716158869,-1.8999999999999986
1994,54.2,PAK,Pakistan,4.01096295328305,0.10000000000000142
1995,53.1,PAK,Pakistan,3.9908341858524357,-1.1000000000000014
1996,52.2,PAK,Pakistan,3.9740583963475986,-0.8999999999999986
1997,51.9,PAK,Pakistan,3.9684033388642534,-0.30000000000000426
1998,51.6,PAK,Pakistan,3.9627161197436642,-0.29999999999999716
1999,50.2,PAK,Pakistan,3.9357395320454622,-1.3999999999999986
2000,51.0,PAK,Pakistan,3.9512437185814275,0.7999999999999972
2001,51.5,PAK,Pakistan,3.960813169597578,0.5
2002,51.4,PAK,Pakistan,3.9589065913269965,-0.10000000000000142
2003,50.1,PAK,Pakistan,3.933784497209659,-1.2999999999999972
2004,47.9,PAK,Pakistan,3.8897773964808264,-2.200000000000003
2005,48.0,PAK,Pakistan,3.8918202981106265,0.10000000000000142
2006,47.0,PAK,Pakistan,3.871201010907891,-1.0
2007,44.9,PAK,Pakistan,3.8264651170664994,-2.1000000000000014
2008,46.6,PAK,Pakistan,3.8628327612373745,1.7000000000000028
2009,46.4,PAK,Pakistan,3.858622228701031,-0.20000000000000284
2010,47.4,PAK,Pakistan,3.879499813722586,1.0
2011,46.8,PAK,Pakistan,3.86702563949741,-0.6000000000000014
2012,47.2,PAK,Pakistan,3.8753590210565547,0.4000000000000057
2013,48.1,PAK,Pakistan,3.893859034800475,0.8999999999999986
2014,47.2,PAK,Pakistan,3.8753590210565547,-0.8999999999999986
2015,45.9,PAK,Pakistan,3.8480176754522337,-1.3000000000000043
2016,43.7,PAK,Pakistan,3.7999735016195233,-2.1999999999999957
2017,42.1,PAK,Pakistan,3.763522997109702,-1.6000000000000014
2018,43.4,PAK,Pakistan,3.7932394694381792,1.2999999999999972
2019,45.9,PAK,Pakistan,3.8480176754522337,2.5
2020,42.7,PAK,Pakistan,3.7773481021015445,-3.1999999999999957
2021,41.6,PAK,Pakistan,3.751854253275325,-1.1000000000000014
1990,43.0,PAN,Panama,3.784189633918261,
1991,40.7,PAN,Panama,3.730501128804756,-2.299999999999997
1992,39.7,PAN,Panama,3.7062280924485496,-1.0
1993,39.9,PAN,Panama,3.711130063048756,0.19999999999999574
1994,37.8,PAN,Panama,3.6584202466292277,-2.1000000000000014
1995,34.8,PAN,Panama,3.5779478934066544,-3.0
1996,36.8,PAN,Panama,3.632309102625542,2.0
1997,36.5,PAN,Panama,3.624340932976365,-0.29999999999999716
1998,31.4,PAN,Panama,3.4781584227982836,-5.100000000000001
1999,33.7,PAN,Panama,3.5467396869528134,2.3000000000000043
2000,27.7,PAN,Panama,3.3568971227655755,-6.0000000000000036
2001,24.0,PAN,Panama,3.2188758248682006,-3.6999999999999993
2002,28.7,PAN,Panama,3.391147045808654,4.699999999999999
2003,27.4,PAN,Panama,3.3463891451671604,-1.3000000000000007
2004,28.2,PAN,Panama,3.374168709274236,0.8000000000000007
2005,22.8,PAN,Panama,3.169685580677429,-5.399999999999999
2006,22.1,PAN,Panama,3.139832617527748,-0.6999999999999993
2007,22.8,PAN,Panama,3.169685580677429,0.6999999999999993
2008,23.4,PAN,Panama,3.1945831322991562,0.5999999999999979
2009,20.4,PAN,Panama,3.0633909220278057,-3.0
2010,20.6,PAN,Panama,3.0726933146901194,0.20000000000000284
2011,19.7,PAN,Panama,3.0301337002713233,-0.9000000000000021
2012,21.2,PAN,Panama,3.100092288878234,1.5
2013,20.7,PAN,Panama,3.077312260546414,-0.5
2014,19.8,PAN,Panama,3.0349529867072724,-0.8999999999999986
2015,22.0,PAN,Panama,3.1354942159291497,2.1999999999999993
2016,22.1,PAN,Panama,3.139832617527748,0.10000000000000142
2017,23.6,PAN,Panama,3.202746442938317,1.5
2018,24.5,PAN,Panama,3.2386784521643803,0.8999999999999986
2019,19.0,PAN,Panama,2.995732273553991,-5.5
2020,28.5,PAN,Panama,3.3843902633457743,9.5
2021,28.0,PAN,Panama,3.367295829986474,-0.5
1990,39.4,PER,Peru,3.6988297849671046,
1991,39.9,PER,Peru,3.711130063048756,0.5
1992,37.3,PER,Peru,3.6454498961866,-2.6000000000000014
1993,37.1,PER,Peru,3.6402142821326553,-0.19999999999999574
1994,35.9,PER,Peru,3.6082115510464816,-1.2000000000000028
1995,33.3,PER,Peru,3.535145354171894,-2.6000000000000014
1996,31.7,PER,Peru,3.487375077903208,-1.5999999999999979
1997,31.7,PER,Peru,3.487375077903208,0.0
1998,39.4,PER,Peru,3.6988297849671046,7.699999999999999
1999,36.7,PER,Peru,3.629660094453965,-2.6999999999999957
2000,38.6,PER,Peru,3.6788291182604347,1.8999999999999986
2001,41.2,PER,Peru,3.742420221041966,2.6000000000000014
2002,40.2,PER,Peru,3.7184382563554808,-1.0
2003,40.9,PER,Peru,3.735285826928092,0.6999999999999957
2004,37.8,PER,Peru,3.6584202466292277,-3.1000000000000014
2005,38.4,PER,Peru,3.673765816303888,0.6000000000000014
2006,38.7,PER,Peru,3.681351187693145,0.30000000000000426
2007,36.0,PER,Peru,3.6109179126442243,-2.700000000000003
2008,33.7,PER,Peru,3.5467396869528134,-2.299999999999997
2009,32.9,PER,Peru,3.5234150143864045,-0.8000000000000043
2010,32.2,PER,Peru,3.502549875922443,-0.6999999999999957
2011,30.6,PER,Peru,3.4531571205928664,-1.6000000000000014
2012,30.8,PER,Peru,3.459466289786131,0.1999999999999993
2013,28.4,PER,Peru,3.380994674344636,-2.400000000000002
2014,28.6,PER,Peru,3.3877743613300146,0.20000000000000284
2015,27.4,PER,Peru,3.3463891451671604,-1.2000000000000028
2016,27.2,PER,Peru,3.339321977944068,-0.1999999999999993
2017,27.6,PER,Peru,3.353406717825807,0.40000000000000213
2018,27.9,PER,Peru,3.3638415951183864,0.29999999999999716
2019,27.1,PER,Peru,3.3357695763397,-0.7999999999999972
2020,31.6,PER,Peru,3.484312288372662,4.5
2021,30.6,PER,Peru,3.4531571205928664,-1.0
1990,49.5,PHL,Philippines,3.9219733362813143,
1991,51.3,PHL,Philippines,3.9569963710708773,1.7999999999999972
1992,47.7,PHL,Philippines,3.885679030088544,-3.5999999999999943
1993,44.1,PHL,Philippines,3.8088822465086327,-3.6000000000000014
1994,43.1,PHL,Philippines,3.7864597824528,-1.0
1995,37.8,PHL,Philippines,3.6584202466292277,-5.300000000000004
1996,35.8,PHL,Philippines,3.6054978451748854,-2.0
1997,33.4,PHL,Philippines,3.5380565643793527,-2.3999999999999986
1998,32.8,PHL,Philippines,3.520460802488973,-0.6000000000000014
1999,33.6,PHL,Philippines,3.543853682063679,0.8000000000000043
2000,33.9,PHL,Philippines,3.5524868292083815,0.29999999999999716
2001,32.9,PHL,Philippines,3.5234150143864045,-1.0
2002,31.8,PHL,Philippines,3.490428515390098,-1.0999999999999979
2003,30.9,PHL,Philippines,3.462606009790799,-0.9000000000000021
2004,30.2,PHL,Philippines,3.4404180948154366,-0.6999999999999993
2005,31.3,PHL,Philippines,3.475067230228611,1.1000000000000014
2006,33.3,PHL,Philippines,3.535145354171894,1.9999999999999964
2007,32.4,PHL,Philippines,3.5085558999826545,-0.8999999999999986
2008,33.9,PHL,Philippines,3.5524868292083815,1.5
2009,34.1,PHL,Philippines,3.55820113047182,0.20000000000000284
2010,32.7,PHL,Philippines,3.517497837358316,-1.3999999999999986
2011,33.8,PHL,Philippines,3.5496173867804286,1.0999999999999943
2012,34.1,PHL,Philippines,3.55820113047182,0.30000000000000426
2013,33.1,PHL,Philippines,3.529297384289471,-1.0
2014,32.4,PHL,Philippines,3.5085558999826545,-0.7000000000000028
2015,30.8,PHL,Philippines,3.459466289786131,-1.5999999999999979
2016,28.6,PHL,Philippines,3.3877743613300146,-2.1999999999999993
2017,27.8,PHL,Philippines,3.3603753871419,-0.8000000000000007
2018,27.6,PHL,Philippines,3.353406717825807,-0.1999999999999993
2019,26.9,PHL,Philippines,3.32862668882732,-0.7000000000000028
2020,29.1,PHL,Philippines,3.40452517175483,2.200000000000003
2021,28.0,PHL,Philippines,3.367295829986474,-1.1000000000000014
1992,0.0,PLW,Palau,0.0,
1993,0.0,PLW,Palau,0.0,0.0
1994,0.0,PLW,Palau,0.0,0.0
1995,0.0,PLW,Palau,0.0,0.0
1996,0.0,PLW,Palau,0.0,0.0
1997,0.0,PLW,Palau,0.0,0.0
1998,0.0,PLW,Palau,0.0,0.0
1999,0.0,PLW,Palau,0.0,0.0
2000,0.0,PLW,Palau,0.0,0.0
2001,0.0,PLW,Palau,0.0,0.0
2002,0.0,PLW,Palau,0.0,0.0
2003,0.0,PLW,Palau,0.0,0.0
2004,0.0,PLW,Palau,0.0,0.0
2005,0.0,PLW,Palau,0.0,0.0
2006,0.0,PLW,Palau,0.0,0.0
2007,0.0,PLW,Palau,0.0,0.0
2008,0.0,PLW,Palau,0.0,0.0
2009,0.0,PLW,Palau,0.0,0.0
2010,0.0,PLW,Palau,0.0,0.0
2011,0.0,PLW,Palau,0.0,0.0
2012,0.0,PLW,Palau,0.0,0.0
2013,0.0,PLW,Palau,0.0,0.0
2014,0.3,PLW,Palau,0.262364264467491,0.3
2015,0.4,PLW,Palau,0.33647223662121295,0.10000000000000003
2016,0.6,PLW,Palau,0.4700036292457356,0.19999999999999996
2017,0.6,PLW,Palau,0.4700036292457356,0.0
2018,0.6,PLW,Palau,0.4700036292457356,0.0
2019,0.9,PLW,Palau,0.6418538861723948,0.30000000000000004
2020,0.9,PLW,Palau,0.6418538861723948,0.0
2021,0.9,PLW,Palau,0.6418538861723948,0.0
2022,0.9,PLW,Palau,0.6418538861723948,0.0
1990,71.7,PNG,Papua New Guinea,4.286341384539473,
1991,71.7,PNG,Papua New Guinea,4.286341384539473,0.0
1992,71.6,PNG,Papua New Guinea,4.28496492183075,-0.10000000000000853
1993,71.2,PNG,Papua New Guinea,4.279440045898781,-0.3999999999999915
1994,69.4,PNG,Papua New Guinea,4.254193263163997,-1.7999999999999972
1995,70.7,PNG,Papua New Guinea,4.272490747605575,1.2999999999999972
1996,69.9,PNG,Papua New Guinea,4.2612704335380815,-0.7999999999999972
1997,68.7,PNG,Papua New Guinea,4.244200317766478,-1.2000000000000028
1998,67.7,PNG,Papua New Guinea,4.229749199228304,-1.0
1999,68.7,PNG,Papua New Guinea,4.244200317766478,1.0
2000,66.4,PNG,Papua New Guinea,4.210645017918261,-2.299999999999997
2001,63.4,PNG,Papua New Guinea,4.165113633110308,-3.000000000000007
2002,62.5,PNG,Papua New Guinea,4.151039905898646,-0.8999999999999986
2003,60.4,PNG,Papua New Guinea,4.117409835153096,-2.1000000000000014
2004,57.5,PNG,Papua New Guinea,4.069026754237811,-2.8999999999999986
2005,58.6,PNG,Papua New Guinea,4.087655574071304,1.1000000000000014
2006,58.9,PNG,Papua New Guinea,4.092676505121403,0.29999999999999716
2007,57.1,PNG,Papua New Guinea,4.062165663857866,-1.7999999999999972
2008,56.9,PNG,Papua New Guinea,4.05871738457895,-0.20000000000000284
2009,56.0,PNG,Papua New Guinea,4.04305126783455,-0.8999999999999986
2010,55.2,PNG,Papua New Guinea,4.028916756899646,-0.7999999999999972
2011,54.7,PNG,Papua New Guinea,4.019980146933238,-0.5
2012,55.5,PNG,Papua New Guinea,4.034240638152395,0.7999999999999972
2013,58.3,PNG,Papua New Guinea,4.08260930600368,2.799999999999997
2014,56.9,PNG,Papua New Guinea,4.05871738457895,-1.3999999999999986
2015,55.3,PNG,Papua New Guinea,4.030694535145645,-1.6000000000000014
2016,54.8,PNG,Papua New Guinea,4.021773869387265,-0.5
2017,54.7,PNG,Papua New Guinea,4.019980146933238,-0.09999999999999432
2018,53.4,PNG,Papua New Guinea,3.996364153861897,-1.3000000000000043
2019,53.2,PNG,Papua New Guinea,3.9926809084456005,-0.19999999999999574
2020,53.6,PNG,Papua New Guinea,4.000033882750859,0.3999999999999986
2021,54.5,PNG,Papua New Guinea,4.0163830207523885,0.8999999999999986
2022,54.6,PNG,Papua New Guinea,4.018183201256536,0.10000000000000142
1990,2.5,POL,Poland,1.252762968495368,
1991,2.1,POL,Poland,1.1314021114911006,-0.3999999999999999
1992,2.3,POL,Poland,1.1939224684724346,0.19999999999999973
1993,6.1,POL,Poland,1.9600947840472698,3.8
1994,6.2,POL,Poland,1.9740810260220096,0.10000000000000053
1995,6.3,POL,Poland,1.9878743481543455,0.09999999999999964
1996,5.9,POL,Poland,1.9315214116032138,-0.39999999999999947
1997,6.0,POL,Poland,1.9459101490553132,0.09999999999999964
1998,6.5,POL,Poland,2.0149030205422647,0.5
1999,6.4,POL,Poland,2.0014800002101243,-0.09999999999999964
2000,6.9,POL,Poland,2.066862759472976,0.5
2001,7.3,POL,Poland,2.1162555148025524,0.39999999999999947
2002,7.5,POL,Poland,2.1400661634962708,0.20000000000000018
2003,7.3,POL,Poland,2.1162555148025524,-0.20000000000000018
2004,7.3,POL,Poland,2.1162555148025524,0.0
2005,7.2,POL,Poland,2.1041341542702074,-0.09999999999999964
2006,7.2,POL,Poland,2.1041341542702074,0.0
2007,7.3,POL,Poland,2.1162555148025524,0.09999999999999964
2008,8.0,POL,Poland,2.1972245773362196,0.7000000000000002
2009,8.8,POL,Poland,2.2823823856765264,0.8000000000000007
2010,9.5,POL,Poland,2.3513752571634776,0.6999999999999993
2011,10.4,POL,Poland,2.4336133554004498,0.9000000000000004
2012,10.9,POL,Poland,2.4765384001174837,0.5
2013,11.4,POL,Poland,2.517696472610991,0.5
2014,11.6,POL,Poland,2.533696813957432,0.1999999999999993
2015,11.9,POL,Poland,2.5572273113676265,0.3000000000000007
2016,11.3,POL,Poland,2.509599262378372,-0.5999999999999996
2017,11.1,POL,Poland,2.4932054526026954,-0.20000000000000107
2018,15.1,POL,Poland,2.7788192719904172,4.0
2019,15.6,POL,Poland,2.8094026953624978,0.5
2020,16.1,POL,Poland,2.8390784635086144,0.5000000000000018
2021,15.2,POL,Poland,2.785011242238338,-0.9000000000000021
1990,1.8,PRI,Puerto Rico (US),1.0296194171811581,
1991,1.8,PRI,Puerto Rico (US),1.0296194171811581,0.0
1992,1.8,PRI,Puerto Rico (US),1.0296194171811581,0.0
1993,0.8,PRI,Puerto Rico (US),0.5877866649021191,-1.0
1994,0.2,PRI,Puerto Rico (US),0.18232155679395465,-0.6000000000000001
1995,0.5,PRI,Puerto Rico (US),0.4054651081081644,0.3
1996,0.7,PRI,Puerto Rico (US),0.5306282510621704,0.19999999999999996
1997,0.5,PRI,Puerto Rico (US),0.4054651081081644,-0.19999999999999996
1998,0.5,PRI,Puerto Rico (US),0.4054651081081644,0.0
1999,0.7,PRI,Puerto Rico (US),0.5306282510621704,0.19999999999999996
2000,0.6,PRI,Puerto Rico (US),0.4700036292457356,-0.09999999999999998
2001,0.5,PRI,Puerto Rico (US),0.4054651081081644,-0.09999999999999998
2002,0.5,PRI,Puerto Rico (US),0.4054651081081644,0.0
2003,0.5,PRI,Puerto Rico (US),0.4054651081081644,0.0
2004,0.5,PRI,Puerto Rico (US),0.4054651081081644,0.0
2005,0.6,PRI,Puerto Rico (US),0.4700036292457356,0.09999999999999998
2006,0.5,PRI,Puerto Rico (US),0.4054651081081644,-0.09999999999999998
2007,0.5,PRI,Puerto Rico (US),0.4054651081081644,0.0
2008,0.5,PRI,Puerto Rico (US),0.4054651081081644,0.0
2009,0.5,PRI,Puerto Rico (US),0.4054651081081644,0.0
2010,0.4,PRI,Puerto Rico (US),0.33647223662121295,-0.09999999999999998
2011,0.7,PRI,Puerto Rico (US),0.5306282510621704,0.29999999999999993
2012,0.5,PRI,Puerto Rico (US),0.4054651081081644,-0.19999999999999996
2013,1.4,PRI,Puerto Rico (US),0.8754687373538999,0.8999999999999999
2014,1.6,PRI,Puerto Rico (US),0.9555114450274363,0.20000000000000018
2015,1.9,PRI,Puerto Rico (US),1.0647107369924282,0.2999999999999998
2016,1.9,PRI,Puerto Rico (US),1.0647107369924282,0.0
2017,2.3,PRI,Puerto Rico (US),1.1939224684724346,0.3999999999999999
2018,1.4,PRI,Puerto Rico (US),0.8754687373538999,-0.8999999999999999
2019,2.4,PRI,Puerto Rico (US),1.2237754316221157,1.0
2020,2.5,PRI,Puerto Rico (US),1.252762968495368,0.10000000000000009
2021,2.6,PRI,Puerto Rico (US),1.2809338454620642,0.10000000000000009
2022,2.5,PRI,Puerto Rico (US),1.252762968495368,-0.10000000000000009
1990,7.2,PRK,"Korea, Dem. People's Rep.",2.1041341542702074,
1991,7.5,PRK,"Korea, Dem. People's Rep.",2.1400661634962708,0.2999999999999998
1992,7.7,PRK,"Korea, Dem. People's Rep.",2.163323025660538,0.20000000000000018
1993,8.0,PRK,"Korea, Dem. People's Rep.",2.1972245773362196,0.2999999999999998
1994,9.0,PRK,"Korea, Dem. People's Rep.",2.302585092994046,1.0
1995,9.6,PRK,"Korea, Dem. People's Rep.",2.3608540011180215,0.5999999999999996
1996,10.2,PRK,"Korea, Dem. People's Rep.",2.4159137783010487,0.5999999999999996
1997,9.6,PRK,"Korea, Dem. People's Rep.",2.3608540011180215,-0.5999999999999996
1998,9.9,PRK,"Korea, Dem. People's Rep.",2.388762789235098,0.3000000000000007
1999,9.4,PRK,"Korea, Dem. People's Rep.",2.341805806147327,-0.5
2000,8.7,PRK,"Korea, Dem. People's Rep.",2.272125885509337,-0.7000000000000011
2001,8.6,PRK,"Korea, Dem. People's Rep.",2.2617630984737906,-0.09999999999999964
2002,9.0,PRK,"Korea, Dem. People's Rep.",2.302585092994046,0.40000000000000036
2003,9.3,PRK,"Korea, Dem. People's Rep.",2.33214389523559,0.3000000000000007
2004,9.4,PRK,"Korea, Dem. People's Rep.",2.341805806147327,0.09999999999999964
2005,9.2,PRK,"Korea, Dem. People's Rep.",2.322387720290225,-0.20000000000000107
2006,9.0,PRK,"Korea, Dem. People's Rep.",2.302585092994046,-0.1999999999999993
2007,10.9,PRK,"Korea, Dem. People's Rep.",2.4765384001174837,1.9000000000000004
2008,10.2,PRK,"Korea, Dem. People's Rep.",2.4159137783010487,-0.7000000000000011
2009,10.4,PRK,"Korea, Dem. People's Rep.",2.4336133554004498,0.20000000000000107
2010,11.0,PRK,"Korea, Dem. People's Rep.",2.4849066497880004,0.5999999999999996
2011,14.8,PRK,"Korea, Dem. People's Rep.",2.760009940032921,3.8000000000000007
2012,15.4,PRK,"Korea, Dem. People's Rep.",2.797281334830153,0.5999999999999996
2013,20.8,PRK,"Korea, Dem. People's Rep.",3.0819099697950434,5.4
2014,18.5,PRK,"Korea, Dem. People's Rep.",2.970414465569701,-2.3000000000000007
2015,22.6,PRK,"Korea, Dem. People's Rep.",3.1612467120315646,4.100000000000001
2016,24.0,PRK,"Korea, Dem. People's Rep.",3.2188758248682006,1.3999999999999986
2017,10.2,PRK,"Korea, Dem. People's Rep.",2.4159137783010487,-13.8
2018,11.9,PRK,"Korea, Dem. People's Rep.",2.5572273113676265,1.700000000000001
2019,10.0,PRK,"Korea, Dem. People's Rep.",2.3978952727983707,-1.9000000000000004
2020,11.2,PRK,"Korea, Dem. People's Rep.",2.501435951739211,1.1999999999999993
2021,14.7,PRK,"Korea, Dem. People's Rep.",2.7536607123542622,3.5
1990,27.0,PRT,Portugal,3.332204510175204,
1991,25.8,PRT,Portugal,3.288401887516811,-1.1999999999999993
1992,22.4,PRT,Portugal,3.152736022363656,-3.400000000000002
1993,24.4,PRT,Portugal,3.2347491740244907,2.0
1994,25.0,PRT,Portugal,3.258096538021482,0.6000000000000014
1995,23.7,PRT,Portugal,3.2068032436339315,-1.3000000000000007
1996,25.4,PRT,Portugal,3.2733640101522705,1.6999999999999993
1997,24.6,PRT,Portugal,3.242592351485517,-0.7999999999999972
1998,22.4,PRT,Portugal,3.152736022363656,-2.200000000000003
1999,19.0,PRT,Portugal,2.995732273553991,-3.3999999999999986
2000,20.1,PRT,Portugal,3.0492730404820207,1.1000000000000014
2001,20.8,PRT,Portugal,3.0819099697950434,0.6999999999999993
2002,18.3,PRT,Portugal,2.9601050959108397,-2.5
2003,22.1,PRT,Portugal,3.139832617527748,3.8000000000000007
2004,19.9,PRT,Portugal,3.039749158970765,-2.200000000000003
2005,18.1,PRT,Portugal,2.9496883350525844,-1.7999999999999972
2006,22.3,PRT,Portugal,3.1484533605716547,4.199999999999999
2007,23.1,PRT,Portugal,3.1822118404966093,0.8000000000000007
2008,23.2,PRT,Portugal,3.186352633162641,0.09999999999999787
2009,24.9,PRT,Portugal,3.254242968705492,1.6999999999999993
2010,27.8,PRT,Portugal,3.3603753871419,2.900000000000002
2011,27.2,PRT,Portugal,3.339321977944068,-0.6000000000000014
2012,25.5,PRT,Portugal,3.2771447329921766,-1.6999999999999993
2013,30.2,PRT,Portugal,3.4404180948154366,4.699999999999999
2014,30.5,PRT,Portugal,3.449987545831587,0.3000000000000007
2015,27.2,PRT,Portugal,3.339321977944068,-3.3000000000000007
2016,29.0,PRT,Portugal,3.4011973816621555,1.8000000000000007
2017,24.4,PRT,Portugal,3.2347491740244907,-4.600000000000001
2018,27.5,PRT,Portugal,3.349904087274605,3.1000000000000014
2019,28.2,PRT,Portugal,3.374168709274236,0.6999999999999993
2020,31.3,PRT,Portugal,3.475067230228611,3.1000000000000014
2021,32.3,PRT,Portugal,3.505557396986398,0.9999999999999964
1990,78.5,PRY,Paraguay,4.375757021660286,
1991,79.2,PRY,Paraguay,4.384523514872469,0.7000000000000028
1992,75.7,PRY,Paraguay,4.33990170837321,-3.5
1993,72.6,PRY,Paraguay,4.298645025734831,-3.1000000000000085
1994,69.9,PRY,Paraguay,4.2612704335380815,-2.6999999999999886
1995,70.2,PRY,Paraguay,4.26549281841793,0.29999999999999716
1996,70.8,PRY,Paraguay,4.273884476054178,0.5999999999999943
1997,69.5,PRY,Paraguay,4.255612709818223,-1.2999999999999972
1998,67.4,PRY,Paraguay,4.225372824628505,-2.0999999999999943
1999,65.9,PRY,Paraguay,4.203198967134183,-1.5
2000,70.4,PRY,Paraguay,4.268297869345539,4.5
2001,69.8,PRY,Paraguay,4.259859000699674,-0.6000000000000085
2002,67.7,PRY,Paraguay,4.229749199228304,-2.0999999999999943
2003,67.0,PRY,Paraguay,4.219507705176107,-0.7000000000000028
2004,66.8,PRY,Paraguay,4.216562194946349,-0.20000000000000284
2005,68.8,PRY,Paraguay,4.2456340097683265,2.0
2006,66.5,PRY,Paraguay,4.212127597878484,-2.299999999999997
2007,68.4,PRY,Paraguay,4.239886867512759,1.9000000000000057
2008,65.8,PRY,Paraguay,4.2017030805426,-2.6000000000000085
2009,65.4,PRY,Paraguay,4.1956970564823886,-0.3999999999999915
2010,63.6,PRY,Paraguay,4.168214410788556,-1.8000000000000043
2011,62.5,PRY,Paraguay,4.151039905898646,-1.1000000000000014
2012,63.4,PRY,Paraguay,4.165113633110308,0.8999999999999986
2013,62.5,PRY,Paraguay,4.151039905898646,-0.8999999999999986
2014,62.5,PRY,Paraguay,4.151039905898646,0.0
2015,60.5,PRY,Paraguay,4.119037174812473,-2.0
2016,62.5,PRY,Paraguay,4.151039905898646,2.0
2017,60.1,PRY,Paraguay,4.11251186617755,-2.3999999999999986
2018,59.2,PRY,Paraguay,4.097672352314776,-0.8999999999999986
2019,60.1,PRY,Paraguay,4.11251186617755,0.8999999999999986
2020,61.5,PRY,Paraguay,4.135166556742356,1.3999999999999986
2021,58.8,PRY,Paraguay,4.091005660956586,-2.700000000000003
1990,22.1,PSE,West Bank and Gaza,3.139832617527748,
1991,22.0,PSE,West Bank and Gaza,3.1354942159291497,-0.10000000000000142
1992,21.5,PSE,West Bank and Gaza,3.1135153092103742,-0.5
1993,21.3,PSE,West Bank and Gaza,3.104586678466073,-0.1999999999999993
1994,21.0,PSE,West Bank and Gaza,3.091042453358316,-0.3000000000000007
1995,21.0,PSE,West Bank and Gaza,3.091042453358316,0.0
1996,20.2,PSE,West Bank and Gaza,3.054001181677967,-0.8000000000000007
1997,17.2,PSE,West Bank and Gaza,2.9014215940827497,-3.0
1998,16.4,PSE,West Bank and Gaza,2.856470206220483,-0.8000000000000007
1999,15.9,PSE,West Bank and Gaza,2.8273136219290276,-0.4999999999999982
2000,17.5,PSE,West Bank and Gaza,2.917770732084279,1.5999999999999996
2001,17.1,PSE,West Bank and Gaza,2.89591193827178,-0.3999999999999986
2002,21.8,PSE,West Bank and Gaza,3.126760535960395,4.699999999999999
2003,21.7,PSE,West Bank and Gaza,3.122364924487357,-0.10000000000000142
2004,23.1,PSE,West Bank and Gaza,3.1822118404966093,1.4000000000000021
2005,22.8,PSE,West Bank and Gaza,3.169685580677429,-0.3000000000000007
2006,18.1,PSE,West Bank and Gaza,2.9496883350525844,-4.699999999999999
2007,20.5,PSE,West Bank and Gaza,3.068052935133617,2.3999999999999986
2008,20.1,PSE,West Bank and Gaza,3.0492730404820207,-0.3999999999999986
2009,16.5,PSE,West Bank and Gaza,2.8622008809294686,-3.6000000000000014
2010,14.1,PSE,West Bank and Gaza,2.714694743820879,-2.4000000000000004
2011,15.4,PSE,West Bank and Gaza,2.797281334830153,1.3000000000000007
2012,12.2,PSE,West Bank and Gaza,2.580216829592325,-3.200000000000001
2013,11.7,PSE,West Bank and Gaza,2.5416019934645457,-0.5
2014,10.8,PSE,West Bank and Gaza,2.468099531471619,-0.8999999999999986
2015,11.0,PSE,West Bank and Gaza,2.4849066497880004,0.1999999999999993
2016,12.3,PSE,West Bank and Gaza,2.5877640352277083,1.3000000000000007
2017,10.5,PSE,West Bank and Gaza,2.4423470353692043,-1.8000000000000007
2018,12.7,PSE,West Bank and Gaza,2.617395832834079,2.1999999999999993
2019,13.9,PSE,West Bank and Gaza,2.7013612129514133,1.200000000000001
2020,15.0,PSE,West Bank and Gaza,2.772588722239781,1.0999999999999996
2021,15.4,PSE,West Bank and Gaza,2.797281334830153,0.40000000000000036
2022,15.4,PSE,West Bank and Gaza,2.797281334830153,0.0
1990,4.3,PYF,French Polynesia,1.667706820558076,
1991,4.3,PYF,French Polynesia,1.667706820558076,0.0
1992,6.9,PYF,French Polynesia,2.066862759472976,2.6000000000000005
1993,7.2,PYF,French Polynesia,2.1041341542702074,0.2999999999999998
1994,6.8,PYF,French Polynesia,2.0541237336955462,-0.40000000000000036
1995,8.3,PYF,French Polynesia,2.2300144001592104,1.5000000000000009
1996,7.4,PYF,French Polynesia,2.128231705849268,-0.9000000000000004
1997,7.4,PYF,French Polynesia,2.128231705849268,0.0
1998,10.1,PYF,French Polynesia,2.4069451083182885,2.6999999999999993
1999,7.1,PYF,French Polynesia,2.0918640616783932,-3.0
2000,8.8,PYF,French Polynesia,2.2823823856765264,1.700000000000001
2001,6.7,PYF,French Polynesia,2.0412203288596382,-2.1000000000000005
2002,6.2,PYF,French Polynesia,1.9740810260220096,-0.5
2003,7.2,PYF,French Polynesia,2.1041341542702074,1.0
2004,7.7,PYF,French Polynesia,2.163323025660538,0.5
2005,8.0,PYF,French Polynesia,2.1972245773362196,0.2999999999999998
2006,10.1,PYF,French Polynesia,2.4069451083182885,2.0999999999999996
2007,9.8,PYF,French Polynesia,2.379546134130174,-0.29999999999999893
2008,9.3,PYF,French Polynesia,2.33214389523559,-0.5
2009,9.3,PYF,French Polynesia,2.33214389523559,0.0
2010,7.5,PYF,French Polynesia,2.1400661634962708,-1.8000000000000007
2011,6.9,PYF,French Polynesia,2.066862759472976,-0.5999999999999996
2012,6.6,PYF,French Polynesia,2.028148247292285,-0.3000000000000007
2013,6.5,PYF,French Polynesia,2.0149030205422647,-0.09999999999999964
2014,7.4,PYF,French Polynesia,2.128231705849268,0.9000000000000004
2015,7.8,PYF,French Polynesia,2.174751721484161,0.39999999999999947
2016,8.1,PYF,French Polynesia,2.2082744135228043,0.2999999999999998
2017,8.1,PYF,French Polynesia,2.2082744135228043,0.0
2018,7.7,PYF,French Polynesia,2.163323025660538,-0.39999999999999947
2019,7.7,PYF,French Polynesia,2.163323025660538,0.0
2020,8.2,PYF,French Polynesia,2.2192034840549946,0.4999999999999991
2021,7.4,PYF,French Polynesia,2.128231705849268,-0.7999999999999989
2022,7.0,PYF,French Polynesia,2.0794415416798357,-0.40000000000000036
1990,0.2,QAT,Qatar,0.18232155679395465,
1991,0.2,QAT,Qatar,0.18232155679395465,0.0
1992,0.1,QAT,Qatar,0.09531017980432487,-0.1
1993,0.0,QAT,Qatar,0.0,-0.1
1994,0.0,QAT,Qatar,0.0,0.0
1995,0.1,QAT,Qatar,0.09531017980432487,0.1
1996,0.1,QAT,Qatar,0.09531017980432487,0.0
1997,0.1,QAT,Qatar,0.09531017980432487,0.0
1998,0.1,QAT,Qatar,0.09531017980432487,0.0
1999,0.1,QAT,Qatar,0.09531017980432487,0.0
2000,0.1,QAT,Qatar,0.09531017980432487,0.0
2001,0.1,QAT,Qatar,0.09531017980432487,0.0
2002,0.1,QAT,Qatar,0.09531017980432487,0.0
2003,0.0,QAT,Qatar,0.0,-0.1
2004,0.0,QAT,Qatar,0.0,0.0
2005,0.0,QAT,Qatar,0.0,0.0
2006,0.1,QAT,Qatar,0.09531017980432487,0.1
2007,0.1,QAT,Qatar,0.09531017980432487,0.0
2008,0.1,QAT,Qatar,0.09531017980432487,0.0
2009,0.1,QAT,Qatar,0.09531017980432487,0.0
2010,0.1,QAT,Qatar,0.09531017980432487,0.0
2011,0.1,QAT,Qatar,0.09531017980432487,0.0
2012,0.0,QAT,Qatar,0.0,-0.1
2013,0.0,QAT,Qatar,0.0,0.0
2014,0.0,QAT,Qatar,0.0,0.0
2015,0.0,QAT,Qatar,0.0,0.0
2016,0.1,QAT,Qatar,0.09531017980432487,0.1
2017,0.1,QAT,Qatar,0.09531017980432487,0.0
2018,0.0,QAT,Qatar,0.0,-0.1
2019,0.1,QAT,Qatar,0.09531017980432487,0.1
2020,0.0,QAT,Qatar,0.0,-0.1
2021,0.0,QAT,Qatar,0.0,0.0
1990,3.4,ROU,Romania,1.4816045409242156,
1991,5.0,ROU,Romania,1.791759469228055,1.6
1992,5.6,ROU,Romania,1.8870696490323797,0.5999999999999996
1993,7.2,ROU,Romania,2.1041341542702074,1.6000000000000005
1994,7.6,ROU,Romania,2.151762203259462,0.39999999999999947
1995,8.6,ROU,Romania,2.2617630984737906,1.0
1996,11.9,ROU,Romania,2.5572273113676265,3.3000000000000007
1997,15.8,ROU,Romania,2.8213788864092133,3.9000000000000004
1998,16.3,ROU,Romania,2.8507065015037334,0.5
1999,17.7,ROU,Romania,2.928523523860541,1.3999999999999986
2000,16.4,ROU,Romania,2.856470206220483,-1.3000000000000007
2001,13.4,ROU,Romania,2.667228206581955,-2.9999999999999982
2002,14.4,ROU,Romania,2.7343675094195836,1.0
2003,15.7,ROU,Romania,2.8154087194227095,1.299999999999999
2004,17.3,ROU,Romania,2.9069010598473755,1.6000000000000014
2005,18.5,ROU,Romania,2.970414465569701,1.1999999999999993
2006,17.4,ROU,Romania,2.91235066461494,-1.1000000000000014
2007,18.2,ROU,Romania,2.954910279033736,0.8000000000000007
2008,20.4,ROU,Romania,3.0633909220278057,2.1999999999999993
2009,22.1,ROU,Romania,3.139832617527748,1.7000000000000028
2010,24.1,ROU,Romania,3.2228678461377385,2.0
2011,21.1,ROU,Romania,3.095577608523707,-3.0
2012,21.5,ROU,Romania,3.1135153092103742,0.3999999999999986
2013,23.1,ROU,Romania,3.1822118404966093,1.6000000000000014
2014,24.3,ROU,Romania,3.2308043957334744,1.1999999999999993
2015,23.7,ROU,Romania,3.2068032436339315,-0.6000000000000014
2016,24.4,ROU,Romania,3.2347491740244907,0.6999999999999993
2017,23.4,ROU,Romania,3.1945831322991562,-1.0
2018,23.0,ROU,Romania,3.1780538303479458,-0.3999999999999986
2019,23.5,ROU,Romania,3.1986731175506815,0.5
2020,24.1,ROU,Romania,3.2228678461377385,0.6000000000000014
2021,23.6,ROU,Romania,3.202746442938317,-0.5
1990,3.8,RUS,Russian Federation,1.5686159179138452,
1991,3.8,RUS,Russian Federation,1.5686159179138452,0.0
1992,4.0,RUS,Russian Federation,1.6094379124341003,0.20000000000000018
1993,4.0,RUS,Russian Federation,1.6094379124341003,0.0
1994,3.9,RUS,Russian Federation,1.589235205116581,-0.10000000000000009
1995,3.9,RUS,Russian Federation,1.589235205116581,0.0
1996,3.7,RUS,Russian Federation,1.547562508716013,-0.19999999999999973
1997,3.8,RUS,Russian Federation,1.5686159179138452,0.09999999999999964
1998,3.6,RUS,Russian Federation,1.5260563034950492,-0.19999999999999973
1999,3.8,RUS,Russian Federation,1.5686159179138452,0.19999999999999973
2000,3.5,RUS,Russian Federation,1.5040773967762742,-0.2999999999999998
2001,3.6,RUS,Russian Federation,1.5260563034950492,0.10000000000000009
2002,3.5,RUS,Russian Federation,1.5040773967762742,-0.10000000000000009
2003,3.3,RUS,Russian Federation,1.4586150226995167,-0.20000000000000018
2004,3.5,RUS,Russian Federation,1.5040773967762742,0.20000000000000018
2005,3.6,RUS,Russian Federation,1.5260563034950492,0.10000000000000009
2006,3.5,RUS,Russian Federation,1.5040773967762742,-0.10000000000000009
2007,3.7,RUS,Russian Federation,1.547562508716013,0.20000000000000018
2008,3.3,RUS,Russian Federation,1.4586150226995167,-0.40000000000000036
2009,3.6,RUS,Russian Federation,1.5260563034950492,0.30000000000000027
2010,3.3,RUS,Russian Federation,1.4586150226995167,-0.30000000000000027
2011,3.2,RUS,Russian Federation,1.4350845252893227,-0.09999999999999964
2012,3.2,RUS,Russian Federation,1.4350845252893227,0.0
2013,3.6,RUS,Russian Federation,1.5260563034950492,0.3999999999999999
2014,3.3,RUS,Russian Federation,1.4586150226995167,-0.30000000000000027
2015,3.2,RUS,Russian Federation,1.4350845252893227,-0.09999999999999964
2016,3.4,RUS,Russian Federation,1.4816045409242156,0.19999999999999973
2017,3.2,RUS,Russian Federation,1.4350845252893227,-0.19999999999999973
2018,3.2,RUS,Russian Federation,1.4350845252893227,0.0
2019,3.2,RUS,Russian Federation,1.4350845252893227,0.0
2020,3.7,RUS,Russian Federation,1.547562508716013,0.5
2021,3.5,RUS,Russian Federation,1.5040773967762742,-0.20000000000000018
1990,80.1,RWA,Rwanda,4.395682961121367,
1991,81.8,RWA,Rwanda,4.416428061391214,1.7000000000000028
1992,81.6,RWA,Rwanda,4.414009680526933,-0.20000000000000284
1993,81.3,RWA,Rwanda,4.410371107683024,-0.29999999999999716
1994,78.5,RWA,Rwanda,4.375757021660286,-2.799999999999997
1995,88.4,RWA,Rwanda,4.493120682179469,9.900000000000006
1996,89.2,RWA,Rwanda,4.502029427068578,0.7999999999999972
1997,91.1,RWA,Rwanda,4.522874943261261,1.8999999999999915
1998,90.8,RWA,Rwanda,4.519612297626445,-0.29999999999999716
1999,90.8,RWA,Rwanda,4.519612297626445,0.0
2000,86.8,RWA,Rwanda,4.475061500641071,-4.0
2001,86.9,RWA,Rwanda,4.476199804691132,0.10000000000000853
2002,87.1,RWA,Rwanda,4.478472532942134,0.19999999999998863
2003,87.3,RWA,Rwanda,4.480740107609915,0.20000000000000284
2004,87.6,RWA,Rwanda,4.484131857611035,0.29999999999999716
2005,89.2,RWA,Rwanda,4.502029427068578,1.6000000000000085
2006,90.6,RWA,Rwanda,4.517431271680085,1.3999999999999915
2007,90.3,RWA,Rwanda,4.514150787600923,-0.29999999999999716
2008,90.6,RWA,Rwanda,4.517431271680085,0.29999999999999716
2009,90.5,RWA,Rwanda,4.516338972281476,-0.09999999999999432
2010,90.5,RWA,Rwanda,4.516338972281476,0.0
2011,89.7,RWA,Rwanda,4.507557357121091,-0.7999999999999972
2012,88.8,RWA,Rwanda,4.497584975308154,-0.9000000000000057
2013,88.5,RWA,Rwanda,4.4942386252808095,-0.29999999999999716
2014,88.0,RWA,Rwanda,4.48863636973214,-0.5
2015,86.3,RWA,Rwanda,4.469350462845557,-1.7000000000000028
2016,85.5,RWA,Rwanda,4.460144413937834,-0.7999999999999972
2017,84.5,RWA,Rwanda,4.448516375942715,-1.0
2018,82.8,RWA,Rwanda,4.428433007488037,-1.7000000000000028
2019,81.8,RWA,Rwanda,4.416428061391214,-1.0
2020,81.7,RWA,Rwanda,4.415219602029645,-0.09999999999999432
2021,79.4,RWA,Rwanda,4.387014176184921,-2.299999999999997
2022,79.9,RWA,Rwanda,4.393213824064446,0.5
1990,0.0,SAU,Saudi Arabia,0.0,
1991,0.0,SAU,Saudi Arabia,0.0,0.0
1992,0.0,SAU,Saudi Arabia,0.0,0.0
1993,0.0,SAU,Saudi Arabia,0.0,0.0
1994,0.0,SAU,Saudi Arabia,0.0,0.0
1995,0.0,SAU,Saudi Arabia,0.0,0.0
1996,0.0,SAU,Saudi Arabia,0.0,0.0
1997,0.0,SAU,Saudi Arabia,0.0,0.0
1998,0.0,SAU,Saudi Arabia,0.0,0.0
1999,0.0,SAU,Saudi Arabia,0.0,0.0
2000,0.0,SAU,Saudi Arabia,0.0,0.0
2001,0.0,SAU,Saudi Arabia,0.0,0.0
2002,0.0,SAU,Saudi Arabia,0.0,0.0
2003,0.0,SAU,Saudi Arabia,0.0,0.0
2004,0.0,SAU,Saudi Arabia,0.0,0.0
2005,0.0,SAU,Saudi Arabia,0.0,0.0
2006,0.0,SAU,Saudi Arabia,0.0,0.0
2007,0.0,SAU,Saudi Arabia,0.0,0.0
2008,0.0,SAU,Saudi Arabia,0.0,0.0
2009,0.0,SAU,Saudi Arabia,0.0,0.0
2010,0.0,SAU,Saudi Arabia,0.0,0.0
2011,0.0,SAU,Saudi Arabia,0.0,0.0
2012,0.0,SAU,Saudi Arabia,0.0,0.0
2013,0.0,SAU,Saudi Arabia,0.0,0.0
2014,0.0,SAU,Saudi Arabia,0.0,0.0
2015,0.0,SAU,Saudi Arabia,0.0,0.0
2016,0.0,SAU,Saudi Arabia,0.0,0.0
2017,0.0,SAU,Saudi Arabia,0.0,0.0
2018,0.0,SAU,Saudi Arabia,0.0,0.0
2019,0.0,SAU,Saudi Arabia,0.0,0.0
2020,0.1,SAU,Saudi Arabia,0.09531017980432487,0.1
2021,0.1,SAU,Saudi Arabia,0.09531017980432487,0.0
1990,73.3,SDN,Sudan,4.308110951723713,
1991,76.2,SDN,Sudan,4.3463994570307305,2.9000000000000057
1992,77.4,SDN,Sudan,4.361823927356363,1.2000000000000028
1993,85.6,SDN,Sudan,4.461299815568389,8.199999999999989
1994,79.5,SDN,Sudan,4.388257184424518,-6.099999999999994
1995,81.5,SDN,Sudan,4.412798293340635,2.0
1996,83.6,SDN,Sudan,4.437934266612178,2.0999999999999943
1997,80.5,SDN,Sudan,4.400603020246817,-3.0999999999999943
1998,81.9,SDN,Sudan,4.417635062141249,1.4000000000000057
1999,80.8,SDN,Sudan,4.404277243608702,-1.1000000000000085
2000,80.4,SDN,Sudan,4.399375273008495,-0.3999999999999915
2001,79.4,SDN,Sudan,4.387014176184921,-1.0
2002,76.8,SDN,Sudan,4.354141431184346,-2.6000000000000085
2003,77.0,SDN,Sudan,4.356708826689592,0.20000000000000284
2004,75.4,SDN,Sudan,4.335982696172475,-1.5999999999999943
2005,72.3,SDN,Sudan,4.294560608892605,-3.1000000000000085
2006,69.2,SDN,Sudan,4.251348311031766,-3.0999999999999943
2007,65.6,SDN,Sudan,4.198704577546343,-3.6000000000000085
2008,63.5,SDN,Sudan,4.1666652238017265,-2.0999999999999943
2009,63.1,SDN,Sudan,4.160444363926624,-0.3999999999999986
2010,61.3,SDN,Sudan,4.131961425793407,-1.8000000000000043
2011,63.7,SDN,Sudan,4.169761201506855,2.4000000000000057
2012,63.7,SDN,Sudan,4.169761201506855,0.0
2013,64.3,SDN,Sudan,4.178992036282385,0.5999999999999943
2014,63.7,SDN,Sudan,4.169761201506855,-0.5999999999999943
2015,61.9,SDN,Sudan,4.141546163706395,-1.8000000000000043
2016,58.9,SDN,Sudan,4.092676505121403,-3.0
2017,59.4,SDN,Sudan,4.100989104940769,0.5
2018,59.8,SDN,Sudan,4.107589788972121,0.3999999999999986
2019,59.4,SDN,Sudan,4.100989104940769,-0.3999999999999986
2020,62.6,SDN,Sudan,4.152613470346076,3.200000000000003
2021,61.0,SDN,Sudan,4.127134385045092,-1.6000000000000014
1990,55.5,SEN,Senegal,4.034240638152395,
1991,55.3,SEN,Senegal,4.030694535145645,-0.20000000000000284
1992,53.7,SEN,Senegal,4.001863709427935,-1.5999999999999943
1993,55.1,SEN,Senegal,4.027135812528651,1.3999999999999986
1994,54.8,SEN,Senegal,4.021773869387265,-0.30000000000000426
1995,53.2,SEN,Senegal,3.9926809084456005,-1.5999999999999943
1996,52.5,SEN,Senegal,3.979681653901961,-0.7000000000000028
1997,50.7,SEN,Senegal,3.9454577815143836,-1.7999999999999972
1998,48.0,SEN,Senegal,3.8918202981106265,-2.700000000000003
1999,45.9,SEN,Senegal,3.8480176754522337,-2.1000000000000014
2000,47.5,SEN,Senegal,3.8815637979434374,1.6000000000000014
2001,45.8,SEN,Senegal,3.845883202923601,-1.7000000000000028
2002,43.8,SEN,Senegal,3.8022081394209395,-2.0
2003,43.7,SEN,Senegal,3.7999735016195233,-0.09999999999999432
2004,39.9,SEN,Senegal,3.711130063048756,-3.8000000000000043
2005,40.3,SEN,Senegal,3.720862499966987,0.3999999999999986
2006,43.4,SEN,Senegal,3.7932394694381792,3.1000000000000014
2007,40.0,SEN,Senegal,3.713572066704308,-3.3999999999999986
2008,39.8,SEN,Senegal,3.708682081410116,-0.20000000000000284
2009,51.3,SEN,Senegal,3.9569963710708773,11.5
2010,49.5,SEN,Senegal,3.9219733362813143,-1.7999999999999972
2011,48.0,SEN,Senegal,3.8918202981106265,-1.5
2012,49.6,SEN,Senegal,3.92395157629342,1.6000000000000014
2013,42.7,SEN,Senegal,3.7773481021015445,-6.899999999999999
2014,42.5,SEN,Senegal,3.7727609380946383,-0.20000000000000284
2015,39.1,SEN,Senegal,3.6913763343125234,-3.3999999999999986
2016,36.7,SEN,Senegal,3.629660094453965,-2.3999999999999986
2017,36.8,SEN,Senegal,3.632309102625542,0.09999999999999432
2018,34.2,SEN,Senegal,3.5610460826040513,-2.5999999999999943
2019,36.2,SEN,Senegal,3.616308761279101,2.0
2020,38.7,SEN,Senegal,3.681351187693145,2.5
2021,35.4,SEN,Senegal,3.594568774642695,-3.3000000000000043
1990,0.2,SGP,Singapore,0.18232155679395465,
1991,0.5,SGP,Singapore,0.4054651081081644,0.3
1992,0.5,SGP,Singapore,0.4054651081081644,0.0
1993,0.5,SGP,Singapore,0.4054651081081644,0.0
1994,0.5,SGP,Singapore,0.4054651081081644,0.0
1995,0.4,SGP,Singapore,0.33647223662121295,-0.09999999999999998
1996,0.5,SGP,Singapore,0.4054651081081644,0.09999999999999998
1997,0.4,SGP,Singapore,0.33647223662121295,-0.09999999999999998
1998,0.4,SGP,Singapore,0.33647223662121295,0.0
1999,0.4,SGP,Singapore,0.33647223662121295,0.0
2000,0.3,SGP,Singapore,0.262364264467491,-0.10000000000000003
2001,0.6,SGP,Singapore,0.4700036292457356,0.3
2002,0.6,SGP,Singapore,0.4700036292457356,0.0
2003,0.6,SGP,Singapore,0.4700036292457356,0.0
2004,0.5,SGP,Singapore,0.4054651081081644,-0.09999999999999998
2005,0.5,SGP,Singapore,0.4054651081081644,0.0
2006,0.5,SGP,Singapore,0.4054651081081644,0.0
2007,0.5,SGP,Singapore,0.4054651081081644,0.0
2008,0.5,SGP,Singapore,0.4054651081081644,0.0
2009,0.5,SGP,Singapore,0.4054651081081644,0.0
2010,0.5,SGP,Singapore,0.4054651081081644,0.0
2011,0.5,SGP,Singapore,0.4054651081081644,0.0
2012,0.5,SGP,Singapore,0.4054651081081644,0.0
2013,0.6,SGP,Singapore,0.4700036292457356,0.09999999999999998
2014,0.6,SGP,Singapore,0.4700036292457356,0.0
2015,0.7,SGP,Singapore,0.5306282510621704,0.09999999999999998
2016,0.7,SGP,Singapore,0.5306282510621704,0.0
2017,0.7,SGP,Singapore,0.5306282510621704,0.0
2018,0.8,SGP,Singapore,0.5877866649021191,0.10000000000000009
2019,0.9,SGP,Singapore,0.6418538861723948,0.09999999999999998
2020,0.9,SGP,Singapore,0.6418538861723948,0.0
2021,1.1,SGP,Singapore,0.7419373447293773,0.20000000000000007
1990,60.2,SLB,Solomon Islands,4.11414718951828,
1991,59.0,SLB,Solomon Islands,4.0943445622221,-1.2000000000000028
1992,57.7,SLB,Solomon Islands,4.072439726834051,-1.2999999999999972
1993,56.1,SLB,Solomon Islands,4.044804116661965,-1.6000000000000014
1994,54.5,SLB,Solomon Islands,4.0163830207523885,-1.6000000000000014
1995,54.1,SLB,Solomon Islands,4.009149716158869,-0.3999999999999986
1996,52.5,SLB,Solomon Islands,3.979681653901961,-1.6000000000000014
1997,53.1,SLB,Solomon Islands,3.9908341858524357,0.6000000000000014
1998,52.5,SLB,Solomon Islands,3.979681653901961,-0.6000000000000014
1999,55.3,SLB,Solomon Islands,4.030694535145645,2.799999999999997
2000,55.3,SLB,Solomon Islands,4.030694535145645,0.0
2001,54.1,SLB,Solomon Islands,4.009149716158869,-1.1999999999999957
2002,52.8,SLB,Solomon Islands,3.9852734671677386,-1.3000000000000043
2003,51.5,SLB,Solomon Islands,3.960813169597578,-1.2999999999999972
2004,49.9,SLB,Solomon Islands,3.929862923556477,-1.6000000000000014
2005,49.7,SLB,Solomon Islands,3.9259259105971376,-0.19999999999999574
2006,48.9,SLB,Solomon Islands,3.910021002757473,-0.8000000000000043
2007,47.4,SLB,Solomon Islands,3.879499813722586,-1.5
2008,46.7,SLB,Solomon Islands,3.8649313978942956,-0.6999999999999957
2009,45.8,SLB,Solomon Islands,3.845883202923601,-0.9000000000000057
2010,45.1,SLB,Solomon Islands,3.8308129500026027,-0.6999999999999957
2011,43.6,SLB,Solomon Islands,3.7977338590260183,-1.5
2012,43.8,SLB,Solomon Islands,3.8022081394209395,0.19999999999999574
2013,41.8,SLB,Solomon Islands,3.756538102587751,-2.0
2014,45.9,SLB,Solomon Islands,3.8480176754522337,4.100000000000001
2015,48.6,SLB,Solomon Islands,3.903990833730882,2.700000000000003
2016,48.7,SLB,Solomon Islands,3.906004933102583,0.10000000000000142
2017,49.0,SLB,Solomon Islands,3.912023005428146,0.29999999999999716
2018,48.6,SLB,Solomon Islands,3.903990833730882,-0.3999999999999986
2019,48.4,SLB,Solomon Islands,3.899950424193877,-0.20000000000000284
2020,49.0,SLB,Solomon Islands,3.912023005428146,0.6000000000000014
2021,49.1,SLB,Solomon Islands,3.914021008090819,0.10000000000000142
2022,50.1,SLB,Solomon Islands,3.933784497209659,1.0
1990,92.3,SLE,Sierra Leone,4.535820107853298,
1991,91.8,SLE,Sierra Leone,4.530446639792155,-0.5
1992,92.5,SLE,Sierra Leone,4.537961436294641,0.7000000000000028
1993,93.0,SLE,Sierra Leone,4.543294782270004,0.5
1994,92.7,SLE,Sierra Leone,4.540098189244376,-0.29999999999999716
1995,93.8,SLE,Sierra Leone,4.551769409260976,1.0999999999999943
1996,94.3,SLE,Sierra Leone,4.557029810660157,0.5
1997,94.5,SLE,Sierra Leone,4.5591262474866845,0.20000000000000284
1998,94.6,SLE,Sierra Leone,4.560172820057356,0.09999999999999432
1999,95.0,SLE,Sierra Leone,4.564348191467836,0.4000000000000057
2000,93.3,SLE,Sierra Leone,4.546481189639412,-1.7000000000000028
2001,91.2,SLE,Sierra Leone,4.523960130562548,-2.0999999999999943
2002,88.0,SLE,Sierra Leone,4.48863636973214,-3.200000000000003
2003,86.5,SLE,Sierra Leone,4.471638793363569,-1.5
2004,86.5,SLE,Sierra Leone,4.471638793363569,0.0
2005,88.1,SLE,Sierra Leone,4.489759334476764,1.5999999999999943
2006,84.4,SLE,Sierra Leone,4.447346100794524,-3.6999999999999886
2007,86.3,SLE,Sierra Leone,4.469350462845557,1.8999999999999915
2008,86.0,SLE,Sierra Leone,4.465908118654584,-0.29999999999999716
2009,86.1,SLE,Sierra Leone,4.467056883858457,0.09999999999999432
2010,84.9,SLE,Sierra Leone,4.45318382899021,-1.1999999999999886
2011,81.0,SLE,Sierra Leone,4.406719247264253,-3.9000000000000057
2012,79.1,SLE,Sierra Leone,4.383275854074314,-1.9000000000000057
2013,74.6,SLE,Sierra Leone,4.3254562831854875,-4.5
2014,73.0,SLE,Sierra Leone,4.30406509320417,-1.5999999999999943
2015,74.0,SLE,Sierra Leone,4.31748811353631,1.0
2016,73.6,SLE,Sierra Leone,4.312140507209715,-0.4000000000000057
2017,74.6,SLE,Sierra Leone,4.3254562831854875,1.0
2018,75.9,SLE,Sierra Leone,4.3425058765115985,1.3000000000000114
2019,75.4,SLE,Sierra Leone,4.335982696172475,-0.5
2020,75.1,SLE,Sierra Leone,4.33204826486764,-0.30000000000001137
2021,71.1,SLE,Sierra Leone,4.278054044290903,-4.0
2022,71.6,SLE,Sierra Leone,4.28496492183075,0.5
1990,67.1,SLV,El Salvador,4.220977213155467,
1991,64.7,SLV,El Salvador,4.185098925490565,-2.3999999999999915
1992,61.7,SLV,El Salvador,4.138361447638875,-3.0
1993,59.3,SLV,El Salvador,4.09933210373314,-2.4000000000000057
1994,57.2,SLV,El Salvador,4.063885354737392,-2.0999999999999943
1995,54.7,SLV,El Salvador,4.019980146933238,-2.5
1996,56.9,SLV,El Salvador,4.05871738457895,2.1999999999999957
1997,53.0,SLV,El Salvador,3.9889840465642745,-3.8999999999999986
1998,51.7,SLV,El Salvador,3.9646154555473165,-1.2999999999999972
1999,51.0,SLV,El Salvador,3.9512437185814275,-0.7000000000000028
2000,33.5,SLV,El Salvador,3.5409593240373143,-17.5
2001,33.1,SLV,El Salvador,3.529297384289471,-0.3999999999999986
2002,34.0,SLV,El Salvador,3.5553480614894135,0.8999999999999986
2003,33.9,SLV,El Salvador,3.5524868292083815,-0.10000000000000142
2004,33.3,SLV,El Salvador,3.535145354171894,-0.6000000000000014
2005,34.1,SLV,El Salvador,3.55820113047182,0.8000000000000043
2006,34.8,SLV,El Salvador,3.5779478934066544,0.6999999999999957
2007,28.2,SLV,El Salvador,3.374168709274236,-6.599999999999998
2008,31.5,SLV,El Salvador,3.481240089335692,3.3000000000000007
2009,32.2,SLV,El Salvador,3.502549875922443,0.7000000000000028
2010,32.6,SLV,El Salvador,3.5145260669691587,0.3999999999999986
2011,29.5,SLV,El Salvador,3.417726683613366,-3.1000000000000014
2012,30.3,SLV,El Salvador,3.4436180975461075,0.8000000000000007
2013,27.5,SLV,El Salvador,3.349904087274605,-2.8000000000000007
2014,24.0,SLV,El Salvador,3.2188758248682006,-3.5
2015,21.0,SLV,El Salvador,3.091042453358316,-3.0
2016,20.7,SLV,El Salvador,3.077312260546414,-0.3000000000000007
2017,25.0,SLV,El Salvador,3.258096538021482,4.300000000000001
2018,23.2,SLV,El Salvador,3.186352633162641,-1.8000000000000007
2019,19.4,SLV,El Salvador,3.0155349008501706,-3.8000000000000007
2020,23.7,SLV,El Salvador,3.2068032436339315,4.300000000000001
2021,21.9,SLV,El Salvador,3.131136910560194,-1.8000000000000007
1990,86.3,SOM,"Somalia, Fed. Rep.",4.469350462845557,
1991,87.6,SOM,"Somalia, Fed. Rep.",4.484131857611035,1.2999999999999972
1992,88.8,SOM,"Somalia, Fed. Rep.",4.497584975308154,1.2000000000000028
1993,89.4,SOM,"Somalia, Fed. Rep.",4.504244267398131,0.6000000000000085
1994,89.9,SOM,"Somalia, Fed. Rep.",4.509760001183433,0.5
1995,90.6,SOM,"Somalia, Fed. Rep.",4.517431271680085,0.6999999999999886
1996,91.0,SOM,"Somalia, Fed. Rep.",4.5217885770490405,0.4000000000000057
1997,91.7,SOM,"Somalia, Fed. Rep.",4.529368472571809,0.7000000000000028
1998,92.5,SOM,"Somalia, Fed. Rep.",4.537961436294641,0.7999999999999972
1999,92.9,SOM,"Somalia, Fed. Rep.",4.542230386214217,0.4000000000000057
2000,93.3,SOM,"Somalia, Fed. Rep.",4.546481189639412,0.3999999999999915
2001,93.3,SOM,"Somalia, Fed. Rep.",4.546481189639412,0.0
2002,92.6,SOM,"Somalia, Fed. Rep.",4.539030383483547,-0.7000000000000028
2003,92.8,SOM,"Somalia, Fed. Rep.",4.541164856012179,0.20000000000000284
2004,93.0,SOM,"Somalia, Fed. Rep.",4.543294782270004,0.20000000000000284
2005,93.3,SOM,"Somalia, Fed. Rep.",4.546481189639412,0.29999999999999716
2006,93.5,SOM,"Somalia, Fed. Rep.",4.548599834499697,0.20000000000000284
2007,93.0,SOM,"Somalia, Fed. Rep.",4.543294782270004,-0.5
2008,93.4,SOM,"Somalia, Fed. Rep.",4.547541073151455,0.4000000000000057
2009,93.6,SOM,"Somalia, Fed. Rep.",4.549657476057832,0.19999999999998863
2010,93.6,SOM,"Somalia, Fed. Rep.",4.549657476057832,0.0
2011,93.7,SOM,"Somalia, Fed. Rep.",4.550714000192032,0.10000000000000853
2012,93.9,SOM,"Somalia, Fed. Rep.",4.552823705615882,0.20000000000000284
2013,94.4,SOM,"Somalia, Fed. Rep.",4.558078578454241,0.5
2014,94.6,SOM,"Somalia, Fed. Rep.",4.560172820057356,0.19999999999998863
2015,94.5,SOM,"Somalia, Fed. Rep.",4.5591262474866845,-0.09999999999999432
2016,94.8,SOM,"Somalia, Fed. Rep.",4.562262684976814,0.29999999999999716
2017,94.9,SOM,"Somalia, Fed. Rep.",4.563305981889393,0.10000000000000853
2018,94.9,SOM,"Somalia, Fed. Rep.",4.563305981889393,0.0
2019,95.0,SOM,"Somalia, Fed. Rep.",4.564348191467836,0.09999999999999432
2020,95.5,SOM,"Somalia, Fed. Rep.",4.56954300834494,0.5
2021,95.4,SOM,"Somalia, Fed. Rep.",4.5685062016165,-0.09999999999999432
2022,95.4,SOM,"Somalia, Fed. Rep.",4.5685062016165,0.0
1990,14.5,SRB,Serbia,2.740840023925201,
1991,17.2,SRB,Serbia,2.9014215940827497,2.6999999999999993
1992,17.8,SRB,Serbia,2.9338568698359038,0.6000000000000014
1993,19.2,SRB,Serbia,3.005682604407159,1.3999999999999986
1994,20.9,SRB,Serbia,3.086486636822455,1.6999999999999993
1995,23.3,SRB,Serbia,3.190476350346503,2.400000000000002
1996,18.0,SRB,Serbia,2.9444389791664403,-5.300000000000001
1997,15.2,SRB,Serbia,2.785011242238338,-2.8000000000000007
1998,15.5,SRB,Serbia,2.803360380906535,0.3000000000000007
1999,22.1,SRB,Serbia,3.139832617527748,6.600000000000001
2000,22.1,SRB,Serbia,3.139832617527748,0.0
2001,19.6,SRB,Serbia,3.0252910757955354,-2.5
2002,18.0,SRB,Serbia,2.9444389791664403,-1.6000000000000014
2003,15.7,SRB,Serbia,2.8154087194227095,-2.3000000000000007
2004,14.6,SRB,Serbia,2.747270914255491,-1.0999999999999996
2005,16.1,SRB,Serbia,2.8390784635086144,1.5000000000000018
2006,15.3,SRB,Serbia,2.791165107812717,-0.8000000000000007
2007,14.0,SRB,Serbia,2.70805020110221,-1.3000000000000007
2008,15.5,SRB,Serbia,2.803360380906535,1.5
2009,20.7,SRB,Serbia,3.077312260546414,5.199999999999999
2010,20.5,SRB,Serbia,3.068052935133617,-0.1999999999999993
2011,17.4,SRB,Serbia,2.91235066461494,-3.1000000000000014
2012,19.5,SRB,Serbia,3.0204248861443626,2.1000000000000014
2013,20.0,SRB,Serbia,3.044522437723423,0.5
2014,23.2,SRB,Serbia,3.186352633162641,3.1999999999999993
2015,21.2,SRB,Serbia,3.100092288878234,-2.0
2016,20.9,SRB,Serbia,3.086486636822455,-0.3000000000000007
2017,20.0,SRB,Serbia,3.044522437723423,-0.8999999999999986
2018,21.0,SRB,Serbia,3.091042453358316,1.0
2019,21.4,SRB,Serbia,3.109060958860994,0.3999999999999986
2020,26.0,SRB,Serbia,3.295836866004329,4.600000000000001
2021,27.2,SRB,Serbia,3.339321977944068,1.1999999999999993
2012,30.6,SSD,South Sudan,3.4531571205928664,
2013,30.1,SSD,South Sudan,3.4372078191851885,-0.5
2014,29.4,SSD,South Sudan,3.414442608412176,-0.7000000000000028
2015,27.5,SSD,South Sudan,3.349904087274605,-1.8999999999999986
2016,28.7,SSD,South Sudan,3.391147045808654,1.1999999999999993
2017,35.1,SSD,South Sudan,3.586292865338835,6.400000000000002
2018,31.5,SSD,South Sudan,3.481240089335692,-3.6000000000000014
2019,31.4,SSD,South Sudan,3.4781584227982836,-0.10000000000000142
2020,32.8,SSD,South Sudan,3.520460802488973,1.3999999999999986
2021,32.4,SSD,South Sudan,3.5085558999826545,-0.3999999999999986
1990,50.9,STP,Sao Tome and Principe,3.949318790171843,
1991,50.9,STP,Sao Tome and Principe,3.949318790171843,0.0
1992,54.2,STP,Sao Tome and Principe,4.01096295328305,3.3000000000000043
1993,54.5,STP,Sao Tome and Principe,4.0163830207523885,0.29999999999999716
1994,53.4,STP,Sao Tome and Principe,3.996364153861897,-1.1000000000000014
1995,53.9,STP,Sao Tome and Principe,4.005513348515485,0.5
1996,55.6,STP,Sao Tome and Principe,4.036008985209137,1.7000000000000028
1997,56.1,STP,Sao Tome and Principe,4.044804116661965,0.5
1998,55.1,STP,Sao Tome and Principe,4.027135812528651,-1.0
1999,56.7,STP,Sao Tome and Principe,4.055257173514054,1.6000000000000014
2000,54.7,STP,Sao Tome and Principe,4.019980146933238,-2.0
2001,55.5,STP,Sao Tome and Principe,4.034240638152395,0.7999999999999972
2002,55.3,STP,Sao Tome and Principe,4.030694535145645,-0.20000000000000284
2003,51.8,STP,Sao Tome and Principe,3.966511190712216,-3.5
2004,48.9,STP,Sao Tome and Principe,3.910021002757473,-2.8999999999999986
2005,47.9,STP,Sao Tome and Principe,3.8897773964808264,-1.0
2006,47.3,STP,Sao Tome and Principe,3.877431560658527,-0.6000000000000014
2007,47.7,STP,Sao Tome and Principe,3.885679030088544,0.4000000000000057
2008,46.0,STP,Sao Tome and Principe,3.8501476017100584,-1.7000000000000028
2009,45.4,STP,Sao Tome and Principe,3.8372994592322094,-0.6000000000000014
2010,38.2,STP,Sao Tome and Principe,3.6686767467964168,-7.199999999999996
2011,42.4,STP,Sao Tome and Principe,3.770459441106359,4.199999999999996
2012,40.1,STP,Sao Tome and Principe,3.716008121502189,-2.299999999999997
2013,42.8,STP,Sao Tome and Principe,3.7796338173824005,2.6999999999999957
2014,38.4,STP,Sao Tome and Principe,3.673765816303888,-4.399999999999999
2015,39.2,STP,Sao Tome and Principe,3.6938669956249757,0.8000000000000043
2016,38.1,STP,Sao Tome and Principe,3.66612246699132,-1.1000000000000014
2017,39.2,STP,Sao Tome and Principe,3.6938669956249757,1.1000000000000014
2018,40.6,STP,Sao Tome and Principe,3.728100167267218,1.3999999999999986
2019,38.6,STP,Sao Tome and Principe,3.6788291182604347,-2.0
2020,41.6,STP,Sao Tome and Principe,3.751854253275325,3.0
2021,40.8,STP,Sao Tome and Principe,3.7328963395307104,-0.8000000000000043
2022,42.5,STP,Sao Tome and Principe,3.7727609380946383,1.7000000000000028
2000,23.6,SUR,Suriname,3.202746442938317,
2001,24.1,SUR,Suriname,3.2228678461377385,0.5
2002,27.8,SUR,Suriname,3.3603753871419,3.6999999999999993
2003,24.6,SUR,Suriname,3.242592351485517,-3.1999999999999993
2004,22.6,SUR,Suriname,3.1612467120315646,-2.0
2005,18.9,SUR,Suriname,2.990719731730447,-3.700000000000003
2006,22.1,SUR,Suriname,3.139832617527748,3.200000000000003
2007,24.6,SUR,Suriname,3.242592351485517,2.5
2008,26.2,SUR,Suriname,3.3032169733019514,1.5999999999999979
2009,26.5,SUR,Suriname,3.3141860046725258,0.3000000000000007
2010,22.1,SUR,Suriname,3.139832617527748,-4.399999999999999
2011,21.2,SUR,Suriname,3.100092288878234,-0.9000000000000021
2012,15.8,SUR,Suriname,2.8213788864092133,-5.399999999999999
2013,17.6,SUR,Suriname,2.9231615807191558,1.8000000000000007
2014,12.8,SUR,Suriname,2.624668592163159,-4.800000000000001
2015,11.6,SUR,Suriname,2.533696813957432,-1.200000000000001
2016,11.1,SUR,Suriname,2.4932054526026954,-0.5
2017,15.5,SUR,Suriname,2.803360380906535,4.4
2018,18.3,SUR,Suriname,2.9601050959108397,2.8000000000000007
2019,14.9,SUR,Suriname,2.766319109226186,-3.4000000000000004
2020,14.6,SUR,Suriname,2.747270914255491,-0.3000000000000007
2021,14.5,SUR,Suriname,2.740840023925201,-0.09999999999999964
1990,2.2,SVK,Slovak Republic,1.1631508098056809,
1991,2.1,SVK,Slovak Republic,1.1314021114911006,-0.10000000000000009
1992,2.3,SVK,Slovak Republic,1.1939224684724346,0.19999999999999973
1993,4.1,SVK,Slovak Republic,1.62924053973028,1.7999999999999998
1994,4.7,SVK,Slovak Republic,1.7404661748405046,0.6000000000000005
1995,4.2,SVK,Slovak Republic,1.6486586255873816,-0.5
1996,3.9,SVK,Slovak Republic,1.589235205116581,-0.30000000000000027
1997,3.9,SVK,Slovak Republic,1.589235205116581,0.0
1998,3.6,SVK,Slovak Republic,1.5260563034950492,-0.2999999999999998
1999,3.8,SVK,Slovak Republic,1.5686159179138452,0.19999999999999973
2000,3.7,SVK,Slovak Republic,1.547562508716013,-0.09999999999999964
2001,6.0,SVK,Slovak Republic,1.9459101490553132,2.3
2002,5.5,SVK,Slovak Republic,1.8718021769015913,-0.5
2003,5.3,SVK,Slovak Republic,1.840549633397487,-0.20000000000000018
2004,6.2,SVK,Slovak Republic,1.9740810260220096,0.9000000000000004
2005,6.3,SVK,Slovak Republic,1.9878743481543455,0.09999999999999964
2006,6.6,SVK,Slovak Republic,2.028148247292285,0.2999999999999998
2007,8.2,SVK,Slovak Republic,2.2192034840549946,1.5999999999999996
2008,7.6,SVK,Slovak Republic,2.151762203259462,-0.5999999999999996
2009,10.0,SVK,Slovak Republic,2.3978952727983707,2.4000000000000004
2010,10.3,SVK,Slovak Republic,2.424802725718295,0.3000000000000007
2011,10.4,SVK,Slovak Republic,2.4336133554004498,0.09999999999999964
2012,10.5,SVK,Slovak Republic,2.4423470353692043,0.09999999999999964
2013,10.7,SVK,Slovak Republic,2.4595888418037104,0.1999999999999993
2014,12.2,SVK,Slovak Republic,2.580216829592325,1.5
2015,13.4,SVK,Slovak Republic,2.667228206581955,1.200000000000001
2016,13.1,SVK,Slovak Republic,2.6461747973841225,-0.3000000000000007
2017,12.4,SVK,Slovak Republic,2.5952547069568657,-0.6999999999999993
2018,12.4,SVK,Slovak Republic,2.5952547069568657,0.0
2019,17.6,SVK,Slovak Republic,2.9231615807191558,5.200000000000001
2020,17.6,SVK,Slovak Republic,2.9231615807191558,0.0
2021,17.9,SVK,Slovak Republic,2.9391619220655967,0.29999999999999716
1990,12.3,SVN,Slovenia,2.5877640352277083,
1991,13.1,SVN,Slovenia,2.6461747973841225,0.7999999999999989
1992,13.9,SVN,Slovenia,2.7013612129514133,0.8000000000000007
1993,12.4,SVN,Slovenia,2.5952547069568657,-1.5
1994,12.3,SVN,Slovenia,2.5877640352277083,-0.09999999999999964
1995,11.5,SVN,Slovenia,2.5257286443082556,-0.8000000000000007
1996,11.1,SVN,Slovenia,2.4932054526026954,-0.40000000000000036
1997,10.2,SVN,Slovenia,2.4159137783010487,-0.9000000000000004
1998,11.1,SVN,Slovenia,2.4932054526026954,0.9000000000000004
1999,10.9,SVN,Slovenia,2.4765384001174837,-0.1999999999999993
2000,18.0,SVN,Slovenia,2.9444389791664403,7.1
2001,18.7,SVN,Slovenia,2.9806186357439426,0.6999999999999993
2002,16.3,SVN,Slovenia,2.8507065015037334,-2.3999999999999986
2003,16.9,SVN,Slovenia,2.884800712846709,0.5999999999999979
2004,17.8,SVN,Slovenia,2.9338568698359038,0.9000000000000021
2005,18.6,SVN,Slovenia,2.975529566236472,0.8000000000000007
2006,17.4,SVN,Slovenia,2.91235066461494,-1.2000000000000028
2007,18.4,SVN,Slovenia,2.9652730660692823,1.0
2008,17.6,SVN,Slovenia,2.9231615807191558,-0.7999999999999972
2009,19.6,SVN,Slovenia,3.0252910757955354,2.0
2010,20.1,SVN,Slovenia,3.0492730404820207,0.5
2011,19.1,SVN,Slovenia,3.0007198150650303,-1.0
2012,20.2,SVN,Slovenia,3.054001181677967,1.0999999999999979
2013,22.5,SVN,Slovenia,3.1570004211501135,2.3000000000000007
2014,22.9,SVN,Slovenia,3.173878458937465,0.3999999999999986
2015,21.4,SVN,Slovenia,3.109060958860994,-1.5
2016,21.0,SVN,Slovenia,3.091042453358316,-0.3999999999999986
2017,19.7,SVN,Slovenia,3.0301337002713233,-1.3000000000000007
2018,20.6,SVN,Slovenia,3.0726933146901194,0.9000000000000021
2019,20.9,SVN,Slovenia,3.086486636822455,0.29999999999999716
2020,22.7,SVN,Slovenia,3.1654750481410856,1.8000000000000007
2021,23.4,SVN,Slovenia,3.1945831322991562,0.6999999999999993
1990,34.1,SWE,Sweden,3.55820113047182,
1991,32.5,SWE,Sweden,3.5115454388310208,-1.6000000000000014
1992,33.2,SWE,Sweden,3.5322256440685598,0.7000000000000028
1993,34.4,SWE,Sweden,3.5667118201397288,1.1999999999999957
1994,31.4,SWE,Sweden,3.4781584227982836,-3.0
1995,33.9,SWE,Sweden,3.5524868292083815,2.5
1996,31.4,SWE,Sweden,3.4781584227982836,-2.5
1997,35.5,SWE,Sweden,3.597312260588446,4.100000000000001
1998,35.5,SWE,Sweden,3.597312260588446,0.0
1999,34.6,SWE,Sweden,3.572345637857985,-0.8999999999999986
2000,39.8,SWE,Sweden,3.708682081410116,5.199999999999996
2001,37.4,SWE,Sweden,3.648057459593681,-2.3999999999999986
2002,35.9,SWE,Sweden,3.6082115510464816,-1.5
2003,34.6,SWE,Sweden,3.572345637857985,-1.2999999999999972
2004,35.5,SWE,Sweden,3.597312260588446,0.8999999999999986
2005,39.3,SWE,Sweden,3.696351468952637,3.799999999999997
2006,40.1,SWE,Sweden,3.716008121502189,0.8000000000000043
2007,41.8,SWE,Sweden,3.756538102587751,1.6999999999999957
2008,43.2,SWE,Sweden,3.7887247890836524,1.4000000000000057
2009,45.7,SWE,Sweden,3.8437441646748516,2.5
2010,44.7,SWE,Sweden,3.822098297900159,-1.0
2011,45.4,SWE,Sweden,3.8372994592322094,0.6999999999999957
2012,48.3,SWE,Sweden,3.8979240810486444,2.8999999999999986
2013,47.3,SWE,Sweden,3.877431560658527,-1.0
2014,48.6,SWE,Sweden,3.903990833730882,1.3000000000000043
2015,51.9,SWE,Sweden,3.9684033388642534,3.299999999999997
2016,50.9,SWE,Sweden,3.949318790171843,-1.0
2017,51.8,SWE,Sweden,3.966511190712216,0.8999999999999986
2018,51.6,SWE,Sweden,3.9627161197436642,-0.19999999999999574
2019,52.9,SWE,Sweden,3.9871304779149512,1.2999999999999972
2020,57.8,SWE,Sweden,4.074141854904581,4.899999999999999
2021,57.9,SWE,Sweden,4.075841090657541,0.10000000000000142
1990,62.2,SWZ,Eswatini,4.146304301152812,
1991,61.8,SWZ,Eswatini,4.139955073474153,-0.4000000000000057
1992,63.2,SWZ,Eswatini,4.162003210695915,1.4000000000000057
1993,62.2,SWZ,Eswatini,4.146304301152812,-1.0
1994,55.3,SWZ,Eswatini,4.030694535145645,-6.900000000000006
1995,54.6,SWZ,Eswatini,4.018183201256536,-0.6999999999999957
1996,63.0,SWZ,Eswatini,4.1588830833596715,8.399999999999999
1997,55.0,SWZ,Eswatini,4.02535169073515,-8.0
1998,56.8,SWZ,Eswatini,4.056988775678332,1.7999999999999972
1999,56.0,SWZ,Eswatini,4.04305126783455,-0.7999999999999972
2000,60.1,SWZ,Eswatini,4.11251186617755,4.100000000000001
2001,60.9,SWZ,Eswatini,4.12552017969055,0.7999999999999972
2002,63.6,SWZ,Eswatini,4.168214410788556,2.700000000000003
2003,66.5,SWZ,Eswatini,4.212127597878484,2.8999999999999986
2004,66.6,SWZ,Eswatini,4.213607983048918,0.09999999999999432
2005,67.0,SWZ,Eswatini,4.219507705176107,0.4000000000000057
2006,66.8,SWZ,Eswatini,4.216562194946349,-0.20000000000000284
2007,66.9,SWZ,Eswatini,4.21803603456465,0.10000000000000853
2008,67.8,SWZ,Eswatini,4.231203744939298,0.8999999999999915
2009,66.7,SWZ,Eswatini,4.215086179918229,-1.0999999999999943
2010,68.5,SWZ,Eswatini,4.241326752570746,1.7999999999999972
2011,69.3,SWZ,Eswatini,4.252771798816619,0.7999999999999972
2012,68.8,SWZ,Eswatini,4.2456340097683265,-0.5
2013,66.1,SWZ,Eswatini,4.206184043977636,-2.700000000000003
2014,68.3,SWZ,Eswatini,4.238444906195857,2.200000000000003
2015,68.8,SWZ,Eswatini,4.2456340097683265,0.5
2016,64.3,SWZ,Eswatini,4.178992036282385,-4.5
2017,65.3,SWZ,Eswatini,4.194189897191817,1.0
2018,65.7,SWZ,Eswatini,4.200204952921578,0.4000000000000057
2019,64.4,SWZ,Eswatini,4.180522258463153,-1.2999999999999972
2020,63.7,SWZ,Eswatini,4.169761201506855,-0.7000000000000028
2021,65.4,SWZ,Eswatini,4.1956970564823886,1.7000000000000028
2022,64.7,SWZ,Eswatini,4.185098925490565,-0.7000000000000028
2012,0.0,SXM,Sint Maarten (Dutch part),0.0,
2013,0.0,SXM,Sint Maarten (Dutch part),0.0,0.0
2014,0.0,SXM,Sint Maarten (Dutch part),0.0,0.0
2015,0.0,SXM,Sint Maarten (Dutch part),0.0,0.0
2016,0.0,SXM,Sint Maarten (Dutch part),0.0,0.0
2017,0.0,SXM,Sint Maarten (Dutch part),0.0,0.0
2018,0.0,SXM,Sint Maarten (Dutch part),0.0,0.0
2019,0.0,SXM,Sint Maarten (Dutch part),0.0,0.0
2020,0.0,SXM,Sint Maarten (Dutch part),0.0,0.0
2021,0.0,SXM,Sint Maarten (Dutch part),0.0,0.0
2022,0.0,SXM,Sint Maarten (Dutch part),0.0,0.0
1990,4.2,SYC,Seychelles,1.6486586255873816,
1991,3.5,SYC,Seychelles,1.5040773967762742,-0.7000000000000002
1992,3.3,SYC,Seychelles,1.4586150226995167,-0.20000000000000018
1993,3.1,SYC,Seychelles,1.410986973710262,-0.19999999999999973
1994,2.8,SYC,Seychelles,1.33500106673234,-0.30000000000000027
1995,3.0,SYC,Seychelles,1.3862943611198906,0.20000000000000018
1996,2.3,SYC,Seychelles,1.1939224684724346,-0.7000000000000002
1997,2.1,SYC,Seychelles,1.1314021114911006,-0.19999999999999973
1998,1.9,SYC,Seychelles,1.0647107369924282,-0.20000000000000018
1999,1.8,SYC,Seychelles,1.0296194171811581,-0.09999999999999987
2000,1.5,SYC,Seychelles,0.9162907318741551,-0.30000000000000004
2001,1.3,SYC,Seychelles,0.832909122935104,-0.19999999999999996
2002,1.1,SYC,Seychelles,0.7419373447293773,-0.19999999999999996
2003,1.1,SYC,Seychelles,0.7419373447293773,0.0
2004,1.0,SYC,Seychelles,0.6931471805599453,-0.10000000000000009
2005,0.9,SYC,Seychelles,0.6418538861723948,-0.09999999999999998
2006,0.9,SYC,Seychelles,0.6418538861723948,0.0
2007,1.0,SYC,Seychelles,0.6931471805599453,0.09999999999999998
2008,0.9,SYC,Seychelles,0.6418538861723948,-0.09999999999999998
2009,0.8,SYC,Seychelles,0.5877866649021191,-0.09999999999999998
2010,0.7,SYC,Seychelles,0.5306282510621704,-0.10000000000000009
2011,0.8,SYC,Seychelles,0.5877866649021191,0.10000000000000009
2012,0.8,SYC,Seychelles,0.5877866649021191,0.0
2013,1.5,SYC,Seychelles,0.9162907318741551,0.7
2014,1.4,SYC,Seychelles,0.8754687373538999,-0.10000000000000009
2015,1.4,SYC,Seychelles,0.8754687373538999,0.0
2016,1.2,SYC,Seychelles,0.7884573603642702,-0.19999999999999996
2017,1.2,SYC,Seychelles,0.7884573603642702,0.0
2018,1.2,SYC,Seychelles,0.7884573603642702,0.0
2019,1.2,SYC,Seychelles,0.7884573603642702,0.0
2020,1.3,SYC,Seychelles,0.832909122935104,0.10000000000000009
2021,1.7,SYC,Seychelles,0.9932517730102833,0.3999999999999999
2022,1.9,SYC,Seychelles,1.0647107369924282,0.19999999999999996
1990,2.4,SYR,Syrian Arab Republic,1.2237754316221157,
1991,2.1,SYR,Syrian Arab Republic,1.1314021114911006,-0.2999999999999998
1992,2.2,SYR,Syrian Arab Republic,1.1631508098056809,0.10000000000000009
1993,2.2,SYR,Syrian Arab Republic,1.1631508098056809,0.0
1994,2.0,SYR,Syrian Arab Republic,1.0986122886681098,-0.20000000000000018
1995,1.8,SYR,Syrian Arab Republic,1.0296194171811581,-0.19999999999999996
1996,1.6,SYR,Syrian Arab Republic,0.9555114450274363,-0.19999999999999996
1997,1.7,SYR,Syrian Arab Republic,0.9932517730102833,0.09999999999999987
1998,1.6,SYR,Syrian Arab Republic,0.9555114450274363,-0.09999999999999987
1999,1.8,SYR,Syrian Arab Republic,1.0296194171811581,0.19999999999999996
2000,2.0,SYR,Syrian Arab Republic,1.0986122886681098,0.19999999999999996
2001,2.1,SYR,Syrian Arab Republic,1.1314021114911006,0.10000000000000009
2002,1.6,SYR,Syrian Arab Republic,0.9555114450274363,-0.5
2003,1.9,SYR,Syrian Arab Republic,1.0647107369924282,0.2999999999999998
2004,2.6,SYR,Syrian Arab Republic,1.2809338454620642,0.7000000000000002
2005,2.1,SYR,Syrian Arab Republic,1.1314021114911006,-0.5
2006,1.8,SYR,Syrian Arab Republic,1.0296194171811581,-0.30000000000000004
2007,1.5,SYR,Syrian Arab Republic,0.9162907318741551,-0.30000000000000004
2008,1.2,SYR,Syrian Arab Republic,0.7884573603642702,-0.30000000000000004
2009,0.9,SYR,Syrian Arab Republic,0.6418538861723948,-0.29999999999999993
2010,1.4,SYR,Syrian Arab Republic,0.8754687373538999,0.4999999999999999
2011,1.6,SYR,Syrian Arab Republic,0.9555114450274363,0.20000000000000018
2012,2.0,SYR,Syrian Arab Republic,1.0986122886681098,0.3999999999999999
2013,3.1,SYR,Syrian Arab Republic,1.410986973710262,1.1
2014,2.7,SYR,Syrian Arab Republic,1.308332819650179,-0.3999999999999999
2015,0.6,SYR,Syrian Arab Republic,0.4700036292457356,-2.1
2016,1.3,SYR,Syrian Arab Republic,0.832909122935104,0.7000000000000001
2017,1.1,SYR,Syrian Arab Republic,0.7419373447293773,-0.19999999999999996
2018,0.9,SYR,Syrian Arab Republic,0.6418538861723948,-0.20000000000000007
2019,1.0,SYR,Syrian Arab Republic,0.6931471805599453,0.09999999999999998
2020,1.1,SYR,Syrian Arab Republic,0.7419373447293773,0.10000000000000009
2021,1.1,SYR,Syrian Arab Republic,0.7419373447293773,0.0
1990,0.8,TCA,Turks and Caicos Islands,0.5877866649021191,
1991,0.5,TCA,Turks and Caicos Islands,0.4054651081081644,-0.30000000000000004
1992,0.3,TCA,Turks and Caicos Islands,0.262364264467491,-0.2
1993,0.5,TCA,Turks and Caicos Islands,0.4054651081081644,0.2
1994,0.5,TCA,Turks and Caicos Islands,0.4054651081081644,0.0
1995,0.5,TCA,Turks and Caicos Islands,0.4054651081081644,0.0
1996,0.6,TCA,Turks and Caicos Islands,0.4700036292457356,0.09999999999999998
1997,0.5,TCA,Turks and Caicos Islands,0.4054651081081644,-0.09999999999999998
1998,0.5,TCA,Turks and Caicos Islands,0.4054651081081644,0.0
1999,0.5,TCA,Turks and Caicos Islands,0.4054651081081644,0.0
2000,0.4,TCA,Turks and Caicos Islands,0.33647223662121295,-0.09999999999999998
2001,0.4,TCA,Turks and Caicos Islands,0.33647223662121295,0.0
2002,0.4,TCA,Turks and Caicos Islands,0.33647223662121295,0.0
2003,0.4,TCA,Turks and Caicos Islands,0.33647223662121295,0.0
2004,0.4,TCA,Turks and Caicos Islands,0.33647223662121295,0.0
2005,0.4,TCA,Turks and Caicos Islands,0.33647223662121295,0.0
2006,0.3,TCA,Turks and Caicos Islands,0.262364264467491,-0.10000000000000003
2007,0.3,TCA,Turks and Caicos Islands,0.262364264467491,0.0
2008,0.3,TCA,Turks and Caicos Islands,0.262364264467491,0.0
2009,0.3,TCA,Turks and Caicos Islands,0.262364264467491,0.0
2010,0.3,TCA,Turks and Caicos Islands,0.262364264467491,0.0
2011,0.4,TCA,Turks and Caicos Islands,0.33647223662121295,0.10000000000000003
2012,0.4,TCA,Turks and Caicos Islands,0.33647223662121295,0.0
2013,0.4,TCA,Turks and Caicos Islands,0.33647223662121295,0.0
2014,0.4,TCA,Turks and Caicos Islands,0.33647223662121295,0.0
2015,0.4,TCA,Turks and Caicos Islands,0.33647223662121295,0.0
2016,0.4,TCA,Turks and Caicos Islands,0.33647223662121295,0.0
2017,0.3,TCA,Turks and Caicos Islands,0.262364264467491,-0.10000000000000003
2018,0.4,TCA,Turks and Caicos Islands,0.33647223662121295,0.10000000000000003
2019,0.5,TCA,Turks and Caicos Islands,0.4054651081081644,0.09999999999999998
2020,0.5,TCA,Turks and Caicos Islands,0.4054651081081644,0.0
2021,0.8,TCA,Turks and Caicos Islands,0.5877866649021191,0.30000000000000004
2022,0.8,TCA,Turks and Caicos Islands,0.5877866649021191,0.0
1990,89.5,TCD,Chad,4.505349850705881,
1991,89.3,TCD,Chad,4.5031374604229395,-0.20000000000000284
1992,89.2,TCD,Chad,4.502029427068578,-0.09999999999999432
1993,89.5,TCD,Chad,4.505349850705881,0.29999999999999716
1994,89.3,TCD,Chad,4.5031374604229395,-0.20000000000000284
1995,89.2,TCD,Chad,4.502029427068578,-0.09999999999999432
1996,89.0,TCD,Chad,4.499809670330265,-0.20000000000000284
1997,88.9,TCD,Chad,4.498697941477575,-0.09999999999999432
1998,88.9,TCD,Chad,4.498697941477575,0.0
1999,88.7,TCD,Chad,4.49647076906475,-0.20000000000000284
2000,88.7,TCD,Chad,4.49647076906475,0.0
2001,88.6,TCD,Chad,4.4953553199808844,-0.10000000000000853
2002,88.5,TCD,Chad,4.4942386252808095,-0.09999999999999432
2003,83.9,TCD,Chad,4.441474093317302,-4.599999999999994
2004,84.0,TCD,Chad,4.442651256490317,0.09999999999999432
2005,83.8,TCD,Chad,4.440295542797857,-0.20000000000000284
2006,83.7,TCD,Chad,4.439115601658009,-0.09999999999999432
2007,82.4,TCD,Chad,4.423648309364701,-1.2999999999999972
2008,79.8,TCD,Chad,4.39197696552705,-2.6000000000000085
2009,79.4,TCD,Chad,4.387014176184921,-0.3999999999999915
2010,79.2,TCD,Chad,4.384523514872469,-0.20000000000000284
2011,80.7,TCD,Chad,4.403054001865957,1.5
2012,76.1,TCD,Chad,4.345103280569283,-4.6000000000000085
2013,72.6,TCD,Chad,4.298645025734831,-3.5
2014,72.5,TCD,Chad,4.297285406218791,-0.09999999999999432
2015,72.7,TCD,Chad,4.300002799195291,0.20000000000000284
2016,72.7,TCD,Chad,4.300002799195291,0.0
2017,72.8,TCD,Chad,4.301358731606427,0.09999999999999432
2018,73.1,TCD,Chad,4.3054155323020415,0.29999999999999716
2019,72.8,TCD,Chad,4.301358731606427,-0.29999999999999716
2020,71.9,TCD,Chad,4.289088639014612,-0.8999999999999915
2021,69.9,TCD,Chad,4.2612704335380815,-2.0
2022,70.0,TCD,Chad,4.2626798770413155,0.09999999999999432
1990,78.7,TGO,Togo,4.378269585796169,
1991,82.1,TGO,Togo,4.420044701861403,3.3999999999999915
1992,85.8,TGO,Togo,4.463606621666305,3.700000000000003
1993,91.5,TGO,Togo,4.52720864451838,5.700000000000003
1994,81.6,TGO,Togo,4.414009680526933,-9.900000000000006
1995,81.5,TGO,Togo,4.412798293340635,-0.09999999999999432
1996,73.1,TGO,Togo,4.3054155323020415,-8.400000000000006
1997,79.6,TGO,Togo,4.389498649512583,6.5
1998,77.8,TGO,Togo,4.366912996863833,-1.7999999999999972
1999,73.1,TGO,Togo,4.3054155323020415,-4.700000000000003
2000,77.1,TGO,Togo,4.35799005684564,4.0
2001,82.0,TGO,Togo,4.418840607796598,4.900000000000006
2002,78.7,TGO,Togo,4.378269585796169,-3.299999999999997
2003,74.8,TGO,Togo,4.328098292648326,-3.9000000000000057
2004,76.1,TGO,Togo,4.345103280569283,1.2999999999999972
2005,77.2,TGO,Togo,4.359269647551265,1.1000000000000085
2006,79.7,TGO,Togo,4.390738575275903,2.5
2007,79.9,TGO,Togo,4.393213824064446,0.20000000000000284
2008,76.5,TGO,Togo,4.350277936359301,-3.4000000000000057
2009,63.4,TGO,Togo,4.165113633110308,-13.100000000000001
2010,65.8,TGO,Togo,4.2017030805426,2.3999999999999986
2011,69.1,TGO,Togo,4.249922794040544,3.299999999999997
2012,72.7,TGO,Togo,4.300002799195291,3.6000000000000085
2013,76.2,TGO,Togo,4.3463994570307305,3.5
2014,81.4,TGO,Togo,4.411585436915426,5.200000000000003
2015,81.0,TGO,Togo,4.406719247264253,-0.4000000000000057
2016,80.7,TGO,Togo,4.403054001865957,-0.29999999999999716
2017,78.4,TGO,Togo,4.37449836825309,-2.299999999999997
2018,76.7,TGO,Togo,4.3528552573736015,-1.7000000000000028
2019,78.6,TGO,Togo,4.377014092850337,1.8999999999999915
2020,76.2,TGO,Togo,4.3463994570307305,-2.3999999999999915
2021,75.1,TGO,Togo,4.33204826486764,-1.1000000000000085
1990,33.5,THA,Thailand,3.5409593240373143,
1991,33.0,THA,Thailand,3.5263605246161616,-0.5
1992,31.7,THA,Thailand,3.487375077903208,-1.3000000000000007
1993,26.4,THA,Thailand,3.3105430133940246,-5.300000000000001
1994,23.8,THA,Thailand,3.2108436531709366,-2.599999999999998
1995,22.6,THA,Thailand,3.1612467120315646,-1.1999999999999993
1996,21.0,THA,Thailand,3.091042453358316,-1.6000000000000014
1997,21.1,THA,Thailand,3.095577608523707,0.10000000000000142
1998,21.5,THA,Thailand,3.1135153092103742,0.3999999999999986
1999,21.1,THA,Thailand,3.095577608523707,-0.3999999999999986
2000,21.8,THA,Thailand,3.126760535960395,0.6999999999999993
2001,19.9,THA,Thailand,3.039749158970765,-1.9000000000000021
2002,19.9,THA,Thailand,3.039749158970765,0.0
2003,20.2,THA,Thailand,3.054001181677967,0.3000000000000007
2004,19.9,THA,Thailand,3.039749158970765,-0.3000000000000007
2005,20.1,THA,Thailand,3.0492730404820207,0.20000000000000284
2006,20.5,THA,Thailand,3.068052935133617,0.3999999999999986
2007,21.6,THA,Thailand,3.1179499062782403,1.1000000000000014
2008,22.6,THA,Thailand,3.1612467120315646,1.0
2009,22.8,THA,Thailand,3.169685580677429,0.1999999999999993
2010,22.8,THA,Thailand,3.169685580677429,0.0
2011,23.0,THA,Thailand,3.1780538303479458,0.1999999999999993
2012,23.6,THA,Thailand,3.202746442938317,0.6000000000000014
2013,23.2,THA,Thailand,3.186352633162641,-0.40000000000000213
2014,24.4,THA,Thailand,3.2347491740244907,1.1999999999999993
2015,22.6,THA,Thailand,3.1612467120315646,-1.7999999999999972
2016,22.4,THA,Thailand,3.152736022363656,-0.20000000000000284
2017,22.2,THA,Thailand,3.1441522786722644,-0.1999999999999993
2018,23.7,THA,Thailand,3.2068032436339315,1.5
2019,23.9,THA,Thailand,3.214867803470662,0.1999999999999993
2020,20.9,THA,Thailand,3.086486636822455,-3.0
2021,19.0,THA,Thailand,2.995732273553991,-1.8999999999999986
1990,29.6,TJK,Tajikistan,3.4210000089583352,
1991,31.0,TJK,Tajikistan,3.4657359027997265,1.3999999999999986
1992,37.4,TJK,Tajikistan,3.648057459593681,6.399999999999999
1993,44.0,TJK,Tajikistan,3.8066624897703196,6.600000000000001
1994,57.2,TJK,Tajikistan,4.063885354737392,13.200000000000003
1995,60.6,TJK,Tajikistan,4.120661870539474,3.3999999999999986
1996,62.7,TJK,Tajikistan,4.154184562578117,2.1000000000000014
1997,56.8,TJK,Tajikistan,4.056988775678332,-5.900000000000006
1998,55.8,TJK,Tajikistan,4.039536325727106,-1.0
1999,59.7,TJK,Tajikistan,4.1059436980654525,3.9000000000000057
2000,62.4,TJK,Tajikistan,4.14946386144318,2.6999999999999957
2001,64.1,TJK,Tajikistan,4.175924549214524,1.6999999999999957
2002,64.2,TJK,Tajikistan,4.177459468932607,0.10000000000000853
2003,64.6,TJK,Tajikistan,4.183575695950044,0.3999999999999915
2004,61.4,TJK,Tajikistan,4.133565275375382,-3.1999999999999957
2005,63.7,TJK,Tajikistan,4.169761201506855,2.3000000000000043
2006,61.6,TJK,Tajikistan,4.136765278106052,-2.1000000000000014
2007,53.8,TJK,Tajikistan,4.00369019395397,-7.800000000000004
2008,54.6,TJK,Tajikistan,4.018183201256536,0.8000000000000043
2009,60.6,TJK,Tajikistan,4.120661870539474,6.0
2010,61.8,TJK,Tajikistan,4.139955073474153,1.1999999999999957
2011,60.0,TJK,Tajikistan,4.110873864173311,-1.7999999999999972
2012,55.8,TJK,Tajikistan,4.039536325727106,-4.200000000000003
2013,55.1,TJK,Tajikistan,4.027135812528651,-0.6999999999999957
2014,45.9,TJK,Tajikistan,3.8480176754522337,-9.200000000000003
2015,48.1,TJK,Tajikistan,3.893859034800475,2.200000000000003
2016,43.7,TJK,Tajikistan,3.7999735016195233,-4.399999999999999
2017,44.2,TJK,Tajikistan,3.8110970868381857,0.5
2018,41.6,TJK,Tajikistan,3.751854253275325,-2.6000000000000014
2019,40.1,TJK,Tajikistan,3.716008121502189,-1.5
2020,38.8,TJK,Tajikistan,3.6838669122903918,-1.3000000000000043
2021,34.9,TJK,Tajikistan,3.580737295494233,-3.8999999999999986
1990,0.0,TKM,Turkmenistan,0.0,
1991,0.0,TKM,Turkmenistan,0.0,0.0
1992,0.0,TKM,Turkmenistan,0.0,0.0
1993,0.0,TKM,Turkmenistan,0.0,0.0
1994,0.0,TKM,Turkmenistan,0.0,0.0
1995,0.0,TKM,Turkmenistan,0.0,0.0
1996,0.0,TKM,Turkmenistan,0.0,0.0
1997,0.0,TKM,Turkmenistan,0.0,0.0
1998,0.1,TKM,Turkmenistan,0.09531017980432487,0.1
1999,0.1,TKM,Turkmenistan,0.09531017980432487,0.0
2000,0.1,TKM,Turkmenistan,0.09531017980432487,0.0
2001,0.1,TKM,Turkmenistan,0.09531017980432487,0.0
2002,0.1,TKM,Turkmenistan,0.09531017980432487,0.0
2003,0.1,TKM,Turkmenistan,0.09531017980432487,0.0
2004,0.1,TKM,Turkmenistan,0.09531017980432487,0.0
2005,0.1,TKM,Turkmenistan,0.09531017980432487,0.0
2006,0.1,TKM,Turkmenistan,0.09531017980432487,0.0
2007,0.1,TKM,Turkmenistan,0.09531017980432487,0.0
2008,0.1,TKM,Turkmenistan,0.09531017980432487,0.0
2009,0.1,TKM,Turkmenistan,0.09531017980432487,0.0
2010,0.1,TKM,Turkmenistan,0.09531017980432487,0.0
2011,0.1,TKM,Turkmenistan,0.09531017980432487,0.0
2012,0.0,TKM,Turkmenistan,0.0,-0.1
2013,0.1,TKM,Turkmenistan,0.09531017980432487,0.1
2014,0.1,TKM,Turkmenistan,0.09531017980432487,0.0
2015,0.1,TKM,Turkmenistan,0.09531017980432487,0.0
2016,0.1,TKM,Turkmenistan,0.09531017980432487,0.0
2017,0.1,TKM,Turkmenistan,0.09531017980432487,0.0
2018,0.1,TKM,Turkmenistan,0.09531017980432487,0.0
2019,0.1,TKM,Turkmenistan,0.09531017980432487,0.0
2020,0.1,TKM,Turkmenistan,0.09531017980432487,0.0
2021,0.1,TKM,Turkmenistan,0.09531017980432487,0.0
2002,48.2,TLS,Timor-Leste,3.8958936234982624,
2003,47.9,TLS,Timor-Leste,3.8897773964808264,-0.30000000000000426
2004,44.0,TLS,Timor-Leste,3.8066624897703196,-3.8999999999999986
2005,43.6,TLS,Timor-Leste,3.7977338590260183,-0.3999999999999986
2006,41.9,TLS,Timor-Leste,3.758871825933971,-1.7000000000000028
2007,41.9,TLS,Timor-Leste,3.758871825933971,0.0
2008,39.7,TLS,Timor-Leste,3.7062280924485496,-2.1999999999999957
2009,36.9,TLS,Timor-Leste,3.634951112088381,-2.8000000000000043
2010,34.8,TLS,Timor-Leste,3.5779478934066544,-2.1000000000000014
2011,32.8,TLS,Timor-Leste,3.520460802488973,-2.0
2012,25.6,TLS,Timor-Leste,3.2809112157876537,-7.199999999999996
2013,22.6,TLS,Timor-Leste,3.1612467120315646,-3.0
2014,18.1,TLS,Timor-Leste,2.9496883350525844,-4.5
2015,18.0,TLS,Timor-Leste,2.9444389791664403,-0.10000000000000142
2016,12.7,TLS,Timor-Leste,2.617395832834079,-5.300000000000001
2017,13.2,TLS,Timor-Leste,2.653241964607215,0.5
2018,12.7,TLS,Timor-Leste,2.617395832834079,-0.5
2019,11.7,TLS,Timor-Leste,2.5416019934645457,-1.0
2020,11.4,TLS,Timor-Leste,2.517696472610991,-0.29999999999999893
2021,12.1,TLS,Timor-Leste,2.5726122302071057,0.6999999999999993
2022,11.4,TLS,Timor-Leste,2.517696472610991,-0.6999999999999993
1990,1.4,TON,Tonga,0.8754687373538999,
1991,1.3,TON,Tonga,0.832909122935104,-0.09999999999999987
1992,1.6,TON,Tonga,0.9555114450274363,0.30000000000000004
1993,1.4,TON,Tonga,0.8754687373538999,-0.20000000000000018
1994,1.2,TON,Tonga,0.7884573603642702,-0.19999999999999996
1995,1.2,TON,Tonga,0.7884573603642702,0.0
1996,1.5,TON,Tonga,0.9162907318741551,0.30000000000000004
1997,1.3,TON,Tonga,0.832909122935104,-0.19999999999999996
1998,1.2,TON,Tonga,0.7884573603642702,-0.10000000000000009
1999,1.0,TON,Tonga,0.6931471805599453,-0.19999999999999996
2000,2.5,TON,Tonga,1.252762968495368,1.5
2001,2.7,TON,Tonga,1.308332819650179,0.20000000000000018
2002,2.5,TON,Tonga,1.252762968495368,-0.20000000000000018
2003,2.0,TON,Tonga,1.0986122886681098,-0.5
2004,2.1,TON,Tonga,1.1314021114911006,0.10000000000000009
2005,2.1,TON,Tonga,1.1314021114911006,0.0
2006,1.9,TON,Tonga,1.0647107369924282,-0.20000000000000018
2007,2.2,TON,Tonga,1.1631508098056809,0.30000000000000027
2008,2.0,TON,Tonga,1.0986122886681098,-0.20000000000000018
2009,1.8,TON,Tonga,1.0296194171811581,-0.19999999999999996
2010,1.0,TON,Tonga,0.6931471805599453,-0.8
2011,1.1,TON,Tonga,0.7419373447293773,0.10000000000000009
2012,1.1,TON,Tonga,0.7419373447293773,0.0
2013,1.6,TON,Tonga,0.9555114450274363,0.5
2014,1.7,TON,Tonga,0.9932517730102833,0.09999999999999987
2015,1.9,TON,Tonga,1.0647107369924282,0.19999999999999996
2016,2.0,TON,Tonga,1.0986122886681098,0.10000000000000009
2017,2.0,TON,Tonga,1.0986122886681098,0.0
2018,1.8,TON,Tonga,1.0296194171811581,-0.19999999999999996
2019,1.8,TON,Tonga,1.0296194171811581,0.0
2020,1.9,TON,Tonga,1.0647107369924282,0.09999999999999987
2021,1.8,TON,Tonga,1.0296194171811581,-0.09999999999999987
2022,2.3,TON,Tonga,1.1939224684724346,0.4999999999999998
1990,1.2,TTO,Trinidad and Tobago,0.7884573603642702,
1991,1.3,TTO,Trinidad and Tobago,0.832909122935104,0.10000000000000009
1992,1.3,TTO,Trinidad and Tobago,0.832909122935104,0.0
1993,1.3,TTO,Trinidad and Tobago,0.832909122935104,0.0
1994,1.3,TTO,Trinidad and Tobago,0.832909122935104,0.0
1995,1.2,TTO,Trinidad and Tobago,0.7884573603642702,-0.10000000000000009
1996,1.0,TTO,Trinidad and Tobago,0.6931471805599453,-0.19999999999999996
1997,0.9,TTO,Trinidad and Tobago,0.6418538861723948,-0.09999999999999998
1998,0.9,TTO,Trinidad and Tobago,0.6418538861723948,0.0
1999,0.9,TTO,Trinidad and Tobago,0.6418538861723948,0.0
2000,0.8,TTO,Trinidad and Tobago,0.5877866649021191,-0.09999999999999998
2001,0.7,TTO,Trinidad and Tobago,0.5306282510621704,-0.10000000000000009
2002,0.7,TTO,Trinidad and Tobago,0.5306282510621704,0.0
2003,0.6,TTO,Trinidad and Tobago,0.4700036292457356,-0.09999999999999998
2004,0.6,TTO,Trinidad and Tobago,0.4700036292457356,0.0
2005,0.5,TTO,Trinidad and Tobago,0.4054651081081644,-0.09999999999999998
2006,0.6,TTO,Trinidad and Tobago,0.4700036292457356,0.09999999999999998
2007,0.4,TTO,Trinidad and Tobago,0.33647223662121295,-0.19999999999999996
2008,0.5,TTO,Trinidad and Tobago,0.4054651081081644,0.09999999999999998
2009,0.5,TTO,Trinidad and Tobago,0.4054651081081644,0.0
2010,0.4,TTO,Trinidad and Tobago,0.33647223662121295,-0.09999999999999998
2011,0.4,TTO,Trinidad and Tobago,0.33647223662121295,0.0
2012,0.4,TTO,Trinidad and Tobago,0.33647223662121295,0.0
2013,0.4,TTO,Trinidad and Tobago,0.33647223662121295,0.0
2014,0.3,TTO,Trinidad and Tobago,0.262364264467491,-0.10000000000000003
2015,0.4,TTO,Trinidad and Tobago,0.33647223662121295,0.10000000000000003
2016,0.4,TTO,Trinidad and Tobago,0.33647223662121295,0.0
2017,0.4,TTO,Trinidad and Tobago,0.33647223662121295,0.0
2018,0.5,TTO,Trinidad and Tobago,0.4054651081081644,0.09999999999999998
2019,0.4,TTO,Trinidad and Tobago,0.33647223662121295,-0.09999999999999998
2020,0.5,TTO,Trinidad and Tobago,0.4054651081081644,0.09999999999999998
2021,0.5,TTO,Trinidad and Tobago,0.4054651081081644,0.0
1990,14.5,TUN,Tunisia,2.740840023925201,
1991,14.8,TUN,Tunisia,2.760009940032921,0.3000000000000007
1992,14.2,TUN,Tunisia,2.7212954278522306,-0.6000000000000014
1993,13.9,TUN,Tunisia,2.7013612129514133,-0.29999999999999893
1994,14.2,TUN,Tunisia,2.7212954278522306,0.29999999999999893
1995,14.4,TUN,Tunisia,2.7343675094195836,0.20000000000000107
1996,14.4,TUN,Tunisia,2.7343675094195836,0.0
1997,14.4,TUN,Tunisia,2.7343675094195836,0.0
1998,14.5,TUN,Tunisia,2.740840023925201,0.09999999999999964
1999,14.5,TUN,Tunisia,2.740840023925201,0.0
2000,14.2,TUN,Tunisia,2.7212954278522306,-0.3000000000000007
2001,14.2,TUN,Tunisia,2.7212954278522306,0.0
2002,14.6,TUN,Tunisia,2.747270914255491,0.40000000000000036
2003,14.1,TUN,Tunisia,2.714694743820879,-0.5
2004,13.9,TUN,Tunisia,2.7013612129514133,-0.1999999999999993
2005,14.2,TUN,Tunisia,2.7212954278522306,0.29999999999999893
2006,14.3,TUN,Tunisia,2.72785282839839,0.10000000000000142
2007,14.3,TUN,Tunisia,2.72785282839839,0.0
2008,14.6,TUN,Tunisia,2.747270914255491,0.29999999999999893
2009,16.1,TUN,Tunisia,2.8390784635086144,1.5000000000000018
2010,12.6,TUN,Tunisia,2.6100697927420065,-3.5000000000000018
2011,13.2,TUN,Tunisia,2.653241964607215,0.5999999999999996
2012,13.0,TUN,Tunisia,2.6390573296152584,-0.1999999999999993
2013,13.2,TUN,Tunisia,2.653241964607215,0.1999999999999993
2014,12.9,TUN,Tunisia,2.631888840136646,-0.29999999999999893
2015,12.5,TUN,Tunisia,2.6026896854443837,-0.40000000000000036
2016,12.4,TUN,Tunisia,2.5952547069568657,-0.09999999999999964
2017,11.8,TUN,Tunisia,2.5494451709255714,-0.5999999999999996
2018,11.9,TUN,Tunisia,2.5572273113676265,0.09999999999999964
2019,12.2,TUN,Tunisia,2.580216829592325,0.29999999999999893
2020,12.9,TUN,Tunisia,2.631888840136646,0.7000000000000011
2021,11.6,TUN,Tunisia,2.533696813957432,-1.3000000000000007
1990,24.4,TUR,Turkiye,3.2347491740244907,
1991,24.0,TUR,Turkiye,3.2188758248682006,-0.3999999999999986
1992,24.0,TUR,Turkiye,3.2188758248682006,0.0
1993,23.6,TUR,Turkiye,3.202746442938317,-0.3999999999999986
1994,24.0,TUR,Turkiye,3.2188758248682006,0.3999999999999986
1995,21.9,TUR,Turkiye,3.131136910560194,-2.1000000000000014
1996,21.0,TUR,Turkiye,3.091042453358316,-0.8999999999999986
1997,20.7,TUR,Turkiye,3.077312260546414,-0.3000000000000007
1998,21.5,TUR,Turkiye,3.1135153092103742,0.8000000000000007
1999,20.5,TUR,Turkiye,3.068052935133617,-1.0
2000,17.3,TUR,Turkiye,2.9069010598473755,-3.1999999999999993
2001,18.1,TUR,Turkiye,2.9496883350525844,0.8000000000000007
2002,17.5,TUR,Turkiye,2.917770732084279,-0.6000000000000014
2003,16.3,TUR,Turkiye,2.8507065015037334,-1.1999999999999993
2004,16.8,TUR,Turkiye,2.8791984572980396,0.5
2005,15.3,TUR,Turkiye,2.791165107812717,-1.5
2006,14.2,TUR,Turkiye,2.7212954278522306,-1.1000000000000014
2007,12.5,TUR,Turkiye,2.6026896854443837,-1.6999999999999993
2008,12.5,TUR,Turkiye,2.6026896854443837,0.0
2009,13.1,TUR,Turkiye,2.6461747973841225,0.5999999999999996
2010,14.2,TUR,Turkiye,2.7212954278522306,1.0999999999999996
2011,12.7,TUR,Turkiye,2.617395832834079,-1.5
2012,13.0,TUR,Turkiye,2.6390573296152584,0.3000000000000007
2013,13.8,TUR,Turkiye,2.6946271807700692,0.8000000000000007
2014,11.5,TUR,Turkiye,2.5257286443082556,-2.3000000000000007
2015,13.3,TUR,Turkiye,2.6602595372658615,1.8000000000000007
2016,13.2,TUR,Turkiye,2.653241964607215,-0.10000000000000142
2017,11.4,TUR,Turkiye,2.517696472610991,-1.799999999999999
2018,11.8,TUR,Turkiye,2.5494451709255714,0.40000000000000036
2019,14.1,TUR,Turkiye,2.714694743820879,2.299999999999999
2020,13.7,TUR,Turkiye,2.6878474937846906,-0.40000000000000036
2021,12.0,TUR,Turkiye,2.5649493574615367,-1.6999999999999993
1990,0.0,TUV,Tuvalu,0.0,
1991,0.0,TUV,Tuvalu,0.0,0.0
1992,0.0,TUV,Tuvalu,0.0,0.0
1993,0.0,TUV,Tuvalu,0.0,0.0
1994,0.0,TUV,Tuvalu,0.0,0.0
1995,0.0,TUV,Tuvalu,0.0,0.0
1996,0.0,TUV,Tuvalu,0.0,0.0
1997,0.0,TUV,Tuvalu,0.0,0.0
1998,0.0,TUV,Tuvalu,0.0,0.0
1999,0.0,TUV,Tuvalu,0.0,0.0
2000,0.0,TUV,Tuvalu,0.0,0.0
2001,0.0,TUV,Tuvalu,0.0,0.0
2002,0.0,TUV,Tuvalu,0.0,0.0
2003,0.0,TUV,Tuvalu,0.0,0.0
2004,0.0,TUV,Tuvalu,0.0,0.0
2005,0.0,TUV,Tuvalu,0.0,0.0
2006,0.0,TUV,Tuvalu,0.0,0.0
2007,0.0,TUV,Tuvalu,0.0,0.0
2008,0.2,TUV,Tuvalu,0.18232155679395465,0.2
2009,0.2,TUV,Tuvalu,0.18232155679395465,0.0
2010,0.4,TUV,Tuvalu,0.33647223662121295,0.2
2011,0.2,TUV,Tuvalu,0.18232155679395465,-0.2
2012,0.3,TUV,Tuvalu,0.262364264467491,0.09999999999999998
2013,0.7,TUV,Tuvalu,0.5306282510621704,0.39999999999999997
2014,0.7,TUV,Tuvalu,0.5306282510621704,0.0
2015,3.0,TUV,Tuvalu,1.3862943611198906,2.3
2016,7.3,TUV,Tuvalu,2.1162555148025524,4.3
2017,7.0,TUV,Tuvalu,2.0794415416798357,-0.2999999999999998
2018,6.4,TUV,Tuvalu,2.0014800002101243,-0.5999999999999996
2019,6.3,TUV,Tuvalu,1.9878743481543455,-0.10000000000000053
2020,5.0,TUV,Tuvalu,1.791759469228055,-1.2999999999999998
2021,5.0,TUV,Tuvalu,1.791759469228055,0.0
2022,5.2,TUV,Tuvalu,1.824549292051046,0.20000000000000018
1990,93.3,TZA,Tanzania,4.546481189639412,
1991,93.6,TZA,Tanzania,4.549657476057832,0.29999999999999716
1992,93.7,TZA,Tanzania,4.550714000192032,0.10000000000000853
1993,94.1,TZA,Tanzania,4.554928969551344,0.3999999999999915
1994,95.2,TZA,Tanzania,4.566429357671661,1.1000000000000085
1995,93.3,TZA,Tanzania,4.546481189639412,-1.9000000000000057
1996,92.1,TZA,Tanzania,4.533674184283021,-1.2000000000000028
1997,92.7,TZA,Tanzania,4.540098189244376,0.6000000000000085
1998,93.1,TZA,Tanzania,4.544358046591334,0.3999999999999915
1999,94.2,TZA,Tanzania,4.55597994179732,1.1000000000000085
2000,93.6,TZA,Tanzania,4.549657476057832,-0.6000000000000085
2001,93.1,TZA,Tanzania,4.544358046591334,-0.5
2002,92.4,TZA,Tanzania,4.536891345234797,-0.6999999999999886
2003,92.4,TZA,Tanzania,4.536891345234797,0.0
2004,91.3,TZA,Tanzania,4.525044141508807,-1.1000000000000085
2005,90.3,TZA,Tanzania,4.514150787600923,-1.0
2006,89.9,TZA,Tanzania,4.509760001183433,-0.3999999999999915
2007,90.6,TZA,Tanzania,4.517431271680085,0.6999999999999886
2008,90.3,TZA,Tanzania,4.514150787600923,-0.29999999999999716
2009,91.0,TZA,Tanzania,4.5217885770490405,0.7000000000000028
2010,89.4,TZA,Tanzania,4.504244267398131,-1.5999999999999943
2011,87.6,TZA,Tanzania,4.484131857611035,-1.8000000000000114
2012,85.2,TZA,Tanzania,4.456670177669648,-2.3999999999999915
2013,84.5,TZA,Tanzania,4.448516375942715,-0.7000000000000028
2014,84.7,TZA,Tanzania,4.450852825603734,0.20000000000000284
2015,82.8,TZA,Tanzania,4.428433007488037,-1.9000000000000057
2016,81.7,TZA,Tanzania,4.415219602029645,-1.0999999999999943
2017,82.0,TZA,Tanzania,4.418840607796598,0.29999999999999716
2018,81.3,TZA,Tanzania,4.410371107683024,-0.7000000000000028
2019,80.4,TZA,Tanzania,4.399375273008495,-0.8999999999999915
2020,80.8,TZA,Tanzania,4.404277243608702,0.3999999999999915
2021,78.3,TZA,Tanzania,4.373238128640803,-2.5
1990,96.6,UGA,Uganda,4.580877493419047,
1991,96.6,UGA,Uganda,4.580877493419047,0.0
1992,96.7,UGA,Uganda,4.581901559048737,0.10000000000000853
1993,96.8,UGA,Uganda,4.582924577040772,0.09999999999999432
1994,97.3,UGA,Uganda,4.5880240271531205,0.5
1995,96.5,UGA,Uganda,4.579852378003801,-0.7999999999999972
1996,96.3,UGA,Uganda,4.577798989191959,-0.20000000000000284
1997,95.9,UGA,Uganda,4.5736795188967205,-0.3999999999999915
1998,95.4,UGA,Uganda,4.5685062016165,-0.5
1999,95.5,UGA,Uganda,4.56954300834494,0.09999999999999432
2000,95.3,UGA,Uganda,4.56746831880408,-0.20000000000000284
2001,95.5,UGA,Uganda,4.56954300834494,0.20000000000000284
2002,95.6,UGA,Uganda,4.570578741218473,0.09999999999999432
2003,95.6,UGA,Uganda,4.570578741218473,0.0
2004,95.3,UGA,Uganda,4.56746831880408,-0.29999999999999716
2005,94.5,UGA,Uganda,4.5591262474866845,-0.7999999999999972
2006,94.2,UGA,Uganda,4.55597994179732,-0.29999999999999716
2007,94.1,UGA,Uganda,4.554928969551344,-0.10000000000000853
2008,94.1,UGA,Uganda,4.554928969551344,0.0
2009,94.3,UGA,Uganda,4.557029810660157,0.20000000000000284
2010,93.6,UGA,Uganda,4.549657476057832,-0.7000000000000028
2011,93.3,UGA,Uganda,4.546481189639412,-0.29999999999999716
2012,93.4,UGA,Uganda,4.547541073151455,0.10000000000000853
2013,93.1,UGA,Uganda,4.544358046591334,-0.30000000000001137
2014,92.4,UGA,Uganda,4.536891345234797,-0.6999999999999886
2015,91.7,UGA,Uganda,4.529368472571809,-0.7000000000000028
2016,91.4,UGA,Uganda,4.526126978647638,-0.29999999999999716
2017,91.3,UGA,Uganda,4.525044141508807,-0.10000000000000853
2018,90.5,UGA,Uganda,4.516338972281476,-0.7999999999999972
2019,90.5,UGA,Uganda,4.516338972281476,0.0
2020,91.6,UGA,Uganda,4.528289141652134,1.0999999999999943
2021,91.0,UGA,Uganda,4.5217885770490405,-0.5999999999999943
2022,90.9,UGA,Uganda,4.520701029361642,-0.09999999999999432
1990,0.7,UKR,Ukraine,0.5306282510621704,
1991,0.7,UKR,Ukraine,0.5306282510621704,0.0
1992,0.6,UKR,Ukraine,0.4700036292457356,-0.09999999999999998
1993,0.9,UKR,Ukraine,0.6418538861723948,0.30000000000000004
1994,1.1,UKR,Ukraine,0.7419373447293773,0.20000000000000007
1995,1.0,UKR,Ukraine,0.6931471805599453,-0.10000000000000009
1996,0.9,UKR,Ukraine,0.6418538861723948,-0.09999999999999998
1997,1.0,UKR,Ukraine,0.6931471805599453,0.09999999999999998
1998,1.6,UKR,Ukraine,0.9555114450274363,0.6000000000000001
1999,1.4,UKR,Ukraine,0.8754687373538999,-0.20000000000000018
2000,1.2,UKR,Ukraine,0.7884573603642702,-0.19999999999999996
2001,1.2,UKR,Ukraine,0.7884573603642702,0.0
2002,1.0,UKR,Ukraine,0.6931471805599453,-0.19999999999999996
2003,1.0,UKR,Ukraine,0.6931471805599453,0.0
2004,1.2,UKR,Ukraine,0.7884573603642702,0.19999999999999996
2005,1.3,UKR,Ukraine,0.832909122935104,0.10000000000000009
2006,1.8,UKR,Ukraine,1.0296194171811581,0.5
2007,2.4,UKR,Ukraine,1.2237754316221157,0.5999999999999999
2008,2.7,UKR,Ukraine,1.308332819650179,0.30000000000000027
2009,3.0,UKR,Ukraine,1.3862943611198906,0.2999999999999998
2010,2.9,UKR,Ukraine,1.3609765531356006,-0.10000000000000009
2011,2.7,UKR,Ukraine,1.308332819650179,-0.19999999999999973
2012,2.9,UKR,Ukraine,1.3609765531356006,0.19999999999999973
2013,3.5,UKR,Ukraine,1.5040773967762742,0.6000000000000001
2014,3.5,UKR,Ukraine,1.5040773967762742,0.0
2015,4.2,UKR,Ukraine,1.6486586255873816,0.7000000000000002
2016,5.5,UKR,Ukraine,1.8718021769015913,1.2999999999999998
2017,6.5,UKR,Ukraine,2.0149030205422647,1.0
2018,6.9,UKR,Ukraine,2.066862759472976,0.40000000000000036
2019,7.4,UKR,Ukraine,2.128231705849268,0.5
2020,8.7,UKR,Ukraine,2.272125885509337,1.299999999999999
2021,8.9,UKR,Ukraine,2.2925347571405443,0.20000000000000107
1990,44.8,URY,Uruguay,3.824284091120139,
1991,43.7,URY,Uruguay,3.7999735016195233,-1.0999999999999943
1992,43.3,URY,Uruguay,3.7909846770510898,-0.4000000000000057
1993,42.7,URY,Uruguay,3.7773481021015445,-0.5999999999999943
1994,42.2,URY,Uruguay,3.765840495250065,-0.5
1995,41.0,URY,Uruguay,3.7376696182833684,-1.2000000000000028
1996,37.5,URY,Uruguay,3.6506582412937387,-3.5
1997,37.7,URY,Uruguay,3.655839600035736,0.20000000000000284
1998,36.9,URY,Uruguay,3.634951112088381,-0.8000000000000043
1999,33.3,URY,Uruguay,3.535145354171894,-3.6000000000000014
2000,38.7,URY,Uruguay,3.681351187693145,5.400000000000006
2001,41.6,URY,Uruguay,3.751854253275325,2.8999999999999986
2002,43.2,URY,Uruguay,3.7887247890836524,1.6000000000000014
2003,43.8,URY,Uruguay,3.8022081394209395,0.5999999999999943
2004,39.3,URY,Uruguay,3.696351468952637,-4.5
2005,41.3,URY,Uruguay,3.744787086052232,2.0
2006,37.6,URY,Uruguay,3.653252276470785,-3.6999999999999957
2007,43.2,URY,Uruguay,3.7887247890836524,5.600000000000001
2008,44.1,URY,Uruguay,3.8088822465086327,0.8999999999999986
2009,44.6,URY,Uruguay,3.8199077165203406,0.5
2010,53.3,URY,Uruguay,3.9945242269398897,8.699999999999996
2011,49.7,URY,Uruguay,3.9259259105971376,-3.5999999999999943
2012,47.9,URY,Uruguay,3.8897773964808264,-1.8000000000000043
2013,51.9,URY,Uruguay,3.9684033388642534,4.0
2014,56.7,URY,Uruguay,4.055257173514054,4.800000000000004
2015,59.4,URY,Uruguay,4.100989104940769,2.6999999999999957
2016,60.3,URY,Uruguay,4.115779842942166,0.8999999999999986
2017,60.8,URY,Uruguay,4.123903364463645,0.5
2018,60.8,URY,Uruguay,4.123903364463645,0.0
2019,59.3,URY,Uruguay,4.09933210373314,-1.5
2020,61.2,URY,Uruguay,4.130354999745133,1.9000000000000057
2021,57.8,URY,Uruguay,4.074141854904581,-3.4000000000000057
1990,4.2,USA,United States,1.6486586255873816,
1991,4.5,USA,United States,1.7047480922384253,0.2999999999999998
1992,4.8,USA,United States,1.7578579175523736,0.2999999999999998
1993,4.3,USA,United States,1.667706820558076,-0.5
1994,4.1,USA,United States,1.62924053973028,-0.20000000000000018
1995,4.7,USA,United States,1.7404661748405046,0.6000000000000005
1996,4.8,USA,United States,1.7578579175523736,0.09999999999999964
1997,4.5,USA,United States,1.7047480922384253,-0.2999999999999998
1998,4.5,USA,United States,1.7047480922384253,0.0
1999,5.7,USA,United States,1.9021075263969205,1.2000000000000002
2000,5.4,USA,United States,1.8562979903656263,-0.2999999999999998
2001,4.7,USA,United States,1.7404661748405046,-0.7000000000000002
2002,4.8,USA,United States,1.7578579175523736,0.09999999999999964
2003,5.3,USA,United States,1.840549633397487,0.5
2004,5.5,USA,United States,1.8718021769015913,0.20000000000000018
2005,5.8,USA,United States,1.916922612182061,0.2999999999999998
2006,6.4,USA,United States,2.0014800002101243,0.6000000000000005
2007,6.3,USA,United States,1.9878743481543455,-0.10000000000000053
2008,6.8,USA,United States,2.0541237336955462,0.5
2009,7.3,USA,United States,2.1162555148025524,0.5
2010,7.4,USA,United States,2.128231705849268,0.10000000000000053
2011,8.4,USA,United States,2.2407096892759584,1.0
2012,8.5,USA,United States,2.2512917986064953,0.09999999999999964
2013,8.9,USA,United States,2.2925347571405443,0.40000000000000036
2014,9.0,USA,United States,2.302585092994046,0.09999999999999964
2015,8.9,USA,United States,2.2925347571405443,-0.09999999999999964
2016,9.3,USA,United States,2.33214389523559,0.40000000000000036
2017,9.7,USA,United States,2.3702437414678603,0.3999999999999986
2018,9.9,USA,United States,2.388762789235098,0.20000000000000107
2019,10.2,USA,United States,2.4159137783010487,0.29999999999999893
2020,11.0,USA,United States,2.4849066497880004,0.8000000000000007
2021,10.9,USA,United States,2.4765384001174837,-0.09999999999999964
1990,1.3,UZB,Uzbekistan,0.832909122935104,
1991,1.2,UZB,Uzbekistan,0.7884573603642702,-0.10000000000000009
1992,1.4,UZB,Uzbekistan,0.8754687373538999,0.19999999999999996
1993,1.6,UZB,Uzbekistan,0.9555114450274363,0.20000000000000018
1994,1.6,UZB,Uzbekistan,0.9555114450274363,0.0
1995,1.5,UZB,Uzbekistan,0.9162907318741551,-0.10000000000000009
1996,1.7,UZB,Uzbekistan,0.9932517730102833,0.19999999999999996
1997,1.4,UZB,Uzbekistan,0.8754687373538999,-0.30000000000000004
1998,1.2,UZB,Uzbekistan,0.7884573603642702,-0.19999999999999996
1999,1.5,UZB,Uzbekistan,0.9162907318741551,0.30000000000000004
2000,0.7,UZB,Uzbekistan,0.5306282510621704,-0.8
2001,0.8,UZB,Uzbekistan,0.5877866649021191,0.10000000000000009
2002,1.0,UZB,Uzbekistan,0.6931471805599453,0.19999999999999996
2003,1.4,UZB,Uzbekistan,0.8754687373538999,0.3999999999999999
2004,1.0,UZB,Uzbekistan,0.6931471805599453,-0.3999999999999999
2005,1.6,UZB,Uzbekistan,0.9555114450274363,0.6000000000000001
2006,0.8,UZB,Uzbekistan,0.5877866649021191,-0.8
2007,0.9,UZB,Uzbekistan,0.6418538861723948,0.09999999999999998
2008,0.8,UZB,Uzbekistan,0.5877866649021191,-0.09999999999999998
2009,1.2,UZB,Uzbekistan,0.7884573603642702,0.3999999999999999
2010,1.3,UZB,Uzbekistan,0.832909122935104,0.10000000000000009
2011,0.9,UZB,Uzbekistan,0.6418538861723948,-0.4
2012,1.3,UZB,Uzbekistan,0.832909122935104,0.4
2013,1.2,UZB,Uzbekistan,0.7884573603642702,-0.10000000000000009
2014,1.4,UZB,Uzbekistan,0.8754687373538999,0.19999999999999996
2015,1.7,UZB,Uzbekistan,0.9932517730102833,0.30000000000000004
2016,1.6,UZB,Uzbekistan,0.9555114450274363,-0.09999999999999987
2017,1.7,UZB,Uzbekistan,0.9932517730102833,0.09999999999999987
2018,1.5,UZB,Uzbekistan,0.9162907318741551,-0.19999999999999996
2019,1.6,UZB,Uzbekistan,0.9555114450274363,0.10000000000000009
2020,1.0,UZB,Uzbekistan,0.6931471805599453,-0.6000000000000001
2021,1.0,UZB,Uzbekistan,0.6931471805599453,0.0
1990,15.4,VCT,St. Vincent and the Grenadines,2.797281334830153,
1991,11.6,VCT,St. Vincent and the Grenadines,2.533696813957432,-3.8000000000000007
1992,13.2,VCT,St. Vincent and the Grenadines,2.653241964607215,1.5999999999999996
1993,12.3,VCT,St. Vincent and the Grenadines,2.5877640352277083,-0.8999999999999986
1994,10.5,VCT,St. Vincent and the Grenadines,2.4423470353692043,-1.8000000000000007
1995,9.1,VCT,St. Vincent and the Grenadines,2.312535423847214,-1.4000000000000004
1996,9.0,VCT,St. Vincent and the Grenadines,2.302585092994046,-0.09999999999999964
1997,8.8,VCT,St. Vincent and the Grenadines,2.2823823856765264,-0.1999999999999993
1998,7.2,VCT,St. Vincent and the Grenadines,2.1041341542702074,-1.6000000000000005
1999,6.5,VCT,St. Vincent and the Grenadines,2.0149030205422647,-0.7000000000000002
2000,8.5,VCT,St. Vincent and the Grenadines,2.2512917986064953,2.0
2001,6.2,VCT,St. Vincent and the Grenadines,1.9740810260220096,-2.3
2002,6.1,VCT,St. Vincent and the Grenadines,1.9600947840472698,-0.10000000000000053
2003,5.6,VCT,St. Vincent and the Grenadines,1.8870696490323797,-0.5
2004,5.9,VCT,St. Vincent and the Grenadines,1.9315214116032138,0.3000000000000007
2005,5.8,VCT,St. Vincent and the Grenadines,1.916922612182061,-0.10000000000000053
2006,5.3,VCT,St. Vincent and the Grenadines,1.840549633397487,-0.5
2007,4.7,VCT,St. Vincent and the Grenadines,1.7404661748405046,-0.5999999999999996
2008,5.3,VCT,St. Vincent and the Grenadines,1.840549633397487,0.5999999999999996
2009,4.1,VCT,St. Vincent and the Grenadines,1.62924053973028,-1.2000000000000002
2010,5.1,VCT,St. Vincent and the Grenadines,1.8082887711792655,1.0
2011,6.1,VCT,St. Vincent and the Grenadines,1.9600947840472698,1.0
2012,5.0,VCT,St. Vincent and the Grenadines,1.791759469228055,-1.0999999999999996
2013,5.4,VCT,St. Vincent and the Grenadines,1.8562979903656263,0.40000000000000036
2014,3.3,VCT,St. Vincent and the Grenadines,1.4586150226995167,-2.1000000000000005
2015,4.3,VCT,St. Vincent and the Grenadines,1.667706820558076,1.0
2016,4.1,VCT,St. Vincent and the Grenadines,1.62924053973028,-0.20000000000000018
2017,5.3,VCT,St. Vincent and the Grenadines,1.840549633397487,1.2000000000000002
2018,4.9,VCT,St. Vincent and the Grenadines,1.7749523509116738,-0.39999999999999947
2019,5.4,VCT,St. Vincent and the Grenadines,1.8562979903656263,0.5
2020,5.2,VCT,St. Vincent and the Grenadines,1.824549292051046,-0.20000000000000018
2021,5.0,VCT,St. Vincent and the Grenadines,1.791759469228055,-0.20000000000000018
2022,5.1,VCT,St. Vincent and the Grenadines,1.8082887711792655,0.09999999999999964
1990,12.0,VEN,"Venezuela, RB",2.5649493574615367,
1991,13.2,VEN,"Venezuela, RB",2.653241964607215,1.1999999999999993
1992,14.2,VEN,"Venezuela, RB",2.7212954278522306,1.0
1993,13.2,VEN,"Venezuela, RB",2.653241964607215,-1.0
1994,13.8,VEN,"Venezuela, RB",2.6946271807700692,0.6000000000000014
1995,13.2,VEN,"Venezuela, RB",2.653241964607215,-0.6000000000000014
1996,12.9,VEN,"Venezuela, RB",2.631888840136646,-0.29999999999999893
1997,13.9,VEN,"Venezuela, RB",2.7013612129514133,1.0
1998,13.7,VEN,"Venezuela, RB",2.6878474937846906,-0.20000000000000107
1999,15.0,VEN,"Venezuela, RB",2.772588722239781,1.3000000000000007
2000,15.3,VEN,"Venezuela, RB",2.791165107812717,0.3000000000000007
2001,14.0,VEN,"Venezuela, RB",2.70805020110221,-1.3000000000000007
2002,12.8,VEN,"Venezuela, RB",2.624668592163159,-1.1999999999999993
2003,13.4,VEN,"Venezuela, RB",2.667228206581955,0.5999999999999996
2004,14.6,VEN,"Venezuela, RB",2.747270914255491,1.1999999999999993
2005,14.2,VEN,"Venezuela, RB",2.7212954278522306,-0.40000000000000036
2006,15.6,VEN,"Venezuela, RB",2.8094026953624978,1.4000000000000004
2007,16.6,VEN,"Venezuela, RB",2.8678989020441064,1.0000000000000018
2008,16.4,VEN,"Venezuela, RB",2.856470206220483,-0.20000000000000284
2009,16.2,VEN,"Venezuela, RB",2.8449093838194073,-0.1999999999999993
2010,13.8,VEN,"Venezuela, RB",2.6946271807700692,-2.3999999999999986
2011,14.8,VEN,"Venezuela, RB",2.760009940032921,1.0
2012,13.8,VEN,"Venezuela, RB",2.6946271807700692,-1.0
2013,15.4,VEN,"Venezuela, RB",2.797281334830153,1.5999999999999996
2014,12.1,VEN,"Venezuela, RB",2.5726122302071057,-3.3000000000000007
2015,15.4,VEN,"Venezuela, RB",2.797281334830153,3.3000000000000007
2016,14.6,VEN,"Venezuela, RB",2.747270914255491,-0.8000000000000007
2017,14.3,VEN,"Venezuela, RB",2.72785282839839,-0.29999999999999893
2018,14.6,VEN,"Venezuela, RB",2.747270914255491,0.29999999999999893
2019,15.8,VEN,"Venezuela, RB",2.8213788864092133,1.200000000000001
2020,31.2,VEN,"Venezuela, RB",3.4719664525503626,15.399999999999999
2021,33.7,VEN,"Venezuela, RB",3.5467396869528134,2.5000000000000036
1990,1.3,VGB,British Virgin Islands,0.832909122935104,
1991,1.4,VGB,British Virgin Islands,0.8754687373538999,0.09999999999999987
1992,1.1,VGB,British Virgin Islands,0.7419373447293773,-0.2999999999999998
1993,1.2,VGB,British Virgin Islands,0.7884573603642702,0.09999999999999987
1994,1.1,VGB,British Virgin Islands,0.7419373447293773,-0.09999999999999987
1995,1.1,VGB,British Virgin Islands,0.7419373447293773,0.0
1996,0.9,VGB,British Virgin Islands,0.6418538861723948,-0.20000000000000007
1997,1.0,VGB,British Virgin Islands,0.6931471805599453,0.09999999999999998
1998,1.0,VGB,British Virgin Islands,0.6931471805599453,0.0
1999,0.9,VGB,British Virgin Islands,0.6418538861723948,-0.09999999999999998
2000,0.9,VGB,British Virgin Islands,0.6418538861723948,0.0
2001,0.9,VGB,British Virgin Islands,0.6418538861723948,0.0
2002,0.8,VGB,British Virgin Islands,0.5877866649021191,-0.09999999999999998
2003,0.8,VGB,British Virgin Islands,0.5877866649021191,0.0
2004,0.8,VGB,British Virgin Islands,0.5877866649021191,0.0
2005,0.8,VGB,British Virgin Islands,0.5877866649021191,0.0
2006,0.7,VGB,British Virgin Islands,0.5306282510621704,-0.10000000000000009
2007,0.7,VGB,British Virgin Islands,0.5306282510621704,0.0
2008,0.7,VGB,British Virgin Islands,0.5306282510621704,0.0
2009,0.7,VGB,British Virgin Islands,0.5306282510621704,0.0
2010,0.7,VGB,British Virgin Islands,0.5306282510621704,0.0
2011,0.9,VGB,British Virgin Islands,0.6418538861723948,0.20000000000000007
2012,0.9,VGB,British Virgin Islands,0.6418538861723948,0.0
2013,1.0,VGB,British Virgin Islands,0.6931471805599453,0.09999999999999998
2014,1.0,VGB,British Virgin Islands,0.6931471805599453,0.0
2015,1.0,VGB,British Virgin Islands,0.6931471805599453,0.0
2016,1.0,VGB,British Virgin Islands,0.6931471805599453,0.0
2017,1.1,VGB,British Virgin Islands,0.7419373447293773,0.10000000000000009
2018,1.2,VGB,British Virgin Islands,0.7884573603642702,0.09999999999999987
2019,1.2,VGB,British Virgin Islands,0.7884573603642702,0.0
2020,1.3,VGB,British Virgin Islands,0.832909122935104,0.10000000000000009
2021,1.3,VGB,British Virgin Islands,0.832909122935104,0.0
2022,1.3,VGB,British Virgin Islands,0.832909122935104,0.0
1990,0.5,VIR,Virgin Islands (U.S.),0.4054651081081644,
1991,0.5,VIR,Virgin Islands (U.S.),0.4054651081081644,0.0
1992,0.5,VIR,Virgin Islands (U.S.),0.4054651081081644,0.0
1993,0.5,VIR,Virgin Islands (U.S.),0.4054651081081644,0.0
1994,0.5,VIR,Virgin Islands (U.S.),0.4054651081081644,0.0
1995,0.5,VIR,Virgin Islands (U.S.),0.4054651081081644,0.0
1996,0.5,VIR,Virgin Islands (U.S.),0.4054651081081644,0.0
1997,0.5,VIR,Virgin Islands (U.S.),0.4054651081081644,0.0
1998,0.5,VIR,Virgin Islands (U.S.),0.4054651081081644,0.0
1999,0.5,VIR,Virgin Islands (U.S.),0.4054651081081644,0.0
2000,0.5,VIR,Virgin Islands (U.S.),0.4054651081081644,0.0
2001,0.6,VIR,Virgin Islands (U.S.),0.4700036292457356,0.09999999999999998
2002,0.6,VIR,Virgin Islands (U.S.),0.4700036292457356,0.0
2003,0.6,VIR,Virgin Islands (U.S.),0.4700036292457356,0.0
2004,0.6,VIR,Virgin Islands (U.S.),0.4700036292457356,0.0
2005,0.7,VIR,Virgin Islands (U.S.),0.5306282510621704,0.09999999999999998
2006,0.7,VIR,Virgin Islands (U.S.),0.5306282510621704,0.0
2007,0.7,VIR,Virgin Islands (U.S.),0.5306282510621704,0.0
2008,0.7,VIR,Virgin Islands (U.S.),0.5306282510621704,0.0
2009,0.8,VIR,Virgin Islands (U.S.),0.5877866649021191,0.10000000000000009
2010,0.7,VIR,Virgin Islands (U.S.),0.5306282510621704,-0.10000000000000009
2011,1.2,VIR,Virgin Islands (U.S.),0.7884573603642702,0.5
2012,2.0,VIR,Virgin Islands (U.S.),1.0986122886681098,0.8
2013,2.9,VIR,Virgin Islands (U.S.),1.3609765531356006,0.8999999999999999
2014,4.2,VIR,Virgin Islands (U.S.),1.6486586255873816,1.3000000000000003
2015,5.6,VIR,Virgin Islands (U.S.),1.8870696490323797,1.3999999999999995
2016,5.7,VIR,Virgin Islands (U.S.),1.9021075263969205,0.10000000000000053
2017,5.3,VIR,Virgin Islands (U.S.),1.840549633397487,-0.40000000000000036
2018,5.8,VIR,Virgin Islands (U.S.),1.916922612182061,0.5
2019,6.2,VIR,Virgin Islands (U.S.),1.9740810260220096,0.40000000000000036
2020,5.9,VIR,Virgin Islands (U.S.),1.9315214116032138,-0.2999999999999998
2021,5.9,VIR,Virgin Islands (U.S.),1.9315214116032138,0.0
2022,5.9,VIR,Virgin Islands (U.S.),1.9315214116032138,0.0
1990,75.9,VNM,Viet Nam,4.3425058765115985,
1991,75.5,VNM,Viet Nam,4.33729074083249,-0.4000000000000057
1992,74.5,VNM,Viet Nam,4.324132656254979,-1.0
1993,70.6,VNM,Viet Nam,4.2710950739666,-3.9000000000000057
1994,67.8,VNM,Viet Nam,4.231203744939298,-2.799999999999997
1995,64.9,VNM,Viet Nam,4.188138441508461,-2.8999999999999915
1996,62.6,VNM,Viet Nam,4.152613470346076,-2.3000000000000043
1997,60.5,VNM,Viet Nam,4.119037174812473,-2.1000000000000014
1998,59.2,VNM,Viet Nam,4.097672352314776,-1.2999999999999972
1999,59.3,VNM,Viet Nam,4.09933210373314,0.09999999999999432
2000,57.7,VNM,Viet Nam,4.072439726834051,-1.5999999999999943
2001,56.1,VNM,Viet Nam,4.044804116661965,-1.6000000000000014
2002,52.2,VNM,Viet Nam,3.9740583963475986,-3.8999999999999986
2003,50.8,VNM,Viet Nam,3.9473901492654373,-1.4000000000000057
2004,45.8,VNM,Viet Nam,3.845883202923601,-5.0
2005,44.1,VNM,Viet Nam,3.8088822465086327,-1.6999999999999957
2006,44.2,VNM,Viet Nam,3.8110970868381857,0.10000000000000142
2007,41.9,VNM,Viet Nam,3.758871825933971,-2.3000000000000043
2008,39.3,VNM,Viet Nam,3.696351468952637,-2.6000000000000014
2009,37.0,VNM,Viet Nam,3.6375861597263857,-2.299999999999997
2010,34.6,VNM,Viet Nam,3.572345637857985,-2.3999999999999986
2011,36.3,VNM,Viet Nam,3.6189933266497696,1.6999999999999957
2012,37.9,VNM,Viet Nam,3.6609942506244004,1.6000000000000014
2013,37.4,VNM,Viet Nam,3.648057459593681,-0.5
2014,36.7,VNM,Viet Nam,3.629660094453965,-0.6999999999999957
2015,27.8,VNM,Viet Nam,3.3603753871419,-8.900000000000002
2016,26.8,VNM,Viet Nam,3.3250360206965914,-1.0
2017,28.3,VNM,Viet Nam,3.3775875160230218,1.5
2018,24.3,VNM,Viet Nam,3.2308043957334744,-4.0
2019,20.4,VNM,Viet Nam,3.0633909220278057,-3.900000000000002
2020,18.9,VNM,Viet Nam,2.990719731730447,-1.5
2021,24.2,VNM,Viet Nam,3.2268439945173775,5.300000000000001
1990,27.6,VUT,Vanuatu,3.353406717825807,
1991,31.9,VUT,Vanuatu,3.493472657771326,4.299999999999997
1992,37.3,VUT,Vanuatu,3.6454498961866,5.399999999999999
1993,40.3,VUT,Vanuatu,3.720862499966987,3.0
1994,43.5,VUT,Vanuatu,3.7954891891721947,3.200000000000003
1995,45.4,VUT,Vanuatu,3.8372994592322094,1.8999999999999986
1996,44.3,VUT,Vanuatu,3.8133070324889884,-1.1000000000000014
1997,46.7,VUT,Vanuatu,3.8649313978942956,2.4000000000000057
1998,49.3,VUT,Vanuatu,3.9180050771056933,2.5999999999999943
1999,50.5,VUT,Vanuatu,3.9415818076696905,1.2000000000000028
2000,49.5,VUT,Vanuatu,3.9219733362813143,-1.0
2001,51.3,VUT,Vanuatu,3.9569963710708773,1.7999999999999972
2002,53.3,VUT,Vanuatu,3.9945242269398897,2.0
2003,52.7,VUT,Vanuatu,3.983413001514819,-0.5999999999999943
2004,55.4,VUT,Vanuatu,4.032469158504013,2.6999999999999957
2005,54.9,VUT,Vanuatu,4.023564380161053,-0.5
2006,55.3,VUT,Vanuatu,4.030694535145645,0.3999999999999986
2007,51.6,VUT,Vanuatu,3.9627161197436642,-3.6999999999999957
2008,52.1,VUT,Vanuatu,3.9721769282478934,0.5
2009,38.7,VUT,Vanuatu,3.681351187693145,-13.399999999999999
2010,38.1,VUT,Vanuatu,3.66612246699132,-0.6000000000000014
2011,35.8,VUT,Vanuatu,3.6054978451748854,-2.3000000000000043
2012,39.0,VUT,Vanuatu,3.6888794541139363,3.200000000000003
2013,40.9,VUT,Vanuatu,3.735285826928092,1.8999999999999986
2014,31.5,VUT,Vanuatu,3.481240089335692,-9.399999999999999
2015,35.6,VUT,Vanuatu,3.6000482404073204,4.100000000000001
2016,33.1,VUT,Vanuatu,3.529297384289471,-2.5
2017,35.7,VUT,Vanuatu,3.6027767550605247,2.6000000000000014
2018,29.7,VUT,Vanuatu,3.4242626545931514,-6.0000000000000036
2019,31.6,VUT,Vanuatu,3.484312288372662,1.9000000000000021
2020,26.0,VUT,Vanuatu,3.295836866004329,-5.600000000000001
2021,24.6,VUT,Vanuatu,3.242592351485517,-1.3999999999999986
2022,25.0,VUT,Vanuatu,3.258096538021482,0.3999999999999986
1990,64.0,WSM,Samoa,4.174387269895637,
1991,61.8,WSM,Samoa,4.139955073474153,-2.200000000000003
1992,60.6,WSM,Samoa,4.120661870539474,-1.1999999999999957
1993,59.2,WSM,Samoa,4.097672352314776,-1.3999999999999986
1994,60.0,WSM,Samoa,4.110873864173311,0.7999999999999972
1995,58.6,WSM,Samoa,4.087655574071304,-1.3999999999999986
1996,58.2,WSM,Samoa,4.0809215418899605,-0.3999999999999986
1997,59.1,WSM,Samoa,4.096009841541162,0.8999999999999986
1998,58.0,WSM,Samoa,4.07753744390572,-1.1000000000000014
1999,57.9,WSM,Samoa,4.075841090657541,-0.10000000000000142
2000,59.7,WSM,Samoa,4.1059436980654525,1.8000000000000043
2001,52.4,WSM,Samoa,3.977810745966149,-7.300000000000004
2002,49.6,WSM,Samoa,3.92395157629342,-2.799999999999997
2003,52.4,WSM,Samoa,3.977810745966149,2.799999999999997
2004,48.8,WSM,Samoa,3.9080149840306073,-3.6000000000000014
2005,48.9,WSM,Samoa,3.910021002757473,0.10000000000000142
2006,46.0,WSM,Samoa,3.8501476017100584,-2.8999999999999986
2007,43.2,WSM,Samoa,3.7887247890836524,-2.799999999999997
2008,45.0,WSM,Samoa,3.828641396489095,1.7999999999999972
2009,43.2,WSM,Samoa,3.7887247890836524,-1.7999999999999972
2010,41.9,WSM,Samoa,3.758871825933971,-1.3000000000000043
2011,40.6,WSM,Samoa,3.728100167267218,-1.2999999999999972
2012,40.2,WSM,Samoa,3.7184382563554808,-0.3999999999999986
2013,42.6,WSM,Samoa,3.775057150354989,2.3999999999999986
2014,41.4,WSM,Samoa,3.7471483622379123,-1.2000000000000028
2015,37.1,WSM,Samoa,3.6402142821326553,-4.299999999999997
2016,36.8,WSM,Samoa,3.632309102625542,-0.30000000000000426
2017,35.8,WSM,Samoa,3.6054978451748854,-1.0
2018,36.6,WSM,Samoa,3.6270040503958487,0.8000000000000043
2019,34.2,WSM,Samoa,3.5610460826040513,-2.3999999999999986
2020,35.6,WSM,Samoa,3.6000482404073204,1.3999999999999986
2021,36.0,WSM,Samoa,3.6109179126442243,0.3999999999999986
2022,35.9,WSM,Samoa,3.6082115510464816,-0.10000000000000142
1990,1.8,YEM,"Yemen, Rep.",1.0296194171811581,
1991,1.4,YEM,"Yemen, Rep.",0.8754687373538999,-0.40000000000000013
1992,1.3,YEM,"Yemen, Rep.",0.832909122935104,-0.09999999999999987
1993,1.5,YEM,"Yemen, Rep.",0.9162907318741551,0.19999999999999996
1994,1.4,YEM,"Yemen, Rep.",0.8754687373538999,-0.10000000000000009
1995,1.2,YEM,"Yemen, Rep.",0.7884573603642702,-0.19999999999999996
1996,1.2,YEM,"Yemen, Rep.",0.7884573603642702,0.0
1997,1.1,YEM,"Yemen, Rep.",0.7419373447293773,-0.09999999999999987
1998,1.1,YEM,"Yemen, Rep.",0.7419373447293773,0.0
1999,1.0,YEM,"Yemen, Rep.",0.6931471805599453,-0.10000000000000009
2000,0.9,YEM,"Yemen, Rep.",0.6418538861723948,-0.09999999999999998
2001,0.9,YEM,"Yemen, Rep.",0.6418538861723948,0.0
2002,0.9,YEM,"Yemen, Rep.",0.6418538861723948,0.0
2003,0.8,YEM,"Yemen, Rep.",0.5877866649021191,-0.09999999999999998
2004,0.8,YEM,"Yemen, Rep.",0.5877866649021191,0.0
2005,0.7,YEM,"Yemen, Rep.",0.5306282510621704,-0.10000000000000009
2006,0.8,YEM,"Yemen, Rep.",0.5877866649021191,0.10000000000000009
2007,0.8,YEM,"Yemen, Rep.",0.5877866649021191,0.0
2008,0.7,YEM,"Yemen, Rep.",0.5306282510621704,-0.10000000000000009
2009,0.7,YEM,"Yemen, Rep.",0.5306282510621704,0.0
2010,0.8,YEM,"Yemen, Rep.",0.5877866649021191,0.10000000000000009
2011,0.9,YEM,"Yemen, Rep.",0.6418538861723948,0.09999999999999998
2012,1.1,YEM,"Yemen, Rep.",0.7419373447293773,0.20000000000000007
2013,0.8,YEM,"Yemen, Rep.",0.5877866649021191,-0.30000000000000004
2014,0.8,YEM,"Yemen, Rep.",0.5877866649021191,0.0
2015,2.0,YEM,"Yemen, Rep.",1.0986122886681098,1.2
2016,2.6,YEM,"Yemen, Rep.",1.2809338454620642,0.6000000000000001
2017,3.0,YEM,"Yemen, Rep.",1.3862943611198906,0.3999999999999999
2018,2.9,YEM,"Yemen, Rep.",1.3609765531356006,-0.10000000000000009
2019,3.0,YEM,"Yemen, Rep.",1.3862943611198906,0.10000000000000009
2020,3.5,YEM,"Yemen, Rep.",1.5040773967762742,0.5
2021,3.7,YEM,"Yemen, Rep.",1.547562508716013,0.20000000000000018
1990,16.6,ZAF,South Africa,2.8678989020441064,
1991,17.5,ZAF,South Africa,2.917770732084279,0.8999999999999986
1992,18.4,ZAF,South Africa,2.9652730660692823,0.8999999999999986
1993,18.6,ZAF,South Africa,2.975529566236472,0.20000000000000284
1994,18.6,ZAF,South Africa,2.975529566236472,0.0
1995,18.1,ZAF,South Africa,2.9496883350525844,-0.5
1996,17.4,ZAF,South Africa,2.91235066461494,-0.7000000000000028
1997,17.1,ZAF,South Africa,2.89591193827178,-0.29999999999999716
1998,17.3,ZAF,South Africa,2.9069010598473755,0.1999999999999993
1999,17.7,ZAF,South Africa,2.928523523860541,0.3999999999999986
2000,16.2,ZAF,South Africa,2.8449093838194073,-1.5
2001,15.0,ZAF,South Africa,2.772588722239781,-1.1999999999999993
2002,13.3,ZAF,South Africa,2.6602595372658615,-1.6999999999999993
2003,11.8,ZAF,South Africa,2.5494451709255714,-1.5
2004,11.0,ZAF,South Africa,2.4849066497880004,-0.8000000000000007
2005,9.7,ZAF,South Africa,2.3702437414678603,-1.3000000000000007
2006,9.3,ZAF,South Africa,2.33214389523559,-0.3999999999999986
2007,8.7,ZAF,South Africa,2.272125885509337,-0.6000000000000014
2008,9.7,ZAF,South Africa,2.3702437414678603,1.0
2009,9.2,ZAF,South Africa,2.322387720290225,-0.5
2010,9.4,ZAF,South Africa,2.341805806147327,0.20000000000000107
2011,9.0,ZAF,South Africa,2.302585092994046,-0.40000000000000036
2012,8.3,ZAF,South Africa,2.2300144001592104,-0.6999999999999993
2013,7.8,ZAF,South Africa,2.174751721484161,-0.5000000000000009
2014,7.6,ZAF,South Africa,2.151762203259462,-0.20000000000000018
2015,7.6,ZAF,South Africa,2.151762203259462,0.0
2016,7.8,ZAF,South Africa,2.174751721484161,0.20000000000000018
2017,7.9,ZAF,South Africa,2.186051276738094,0.10000000000000053
2018,8.0,ZAF,South Africa,2.1972245773362196,0.09999999999999964
2019,8.7,ZAF,South Africa,2.272125885509337,0.6999999999999993
2020,9.8,ZAF,South Africa,2.379546134130174,1.1000000000000014
2021,9.7,ZAF,South Africa,2.3702437414678603,-0.10000000000000142
1990,83.0,ZMB,Zambia,4.430816798843313,
1991,82.3,ZMB,Zambia,4.422448549172797,-0.7000000000000028
1992,82.7,ZMB,Zambia,4.4272389774954295,0.4000000000000057
1993,85.2,ZMB,Zambia,4.456670177669648,2.5
1994,86.9,ZMB,Zambia,4.476199804691132,1.7000000000000028
1995,87.1,ZMB,Zambia,4.478472532942134,0.19999999999998863
1996,89.6,ZMB,Zambia,4.506454213048934,2.5
1997,87.0,ZMB,Zambia,4.477336814478207,-2.5999999999999943
1998,87.8,ZMB,Zambia,4.486386649998124,0.7999999999999972
1999,89.8,ZMB,Zambia,4.508659285607248,2.0
2000,90.0,ZMB,Zambia,4.51085950651685,0.20000000000000284
2001,89.8,ZMB,Zambia,4.508659285607248,-0.20000000000000284
2002,89.6,ZMB,Zambia,4.506454213048934,-0.20000000000000284
2003,89.3,ZMB,Zambia,4.5031374604229395,-0.29999999999999716
2004,89.4,ZMB,Zambia,4.504244267398131,0.10000000000000853
2005,88.9,ZMB,Zambia,4.498697941477575,-0.5
2006,89.7,ZMB,Zambia,4.507557357121091,0.7999999999999972
2007,90.7,ZMB,Zambia,4.51852237926242,1.0
2008,89.8,ZMB,Zambia,4.508659285607248,-0.9000000000000057
2009,89.2,ZMB,Zambia,4.502029427068578,-0.5999999999999943
2010,89.2,ZMB,Zambia,4.502029427068578,0.0
2011,87.9,ZMB,Zambia,4.487512142519859,-1.2999999999999972
2012,85.4,ZMB,Zambia,4.45898767581001,-2.5
2013,85.3,ZMB,Zambia,4.457829598089382,-0.10000000000000853
2014,84.6,ZMB,Zambia,4.449685283147696,-0.7000000000000028
2015,84.0,ZMB,Zambia,4.442651256490317,-0.5999999999999943
2016,84.0,ZMB,Zambia,4.442651256490317,0.0
2017,83.5,ZMB,Zambia,4.436751534363128,-0.5
2018,83.8,ZMB,Zambia,4.440295542797857,0.29999999999999716
2019,86.1,ZMB,Zambia,4.467056883858457,2.299999999999997
2020,85.4,ZMB,Zambia,4.45898767581001,-0.6999999999999886
2021,83.0,ZMB,Zambia,4.430816798843313,-2.4000000000000057
1990,64.0,ZWE,Zimbabwe,4.174387269895637,
1991,63.7,ZWE,Zimbabwe,4.169761201506855,-0.29999999999999716
1992,64.4,ZWE,Zimbabwe,4.180522258463153,0.7000000000000028
1993,64.4,ZWE,Zimbabwe,4.180522258463153,0.0
1994,68.5,ZWE,Zimbabwe,4.241326752570746,4.099999999999994
1995,67.1,ZWE,Zimbabwe,4.220977213155467,-1.4000000000000057
1996,66.7,ZWE,Zimbabwe,4.215086179918229,-0.3999999999999915
1997,67.4,ZWE,Zimbabwe,4.225372824628505,0.7000000000000028
1998,67.8,ZWE,Zimbabwe,4.231203744939298,0.3999999999999915
1999,64.4,ZWE,Zimbabwe,4.180522258463153,-3.3999999999999915
2000,69.5,ZWE,Zimbabwe,4.255612709818223,5.099999999999994
2001,72.3,ZWE,Zimbabwe,4.294560608892605,2.799999999999997
2002,74.7,ZWE,Zimbabwe,4.3267781604434035,2.4000000000000057
2003,78.0,ZWE,Zimbabwe,4.3694478524670215,3.299999999999997
2004,81.8,ZWE,Zimbabwe,4.416428061391214,3.799999999999997
2005,80.3,ZWE,Zimbabwe,4.398146016553765,-1.5
2006,78.7,ZWE,Zimbabwe,4.378269585796169,-1.5999999999999943
2007,78.0,ZWE,Zimbabwe,4.3694478524670215,-0.7000000000000028
2008,81.6,ZWE,Zimbabwe,4.414009680526933,3.5999999999999943
2009,82.6,ZWE,Zimbabwe,4.426043520090656,1.0
2010,81.2,ZWE,Zimbabwe,4.409155302062135,-1.3999999999999915
2011,77.2,ZWE,Zimbabwe,4.359269647551265,-4.0
2012,77.0,ZWE,Zimbabwe,4.356708826689592,-0.20000000000000284
2013,79.3,ZWE,Zimbabwe,4.385769620952716,2.299999999999997
2014,80.8,ZWE,Zimbabwe,4.404277243608702,1.5
2015,80.8,ZWE,Zimbabwe,4.404277243608702,0.0
2016,81.7,ZWE,Zimbabwe,4.415219602029645,0.9000000000000057
2017,82.0,ZWE,Zimbabwe,4.418840607796598,0.29999999999999716
2018,79.7,ZWE,Zimbabwe,4.390738575275903,-2.299999999999997
2019,81.0,ZWE,Zimbabwe,4.406719247264253,1.2999999999999972
2020,84.1,ZWE,Zimbabwe,4.443827035579329,3.0999999999999943
2021,82.4,ZWE,Zimbabwe,4.423648309364701,-1.6999999999999886
