,year,Country_code,annual_precipitation_mm,country
0,2025,AFE,,Africa Eastern and Southern
1,2024,AFE,,Africa Eastern and Southern
2,2023,AFE,,Africa Eastern and Southern
3,2022,AFE,,Africa Eastern and Southern
4,2021,AFE,,Africa Eastern and Southern
5,2020,AFE,,Africa Eastern and Southern
6,2019,AFE,,Africa Eastern and Southern
7,2018,AFE,,Africa Eastern and Southern
8,2017,AFE,,Africa Eastern and Southern
9,2016,AFE,,Africa Eastern and Southern
10,2015,AFE,,Africa Eastern and Southern
11,2014,AFE,,Africa Eastern and Southern
12,2013,AFE,,Africa Eastern and Southern
13,2012,AFE,,Africa Eastern and Southern
14,2011,AFE,,Africa Eastern and Southern
15,2010,AFE,,Africa Eastern and Southern
16,2009,AFE,,Africa Eastern and Southern
17,2008,AFE,,Africa Eastern and Southern
18,2007,AFE,,Africa Eastern and Southern
19,2006,AFE,,Africa Eastern and Southern
20,2005,AFE,,Africa Eastern and Southern
21,2004,AFE,,Africa Eastern and Southern
22,2003,AFE,,Africa Eastern and Southern
23,2002,AFE,,Africa Eastern and Southern
24,2001,AFE,,Africa Eastern and Southern
25,2000,AFE,,Africa Eastern and Southern
26,1999,AFE,,Africa Eastern and Southern
27,1998,AFE,,Africa Eastern and Southern
28,1997,AFE,,Africa Eastern and Southern
29,1996,AFE,,Africa Eastern and Southern
30,1995,AFE,,Africa Eastern and Southern
31,1994,AFE,,Africa Eastern and Southern
32,1993,AFE,,Africa Eastern and Southern
33,1992,AFE,,Africa Eastern and Southern
34,1991,AFE,,Africa Eastern and Southern
35,1990,AFE,,Africa Eastern and Southern
36,1989,AFE,,Africa Eastern and Southern
37,1988,AFE,,Africa Eastern and Southern
38,1987,AFE,,Africa Eastern and Southern
39,1986,AFE,,Africa Eastern and Southern
40,1985,AFE,,Africa Eastern and Southern
41,1984,AFE,,Africa Eastern and Southern
42,1983,AFE,,Africa Eastern and Southern
43,1982,AFE,,Africa Eastern and Southern
44,1981,AFE,,Africa Eastern and Southern
45,1980,AFE,,Africa Eastern and Southern
46,1979,AFE,,Africa Eastern and Southern
47,1978,AFE,,Africa Eastern and Southern
48,1977,AFE,,Africa Eastern and Southern
49,1976,AFE,,Africa Eastern and Southern
50,1975,AFE,,Africa Eastern and Southern
51,1974,AFE,,Africa Eastern and Southern
52,1973,AFE,,Africa Eastern and Southern
53,1972,AFE,,Africa Eastern and Southern
54,1971,AFE,,Africa Eastern and Southern
55,1970,AFE,,Africa Eastern and Southern
56,1969,AFE,,Africa Eastern and Southern
57,1968,AFE,,Africa Eastern and Southern
58,1967,AFE,,Africa Eastern and Southern
59,1966,AFE,,Africa Eastern and Southern
60,1965,AFE,,Africa Eastern and Southern
61,1964,AFE,,Africa Eastern and Southern
62,1963,AFE,,Africa Eastern and Southern
63,1962,AFE,,Africa Eastern and Southern
64,1961,AFE,,Africa Eastern and Southern
65,1960,AFE,,Africa Eastern and Southern
66,2025,AFW,,Africa Western and Central
67,2024,AFW,,Africa Western and Central
68,2023,AFW,,Africa Western and Central
69,2022,AFW,,Africa Western and Central
70,2021,AFW,,Africa Western and Central
71,2020,AFW,,Africa Western and Central
72,2019,AFW,,Africa Western and Central
73,2018,AFW,,Africa Western and Central
74,2017,AFW,,Africa Western and Central
75,2016,AFW,,Africa Western and Central
76,2015,AFW,,Africa Western and Central
77,2014,AFW,,Africa Western and Central
78,2013,AFW,,Africa Western and Central
79,2012,AFW,,Africa Western and Central
80,2011,AFW,,Africa Western and Central
81,2010,AFW,,Africa Western and Central
82,2009,AFW,,Africa Western and Central
83,2008,AFW,,Africa Western and Central
84,2007,AFW,,Africa Western and Central
85,2006,AFW,,Africa Western and Central
86,2005,AFW,,Africa Western and Central
87,2004,AFW,,Africa Western and Central
88,2003,AFW,,Africa Western and Central
89,2002,AFW,,Africa Western and Central
90,2001,AFW,,Africa Western and Central
91,2000,AFW,,Africa Western and Central
92,1999,AFW,,Africa Western and Central
93,1998,AFW,,Africa Western and Central
94,1997,AFW,,Africa Western and Central
95,1996,AFW,,Africa Western and Central
96,1995,AFW,,Africa Western and Central
97,1994,AFW,,Africa Western and Central
98,1993,AFW,,Africa Western and Central
99,1992,AFW,,Africa Western and Central
100,1991,AFW,,Africa Western and Central
101,1990,AFW,,Africa Western and Central
102,1989,AFW,,Africa Western and Central
103,1988,AFW,,Africa Western and Central
104,1987,AFW,,Africa Western and Central
105,1986,AFW,,Africa Western and Central
106,1985,AFW,,Africa Western and Central
107,1984,AFW,,Africa Western and Central
108,1983,AFW,,Africa Western and Central
109,1982,AFW,,Africa Western and Central
110,1981,AFW,,Africa Western and Central
111,1980,AFW,,Africa Western and Central
112,1979,AFW,,Africa Western and Central
113,1978,AFW,,Africa Western and Central
114,1977,AFW,,Africa Western and Central
115,1976,AFW,,Africa Western and Central
116,1975,AFW,,Africa Western and Central
117,1974,AFW,,Africa Western and Central
118,1973,AFW,,Africa Western and Central
119,1972,AFW,,Africa Western and Central
120,1971,AFW,,Africa Western and Central
121,1970,AFW,,Africa Western and Central
122,1969,AFW,,Africa Western and Central
123,1968,AFW,,Africa Western and Central
124,1967,AFW,,Africa Western and Central
125,1966,AFW,,Africa Western and Central
126,1965,AFW,,Africa Western and Central
127,1964,AFW,,Africa Western and Central
128,1963,AFW,,Africa Western and Central
129,1962,AFW,,Africa Western and Central
130,1961,AFW,,Africa Western and Central
131,1960,AFW,,Africa Western and Central
132,2025,ARB,,Arab World
133,2024,ARB,,Arab World
134,2023,ARB,,Arab World
135,2022,ARB,,Arab World
136,2021,ARB,,Arab World
137,2020,ARB,,Arab World
138,2019,ARB,,Arab World
139,2018,ARB,,Arab World
140,2017,ARB,,Arab World
141,2016,ARB,,Arab World
142,2015,ARB,,Arab World
143,2014,ARB,,Arab World
144,2013,ARB,,Arab World
145,2012,ARB,,Arab World
146,2011,ARB,,Arab World
147,2010,ARB,,Arab World
148,2009,ARB,,Arab World
149,2008,ARB,,Arab World
150,2007,ARB,,Arab World
151,2006,ARB,,Arab World
152,2005,ARB,,Arab World
153,2004,ARB,,Arab World
154,2003,ARB,,Arab World
155,2002,ARB,,Arab World
156,2001,ARB,,Arab World
157,2000,ARB,,Arab World
158,1999,ARB,,Arab World
159,1998,ARB,,Arab World
160,1997,ARB,,Arab World
161,1996,ARB,,Arab World
162,1995,ARB,,Arab World
163,1994,ARB,,Arab World
164,1993,ARB,,Arab World
165,1992,ARB,,Arab World
166,1991,ARB,,Arab World
167,1990,ARB,,Arab World
168,1989,ARB,,Arab World
169,1988,ARB,,Arab World
170,1987,ARB,,Arab World
171,1986,ARB,,Arab World
172,1985,ARB,,Arab World
173,1984,ARB,,Arab World
174,1983,ARB,,Arab World
175,1982,ARB,,Arab World
176,1981,ARB,,Arab World
177,1980,ARB,,Arab World
178,1979,ARB,,Arab World
179,1978,ARB,,Arab World
180,1977,ARB,,Arab World
181,1976,ARB,,Arab World
182,1975,ARB,,Arab World
183,1974,ARB,,Arab World
184,1973,ARB,,Arab World
185,1972,ARB,,Arab World
186,1971,ARB,,Arab World
187,1970,ARB,,Arab World
188,1969,ARB,,Arab World
189,1968,ARB,,Arab World
190,1967,ARB,,Arab World
191,1966,ARB,,Arab World
192,1965,ARB,,Arab World
193,1964,ARB,,Arab World
194,1963,ARB,,Arab World
195,1962,ARB,,Arab World
196,1961,ARB,,Arab World
197,1960,ARB,,Arab World
198,2025,CSS,,Caribbean small states
199,2024,CSS,,Caribbean small states
200,2023,CSS,,Caribbean small states
201,2022,CSS,,Caribbean small states
202,2021,CSS,,Caribbean small states
203,2020,CSS,,Caribbean small states
204,2019,CSS,,Caribbean small states
205,2018,CSS,,Caribbean small states
206,2017,CSS,,Caribbean small states
207,2016,CSS,,Caribbean small states
208,2015,CSS,,Caribbean small states
209,2014,CSS,,Caribbean small states
210,2013,CSS,,Caribbean small states
211,2012,CSS,,Caribbean small states
212,2011,CSS,,Caribbean small states
213,2010,CSS,,Caribbean small states
214,2009,CSS,,Caribbean small states
215,2008,CSS,,Caribbean small states
216,2007,CSS,,Caribbean small states
217,2006,CSS,,Caribbean small states
218,2005,CSS,,Caribbean small states
219,2004,CSS,,Caribbean small states
220,2003,CSS,,Caribbean small states
221,2002,CSS,,Caribbean small states
222,2001,CSS,,Caribbean small states
223,2000,CSS,,Caribbean small states
224,1999,CSS,,Caribbean small states
225,1998,CSS,,Caribbean small states
226,1997,CSS,,Caribbean small states
227,1996,CSS,,Caribbean small states
228,1995,CSS,,Caribbean small states
229,1994,CSS,,Caribbean small states
230,1993,CSS,,Caribbean small states
231,1992,CSS,,Caribbean small states
232,1991,CSS,,Caribbean small states
233,1990,CSS,,Caribbean small states
234,1989,CSS,,Caribbean small states
235,1988,CSS,,Caribbean small states
236,1987,CSS,,Caribbean small states
237,1986,CSS,,Caribbean small states
238,1985,CSS,,Caribbean small states
239,1984,CSS,,Caribbean small states
240,1983,CSS,,Caribbean small states
241,1982,CSS,,Caribbean small states
242,1981,CSS,,Caribbean small states
243,1980,CSS,,Caribbean small states
244,1979,CSS,,Caribbean small states
245,1978,CSS,,Caribbean small states
246,1977,CSS,,Caribbean small states
247,1976,CSS,,Caribbean small states
248,1975,CSS,,Caribbean small states
249,1974,CSS,,Caribbean small states
250,1973,CSS,,Caribbean small states
251,1972,CSS,,Caribbean small states
252,1971,CSS,,Caribbean small states
253,1970,CSS,,Caribbean small states
254,1969,CSS,,Caribbean small states
255,1968,CSS,,Caribbean small states
256,1967,CSS,,Caribbean small states
257,1966,CSS,,Caribbean small states
258,1965,CSS,,Caribbean small states
259,1964,CSS,,Caribbean small states
260,1963,CSS,,Caribbean small states
261,1962,CSS,,Caribbean small states
262,1961,CSS,,Caribbean small states
263,1960,CSS,,Caribbean small states
264,2025,CEB,,Central Europe and the Baltics
265,2024,CEB,,Central Europe and the Baltics
266,2023,CEB,,Central Europe and the Baltics
267,2022,CEB,,Central Europe and the Baltics
268,2021,CEB,,Central Europe and the Baltics
269,2020,CEB,,Central Europe and the Baltics
270,2019,CEB,,Central Europe and the Baltics
271,2018,CEB,,Central Europe and the Baltics
272,2017,CEB,,Central Europe and the Baltics
273,2016,CEB,,Central Europe and the Baltics
274,2015,CEB,,Central Europe and the Baltics
275,2014,CEB,,Central Europe and the Baltics
276,2013,CEB,,Central Europe and the Baltics
277,2012,CEB,,Central Europe and the Baltics
278,2011,CEB,,Central Europe and the Baltics
279,2010,CEB,,Central Europe and the Baltics
280,2009,CEB,,Central Europe and the Baltics
281,2008,CEB,,Central Europe and the Baltics
282,2007,CEB,,Central Europe and the Baltics
283,2006,CEB,,Central Europe and the Baltics
284,2005,CEB,,Central Europe and the Baltics
285,2004,CEB,,Central Europe and the Baltics
286,2003,CEB,,Central Europe and the Baltics
287,2002,CEB,,Central Europe and the Baltics
288,2001,CEB,,Central Europe and the Baltics
289,2000,CEB,,Central Europe and the Baltics
290,1999,CEB,,Central Europe and the Baltics
291,1998,CEB,,Central Europe and the Baltics
292,1997,CEB,,Central Europe and the Baltics
293,1996,CEB,,Central Europe and the Baltics
294,1995,CEB,,Central Europe and the Baltics
295,1994,CEB,,Central Europe and the Baltics
296,1993,CEB,,Central Europe and the Baltics
297,1992,CEB,,Central Europe and the Baltics
298,1991,CEB,,Central Europe and the Baltics
299,1990,CEB,,Central Europe and the Baltics
300,1989,CEB,,Central Europe and the Baltics
301,1988,CEB,,Central Europe and the Baltics
302,1987,CEB,,Central Europe and the Baltics
303,1986,CEB,,Central Europe and the Baltics
304,1985,CEB,,Central Europe and the Baltics
305,1984,CEB,,Central Europe and the Baltics
306,1983,CEB,,Central Europe and the Baltics
307,1982,CEB,,Central Europe and the Baltics
308,1981,CEB,,Central Europe and the Baltics
309,1980,CEB,,Central Europe and the Baltics
310,1979,CEB,,Central Europe and the Baltics
311,1978,CEB,,Central Europe and the Baltics
312,1977,CEB,,Central Europe and the Baltics
313,1976,CEB,,Central Europe and the Baltics
314,1975,CEB,,Central Europe and the Baltics
315,1974,CEB,,Central Europe and the Baltics
316,1973,CEB,,Central Europe and the Baltics
317,1972,CEB,,Central Europe and the Baltics
318,1971,CEB,,Central Europe and the Baltics
319,1970,CEB,,Central Europe and the Baltics
320,1969,CEB,,Central Europe and the Baltics
321,1968,CEB,,Central Europe and the Baltics
322,1967,CEB,,Central Europe and the Baltics
323,1966,CEB,,Central Europe and the Baltics
324,1965,CEB,,Central Europe and the Baltics
325,1964,CEB,,Central Europe and the Baltics
326,1963,CEB,,Central Europe and the Baltics
327,1962,CEB,,Central Europe and the Baltics
328,1961,CEB,,Central Europe and the Baltics
329,1960,CEB,,Central Europe and the Baltics
330,2025,EAR,,Early-demographic dividend
331,2024,EAR,,Early-demographic dividend
332,2023,EAR,,Early-demographic dividend
333,2022,EAR,,Early-demographic dividend
334,2021,EAR,,Early-demographic dividend
335,2020,EAR,,Early-demographic dividend
336,2019,EAR,,Early-demographic dividend
337,2018,EAR,,Early-demographic dividend
338,2017,EAR,,Early-demographic dividend
339,2016,EAR,,Early-demographic dividend
340,2015,EAR,,Early-demographic dividend
341,2014,EAR,,Early-demographic dividend
342,2013,EAR,,Early-demographic dividend
343,2012,EAR,,Early-demographic dividend
344,2011,EAR,,Early-demographic dividend
345,2010,EAR,,Early-demographic dividend
346,2009,EAR,,Early-demographic dividend
347,2008,EAR,,Early-demographic dividend
348,2007,EAR,,Early-demographic dividend
349,2006,EAR,,Early-demographic dividend
350,2005,EAR,,Early-demographic dividend
351,2004,EAR,,Early-demographic dividend
352,2003,EAR,,Early-demographic dividend
353,2002,EAR,,Early-demographic dividend
354,2001,EAR,,Early-demographic dividend
355,2000,EAR,,Early-demographic dividend
356,1999,EAR,,Early-demographic dividend
357,1998,EAR,,Early-demographic dividend
358,1997,EAR,,Early-demographic dividend
359,1996,EAR,,Early-demographic dividend
360,1995,EAR,,Early-demographic dividend
361,1994,EAR,,Early-demographic dividend
362,1993,EAR,,Early-demographic dividend
363,1992,EAR,,Early-demographic dividend
364,1991,EAR,,Early-demographic dividend
365,1990,EAR,,Early-demographic dividend
366,1989,EAR,,Early-demographic dividend
367,1988,EAR,,Early-demographic dividend
368,1987,EAR,,Early-demographic dividend
369,1986,EAR,,Early-demographic dividend
370,1985,EAR,,Early-demographic dividend
371,1984,EAR,,Early-demographic dividend
372,1983,EAR,,Early-demographic dividend
373,1982,EAR,,Early-demographic dividend
374,1981,EAR,,Early-demographic dividend
375,1980,EAR,,Early-demographic dividend
376,1979,EAR,,Early-demographic dividend
377,1978,EAR,,Early-demographic dividend
378,1977,EAR,,Early-demographic dividend
379,1976,EAR,,Early-demographic dividend
380,1975,EAR,,Early-demographic dividend
381,1974,EAR,,Early-demographic dividend
382,1973,EAR,,Early-demographic dividend
383,1972,EAR,,Early-demographic dividend
384,1971,EAR,,Early-demographic dividend
385,1970,EAR,,Early-demographic dividend
386,1969,EAR,,Early-demographic dividend
387,1968,EAR,,Early-demographic dividend
388,1967,EAR,,Early-demographic dividend
389,1966,EAR,,Early-demographic dividend
390,1965,EAR,,Early-demographic dividend
391,1964,EAR,,Early-demographic dividend
392,1963,EAR,,Early-demographic dividend
393,1962,EAR,,Early-demographic dividend
394,1961,EAR,,Early-demographic dividend
395,1960,EAR,,Early-demographic dividend
396,2025,EAS,,East Asia & Pacific
397,2024,EAS,,East Asia & Pacific
398,2023,EAS,,East Asia & Pacific
399,2022,EAS,,East Asia & Pacific
400,2021,EAS,,East Asia & Pacific
401,2020,EAS,,East Asia & Pacific
402,2019,EAS,,East Asia & Pacific
403,2018,EAS,,East Asia & Pacific
404,2017,EAS,,East Asia & Pacific
405,2016,EAS,,East Asia & Pacific
406,2015,EAS,,East Asia & Pacific
407,2014,EAS,,East Asia & Pacific
408,2013,EAS,,East Asia & Pacific
409,2012,EAS,,East Asia & Pacific
410,2011,EAS,,East Asia & Pacific
411,2010,EAS,,East Asia & Pacific
412,2009,EAS,,East Asia & Pacific
413,2008,EAS,,East Asia & Pacific
414,2007,EAS,,East Asia & Pacific
415,2006,EAS,,East Asia & Pacific
416,2005,EAS,,East Asia & Pacific
417,2004,EAS,,East Asia & Pacific
418,2003,EAS,,East Asia & Pacific
419,2002,EAS,,East Asia & Pacific
420,2001,EAS,,East Asia & Pacific
421,2000,EAS,,East Asia & Pacific
422,1999,EAS,,East Asia & Pacific
423,1998,EAS,,East Asia & Pacific
424,1997,EAS,,East Asia & Pacific
425,1996,EAS,,East Asia & Pacific
426,1995,EAS,,East Asia & Pacific
427,1994,EAS,,East Asia & Pacific
428,1993,EAS,,East Asia & Pacific
429,1992,EAS,,East Asia & Pacific
430,1991,EAS,,East Asia & Pacific
431,1990,EAS,,East Asia & Pacific
432,1989,EAS,,East Asia & Pacific
433,1988,EAS,,East Asia & Pacific
434,1987,EAS,,East Asia & Pacific
435,1986,EAS,,East Asia & Pacific
436,1985,EAS,,East Asia & Pacific
437,1984,EAS,,East Asia & Pacific
438,1983,EAS,,East Asia & Pacific
439,1982,EAS,,East Asia & Pacific
440,1981,EAS,,East Asia & Pacific
441,1980,EAS,,East Asia & Pacific
442,1979,EAS,,East Asia & Pacific
443,1978,EAS,,East Asia & Pacific
444,1977,EAS,,East Asia & Pacific
445,1976,EAS,,East Asia & Pacific
446,1975,EAS,,East Asia & Pacific
447,1974,EAS,,East Asia & Pacific
448,1973,EAS,,East Asia & Pacific
449,1972,EAS,,East Asia & Pacific
450,1971,EAS,,East Asia & Pacific
451,1970,EAS,,East Asia & Pacific
452,1969,EAS,,East Asia & Pacific
453,1968,EAS,,East Asia & Pacific
454,1967,EAS,,East Asia & Pacific
455,1966,EAS,,East Asia & Pacific
456,1965,EAS,,East Asia & Pacific
457,1964,EAS,,East Asia & Pacific
458,1963,EAS,,East Asia & Pacific
459,1962,EAS,,East Asia & Pacific
460,1961,EAS,,East Asia & Pacific
461,1960,EAS,,East Asia & Pacific
462,2025,EAP,,East Asia & Pacific (excluding high income)
463,2024,EAP,,East Asia & Pacific (excluding high income)
464,2023,EAP,,East Asia & Pacific (excluding high income)
465,2022,EAP,,East Asia & Pacific (excluding high income)
466,2021,EAP,,East Asia & Pacific (excluding high income)
467,2020,EAP,,East Asia & Pacific (excluding high income)
468,2019,EAP,,East Asia & Pacific (excluding high income)
469,2018,EAP,,East Asia & Pacific (excluding high income)
470,2017,EAP,,East Asia & Pacific (excluding high income)
471,2016,EAP,,East Asia & Pacific (excluding high income)
472,2015,EAP,,East Asia & Pacific (excluding high income)
473,2014,EAP,,East Asia & Pacific (excluding high income)
474,2013,EAP,,East Asia & Pacific (excluding high income)
475,2012,EAP,,East Asia & Pacific (excluding high income)
476,2011,EAP,,East Asia & Pacific (excluding high income)
477,2010,EAP,,East Asia & Pacific (excluding high income)
478,2009,EAP,,East Asia & Pacific (excluding high income)
479,2008,EAP,,East Asia & Pacific (excluding high income)
480,2007,EAP,,East Asia & Pacific (excluding high income)
481,2006,EAP,,East Asia & Pacific (excluding high income)
482,2005,EAP,,East Asia & Pacific (excluding high income)
483,2004,EAP,,East Asia & Pacific (excluding high income)
484,2003,EAP,,East Asia & Pacific (excluding high income)
485,2002,EAP,,East Asia & Pacific (excluding high income)
486,2001,EAP,,East Asia & Pacific (excluding high income)
487,2000,EAP,,East Asia & Pacific (excluding high income)
488,1999,EAP,,East Asia & Pacific (excluding high income)
489,1998,EAP,,East Asia & Pacific (excluding high income)
490,1997,EAP,,East Asia & Pacific (excluding high income)
491,1996,EAP,,East Asia & Pacific (excluding high income)
492,1995,EAP,,East Asia & Pacific (excluding high income)
493,1994,EAP,,East Asia & Pacific (excluding high income)
494,1993,EAP,,East Asia & Pacific (excluding high income)
495,1992,EAP,,East Asia & Pacific (excluding high income)
496,1991,EAP,,East Asia & Pacific (excluding high income)
497,1990,EAP,,East Asia & Pacific (excluding high income)
498,1989,EAP,,East Asia & Pacific (excluding high income)
499,1988,EAP,,East Asia & Pacific (excluding high income)
500,1987,EAP,,East Asia & Pacific (excluding high income)
501,1986,EAP,,East Asia & Pacific (excluding high income)
502,1985,EAP,,East Asia & Pacific (excluding high income)
503,1984,EAP,,East Asia & Pacific (excluding high income)
504,1983,EAP,,East Asia & Pacific (excluding high income)
505,1982,EAP,,East Asia & Pacific (excluding high income)
506,1981,EAP,,East Asia & Pacific (excluding high income)
507,1980,EAP,,East Asia & Pacific (excluding high income)
508,1979,EAP,,East Asia & Pacific (excluding high income)
509,1978,EAP,,East Asia & Pacific (excluding high income)
510,1977,EAP,,East Asia & Pacific (excluding high income)
511,1976,EAP,,East Asia & Pacific (excluding high income)
512,1975,EAP,,East Asia & Pacific (excluding high income)
513,1974,EAP,,East Asia & Pacific (excluding high income)
514,1973,EAP,,East Asia & Pacific (excluding high income)
515,1972,EAP,,East Asia & Pacific (excluding high income)
516,1971,EAP,,East Asia & Pacific (excluding high income)
517,1970,EAP,,East Asia & Pacific (excluding high income)
518,1969,EAP,,East Asia & Pacific (excluding high income)
519,1968,EAP,,East Asia & Pacific (excluding high income)
520,1967,EAP,,East Asia & Pacific (excluding high income)
521,1966,EAP,,East Asia & Pacific (excluding high income)
522,1965,EAP,,East Asia & Pacific (excluding high income)
523,1964,EAP,,East Asia & Pacific (excluding high income)
524,1963,EAP,,East Asia & Pacific (excluding high income)
525,1962,EAP,,East Asia & Pacific (excluding high income)
526,1961,EAP,,East Asia & Pacific (excluding high income)
527,1960,EAP,,East Asia & Pacific (excluding high income)
528,2025,TEA,,East Asia & Pacific (IDA & IBRD countries)
529,2024,TEA,,East Asia & Pacific (IDA & IBRD countries)
530,2023,TEA,,East Asia & Pacific (IDA & IBRD countries)
531,2022,TEA,,East Asia & Pacific (IDA & IBRD countries)
532,2021,TEA,,East Asia & Pacific (IDA & IBRD countries)
533,2020,TEA,,East Asia & Pacific (IDA & IBRD countries)
534,2019,TEA,,East Asia & Pacific (IDA & IBRD countries)
535,2018,TEA,,East Asia & Pacific (IDA & IBRD countries)
536,2017,TEA,,East Asia & Pacific (IDA & IBRD countries)
537,2016,TEA,,East Asia & Pacific (IDA & IBRD countries)
538,2015,TEA,,East Asia & Pacific (IDA & IBRD countries)
539,2014,TEA,,East Asia & Pacific (IDA & IBRD countries)
540,2013,TEA,,East Asia & Pacific (IDA & IBRD countries)
541,2012,TEA,,East Asia & Pacific (IDA & IBRD countries)
542,2011,TEA,,East Asia & Pacific (IDA & IBRD countries)
543,2010,TEA,,East Asia & Pacific (IDA & IBRD countries)
544,2009,TEA,,East Asia & Pacific (IDA & IBRD countries)
545,2008,TEA,,East Asia & Pacific (IDA & IBRD countries)
546,2007,TEA,,East Asia & Pacific (IDA & IBRD countries)
547,2006,TEA,,East Asia & Pacific (IDA & IBRD countries)
548,2005,TEA,,East Asia & Pacific (IDA & IBRD countries)
549,2004,TEA,,East Asia & Pacific (IDA & IBRD countries)
550,2003,TEA,,East Asia & Pacific (IDA & IBRD countries)
551,2002,TEA,,East Asia & Pacific (IDA & IBRD countries)
552,2001,TEA,,East Asia & Pacific (IDA & IBRD countries)
553,2000,TEA,,East Asia & Pacific (IDA & IBRD countries)
554,1999,TEA,,East Asia & Pacific (IDA & IBRD countries)
555,1998,TEA,,East Asia & Pacific (IDA & IBRD countries)
556,1997,TEA,,East Asia & Pacific (IDA & IBRD countries)
557,1996,TEA,,East Asia & Pacific (IDA & IBRD countries)
558,1995,TEA,,East Asia & Pacific (IDA & IBRD countries)
559,1994,TEA,,East Asia & Pacific (IDA & IBRD countries)
560,1993,TEA,,East Asia & Pacific (IDA & IBRD countries)
561,1992,TEA,,East Asia & Pacific (IDA & IBRD countries)
562,1991,TEA,,East Asia & Pacific (IDA & IBRD countries)
563,1990,TEA,,East Asia & Pacific (IDA & IBRD countries)
564,1989,TEA,,East Asia & Pacific (IDA & IBRD countries)
565,1988,TEA,,East Asia & Pacific (IDA & IBRD countries)
566,1987,TEA,,East Asia & Pacific (IDA & IBRD countries)
567,1986,TEA,,East Asia & Pacific (IDA & IBRD countries)
568,1985,TEA,,East Asia & Pacific (IDA & IBRD countries)
569,1984,TEA,,East Asia & Pacific (IDA & IBRD countries)
570,1983,TEA,,East Asia & Pacific (IDA & IBRD countries)
571,1982,TEA,,East Asia & Pacific (IDA & IBRD countries)
572,1981,TEA,,East Asia & Pacific (IDA & IBRD countries)
573,1980,TEA,,East Asia & Pacific (IDA & IBRD countries)
574,1979,TEA,,East Asia & Pacific (IDA & IBRD countries)
575,1978,TEA,,East Asia & Pacific (IDA & IBRD countries)
576,1977,TEA,,East Asia & Pacific (IDA & IBRD countries)
577,1976,TEA,,East Asia & Pacific (IDA & IBRD countries)
578,1975,TEA,,East Asia & Pacific (IDA & IBRD countries)
579,1974,TEA,,East Asia & Pacific (IDA & IBRD countries)
580,1973,TEA,,East Asia & Pacific (IDA & IBRD countries)
581,1972,TEA,,East Asia & Pacific (IDA & IBRD countries)
582,1971,TEA,,East Asia & Pacific (IDA & IBRD countries)
583,1970,TEA,,East Asia & Pacific (IDA & IBRD countries)
584,1969,TEA,,East Asia & Pacific (IDA & IBRD countries)
585,1968,TEA,,East Asia & Pacific (IDA & IBRD countries)
586,1967,TEA,,East Asia & Pacific (IDA & IBRD countries)
587,1966,TEA,,East Asia & Pacific (IDA & IBRD countries)
588,1965,TEA,,East Asia & Pacific (IDA & IBRD countries)
589,1964,TEA,,East Asia & Pacific (IDA & IBRD countries)
590,1963,TEA,,East Asia & Pacific (IDA & IBRD countries)
591,1962,TEA,,East Asia & Pacific (IDA & IBRD countries)
592,1961,TEA,,East Asia & Pacific (IDA & IBRD countries)
593,1960,TEA,,East Asia & Pacific (IDA & IBRD countries)
594,2025,EMU,,Euro area
595,2024,EMU,,Euro area
596,2023,EMU,,Euro area
597,2022,EMU,,Euro area
598,2021,EMU,,Euro area
599,2020,EMU,,Euro area
600,2019,EMU,,Euro area
601,2018,EMU,,Euro area
602,2017,EMU,,Euro area
603,2016,EMU,,Euro area
604,2015,EMU,,Euro area
605,2014,EMU,,Euro area
606,2013,EMU,,Euro area
607,2012,EMU,,Euro area
608,2011,EMU,,Euro area
609,2010,EMU,,Euro area
610,2009,EMU,,Euro area
611,2008,EMU,,Euro area
612,2007,EMU,,Euro area
613,2006,EMU,,Euro area
614,2005,EMU,,Euro area
615,2004,EMU,,Euro area
616,2003,EMU,,Euro area
617,2002,EMU,,Euro area
618,2001,EMU,,Euro area
619,2000,EMU,,Euro area
620,1999,EMU,,Euro area
621,1998,EMU,,Euro area
622,1997,EMU,,Euro area
623,1996,EMU,,Euro area
624,1995,EMU,,Euro area
625,1994,EMU,,Euro area
626,1993,EMU,,Euro area
627,1992,EMU,,Euro area
628,1991,EMU,,Euro area
629,1990,EMU,,Euro area
630,1989,EMU,,Euro area
631,1988,EMU,,Euro area
632,1987,EMU,,Euro area
633,1986,EMU,,Euro area
634,1985,EMU,,Euro area
635,1984,EMU,,Euro area
636,1983,EMU,,Euro area
637,1982,EMU,,Euro area
638,1981,EMU,,Euro area
639,1980,EMU,,Euro area
640,1979,EMU,,Euro area
641,1978,EMU,,Euro area
642,1977,EMU,,Euro area
643,1976,EMU,,Euro area
644,1975,EMU,,Euro area
645,1974,EMU,,Euro area
646,1973,EMU,,Euro area
647,1972,EMU,,Euro area
648,1971,EMU,,Euro area
649,1970,EMU,,Euro area
650,1969,EMU,,Euro area
651,1968,EMU,,Euro area
652,1967,EMU,,Euro area
653,1966,EMU,,Euro area
654,1965,EMU,,Euro area
655,1964,EMU,,Euro area
656,1963,EMU,,Euro area
657,1962,EMU,,Euro area
658,1961,EMU,,Euro area
659,1960,EMU,,Euro area
660,2025,ECS,,Europe & Central Asia
661,2024,ECS,,Europe & Central Asia
662,2023,ECS,,Europe & Central Asia
663,2022,ECS,,Europe & Central Asia
664,2021,ECS,,Europe & Central Asia
665,2020,ECS,,Europe & Central Asia
666,2019,ECS,,Europe & Central Asia
667,2018,ECS,,Europe & Central Asia
668,2017,ECS,,Europe & Central Asia
669,2016,ECS,,Europe & Central Asia
670,2015,ECS,,Europe & Central Asia
671,2014,ECS,,Europe & Central Asia
672,2013,ECS,,Europe & Central Asia
673,2012,ECS,,Europe & Central Asia
674,2011,ECS,,Europe & Central Asia
675,2010,ECS,,Europe & Central Asia
676,2009,ECS,,Europe & Central Asia
677,2008,ECS,,Europe & Central Asia
678,2007,ECS,,Europe & Central Asia
679,2006,ECS,,Europe & Central Asia
680,2005,ECS,,Europe & Central Asia
681,2004,ECS,,Europe & Central Asia
682,2003,ECS,,Europe & Central Asia
683,2002,ECS,,Europe & Central Asia
684,2001,ECS,,Europe & Central Asia
685,2000,ECS,,Europe & Central Asia
686,1999,ECS,,Europe & Central Asia
687,1998,ECS,,Europe & Central Asia
688,1997,ECS,,Europe & Central Asia
689,1996,ECS,,Europe & Central Asia
690,1995,ECS,,Europe & Central Asia
691,1994,ECS,,Europe & Central Asia
692,1993,ECS,,Europe & Central Asia
693,1992,ECS,,Europe & Central Asia
694,1991,ECS,,Europe & Central Asia
695,1990,ECS,,Europe & Central Asia
696,1989,ECS,,Europe & Central Asia
697,1988,ECS,,Europe & Central Asia
698,1987,ECS,,Europe & Central Asia
699,1986,ECS,,Europe & Central Asia
700,1985,ECS,,Europe & Central Asia
701,1984,ECS,,Europe & Central Asia
702,1983,ECS,,Europe & Central Asia
703,1982,ECS,,Europe & Central Asia
704,1981,ECS,,Europe & Central Asia
705,1980,ECS,,Europe & Central Asia
706,1979,ECS,,Europe & Central Asia
707,1978,ECS,,Europe & Central Asia
708,1977,ECS,,Europe & Central Asia
709,1976,ECS,,Europe & Central Asia
710,1975,ECS,,Europe & Central Asia
711,1974,ECS,,Europe & Central Asia
712,1973,ECS,,Europe & Central Asia
713,1972,ECS,,Europe & Central Asia
714,1971,ECS,,Europe & Central Asia
715,1970,ECS,,Europe & Central Asia
716,1969,ECS,,Europe & Central Asia
717,1968,ECS,,Europe & Central Asia
718,1967,ECS,,Europe & Central Asia
719,1966,ECS,,Europe & Central Asia
720,1965,ECS,,Europe & Central Asia
721,1964,ECS,,Europe & Central Asia
722,1963,ECS,,Europe & Central Asia
723,1962,ECS,,Europe & Central Asia
724,1961,ECS,,Europe & Central Asia
725,1960,ECS,,Europe & Central Asia
726,2025,ECA,,Europe & Central Asia (excluding high income)
727,2024,ECA,,Europe & Central Asia (excluding high income)
728,2023,ECA,,Europe & Central Asia (excluding high income)
729,2022,ECA,,Europe & Central Asia (excluding high income)
730,2021,ECA,,Europe & Central Asia (excluding high income)
731,2020,ECA,,Europe & Central Asia (excluding high income)
732,2019,ECA,,Europe & Central Asia (excluding high income)
733,2018,ECA,,Europe & Central Asia (excluding high income)
734,2017,ECA,,Europe & Central Asia (excluding high income)
735,2016,ECA,,Europe & Central Asia (excluding high income)
736,2015,ECA,,Europe & Central Asia (excluding high income)
737,2014,ECA,,Europe & Central Asia (excluding high income)
738,2013,ECA,,Europe & Central Asia (excluding high income)
739,2012,ECA,,Europe & Central Asia (excluding high income)
740,2011,ECA,,Europe & Central Asia (excluding high income)
741,2010,ECA,,Europe & Central Asia (excluding high income)
742,2009,ECA,,Europe & Central Asia (excluding high income)
743,2008,ECA,,Europe & Central Asia (excluding high income)
744,2007,ECA,,Europe & Central Asia (excluding high income)
745,2006,ECA,,Europe & Central Asia (excluding high income)
746,2005,ECA,,Europe & Central Asia (excluding high income)
747,2004,ECA,,Europe & Central Asia (excluding high income)
748,2003,ECA,,Europe & Central Asia (excluding high income)
749,2002,ECA,,Europe & Central Asia (excluding high income)
750,2001,ECA,,Europe & Central Asia (excluding high income)
751,2000,ECA,,Europe & Central Asia (excluding high income)
752,1999,ECA,,Europe & Central Asia (excluding high income)
753,1998,ECA,,Europe & Central Asia (excluding high income)
754,1997,ECA,,Europe & Central Asia (excluding high income)
755,1996,ECA,,Europe & Central Asia (excluding high income)
756,1995,ECA,,Europe & Central Asia (excluding high income)
757,1994,ECA,,Europe & Central Asia (excluding high income)
758,1993,ECA,,Europe & Central Asia (excluding high income)
759,1992,ECA,,Europe & Central Asia (excluding high income)
760,1991,ECA,,Europe & Central Asia (excluding high income)
761,1990,ECA,,Europe & Central Asia (excluding high income)
762,1989,ECA,,Europe & Central Asia (excluding high income)
763,1988,ECA,,Europe & Central Asia (excluding high income)
764,1987,ECA,,Europe & Central Asia (excluding high income)
765,1986,ECA,,Europe & Central Asia (excluding high income)
766,1985,ECA,,Europe & Central Asia (excluding high income)
767,1984,ECA,,Europe & Central Asia (excluding high income)
768,1983,ECA,,Europe & Central Asia (excluding high income)
769,1982,ECA,,Europe & Central Asia (excluding high income)
770,1981,ECA,,Europe & Central Asia (excluding high income)
771,1980,ECA,,Europe & Central Asia (excluding high income)
772,1979,ECA,,Europe & Central Asia (excluding high income)
773,1978,ECA,,Europe & Central Asia (excluding high income)
774,1977,ECA,,Europe & Central Asia (excluding high income)
775,1976,ECA,,Europe & Central Asia (excluding high income)
776,1975,ECA,,Europe & Central Asia (excluding high income)
777,1974,ECA,,Europe & Central Asia (excluding high income)
778,1973,ECA,,Europe & Central Asia (excluding high income)
779,1972,ECA,,Europe & Central Asia (excluding high income)
780,1971,ECA,,Europe & Central Asia (excluding high income)
781,1970,ECA,,Europe & Central Asia (excluding high income)
782,1969,ECA,,Europe & Central Asia (excluding high income)
783,1968,ECA,,Europe & Central Asia (excluding high income)
784,1967,ECA,,Europe & Central Asia (excluding high income)
785,1966,ECA,,Europe & Central Asia (excluding high income)
786,1965,ECA,,Europe & Central Asia (excluding high income)
787,1964,ECA,,Europe & Central Asia (excluding high income)
788,1963,ECA,,Europe & Central Asia (excluding high income)
789,1962,ECA,,Europe & Central Asia (excluding high income)
790,1961,ECA,,Europe & Central Asia (excluding high income)
791,1960,ECA,,Europe & Central Asia (excluding high income)
792,2025,TEC,,Europe & Central Asia (IDA & IBRD countries)
793,2024,TEC,,Europe & Central Asia (IDA & IBRD countries)
794,2023,TEC,,Europe & Central Asia (IDA & IBRD countries)
795,2022,TEC,,Europe & Central Asia (IDA & IBRD countries)
796,2021,TEC,,Europe & Central Asia (IDA & IBRD countries)
797,2020,TEC,,Europe & Central Asia (IDA & IBRD countries)
798,2019,TEC,,Europe & Central Asia (IDA & IBRD countries)
799,2018,TEC,,Europe & Central Asia (IDA & IBRD countries)
800,2017,TEC,,Europe & Central Asia (IDA & IBRD countries)
801,2016,TEC,,Europe & Central Asia (IDA & IBRD countries)
802,2015,TEC,,Europe & Central Asia (IDA & IBRD countries)
803,2014,TEC,,Europe & Central Asia (IDA & IBRD countries)
804,2013,TEC,,Europe & Central Asia (IDA & IBRD countries)
805,2012,TEC,,Europe & Central Asia (IDA & IBRD countries)
806,2011,TEC,,Europe & Central Asia (IDA & IBRD countries)
807,2010,TEC,,Europe & Central Asia (IDA & IBRD countries)
808,2009,TEC,,Europe & Central Asia (IDA & IBRD countries)
809,2008,TEC,,Europe & Central Asia (IDA & IBRD countries)
810,2007,TEC,,Europe & Central Asia (IDA & IBRD countries)
811,2006,TEC,,Europe & Central Asia (IDA & IBRD countries)
812,2005,TEC,,Europe & Central Asia (IDA & IBRD countries)
813,2004,TEC,,Europe & Central Asia (IDA & IBRD countries)
814,2003,TEC,,Europe & Central Asia (IDA & IBRD countries)
815,2002,TEC,,Europe & Central Asia (IDA & IBRD countries)
816,2001,TEC,,Europe & Central Asia (IDA & IBRD countries)
817,2000,TEC,,Europe & Central Asia (IDA & IBRD countries)
818,1999,TEC,,Europe & Central Asia (IDA & IBRD countries)
819,1998,TEC,,Europe & Central Asia (IDA & IBRD countries)
820,1997,TEC,,Europe & Central Asia (IDA & IBRD countries)
821,1996,TEC,,Europe & Central Asia (IDA & IBRD countries)
822,1995,TEC,,Europe & Central Asia (IDA & IBRD countries)
823,1994,TEC,,Europe & Central Asia (IDA & IBRD countries)
824,1993,TEC,,Europe & Central Asia (IDA & IBRD countries)
825,1992,TEC,,Europe & Central Asia (IDA & IBRD countries)
826,1991,TEC,,Europe & Central Asia (IDA & IBRD countries)
827,1990,TEC,,Europe & Central Asia (IDA & IBRD countries)
828,1989,TEC,,Europe & Central Asia (IDA & IBRD countries)
829,1988,TEC,,Europe & Central Asia (IDA & IBRD countries)
830,1987,TEC,,Europe & Central Asia (IDA & IBRD countries)
831,1986,TEC,,Europe & Central Asia (IDA & IBRD countries)
832,1985,TEC,,Europe & Central Asia (IDA & IBRD countries)
833,1984,TEC,,Europe & Central Asia (IDA & IBRD countries)
834,1983,TEC,,Europe & Central Asia (IDA & IBRD countries)
835,1982,TEC,,Europe & Central Asia (IDA & IBRD countries)
836,1981,TEC,,Europe & Central Asia (IDA & IBRD countries)
837,1980,TEC,,Europe & Central Asia (IDA & IBRD countries)
838,1979,TEC,,Europe & Central Asia (IDA & IBRD countries)
839,1978,TEC,,Europe & Central Asia (IDA & IBRD countries)
840,1977,TEC,,Europe & Central Asia (IDA & IBRD countries)
841,1976,TEC,,Europe & Central Asia (IDA & IBRD countries)
842,1975,TEC,,Europe & Central Asia (IDA & IBRD countries)
843,1974,TEC,,Europe & Central Asia (IDA & IBRD countries)
844,1973,TEC,,Europe & Central Asia (IDA & IBRD countries)
845,1972,TEC,,Europe & Central Asia (IDA & IBRD countries)
846,1971,TEC,,Europe & Central Asia (IDA & IBRD countries)
847,1970,TEC,,Europe & Central Asia (IDA & IBRD countries)
848,1969,TEC,,Europe & Central Asia (IDA & IBRD countries)
849,1968,TEC,,Europe & Central Asia (IDA & IBRD countries)
850,1967,TEC,,Europe & Central Asia (IDA & IBRD countries)
851,1966,TEC,,Europe & Central Asia (IDA & IBRD countries)
852,1965,TEC,,Europe & Central Asia (IDA & IBRD countries)
853,1964,TEC,,Europe & Central Asia (IDA & IBRD countries)
854,1963,TEC,,Europe & Central Asia (IDA & IBRD countries)
855,1962,TEC,,Europe & Central Asia (IDA & IBRD countries)
856,1961,TEC,,Europe & Central Asia (IDA & IBRD countries)
857,1960,TEC,,Europe & Central Asia (IDA & IBRD countries)
858,2025,EUU,,European Union
859,2024,EUU,,European Union
860,2023,EUU,,European Union
861,2022,EUU,,European Union
862,2021,EUU,,European Union
863,2020,EUU,,European Union
864,2019,EUU,,European Union
865,2018,EUU,,European Union
866,2017,EUU,,European Union
867,2016,EUU,,European Union
868,2015,EUU,,European Union
869,2014,EUU,,European Union
870,2013,EUU,,European Union
871,2012,EUU,,European Union
872,2011,EUU,,European Union
873,2010,EUU,,European Union
874,2009,EUU,,European Union
875,2008,EUU,,European Union
876,2007,EUU,,European Union
877,2006,EUU,,European Union
878,2005,EUU,,European Union
879,2004,EUU,,European Union
880,2003,EUU,,European Union
881,2002,EUU,,European Union
882,2001,EUU,,European Union
883,2000,EUU,,European Union
884,1999,EUU,,European Union
885,1998,EUU,,European Union
886,1997,EUU,,European Union
887,1996,EUU,,European Union
888,1995,EUU,,European Union
889,1994,EUU,,European Union
890,1993,EUU,,European Union
891,1992,EUU,,European Union
892,1991,EUU,,European Union
893,1990,EUU,,European Union
894,1989,EUU,,European Union
895,1988,EUU,,European Union
896,1987,EUU,,European Union
897,1986,EUU,,European Union
898,1985,EUU,,European Union
899,1984,EUU,,European Union
900,1983,EUU,,European Union
901,1982,EUU,,European Union
902,1981,EUU,,European Union
903,1980,EUU,,European Union
904,1979,EUU,,European Union
905,1978,EUU,,European Union
906,1977,EUU,,European Union
907,1976,EUU,,European Union
908,1975,EUU,,European Union
909,1974,EUU,,European Union
910,1973,EUU,,European Union
911,1972,EUU,,European Union
912,1971,EUU,,European Union
913,1970,EUU,,European Union
914,1969,EUU,,European Union
915,1968,EUU,,European Union
916,1967,EUU,,European Union
917,1966,EUU,,European Union
918,1965,EUU,,European Union
919,1964,EUU,,European Union
920,1963,EUU,,European Union
921,1962,EUU,,European Union
922,1961,EUU,,European Union
923,1960,EUU,,European Union
924,2025,HPC,,Heavily indebted poor countries (HIPC)
925,2024,HPC,,Heavily indebted poor countries (HIPC)
926,2023,HPC,,Heavily indebted poor countries (HIPC)
927,2022,HPC,,Heavily indebted poor countries (HIPC)
928,2021,HPC,,Heavily indebted poor countries (HIPC)
929,2020,HPC,,Heavily indebted poor countries (HIPC)
930,2019,HPC,,Heavily indebted poor countries (HIPC)
931,2018,HPC,,Heavily indebted poor countries (HIPC)
932,2017,HPC,,Heavily indebted poor countries (HIPC)
933,2016,HPC,,Heavily indebted poor countries (HIPC)
934,2015,HPC,,Heavily indebted poor countries (HIPC)
935,2014,HPC,,Heavily indebted poor countries (HIPC)
936,2013,HPC,,Heavily indebted poor countries (HIPC)
937,2012,HPC,,Heavily indebted poor countries (HIPC)
938,2011,HPC,,Heavily indebted poor countries (HIPC)
939,2010,HPC,,Heavily indebted poor countries (HIPC)
940,2009,HPC,,Heavily indebted poor countries (HIPC)
941,2008,HPC,,Heavily indebted poor countries (HIPC)
942,2007,HPC,,Heavily indebted poor countries (HIPC)
943,2006,HPC,,Heavily indebted poor countries (HIPC)
944,2005,HPC,,Heavily indebted poor countries (HIPC)
945,2004,HPC,,Heavily indebted poor countries (HIPC)
946,2003,HPC,,Heavily indebted poor countries (HIPC)
947,2002,HPC,,Heavily indebted poor countries (HIPC)
948,2001,HPC,,Heavily indebted poor countries (HIPC)
949,2000,HPC,,Heavily indebted poor countries (HIPC)
950,1999,HPC,,Heavily indebted poor countries (HIPC)
951,1998,HPC,,Heavily indebted poor countries (HIPC)
952,1997,HPC,,Heavily indebted poor countries (HIPC)
953,1996,HPC,,Heavily indebted poor countries (HIPC)
954,1995,HPC,,Heavily indebted poor countries (HIPC)
955,1994,HPC,,Heavily indebted poor countries (HIPC)
956,1993,HPC,,Heavily indebted poor countries (HIPC)
957,1992,HPC,,Heavily indebted poor countries (HIPC)
958,1991,HPC,,Heavily indebted poor countries (HIPC)
959,1990,HPC,,Heavily indebted poor countries (HIPC)
960,1989,HPC,,Heavily indebted poor countries (HIPC)
961,1988,HPC,,Heavily indebted poor countries (HIPC)
962,1987,HPC,,Heavily indebted poor countries (HIPC)
963,1986,HPC,,Heavily indebted poor countries (HIPC)
964,1985,HPC,,Heavily indebted poor countries (HIPC)
965,1984,HPC,,Heavily indebted poor countries (HIPC)
966,1983,HPC,,Heavily indebted poor countries (HIPC)
967,1982,HPC,,Heavily indebted poor countries (HIPC)
968,1981,HPC,,Heavily indebted poor countries (HIPC)
969,1980,HPC,,Heavily indebted poor countries (HIPC)
970,1979,HPC,,Heavily indebted poor countries (HIPC)
971,1978,HPC,,Heavily indebted poor countries (HIPC)
972,1977,HPC,,Heavily indebted poor countries (HIPC)
973,1976,HPC,,Heavily indebted poor countries (HIPC)
974,1975,HPC,,Heavily indebted poor countries (HIPC)
975,1974,HPC,,Heavily indebted poor countries (HIPC)
976,1973,HPC,,Heavily indebted poor countries (HIPC)
977,1972,HPC,,Heavily indebted poor countries (HIPC)
978,1971,HPC,,Heavily indebted poor countries (HIPC)
979,1970,HPC,,Heavily indebted poor countries (HIPC)
980,1969,HPC,,Heavily indebted poor countries (HIPC)
981,1968,HPC,,Heavily indebted poor countries (HIPC)
982,1967,HPC,,Heavily indebted poor countries (HIPC)
983,1966,HPC,,Heavily indebted poor countries (HIPC)
984,1965,HPC,,Heavily indebted poor countries (HIPC)
985,1964,HPC,,Heavily indebted poor countries (HIPC)
986,1963,HPC,,Heavily indebted poor countries (HIPC)
987,1962,HPC,,Heavily indebted poor countries (HIPC)
988,1961,HPC,,Heavily indebted poor countries (HIPC)
989,1960,HPC,,Heavily indebted poor countries (HIPC)
990,2025,,,High income
991,2024,,,High income
992,2023,,,High income
993,2022,,,High income
994,2021,,,High income
995,2020,,,High income
996,2019,,,High income
997,2018,,,High income
998,2017,,,High income
999,2016,,,High income
1000,2015,,,High income
1001,2014,,,High income
1002,2013,,,High income
1003,2012,,,High income
1004,2011,,,High income
1005,2010,,,High income
1006,2009,,,High income
1007,2008,,,High income
1008,2007,,,High income
1009,2006,,,High income
1010,2005,,,High income
1011,2004,,,High income
1012,2003,,,High income
1013,2002,,,High income
1014,2001,,,High income
1015,2000,,,High income
1016,1999,,,High income
1017,1998,,,High income
1018,1997,,,High income
1019,1996,,,High income
1020,1995,,,High income
1021,1994,,,High income
1022,1993,,,High income
1023,1992,,,High income
1024,1991,,,High income
1025,1990,,,High income
1026,1989,,,High income
1027,1988,,,High income
1028,1987,,,High income
1029,1986,,,High income
1030,1985,,,High income
1031,1984,,,High income
1032,1983,,,High income
1033,1982,,,High income
1034,1981,,,High income
1035,1980,,,High income
1036,1979,,,High income
1037,1978,,,High income
1038,1977,,,High income
1039,1976,,,High income
1040,1975,,,High income
1041,1974,,,High income
1042,1973,,,High income
1043,1972,,,High income
1044,1971,,,High income
1045,1970,,,High income
1046,1969,,,High income
1047,1968,,,High income
1048,1967,,,High income
1049,1966,,,High income
1050,1965,,,High income
1051,1964,,,High income
1052,1963,,,High income
1053,1962,,,High income
1054,1961,,,High income
1055,1960,,,High income
1056,2025,IBD,,IBRD only
1057,2024,IBD,,IBRD only
1058,2023,IBD,,IBRD only
1059,2022,IBD,,IBRD only
1060,2021,IBD,,IBRD only
1061,2020,IBD,,IBRD only
1062,2019,IBD,,IBRD only
1063,2018,IBD,,IBRD only
1064,2017,IBD,,IBRD only
1065,2016,IBD,,IBRD only
1066,2015,IBD,,IBRD only
1067,2014,IBD,,IBRD only
1068,2013,IBD,,IBRD only
1069,2012,IBD,,IBRD only
1070,2011,IBD,,IBRD only
1071,2010,IBD,,IBRD only
1072,2009,IBD,,IBRD only
1073,2008,IBD,,IBRD only
1074,2007,IBD,,IBRD only
1075,2006,IBD,,IBRD only
1076,2005,IBD,,IBRD only
1077,2004,IBD,,IBRD only
1078,2003,IBD,,IBRD only
1079,2002,IBD,,IBRD only
1080,2001,IBD,,IBRD only
1081,2000,IBD,,IBRD only
1082,1999,IBD,,IBRD only
1083,1998,IBD,,IBRD only
1084,1997,IBD,,IBRD only
1085,1996,IBD,,IBRD only
1086,1995,IBD,,IBRD only
1087,1994,IBD,,IBRD only
1088,1993,IBD,,IBRD only
1089,1992,IBD,,IBRD only
1090,1991,IBD,,IBRD only
1091,1990,IBD,,IBRD only
1092,1989,IBD,,IBRD only
1093,1988,IBD,,IBRD only
1094,1987,IBD,,IBRD only
1095,1986,IBD,,IBRD only
1096,1985,IBD,,IBRD only
1097,1984,IBD,,IBRD only
1098,1983,IBD,,IBRD only
1099,1982,IBD,,IBRD only
1100,1981,IBD,,IBRD only
1101,1980,IBD,,IBRD only
1102,1979,IBD,,IBRD only
1103,1978,IBD,,IBRD only
1104,1977,IBD,,IBRD only
1105,1976,IBD,,IBRD only
1106,1975,IBD,,IBRD only
1107,1974,IBD,,IBRD only
1108,1973,IBD,,IBRD only
1109,1972,IBD,,IBRD only
1110,1971,IBD,,IBRD only
1111,1970,IBD,,IBRD only
1112,1969,IBD,,IBRD only
1113,1968,IBD,,IBRD only
1114,1967,IBD,,IBRD only
1115,1966,IBD,,IBRD only
1116,1965,IBD,,IBRD only
1117,1964,IBD,,IBRD only
1118,1963,IBD,,IBRD only
1119,1962,IBD,,IBRD only
1120,1961,IBD,,IBRD only
1121,1960,IBD,,IBRD only
1122,2025,IBT,,IDA & IBRD total
1123,2024,IBT,,IDA & IBRD total
1124,2023,IBT,,IDA & IBRD total
1125,2022,IBT,,IDA & IBRD total
1126,2021,IBT,,IDA & IBRD total
1127,2020,IBT,,IDA & IBRD total
1128,2019,IBT,,IDA & IBRD total
1129,2018,IBT,,IDA & IBRD total
1130,2017,IBT,,IDA & IBRD total
1131,2016,IBT,,IDA & IBRD total
1132,2015,IBT,,IDA & IBRD total
1133,2014,IBT,,IDA & IBRD total
1134,2013,IBT,,IDA & IBRD total
1135,2012,IBT,,IDA & IBRD total
1136,2011,IBT,,IDA & IBRD total
1137,2010,IBT,,IDA & IBRD total
1138,2009,IBT,,IDA & IBRD total
1139,2008,IBT,,IDA & IBRD total
1140,2007,IBT,,IDA & IBRD total
1141,2006,IBT,,IDA & IBRD total
1142,2005,IBT,,IDA & IBRD total
1143,2004,IBT,,IDA & IBRD total
1144,2003,IBT,,IDA & IBRD total
1145,2002,IBT,,IDA & IBRD total
1146,2001,IBT,,IDA & IBRD total
1147,2000,IBT,,IDA & IBRD total
1148,1999,IBT,,IDA & IBRD total
1149,1998,IBT,,IDA & IBRD total
1150,1997,IBT,,IDA & IBRD total
1151,1996,IBT,,IDA & IBRD total
1152,1995,IBT,,IDA & IBRD total
1153,1994,IBT,,IDA & IBRD total
1154,1993,IBT,,IDA & IBRD total
1155,1992,IBT,,IDA & IBRD total
1156,1991,IBT,,IDA & IBRD total
1157,1990,IBT,,IDA & IBRD total
1158,1989,IBT,,IDA & IBRD total
1159,1988,IBT,,IDA & IBRD total
1160,1987,IBT,,IDA & IBRD total
1161,1986,IBT,,IDA & IBRD total
1162,1985,IBT,,IDA & IBRD total
1163,1984,IBT,,IDA & IBRD total
1164,1983,IBT,,IDA & IBRD total
1165,1982,IBT,,IDA & IBRD total
1166,1981,IBT,,IDA & IBRD total
1167,1980,IBT,,IDA & IBRD total
1168,1979,IBT,,IDA & IBRD total
1169,1978,IBT,,IDA & IBRD total
1170,1977,IBT,,IDA & IBRD total
1171,1976,IBT,,IDA & IBRD total
1172,1975,IBT,,IDA & IBRD total
1173,1974,IBT,,IDA & IBRD total
1174,1973,IBT,,IDA & IBRD total
1175,1972,IBT,,IDA & IBRD total
1176,1971,IBT,,IDA & IBRD total
1177,1970,IBT,,IDA & IBRD total
1178,1969,IBT,,IDA & IBRD total
1179,1968,IBT,,IDA & IBRD total
1180,1967,IBT,,IDA & IBRD total
1181,1966,IBT,,IDA & IBRD total
1182,1965,IBT,,IDA & IBRD total
1183,1964,IBT,,IDA & IBRD total
1184,1963,IBT,,IDA & IBRD total
1185,1962,IBT,,IDA & IBRD total
1186,1961,IBT,,IDA & IBRD total
1187,1960,IBT,,IDA & IBRD total
1188,2025,IDB,,IDA blend
1189,2024,IDB,,IDA blend
1190,2023,IDB,,IDA blend
1191,2022,IDB,,IDA blend
1192,2021,IDB,,IDA blend
1193,2020,IDB,,IDA blend
1194,2019,IDB,,IDA blend
1195,2018,IDB,,IDA blend
1196,2017,IDB,,IDA blend
1197,2016,IDB,,IDA blend
1198,2015,IDB,,IDA blend
1199,2014,IDB,,IDA blend
1200,2013,IDB,,IDA blend
1201,2012,IDB,,IDA blend
1202,2011,IDB,,IDA blend
1203,2010,IDB,,IDA blend
1204,2009,IDB,,IDA blend
1205,2008,IDB,,IDA blend
1206,2007,IDB,,IDA blend
1207,2006,IDB,,IDA blend
1208,2005,IDB,,IDA blend
1209,2004,IDB,,IDA blend
1210,2003,IDB,,IDA blend
1211,2002,IDB,,IDA blend
1212,2001,IDB,,IDA blend
1213,2000,IDB,,IDA blend
1214,1999,IDB,,IDA blend
1215,1998,IDB,,IDA blend
1216,1997,IDB,,IDA blend
1217,1996,IDB,,IDA blend
1218,1995,IDB,,IDA blend
1219,1994,IDB,,IDA blend
1220,1993,IDB,,IDA blend
1221,1992,IDB,,IDA blend
1222,1991,IDB,,IDA blend
1223,1990,IDB,,IDA blend
1224,1989,IDB,,IDA blend
1225,1988,IDB,,IDA blend
1226,1987,IDB,,IDA blend
1227,1986,IDB,,IDA blend
1228,1985,IDB,,IDA blend
1229,1984,IDB,,IDA blend
1230,1983,IDB,,IDA blend
1231,1982,IDB,,IDA blend
1232,1981,IDB,,IDA blend
1233,1980,IDB,,IDA blend
1234,1979,IDB,,IDA blend
1235,1978,IDB,,IDA blend
1236,1977,IDB,,IDA blend
1237,1976,IDB,,IDA blend
1238,1975,IDB,,IDA blend
1239,1974,IDB,,IDA blend
1240,1973,IDB,,IDA blend
1241,1972,IDB,,IDA blend
1242,1971,IDB,,IDA blend
1243,1970,IDB,,IDA blend
1244,1969,IDB,,IDA blend
1245,1968,IDB,,IDA blend
1246,1967,IDB,,IDA blend
1247,1966,IDB,,IDA blend
1248,1965,IDB,,IDA blend
1249,1964,IDB,,IDA blend
1250,1963,IDB,,IDA blend
1251,1962,IDB,,IDA blend
1252,1961,IDB,,IDA blend
1253,1960,IDB,,IDA blend
1254,2025,IDX,,IDA only
1255,2024,IDX,,IDA only
1256,2023,IDX,,IDA only
1257,2022,IDX,,IDA only
1258,2021,IDX,,IDA only
1259,2020,IDX,,IDA only
1260,2019,IDX,,IDA only
1261,2018,IDX,,IDA only
1262,2017,IDX,,IDA only
1263,2016,IDX,,IDA only
1264,2015,IDX,,IDA only
1265,2014,IDX,,IDA only
1266,2013,IDX,,IDA only
1267,2012,IDX,,IDA only
1268,2011,IDX,,IDA only
1269,2010,IDX,,IDA only
1270,2009,IDX,,IDA only
1271,2008,IDX,,IDA only
1272,2007,IDX,,IDA only
1273,2006,IDX,,IDA only
1274,2005,IDX,,IDA only
1275,2004,IDX,,IDA only
1276,2003,IDX,,IDA only
1277,2002,IDX,,IDA only
1278,2001,IDX,,IDA only
1279,2000,IDX,,IDA only
1280,1999,IDX,,IDA only
1281,1998,IDX,,IDA only
1282,1997,IDX,,IDA only
1283,1996,IDX,,IDA only
1284,1995,IDX,,IDA only
1285,1994,IDX,,IDA only
1286,1993,IDX,,IDA only
1287,1992,IDX,,IDA only
1288,1991,IDX,,IDA only
1289,1990,IDX,,IDA only
1290,1989,IDX,,IDA only
1291,1988,IDX,,IDA only
1292,1987,IDX,,IDA only
1293,1986,IDX,,IDA only
1294,1985,IDX,,IDA only
1295,1984,IDX,,IDA only
1296,1983,IDX,,IDA only
1297,1982,IDX,,IDA only
1298,1981,IDX,,IDA only
1299,1980,IDX,,IDA only
1300,1979,IDX,,IDA only
1301,1978,IDX,,IDA only
1302,1977,IDX,,IDA only
1303,1976,IDX,,IDA only
1304,1975,IDX,,IDA only
1305,1974,IDX,,IDA only
1306,1973,IDX,,IDA only
1307,1972,IDX,,IDA only
1308,1971,IDX,,IDA only
1309,1970,IDX,,IDA only
1310,1969,IDX,,IDA only
1311,1968,IDX,,IDA only
1312,1967,IDX,,IDA only
1313,1966,IDX,,IDA only
1314,1965,IDX,,IDA only
1315,1964,IDX,,IDA only
1316,1963,IDX,,IDA only
1317,1962,IDX,,IDA only
1318,1961,IDX,,IDA only
1319,1960,IDX,,IDA only
1320,2025,IDA,,IDA total
1321,2024,IDA,,IDA total
1322,2023,IDA,,IDA total
1323,2022,IDA,,IDA total
1324,2021,IDA,,IDA total
1325,2020,IDA,,IDA total
1326,2019,IDA,,IDA total
1327,2018,IDA,,IDA total
1328,2017,IDA,,IDA total
1329,2016,IDA,,IDA total
1330,2015,IDA,,IDA total
1331,2014,IDA,,IDA total
1332,2013,IDA,,IDA total
1333,2012,IDA,,IDA total
1334,2011,IDA,,IDA total
1335,2010,IDA,,IDA total
1336,2009,IDA,,IDA total
1337,2008,IDA,,IDA total
1338,2007,IDA,,IDA total
1339,2006,IDA,,IDA total
1340,2005,IDA,,IDA total
1341,2004,IDA,,IDA total
1342,2003,IDA,,IDA total
1343,2002,IDA,,IDA total
1344,2001,IDA,,IDA total
1345,2000,IDA,,IDA total
1346,1999,IDA,,IDA total
1347,1998,IDA,,IDA total
1348,1997,IDA,,IDA total
1349,1996,IDA,,IDA total
1350,1995,IDA,,IDA total
1351,1994,IDA,,IDA total
1352,1993,IDA,,IDA total
1353,1992,IDA,,IDA total
1354,1991,IDA,,IDA total
1355,1990,IDA,,IDA total
1356,1989,IDA,,IDA total
1357,1988,IDA,,IDA total
1358,1987,IDA,,IDA total
1359,1986,IDA,,IDA total
1360,1985,IDA,,IDA total
1361,1984,IDA,,IDA total
1362,1983,IDA,,IDA total
1363,1982,IDA,,IDA total
1364,1981,IDA,,IDA total
1365,1980,IDA,,IDA total
1366,1979,IDA,,IDA total
1367,1978,IDA,,IDA total
1368,1977,IDA,,IDA total
1369,1976,IDA,,IDA total
1370,1975,IDA,,IDA total
1371,1974,IDA,,IDA total
1372,1973,IDA,,IDA total
1373,1972,IDA,,IDA total
1374,1971,IDA,,IDA total
1375,1970,IDA,,IDA total
1376,1969,IDA,,IDA total
1377,1968,IDA,,IDA total
1378,1967,IDA,,IDA total
1379,1966,IDA,,IDA total
1380,1965,IDA,,IDA total
1381,1964,IDA,,IDA total
1382,1963,IDA,,IDA total
1383,1962,IDA,,IDA total
1384,1961,IDA,,IDA total
1385,1960,IDA,,IDA total
1386,2025,LTE,,Late-demographic dividend
1387,2024,LTE,,Late-demographic dividend
1388,2023,LTE,,Late-demographic dividend
1389,2022,LTE,,Late-demographic dividend
1390,2021,LTE,,Late-demographic dividend
1391,2020,LTE,,Late-demographic dividend
1392,2019,LTE,,Late-demographic dividend
1393,2018,LTE,,Late-demographic dividend
1394,2017,LTE,,Late-demographic dividend
1395,2016,LTE,,Late-demographic dividend
1396,2015,LTE,,Late-demographic dividend
1397,2014,LTE,,Late-demographic dividend
1398,2013,LTE,,Late-demographic dividend
1399,2012,LTE,,Late-demographic dividend
1400,2011,LTE,,Late-demographic dividend
1401,2010,LTE,,Late-demographic dividend
1402,2009,LTE,,Late-demographic dividend
1403,2008,LTE,,Late-demographic dividend
1404,2007,LTE,,Late-demographic dividend
1405,2006,LTE,,Late-demographic dividend
1406,2005,LTE,,Late-demographic dividend
1407,2004,LTE,,Late-demographic dividend
1408,2003,LTE,,Late-demographic dividend
1409,2002,LTE,,Late-demographic dividend
1410,2001,LTE,,Late-demographic dividend
1411,2000,LTE,,Late-demographic dividend
1412,1999,LTE,,Late-demographic dividend
1413,1998,LTE,,Late-demographic dividend
1414,1997,LTE,,Late-demographic dividend
1415,1996,LTE,,Late-demographic dividend
1416,1995,LTE,,Late-demographic dividend
1417,1994,LTE,,Late-demographic dividend
1418,1993,LTE,,Late-demographic dividend
1419,1992,LTE,,Late-demographic dividend
1420,1991,LTE,,Late-demographic dividend
1421,1990,LTE,,Late-demographic dividend
1422,1989,LTE,,Late-demographic dividend
1423,1988,LTE,,Late-demographic dividend
1424,1987,LTE,,Late-demographic dividend
1425,1986,LTE,,Late-demographic dividend
1426,1985,LTE,,Late-demographic dividend
1427,1984,LTE,,Late-demographic dividend
1428,1983,LTE,,Late-demographic dividend
1429,1982,LTE,,Late-demographic dividend
1430,1981,LTE,,Late-demographic dividend
1431,1980,LTE,,Late-demographic dividend
1432,1979,LTE,,Late-demographic dividend
1433,1978,LTE,,Late-demographic dividend
1434,1977,LTE,,Late-demographic dividend
1435,1976,LTE,,Late-demographic dividend
1436,1975,LTE,,Late-demographic dividend
1437,1974,LTE,,Late-demographic dividend
1438,1973,LTE,,Late-demographic dividend
1439,1972,LTE,,Late-demographic dividend
1440,1971,LTE,,Late-demographic dividend
1441,1970,LTE,,Late-demographic dividend
1442,1969,LTE,,Late-demographic dividend
1443,1968,LTE,,Late-demographic dividend
1444,1967,LTE,,Late-demographic dividend
1445,1966,LTE,,Late-demographic dividend
1446,1965,LTE,,Late-demographic dividend
1447,1964,LTE,,Late-demographic dividend
1448,1963,LTE,,Late-demographic dividend
1449,1962,LTE,,Late-demographic dividend
1450,1961,LTE,,Late-demographic dividend
1451,1960,LTE,,Late-demographic dividend
1452,2025,LCN,,Latin America & Caribbean
1453,2024,LCN,,Latin America & Caribbean
1454,2023,LCN,,Latin America & Caribbean
1455,2022,LCN,,Latin America & Caribbean
1456,2021,LCN,,Latin America & Caribbean
1457,2020,LCN,,Latin America & Caribbean
1458,2019,LCN,,Latin America & Caribbean
1459,2018,LCN,,Latin America & Caribbean
1460,2017,LCN,,Latin America & Caribbean
1461,2016,LCN,,Latin America & Caribbean
1462,2015,LCN,,Latin America & Caribbean
1463,2014,LCN,,Latin America & Caribbean
1464,2013,LCN,,Latin America & Caribbean
1465,2012,LCN,,Latin America & Caribbean
1466,2011,LCN,,Latin America & Caribbean
1467,2010,LCN,,Latin America & Caribbean
1468,2009,LCN,,Latin America & Caribbean
1469,2008,LCN,,Latin America & Caribbean
1470,2007,LCN,,Latin America & Caribbean
1471,2006,LCN,,Latin America & Caribbean
1472,2005,LCN,,Latin America & Caribbean
1473,2004,LCN,,Latin America & Caribbean
1474,2003,LCN,,Latin America & Caribbean
1475,2002,LCN,,Latin America & Caribbean
1476,2001,LCN,,Latin America & Caribbean
1477,2000,LCN,,Latin America & Caribbean
1478,1999,LCN,,Latin America & Caribbean
1479,1998,LCN,,Latin America & Caribbean
1480,1997,LCN,,Latin America & Caribbean
1481,1996,LCN,,Latin America & Caribbean
1482,1995,LCN,,Latin America & Caribbean
1483,1994,LCN,,Latin America & Caribbean
1484,1993,LCN,,Latin America & Caribbean
1485,1992,LCN,,Latin America & Caribbean
1486,1991,LCN,,Latin America & Caribbean
1487,1990,LCN,,Latin America & Caribbean
1488,1989,LCN,,Latin America & Caribbean
1489,1988,LCN,,Latin America & Caribbean
1490,1987,LCN,,Latin America & Caribbean
1491,1986,LCN,,Latin America & Caribbean
1492,1985,LCN,,Latin America & Caribbean
1493,1984,LCN,,Latin America & Caribbean
1494,1983,LCN,,Latin America & Caribbean
1495,1982,LCN,,Latin America & Caribbean
1496,1981,LCN,,Latin America & Caribbean
1497,1980,LCN,,Latin America & Caribbean
1498,1979,LCN,,Latin America & Caribbean
1499,1978,LCN,,Latin America & Caribbean
1500,1977,LCN,,Latin America & Caribbean
1501,1976,LCN,,Latin America & Caribbean
1502,1975,LCN,,Latin America & Caribbean
1503,1974,LCN,,Latin America & Caribbean
1504,1973,LCN,,Latin America & Caribbean
1505,1972,LCN,,Latin America & Caribbean
1506,1971,LCN,,Latin America & Caribbean
1507,1970,LCN,,Latin America & Caribbean
1508,1969,LCN,,Latin America & Caribbean
1509,1968,LCN,,Latin America & Caribbean
1510,1967,LCN,,Latin America & Caribbean
1511,1966,LCN,,Latin America & Caribbean
1512,1965,LCN,,Latin America & Caribbean
1513,1964,LCN,,Latin America & Caribbean
1514,1963,LCN,,Latin America & Caribbean
1515,1962,LCN,,Latin America & Caribbean
1516,1961,LCN,,Latin America & Caribbean
1517,1960,LCN,,Latin America & Caribbean
1518,2025,LAC,,Latin America & Caribbean (excluding high income)
1519,2024,LAC,,Latin America & Caribbean (excluding high income)
1520,2023,LAC,,Latin America & Caribbean (excluding high income)
1521,2022,LAC,,Latin America & Caribbean (excluding high income)
1522,2021,LAC,,Latin America & Caribbean (excluding high income)
1523,2020,LAC,,Latin America & Caribbean (excluding high income)
1524,2019,LAC,,Latin America & Caribbean (excluding high income)
1525,2018,LAC,,Latin America & Caribbean (excluding high income)
1526,2017,LAC,,Latin America & Caribbean (excluding high income)
1527,2016,LAC,,Latin America & Caribbean (excluding high income)
1528,2015,LAC,,Latin America & Caribbean (excluding high income)
1529,2014,LAC,,Latin America & Caribbean (excluding high income)
1530,2013,LAC,,Latin America & Caribbean (excluding high income)
1531,2012,LAC,,Latin America & Caribbean (excluding high income)
1532,2011,LAC,,Latin America & Caribbean (excluding high income)
1533,2010,LAC,,Latin America & Caribbean (excluding high income)
1534,2009,LAC,,Latin America & Caribbean (excluding high income)
1535,2008,LAC,,Latin America & Caribbean (excluding high income)
1536,2007,LAC,,Latin America & Caribbean (excluding high income)
1537,2006,LAC,,Latin America & Caribbean (excluding high income)
1538,2005,LAC,,Latin America & Caribbean (excluding high income)
1539,2004,LAC,,Latin America & Caribbean (excluding high income)
1540,2003,LAC,,Latin America & Caribbean (excluding high income)
1541,2002,LAC,,Latin America & Caribbean (excluding high income)
1542,2001,LAC,,Latin America & Caribbean (excluding high income)
1543,2000,LAC,,Latin America & Caribbean (excluding high income)
1544,1999,LAC,,Latin America & Caribbean (excluding high income)
1545,1998,LAC,,Latin America & Caribbean (excluding high income)
1546,1997,LAC,,Latin America & Caribbean (excluding high income)
1547,1996,LAC,,Latin America & Caribbean (excluding high income)
1548,1995,LAC,,Latin America & Caribbean (excluding high income)
1549,1994,LAC,,Latin America & Caribbean (excluding high income)
1550,1993,LAC,,Latin America & Caribbean (excluding high income)
1551,1992,LAC,,Latin America & Caribbean (excluding high income)
1552,1991,LAC,,Latin America & Caribbean (excluding high income)
1553,1990,LAC,,Latin America & Caribbean (excluding high income)
1554,1989,LAC,,Latin America & Caribbean (excluding high income)
1555,1988,LAC,,Latin America & Caribbean (excluding high income)
1556,1987,LAC,,Latin America & Caribbean (excluding high income)
1557,1986,LAC,,Latin America & Caribbean (excluding high income)
1558,1985,LAC,,Latin America & Caribbean (excluding high income)
1559,1984,LAC,,Latin America & Caribbean (excluding high income)
1560,1983,LAC,,Latin America & Caribbean (excluding high income)
1561,1982,LAC,,Latin America & Caribbean (excluding high income)
1562,1981,LAC,,Latin America & Caribbean (excluding high income)
1563,1980,LAC,,Latin America & Caribbean (excluding high income)
1564,1979,LAC,,Latin America & Caribbean (excluding high income)
1565,1978,LAC,,Latin America & Caribbean (excluding high income)
1566,1977,LAC,,Latin America & Caribbean (excluding high income)
1567,1976,LAC,,Latin America & Caribbean (excluding high income)
1568,1975,LAC,,Latin America & Caribbean (excluding high income)
1569,1974,LAC,,Latin America & Caribbean (excluding high income)
1570,1973,LAC,,Latin America & Caribbean (excluding high income)
1571,1972,LAC,,Latin America & Caribbean (excluding high income)
1572,1971,LAC,,Latin America & Caribbean (excluding high income)
1573,1970,LAC,,Latin America & Caribbean (excluding high income)
1574,1969,LAC,,Latin America & Caribbean (excluding high income)
1575,1968,LAC,,Latin America & Caribbean (excluding high income)
1576,1967,LAC,,Latin America & Caribbean (excluding high income)
1577,1966,LAC,,Latin America & Caribbean (excluding high income)
1578,1965,LAC,,Latin America & Caribbean (excluding high income)
1579,1964,LAC,,Latin America & Caribbean (excluding high income)
1580,1963,LAC,,Latin America & Caribbean (excluding high income)
1581,1962,LAC,,Latin America & Caribbean (excluding high income)
1582,1961,LAC,,Latin America & Caribbean (excluding high income)
1583,1960,LAC,,Latin America & Caribbean (excluding high income)
1584,2025,TLA,,Latin America & the Caribbean (IDA & IBRD countries)
1585,2024,TLA,,Latin America & the Caribbean (IDA & IBRD countries)
1586,2023,TLA,,Latin America & the Caribbean (IDA & IBRD countries)
1587,2022,TLA,,Latin America & the Caribbean (IDA & IBRD countries)
1588,2021,TLA,,Latin America & the Caribbean (IDA & IBRD countries)
1589,2020,TLA,,Latin America & the Caribbean (IDA & IBRD countries)
1590,2019,TLA,,Latin America & the Caribbean (IDA & IBRD countries)
1591,2018,TLA,,Latin America & the Caribbean (IDA & IBRD countries)
1592,2017,TLA,,Latin America & the Caribbean (IDA & IBRD countries)
1593,2016,TLA,,Latin America & the Caribbean (IDA & IBRD countries)
1594,2015,TLA,,Latin America & the Caribbean (IDA & IBRD countries)
1595,2014,TLA,,Latin America & the Caribbean (IDA & IBRD countries)
1596,2013,TLA,,Latin America & the Caribbean (IDA & IBRD countries)
1597,2012,TLA,,Latin America & the Caribbean (IDA & IBRD countries)
1598,2011,TLA,,Latin America & the Caribbean (IDA & IBRD countries)
1599,2010,TLA,,Latin America & the Caribbean (IDA & IBRD countries)
1600,2009,TLA,,Latin America & the Caribbean (IDA & IBRD countries)
1601,2008,TLA,,Latin America & the Caribbean (IDA & IBRD countries)
1602,2007,TLA,,Latin America & the Caribbean (IDA & IBRD countries)
1603,2006,TLA,,Latin America & the Caribbean (IDA & IBRD countries)
1604,2005,TLA,,Latin America & the Caribbean (IDA & IBRD countries)
1605,2004,TLA,,Latin America & the Caribbean (IDA & IBRD countries)
1606,2003,TLA,,Latin America & the Caribbean (IDA & IBRD countries)
1607,2002,TLA,,Latin America & the Caribbean (IDA & IBRD countries)
1608,2001,TLA,,Latin America & the Caribbean (IDA & IBRD countries)
1609,2000,TLA,,Latin America & the Caribbean (IDA & IBRD countries)
1610,1999,TLA,,Latin America & the Caribbean (IDA & IBRD countries)
1611,1998,TLA,,Latin America & the Caribbean (IDA & IBRD countries)
1612,1997,TLA,,Latin America & the Caribbean (IDA & IBRD countries)
1613,1996,TLA,,Latin America & the Caribbean (IDA & IBRD countries)
1614,1995,TLA,,Latin America & the Caribbean (IDA & IBRD countries)
1615,1994,TLA,,Latin America & the Caribbean (IDA & IBRD countries)
1616,1993,TLA,,Latin America & the Caribbean (IDA & IBRD countries)
1617,1992,TLA,,Latin America & the Caribbean (IDA & IBRD countries)
1618,1991,TLA,,Latin America & the Caribbean (IDA & IBRD countries)
1619,1990,TLA,,Latin America & the Caribbean (IDA & IBRD countries)
1620,1989,TLA,,Latin America & the Caribbean (IDA & IBRD countries)
1621,1988,TLA,,Latin America & the Caribbean (IDA & IBRD countries)
1622,1987,TLA,,Latin America & the Caribbean (IDA & IBRD countries)
1623,1986,TLA,,Latin America & the Caribbean (IDA & IBRD countries)
1624,1985,TLA,,Latin America & the Caribbean (IDA & IBRD countries)
1625,1984,TLA,,Latin America & the Caribbean (IDA & IBRD countries)
1626,1983,TLA,,Latin America & the Caribbean (IDA & IBRD countries)
1627,1982,TLA,,Latin America & the Caribbean (IDA & IBRD countries)
1628,1981,TLA,,Latin America & the Caribbean (IDA & IBRD countries)
1629,1980,TLA,,Latin America & the Caribbean (IDA & IBRD countries)
1630,1979,TLA,,Latin America & the Caribbean (IDA & IBRD countries)
1631,1978,TLA,,Latin America & the Caribbean (IDA & IBRD countries)
1632,1977,TLA,,Latin America & the Caribbean (IDA & IBRD countries)
1633,1976,TLA,,Latin America & the Caribbean (IDA & IBRD countries)
1634,1975,TLA,,Latin America & the Caribbean (IDA & IBRD countries)
1635,1974,TLA,,Latin America & the Caribbean (IDA & IBRD countries)
1636,1973,TLA,,Latin America & the Caribbean (IDA & IBRD countries)
1637,1972,TLA,,Latin America & the Caribbean (IDA & IBRD countries)
1638,1971,TLA,,Latin America & the Caribbean (IDA & IBRD countries)
1639,1970,TLA,,Latin America & the Caribbean (IDA & IBRD countries)
1640,1969,TLA,,Latin America & the Caribbean (IDA & IBRD countries)
1641,1968,TLA,,Latin America & the Caribbean (IDA & IBRD countries)
1642,1967,TLA,,Latin America & the Caribbean (IDA & IBRD countries)
1643,1966,TLA,,Latin America & the Caribbean (IDA & IBRD countries)
1644,1965,TLA,,Latin America & the Caribbean (IDA & IBRD countries)
1645,1964,TLA,,Latin America & the Caribbean (IDA & IBRD countries)
1646,1963,TLA,,Latin America & the Caribbean (IDA & IBRD countries)
1647,1962,TLA,,Latin America & the Caribbean (IDA & IBRD countries)
1648,1961,TLA,,Latin America & the Caribbean (IDA & IBRD countries)
1649,1960,TLA,,Latin America & the Caribbean (IDA & IBRD countries)
1650,2025,LDC,,Least developed countries: UN classification
1651,2024,LDC,,Least developed countries: UN classification
1652,2023,LDC,,Least developed countries: UN classification
1653,2022,LDC,,Least developed countries: UN classification
1654,2021,LDC,,Least developed countries: UN classification
1655,2020,LDC,,Least developed countries: UN classification
1656,2019,LDC,,Least developed countries: UN classification
1657,2018,LDC,,Least developed countries: UN classification
1658,2017,LDC,,Least developed countries: UN classification
1659,2016,LDC,,Least developed countries: UN classification
1660,2015,LDC,,Least developed countries: UN classification
1661,2014,LDC,,Least developed countries: UN classification
1662,2013,LDC,,Least developed countries: UN classification
1663,2012,LDC,,Least developed countries: UN classification
1664,2011,LDC,,Least developed countries: UN classification
1665,2010,LDC,,Least developed countries: UN classification
1666,2009,LDC,,Least developed countries: UN classification
1667,2008,LDC,,Least developed countries: UN classification
1668,2007,LDC,,Least developed countries: UN classification
1669,2006,LDC,,Least developed countries: UN classification
1670,2005,LDC,,Least developed countries: UN classification
1671,2004,LDC,,Least developed countries: UN classification
1672,2003,LDC,,Least developed countries: UN classification
1673,2002,LDC,,Least developed countries: UN classification
1674,2001,LDC,,Least developed countries: UN classification
1675,2000,LDC,,Least developed countries: UN classification
1676,1999,LDC,,Least developed countries: UN classification
1677,1998,LDC,,Least developed countries: UN classification
1678,1997,LDC,,Least developed countries: UN classification
1679,1996,LDC,,Least developed countries: UN classification
1680,1995,LDC,,Least developed countries: UN classification
1681,1994,LDC,,Least developed countries: UN classification
1682,1993,LDC,,Least developed countries: UN classification
1683,1992,LDC,,Least developed countries: UN classification
1684,1991,LDC,,Least developed countries: UN classification
1685,1990,LDC,,Least developed countries: UN classification
1686,1989,LDC,,Least developed countries: UN classification
1687,1988,LDC,,Least developed countries: UN classification
1688,1987,LDC,,Least developed countries: UN classification
1689,1986,LDC,,Least developed countries: UN classification
1690,1985,LDC,,Least developed countries: UN classification
1691,1984,LDC,,Least developed countries: UN classification
1692,1983,LDC,,Least developed countries: UN classification
1693,1982,LDC,,Least developed countries: UN classification
1694,1981,LDC,,Least developed countries: UN classification
1695,1980,LDC,,Least developed countries: UN classification
1696,1979,LDC,,Least developed countries: UN classification
1697,1978,LDC,,Least developed countries: UN classification
1698,1977,LDC,,Least developed countries: UN classification
1699,1976,LDC,,Least developed countries: UN classification
1700,1975,LDC,,Least developed countries: UN classification
1701,1974,LDC,,Least developed countries: UN classification
1702,1973,LDC,,Least developed countries: UN classification
1703,1972,LDC,,Least developed countries: UN classification
1704,1971,LDC,,Least developed countries: UN classification
1705,1970,LDC,,Least developed countries: UN classification
1706,1969,LDC,,Least developed countries: UN classification
1707,1968,LDC,,Least developed countries: UN classification
1708,1967,LDC,,Least developed countries: UN classification
1709,1966,LDC,,Least developed countries: UN classification
1710,1965,LDC,,Least developed countries: UN classification
1711,1964,LDC,,Least developed countries: UN classification
1712,1963,LDC,,Least developed countries: UN classification
1713,1962,LDC,,Least developed countries: UN classification
1714,1961,LDC,,Least developed countries: UN classification
1715,1960,LDC,,Least developed countries: UN classification
1716,2025,LMY,,Low & middle income
1717,2024,LMY,,Low & middle income
1718,2023,LMY,,Low & middle income
1719,2022,LMY,,Low & middle income
1720,2021,LMY,,Low & middle income
1721,2020,LMY,,Low & middle income
1722,2019,LMY,,Low & middle income
1723,2018,LMY,,Low & middle income
1724,2017,LMY,,Low & middle income
1725,2016,LMY,,Low & middle income
1726,2015,LMY,,Low & middle income
1727,2014,LMY,,Low & middle income
1728,2013,LMY,,Low & middle income
1729,2012,LMY,,Low & middle income
1730,2011,LMY,,Low & middle income
1731,2010,LMY,,Low & middle income
1732,2009,LMY,,Low & middle income
1733,2008,LMY,,Low & middle income
1734,2007,LMY,,Low & middle income
1735,2006,LMY,,Low & middle income
1736,2005,LMY,,Low & middle income
1737,2004,LMY,,Low & middle income
1738,2003,LMY,,Low & middle income
1739,2002,LMY,,Low & middle income
1740,2001,LMY,,Low & middle income
1741,2000,LMY,,Low & middle income
1742,1999,LMY,,Low & middle income
1743,1998,LMY,,Low & middle income
1744,1997,LMY,,Low & middle income
1745,1996,LMY,,Low & middle income
1746,1995,LMY,,Low & middle income
1747,1994,LMY,,Low & middle income
1748,1993,LMY,,Low & middle income
1749,1992,LMY,,Low & middle income
1750,1991,LMY,,Low & middle income
1751,1990,LMY,,Low & middle income
1752,1989,LMY,,Low & middle income
1753,1988,LMY,,Low & middle income
1754,1987,LMY,,Low & middle income
1755,1986,LMY,,Low & middle income
1756,1985,LMY,,Low & middle income
1757,1984,LMY,,Low & middle income
1758,1983,LMY,,Low & middle income
1759,1982,LMY,,Low & middle income
1760,1981,LMY,,Low & middle income
1761,1980,LMY,,Low & middle income
1762,1979,LMY,,Low & middle income
1763,1978,LMY,,Low & middle income
1764,1977,LMY,,Low & middle income
1765,1976,LMY,,Low & middle income
1766,1975,LMY,,Low & middle income
1767,1974,LMY,,Low & middle income
1768,1973,LMY,,Low & middle income
1769,1972,LMY,,Low & middle income
1770,1971,LMY,,Low & middle income
1771,1970,LMY,,Low & middle income
1772,1969,LMY,,Low & middle income
1773,1968,LMY,,Low & middle income
1774,1967,LMY,,Low & middle income
1775,1966,LMY,,Low & middle income
1776,1965,LMY,,Low & middle income
1777,1964,LMY,,Low & middle income
1778,1963,LMY,,Low & middle income
1779,1962,LMY,,Low & middle income
1780,1961,LMY,,Low & middle income
1781,1960,LMY,,Low & middle income
1782,2025,,,Low income
1783,2024,,,Low income
1784,2023,,,Low income
1785,2022,,,Low income
1786,2021,,,Low income
1787,2020,,,Low income
1788,2019,,,Low income
1789,2018,,,Low income
1790,2017,,,Low income
1791,2016,,,Low income
1792,2015,,,Low income
1793,2014,,,Low income
1794,2013,,,Low income
1795,2012,,,Low income
1796,2011,,,Low income
1797,2010,,,Low income
1798,2009,,,Low income
1799,2008,,,Low income
1800,2007,,,Low income
1801,2006,,,Low income
1802,2005,,,Low income
1803,2004,,,Low income
1804,2003,,,Low income
1805,2002,,,Low income
1806,2001,,,Low income
1807,2000,,,Low income
1808,1999,,,Low income
1809,1998,,,Low income
1810,1997,,,Low income
1811,1996,,,Low income
1812,1995,,,Low income
1813,1994,,,Low income
1814,1993,,,Low income
1815,1992,,,Low income
1816,1991,,,Low income
1817,1990,,,Low income
1818,1989,,,Low income
1819,1988,,,Low income
1820,1987,,,Low income
1821,1986,,,Low income
1822,1985,,,Low income
1823,1984,,,Low income
1824,1983,,,Low income
1825,1982,,,Low income
1826,1981,,,Low income
1827,1980,,,Low income
1828,1979,,,Low income
1829,1978,,,Low income
1830,1977,,,Low income
1831,1976,,,Low income
1832,1975,,,Low income
1833,1974,,,Low income
1834,1973,,,Low income
1835,1972,,,Low income
1836,1971,,,Low income
1837,1970,,,Low income
1838,1969,,,Low income
1839,1968,,,Low income
1840,1967,,,Low income
1841,1966,,,Low income
1842,1965,,,Low income
1843,1964,,,Low income
1844,1963,,,Low income
1845,1962,,,Low income
1846,1961,,,Low income
1847,1960,,,Low income
1848,2025,,,Lower middle income
1849,2024,,,Lower middle income
1850,2023,,,Lower middle income
1851,2022,,,Lower middle income
1852,2021,,,Lower middle income
1853,2020,,,Lower middle income
1854,2019,,,Lower middle income
1855,2018,,,Lower middle income
1856,2017,,,Lower middle income
1857,2016,,,Lower middle income
1858,2015,,,Lower middle income
1859,2014,,,Lower middle income
1860,2013,,,Lower middle income
1861,2012,,,Lower middle income
1862,2011,,,Lower middle income
1863,2010,,,Lower middle income
1864,2009,,,Lower middle income
1865,2008,,,Lower middle income
1866,2007,,,Lower middle income
1867,2006,,,Lower middle income
1868,2005,,,Lower middle income
1869,2004,,,Lower middle income
1870,2003,,,Lower middle income
1871,2002,,,Lower middle income
1872,2001,,,Lower middle income
1873,2000,,,Lower middle income
1874,1999,,,Lower middle income
1875,1998,,,Lower middle income
1876,1997,,,Lower middle income
1877,1996,,,Lower middle income
1878,1995,,,Lower middle income
1879,1994,,,Lower middle income
1880,1993,,,Lower middle income
1881,1992,,,Lower middle income
1882,1991,,,Lower middle income
1883,1990,,,Lower middle income
1884,1989,,,Lower middle income
1885,1988,,,Lower middle income
1886,1987,,,Lower middle income
1887,1986,,,Lower middle income
1888,1985,,,Lower middle income
1889,1984,,,Lower middle income
1890,1983,,,Lower middle income
1891,1982,,,Lower middle income
1892,1981,,,Lower middle income
1893,1980,,,Lower middle income
1894,1979,,,Lower middle income
1895,1978,,,Lower middle income
1896,1977,,,Lower middle income
1897,1976,,,Lower middle income
1898,1975,,,Lower middle income
1899,1974,,,Lower middle income
1900,1973,,,Lower middle income
1901,1972,,,Lower middle income
1902,1971,,,Lower middle income
1903,1970,,,Lower middle income
1904,1969,,,Lower middle income
1905,1968,,,Lower middle income
1906,1967,,,Lower middle income
1907,1966,,,Lower middle income
1908,1965,,,Lower middle income
1909,1964,,,Lower middle income
1910,1963,,,Lower middle income
1911,1962,,,Lower middle income
1912,1961,,,Lower middle income
1913,1960,,,Lower middle income
1914,2025,MEA,,"Middle East, North Africa, Afghanistan & Pakistan"
1915,2024,MEA,,"Middle East, North Africa, Afghanistan & Pakistan"
1916,2023,MEA,,"Middle East, North Africa, Afghanistan & Pakistan"
1917,2022,MEA,,"Middle East, North Africa, Afghanistan & Pakistan"
1918,2021,MEA,,"Middle East, North Africa, Afghanistan & Pakistan"
1919,2020,MEA,,"Middle East, North Africa, Afghanistan & Pakistan"
1920,2019,MEA,,"Middle East, North Africa, Afghanistan & Pakistan"
1921,2018,MEA,,"Middle East, North Africa, Afghanistan & Pakistan"
1922,2017,MEA,,"Middle East, North Africa, Afghanistan & Pakistan"
1923,2016,MEA,,"Middle East, North Africa, Afghanistan & Pakistan"
1924,2015,MEA,,"Middle East, North Africa, Afghanistan & Pakistan"
1925,2014,MEA,,"Middle East, North Africa, Afghanistan & Pakistan"
1926,2013,MEA,,"Middle East, North Africa, Afghanistan & Pakistan"
1927,2012,MEA,,"Middle East, North Africa, Afghanistan & Pakistan"
1928,2011,MEA,,"Middle East, North Africa, Afghanistan & Pakistan"
1929,2010,MEA,,"Middle East, North Africa, Afghanistan & Pakistan"
1930,2009,MEA,,"Middle East, North Africa, Afghanistan & Pakistan"
1931,2008,MEA,,"Middle East, North Africa, Afghanistan & Pakistan"
1932,2007,MEA,,"Middle East, North Africa, Afghanistan & Pakistan"
1933,2006,MEA,,"Middle East, North Africa, Afghanistan & Pakistan"
1934,2005,MEA,,"Middle East, North Africa, Afghanistan & Pakistan"
1935,2004,MEA,,"Middle East, North Africa, Afghanistan & Pakistan"
1936,2003,MEA,,"Middle East, North Africa, Afghanistan & Pakistan"
1937,2002,MEA,,"Middle East, North Africa, Afghanistan & Pakistan"
1938,2001,MEA,,"Middle East, North Africa, Afghanistan & Pakistan"
1939,2000,MEA,,"Middle East, North Africa, Afghanistan & Pakistan"
1940,1999,MEA,,"Middle East, North Africa, Afghanistan & Pakistan"
1941,1998,MEA,,"Middle East, North Africa, Afghanistan & Pakistan"
1942,1997,MEA,,"Middle East, North Africa, Afghanistan & Pakistan"
1943,1996,MEA,,"Middle East, North Africa, Afghanistan & Pakistan"
1944,1995,MEA,,"Middle East, North Africa, Afghanistan & Pakistan"
1945,1994,MEA,,"Middle East, North Africa, Afghanistan & Pakistan"
1946,1993,MEA,,"Middle East, North Africa, Afghanistan & Pakistan"
1947,1992,MEA,,"Middle East, North Africa, Afghanistan & Pakistan"
1948,1991,MEA,,"Middle East, North Africa, Afghanistan & Pakistan"
1949,1990,MEA,,"Middle East, North Africa, Afghanistan & Pakistan"
1950,1989,MEA,,"Middle East, North Africa, Afghanistan & Pakistan"
1951,1988,MEA,,"Middle East, North Africa, Afghanistan & Pakistan"
1952,1987,MEA,,"Middle East, North Africa, Afghanistan & Pakistan"
1953,1986,MEA,,"Middle East, North Africa, Afghanistan & Pakistan"
1954,1985,MEA,,"Middle East, North Africa, Afghanistan & Pakistan"
1955,1984,MEA,,"Middle East, North Africa, Afghanistan & Pakistan"
1956,1983,MEA,,"Middle East, North Africa, Afghanistan & Pakistan"
1957,1982,MEA,,"Middle East, North Africa, Afghanistan & Pakistan"
1958,1981,MEA,,"Middle East, North Africa, Afghanistan & Pakistan"
1959,1980,MEA,,"Middle East, North Africa, Afghanistan & Pakistan"
1960,1979,MEA,,"Middle East, North Africa, Afghanistan & Pakistan"
1961,1978,MEA,,"Middle East, North Africa, Afghanistan & Pakistan"
1962,1977,MEA,,"Middle East, North Africa, Afghanistan & Pakistan"
1963,1976,MEA,,"Middle East, North Africa, Afghanistan & Pakistan"
1964,1975,MEA,,"Middle East, North Africa, Afghanistan & Pakistan"
1965,1974,MEA,,"Middle East, North Africa, Afghanistan & Pakistan"
1966,1973,MEA,,"Middle East, North Africa, Afghanistan & Pakistan"
1967,1972,MEA,,"Middle East, North Africa, Afghanistan & Pakistan"
1968,1971,MEA,,"Middle East, North Africa, Afghanistan & Pakistan"
1969,1970,MEA,,"Middle East, North Africa, Afghanistan & Pakistan"
1970,1969,MEA,,"Middle East, North Africa, Afghanistan & Pakistan"
1971,1968,MEA,,"Middle East, North Africa, Afghanistan & Pakistan"
1972,1967,MEA,,"Middle East, North Africa, Afghanistan & Pakistan"
1973,1966,MEA,,"Middle East, North Africa, Afghanistan & Pakistan"
1974,1965,MEA,,"Middle East, North Africa, Afghanistan & Pakistan"
1975,1964,MEA,,"Middle East, North Africa, Afghanistan & Pakistan"
1976,1963,MEA,,"Middle East, North Africa, Afghanistan & Pakistan"
1977,1962,MEA,,"Middle East, North Africa, Afghanistan & Pakistan"
1978,1961,MEA,,"Middle East, North Africa, Afghanistan & Pakistan"
1979,1960,MEA,,"Middle East, North Africa, Afghanistan & Pakistan"
1980,2025,MNA,,"Middle East, North Africa, Afghanistan & Pakistan (excluding high income)"
1981,2024,MNA,,"Middle East, North Africa, Afghanistan & Pakistan (excluding high income)"
1982,2023,MNA,,"Middle East, North Africa, Afghanistan & Pakistan (excluding high income)"
1983,2022,MNA,,"Middle East, North Africa, Afghanistan & Pakistan (excluding high income)"
1984,2021,MNA,,"Middle East, North Africa, Afghanistan & Pakistan (excluding high income)"
1985,2020,MNA,,"Middle East, North Africa, Afghanistan & Pakistan (excluding high income)"
1986,2019,MNA,,"Middle East, North Africa, Afghanistan & Pakistan (excluding high income)"
1987,2018,MNA,,"Middle East, North Africa, Afghanistan & Pakistan (excluding high income)"
1988,2017,MNA,,"Middle East, North Africa, Afghanistan & Pakistan (excluding high income)"
1989,2016,MNA,,"Middle East, North Africa, Afghanistan & Pakistan (excluding high income)"
1990,2015,MNA,,"Middle East, North Africa, Afghanistan & Pakistan (excluding high income)"
1991,2014,MNA,,"Middle East, North Africa, Afghanistan & Pakistan (excluding high income)"
1992,2013,MNA,,"Middle East, North Africa, Afghanistan & Pakistan (excluding high income)"
1993,2012,MNA,,"Middle East, North Africa, Afghanistan & Pakistan (excluding high income)"
1994,2011,MNA,,"Middle East, North Africa, Afghanistan & Pakistan (excluding high income)"
1995,2010,MNA,,"Middle East, North Africa, Afghanistan & Pakistan (excluding high income)"
1996,2009,MNA,,"Middle East, North Africa, Afghanistan & Pakistan (excluding high income)"
1997,2008,MNA,,"Middle East, North Africa, Afghanistan & Pakistan (excluding high income)"
1998,2007,MNA,,"Middle East, North Africa, Afghanistan & Pakistan (excluding high income)"
1999,2006,MNA,,"Middle East, North Africa, Afghanistan & Pakistan (excluding high income)"
2000,2005,MNA,,"Middle East, North Africa, Afghanistan & Pakistan (excluding high income)"
2001,2004,MNA,,"Middle East, North Africa, Afghanistan & Pakistan (excluding high income)"
2002,2003,MNA,,"Middle East, North Africa, Afghanistan & Pakistan (excluding high income)"
2003,2002,MNA,,"Middle East, North Africa, Afghanistan & Pakistan (excluding high income)"
2004,2001,MNA,,"Middle East, North Africa, Afghanistan & Pakistan (excluding high income)"
2005,2000,MNA,,"Middle East, North Africa, Afghanistan & Pakistan (excluding high income)"
2006,1999,MNA,,"Middle East, North Africa, Afghanistan & Pakistan (excluding high income)"
2007,1998,MNA,,"Middle East, North Africa, Afghanistan & Pakistan (excluding high income)"
2008,1997,MNA,,"Middle East, North Africa, Afghanistan & Pakistan (excluding high income)"
2009,1996,MNA,,"Middle East, North Africa, Afghanistan & Pakistan (excluding high income)"
2010,1995,MNA,,"Middle East, North Africa, Afghanistan & Pakistan (excluding high income)"
2011,1994,MNA,,"Middle East, North Africa, Afghanistan & Pakistan (excluding high income)"
2012,1993,MNA,,"Middle East, North Africa, Afghanistan & Pakistan (excluding high income)"
2013,1992,MNA,,"Middle East, North Africa, Afghanistan & Pakistan (excluding high income)"
2014,1991,MNA,,"Middle East, North Africa, Afghanistan & Pakistan (excluding high income)"
2015,1990,MNA,,"Middle East, North Africa, Afghanistan & Pakistan (excluding high income)"
2016,1989,MNA,,"Middle East, North Africa, Afghanistan & Pakistan (excluding high income)"
2017,1988,MNA,,"Middle East, North Africa, Afghanistan & Pakistan (excluding high income)"
2018,1987,MNA,,"Middle East, North Africa, Afghanistan & Pakistan (excluding high income)"
2019,1986,MNA,,"Middle East, North Africa, Afghanistan & Pakistan (excluding high income)"
2020,1985,MNA,,"Middle East, North Africa, Afghanistan & Pakistan (excluding high income)"
2021,1984,MNA,,"Middle East, North Africa, Afghanistan & Pakistan (excluding high income)"
2022,1983,MNA,,"Middle East, North Africa, Afghanistan & Pakistan (excluding high income)"
2023,1982,MNA,,"Middle East, North Africa, Afghanistan & Pakistan (excluding high income)"
2024,1981,MNA,,"Middle East, North Africa, Afghanistan & Pakistan (excluding high income)"
2025,1980,MNA,,"Middle East, North Africa, Afghanistan & Pakistan (excluding high income)"
2026,1979,MNA,,"Middle East, North Africa, Afghanistan & Pakistan (excluding high income)"
2027,1978,MNA,,"Middle East, North Africa, Afghanistan & Pakistan (excluding high income)"
2028,1977,MNA,,"Middle East, North Africa, Afghanistan & Pakistan (excluding high income)"
2029,1976,MNA,,"Middle East, North Africa, Afghanistan & Pakistan (excluding high income)"
2030,1975,MNA,,"Middle East, North Africa, Afghanistan & Pakistan (excluding high income)"
2031,1974,MNA,,"Middle East, North Africa, Afghanistan & Pakistan (excluding high income)"
2032,1973,MNA,,"Middle East, North Africa, Afghanistan & Pakistan (excluding high income)"
2033,1972,MNA,,"Middle East, North Africa, Afghanistan & Pakistan (excluding high income)"
2034,1971,MNA,,"Middle East, North Africa, Afghanistan & Pakistan (excluding high income)"
2035,1970,MNA,,"Middle East, North Africa, Afghanistan & Pakistan (excluding high income)"
2036,1969,MNA,,"Middle East, North Africa, Afghanistan & Pakistan (excluding high income)"
2037,1968,MNA,,"Middle East, North Africa, Afghanistan & Pakistan (excluding high income)"
2038,1967,MNA,,"Middle East, North Africa, Afghanistan & Pakistan (excluding high income)"
2039,1966,MNA,,"Middle East, North Africa, Afghanistan & Pakistan (excluding high income)"
2040,1965,MNA,,"Middle East, North Africa, Afghanistan & Pakistan (excluding high income)"
2041,1964,MNA,,"Middle East, North Africa, Afghanistan & Pakistan (excluding high income)"
2042,1963,MNA,,"Middle East, North Africa, Afghanistan & Pakistan (excluding high income)"
2043,1962,MNA,,"Middle East, North Africa, Afghanistan & Pakistan (excluding high income)"
2044,1961,MNA,,"Middle East, North Africa, Afghanistan & Pakistan (excluding high income)"
2045,1960,MNA,,"Middle East, North Africa, Afghanistan & Pakistan (excluding high income)"
2046,2025,TMN,,"Middle East, North Africa, Afghanistan & Pakistan (IDA & IBRD)"
2047,2024,TMN,,"Middle East, North Africa, Afghanistan & Pakistan (IDA & IBRD)"
2048,2023,TMN,,"Middle East, North Africa, Afghanistan & Pakistan (IDA & IBRD)"
2049,2022,TMN,,"Middle East, North Africa, Afghanistan & Pakistan (IDA & IBRD)"
2050,2021,TMN,,"Middle East, North Africa, Afghanistan & Pakistan (IDA & IBRD)"
2051,2020,TMN,,"Middle East, North Africa, Afghanistan & Pakistan (IDA & IBRD)"
2052,2019,TMN,,"Middle East, North Africa, Afghanistan & Pakistan (IDA & IBRD)"
2053,2018,TMN,,"Middle East, North Africa, Afghanistan & Pakistan (IDA & IBRD)"
2054,2017,TMN,,"Middle East, North Africa, Afghanistan & Pakistan (IDA & IBRD)"
2055,2016,TMN,,"Middle East, North Africa, Afghanistan & Pakistan (IDA & IBRD)"
2056,2015,TMN,,"Middle East, North Africa, Afghanistan & Pakistan (IDA & IBRD)"
2057,2014,TMN,,"Middle East, North Africa, Afghanistan & Pakistan (IDA & IBRD)"
2058,2013,TMN,,"Middle East, North Africa, Afghanistan & Pakistan (IDA & IBRD)"
2059,2012,TMN,,"Middle East, North Africa, Afghanistan & Pakistan (IDA & IBRD)"
2060,2011,TMN,,"Middle East, North Africa, Afghanistan & Pakistan (IDA & IBRD)"
2061,2010,TMN,,"Middle East, North Africa, Afghanistan & Pakistan (IDA & IBRD)"
2062,2009,TMN,,"Middle East, North Africa, Afghanistan & Pakistan (IDA & IBRD)"
2063,2008,TMN,,"Middle East, North Africa, Afghanistan & Pakistan (IDA & IBRD)"
2064,2007,TMN,,"Middle East, North Africa, Afghanistan & Pakistan (IDA & IBRD)"
2065,2006,TMN,,"Middle East, North Africa, Afghanistan & Pakistan (IDA & IBRD)"
2066,2005,TMN,,"Middle East, North Africa, Afghanistan & Pakistan (IDA & IBRD)"
2067,2004,TMN,,"Middle East, North Africa, Afghanistan & Pakistan (IDA & IBRD)"
2068,2003,TMN,,"Middle East, North Africa, Afghanistan & Pakistan (IDA & IBRD)"
2069,2002,TMN,,"Middle East, North Africa, Afghanistan & Pakistan (IDA & IBRD)"
2070,2001,TMN,,"Middle East, North Africa, Afghanistan & Pakistan (IDA & IBRD)"
2071,2000,TMN,,"Middle East, North Africa, Afghanistan & Pakistan (IDA & IBRD)"
2072,1999,TMN,,"Middle East, North Africa, Afghanistan & Pakistan (IDA & IBRD)"
2073,1998,TMN,,"Middle East, North Africa, Afghanistan & Pakistan (IDA & IBRD)"
2074,1997,TMN,,"Middle East, North Africa, Afghanistan & Pakistan (IDA & IBRD)"
2075,1996,TMN,,"Middle East, North Africa, Afghanistan & Pakistan (IDA & IBRD)"
2076,1995,TMN,,"Middle East, North Africa, Afghanistan & Pakistan (IDA & IBRD)"
2077,1994,TMN,,"Middle East, North Africa, Afghanistan & Pakistan (IDA & IBRD)"
2078,1993,TMN,,"Middle East, North Africa, Afghanistan & Pakistan (IDA & IBRD)"
2079,1992,TMN,,"Middle East, North Africa, Afghanistan & Pakistan (IDA & IBRD)"
2080,1991,TMN,,"Middle East, North Africa, Afghanistan & Pakistan (IDA & IBRD)"
2081,1990,TMN,,"Middle East, North Africa, Afghanistan & Pakistan (IDA & IBRD)"
2082,1989,TMN,,"Middle East, North Africa, Afghanistan & Pakistan (IDA & IBRD)"
2083,1988,TMN,,"Middle East, North Africa, Afghanistan & Pakistan (IDA & IBRD)"
2084,1987,TMN,,"Middle East, North Africa, Afghanistan & Pakistan (IDA & IBRD)"
2085,1986,TMN,,"Middle East, North Africa, Afghanistan & Pakistan (IDA & IBRD)"
2086,1985,TMN,,"Middle East, North Africa, Afghanistan & Pakistan (IDA & IBRD)"
2087,1984,TMN,,"Middle East, North Africa, Afghanistan & Pakistan (IDA & IBRD)"
2088,1983,TMN,,"Middle East, North Africa, Afghanistan & Pakistan (IDA & IBRD)"
2089,1982,TMN,,"Middle East, North Africa, Afghanistan & Pakistan (IDA & IBRD)"
2090,1981,TMN,,"Middle East, North Africa, Afghanistan & Pakistan (IDA & IBRD)"
2091,1980,TMN,,"Middle East, North Africa, Afghanistan & Pakistan (IDA & IBRD)"
2092,1979,TMN,,"Middle East, North Africa, Afghanistan & Pakistan (IDA & IBRD)"
2093,1978,TMN,,"Middle East, North Africa, Afghanistan & Pakistan (IDA & IBRD)"
2094,1977,TMN,,"Middle East, North Africa, Afghanistan & Pakistan (IDA & IBRD)"
2095,1976,TMN,,"Middle East, North Africa, Afghanistan & Pakistan (IDA & IBRD)"
2096,1975,TMN,,"Middle East, North Africa, Afghanistan & Pakistan (IDA & IBRD)"
2097,1974,TMN,,"Middle East, North Africa, Afghanistan & Pakistan (IDA & IBRD)"
2098,1973,TMN,,"Middle East, North Africa, Afghanistan & Pakistan (IDA & IBRD)"
2099,1972,TMN,,"Middle East, North Africa, Afghanistan & Pakistan (IDA & IBRD)"
2100,1971,TMN,,"Middle East, North Africa, Afghanistan & Pakistan (IDA & IBRD)"
2101,1970,TMN,,"Middle East, North Africa, Afghanistan & Pakistan (IDA & IBRD)"
2102,1969,TMN,,"Middle East, North Africa, Afghanistan & Pakistan (IDA & IBRD)"
2103,1968,TMN,,"Middle East, North Africa, Afghanistan & Pakistan (IDA & IBRD)"
2104,1967,TMN,,"Middle East, North Africa, Afghanistan & Pakistan (IDA & IBRD)"
2105,1966,TMN,,"Middle East, North Africa, Afghanistan & Pakistan (IDA & IBRD)"
2106,1965,TMN,,"Middle East, North Africa, Afghanistan & Pakistan (IDA & IBRD)"
2107,1964,TMN,,"Middle East, North Africa, Afghanistan & Pakistan (IDA & IBRD)"
2108,1963,TMN,,"Middle East, North Africa, Afghanistan & Pakistan (IDA & IBRD)"
2109,1962,TMN,,"Middle East, North Africa, Afghanistan & Pakistan (IDA & IBRD)"
2110,1961,TMN,,"Middle East, North Africa, Afghanistan & Pakistan (IDA & IBRD)"
2111,1960,TMN,,"Middle East, North Africa, Afghanistan & Pakistan (IDA & IBRD)"
2112,2025,MIC,,Middle income
2113,2024,MIC,,Middle income
2114,2023,MIC,,Middle income
2115,2022,MIC,,Middle income
2116,2021,MIC,,Middle income
2117,2020,MIC,,Middle income
2118,2019,MIC,,Middle income
2119,2018,MIC,,Middle income
2120,2017,MIC,,Middle income
2121,2016,MIC,,Middle income
2122,2015,MIC,,Middle income
2123,2014,MIC,,Middle income
2124,2013,MIC,,Middle income
2125,2012,MIC,,Middle income
2126,2011,MIC,,Middle income
2127,2010,MIC,,Middle income
2128,2009,MIC,,Middle income
2129,2008,MIC,,Middle income
2130,2007,MIC,,Middle income
2131,2006,MIC,,Middle income
2132,2005,MIC,,Middle income
2133,2004,MIC,,Middle income
2134,2003,MIC,,Middle income
2135,2002,MIC,,Middle income
2136,2001,MIC,,Middle income
2137,2000,MIC,,Middle income
2138,1999,MIC,,Middle income
2139,1998,MIC,,Middle income
2140,1997,MIC,,Middle income
2141,1996,MIC,,Middle income
2142,1995,MIC,,Middle income
2143,1994,MIC,,Middle income
2144,1993,MIC,,Middle income
2145,1992,MIC,,Middle income
2146,1991,MIC,,Middle income
2147,1990,MIC,,Middle income
2148,1989,MIC,,Middle income
2149,1988,MIC,,Middle income
2150,1987,MIC,,Middle income
2151,1986,MIC,,Middle income
2152,1985,MIC,,Middle income
2153,1984,MIC,,Middle income
2154,1983,MIC,,Middle income
2155,1982,MIC,,Middle income
2156,1981,MIC,,Middle income
2157,1980,MIC,,Middle income
2158,1979,MIC,,Middle income
2159,1978,MIC,,Middle income
2160,1977,MIC,,Middle income
2161,1976,MIC,,Middle income
2162,1975,MIC,,Middle income
2163,1974,MIC,,Middle income
2164,1973,MIC,,Middle income
2165,1972,MIC,,Middle income
2166,1971,MIC,,Middle income
2167,1970,MIC,,Middle income
2168,1969,MIC,,Middle income
2169,1968,MIC,,Middle income
2170,1967,MIC,,Middle income
2171,1966,MIC,,Middle income
2172,1965,MIC,,Middle income
2173,1964,MIC,,Middle income
2174,1963,MIC,,Middle income
2175,1962,MIC,,Middle income
2176,1961,MIC,,Middle income
2177,1960,MIC,,Middle income
2178,2025,NAC,,North America
2179,2024,NAC,,North America
2180,2023,NAC,,North America
2181,2022,NAC,,North America
2182,2021,NAC,,North America
2183,2020,NAC,,North America
2184,2019,NAC,,North America
2185,2018,NAC,,North America
2186,2017,NAC,,North America
2187,2016,NAC,,North America
2188,2015,NAC,,North America
2189,2014,NAC,,North America
2190,2013,NAC,,North America
2191,2012,NAC,,North America
2192,2011,NAC,,North America
2193,2010,NAC,,North America
2194,2009,NAC,,North America
2195,2008,NAC,,North America
2196,2007,NAC,,North America
2197,2006,NAC,,North America
2198,2005,NAC,,North America
2199,2004,NAC,,North America
2200,2003,NAC,,North America
2201,2002,NAC,,North America
2202,2001,NAC,,North America
2203,2000,NAC,,North America
2204,1999,NAC,,North America
2205,1998,NAC,,North America
2206,1997,NAC,,North America
2207,1996,NAC,,North America
2208,1995,NAC,,North America
2209,1994,NAC,,North America
2210,1993,NAC,,North America
2211,1992,NAC,,North America
2212,1991,NAC,,North America
2213,1990,NAC,,North America
2214,1989,NAC,,North America
2215,1988,NAC,,North America
2216,1987,NAC,,North America
2217,1986,NAC,,North America
2218,1985,NAC,,North America
2219,1984,NAC,,North America
2220,1983,NAC,,North America
2221,1982,NAC,,North America
2222,1981,NAC,,North America
2223,1980,NAC,,North America
2224,1979,NAC,,North America
2225,1978,NAC,,North America
2226,1977,NAC,,North America
2227,1976,NAC,,North America
2228,1975,NAC,,North America
2229,1974,NAC,,North America
2230,1973,NAC,,North America
2231,1972,NAC,,North America
2232,1971,NAC,,North America
2233,1970,NAC,,North America
2234,1969,NAC,,North America
2235,1968,NAC,,North America
2236,1967,NAC,,North America
2237,1966,NAC,,North America
2238,1965,NAC,,North America
2239,1964,NAC,,North America
2240,1963,NAC,,North America
2241,1962,NAC,,North America
2242,1961,NAC,,North America
2243,1960,NAC,,North America
2244,2025,,,Not classified
2245,2024,,,Not classified
2246,2023,,,Not classified
2247,2022,,,Not classified
2248,2021,,,Not classified
2249,2020,,,Not classified
2250,2019,,,Not classified
2251,2018,,,Not classified
2252,2017,,,Not classified
2253,2016,,,Not classified
2254,2015,,,Not classified
2255,2014,,,Not classified
2256,2013,,,Not classified
2257,2012,,,Not classified
2258,2011,,,Not classified
2259,2010,,,Not classified
2260,2009,,,Not classified
2261,2008,,,Not classified
2262,2007,,,Not classified
2263,2006,,,Not classified
2264,2005,,,Not classified
2265,2004,,,Not classified
2266,2003,,,Not classified
2267,2002,,,Not classified
2268,2001,,,Not classified
2269,2000,,,Not classified
2270,1999,,,Not classified
2271,1998,,,Not classified
2272,1997,,,Not classified
2273,1996,,,Not classified
2274,1995,,,Not classified
2275,1994,,,Not classified
2276,1993,,,Not classified
2277,1992,,,Not classified
2278,1991,,,Not classified
2279,1990,,,Not classified
2280,1989,,,Not classified
2281,1988,,,Not classified
2282,1987,,,Not classified
2283,1986,,,Not classified
2284,1985,,,Not classified
2285,1984,,,Not classified
2286,1983,,,Not classified
2287,1982,,,Not classified
2288,1981,,,Not classified
2289,1980,,,Not classified
2290,1979,,,Not classified
2291,1978,,,Not classified
2292,1977,,,Not classified
2293,1976,,,Not classified
2294,1975,,,Not classified
2295,1974,,,Not classified
2296,1973,,,Not classified
2297,1972,,,Not classified
2298,1971,,,Not classified
2299,1970,,,Not classified
2300,1969,,,Not classified
2301,1968,,,Not classified
2302,1967,,,Not classified
2303,1966,,,Not classified
2304,1965,,,Not classified
2305,1964,,,Not classified
2306,1963,,,Not classified
2307,1962,,,Not classified
2308,1961,,,Not classified
2309,1960,,,Not classified
2310,2025,OED,,OECD members
2311,2024,OED,,OECD members
2312,2023,OED,,OECD members
2313,2022,OED,,OECD members
2314,2021,OED,,OECD members
2315,2020,OED,,OECD members
2316,2019,OED,,OECD members
2317,2018,OED,,OECD members
2318,2017,OED,,OECD members
2319,2016,OED,,OECD members
2320,2015,OED,,OECD members
2321,2014,OED,,OECD members
2322,2013,OED,,OECD members
2323,2012,OED,,OECD members
2324,2011,OED,,OECD members
2325,2010,OED,,OECD members
2326,2009,OED,,OECD members
2327,2008,OED,,OECD members
2328,2007,OED,,OECD members
2329,2006,OED,,OECD members
2330,2005,OED,,OECD members
2331,2004,OED,,OECD members
2332,2003,OED,,OECD members
2333,2002,OED,,OECD members
2334,2001,OED,,OECD members
2335,2000,OED,,OECD members
2336,1999,OED,,OECD members
2337,1998,OED,,OECD members
2338,1997,OED,,OECD members
2339,1996,OED,,OECD members
2340,1995,OED,,OECD members
2341,1994,OED,,OECD members
2342,1993,OED,,OECD members
2343,1992,OED,,OECD members
2344,1991,OED,,OECD members
2345,1990,OED,,OECD members
2346,1989,OED,,OECD members
2347,1988,OED,,OECD members
2348,1987,OED,,OECD members
2349,1986,OED,,OECD members
2350,1985,OED,,OECD members
2351,1984,OED,,OECD members
2352,1983,OED,,OECD members
2353,1982,OED,,OECD members
2354,1981,OED,,OECD members
2355,1980,OED,,OECD members
2356,1979,OED,,OECD members
2357,1978,OED,,OECD members
2358,1977,OED,,OECD members
2359,1976,OED,,OECD members
2360,1975,OED,,OECD members
2361,1974,OED,,OECD members
2362,1973,OED,,OECD members
2363,1972,OED,,OECD members
2364,1971,OED,,OECD members
2365,1970,OED,,OECD members
2366,1969,OED,,OECD members
2367,1968,OED,,OECD members
2368,1967,OED,,OECD members
2369,1966,OED,,OECD members
2370,1965,OED,,OECD members
2371,1964,OED,,OECD members
2372,1963,OED,,OECD members
2373,1962,OED,,OECD members
2374,1961,OED,,OECD members
2375,1960,OED,,OECD members
2376,2025,OSS,,Other small states
2377,2024,OSS,,Other small states
2378,2023,OSS,,Other small states
2379,2022,OSS,,Other small states
2380,2021,OSS,,Other small states
2381,2020,OSS,,Other small states
2382,2019,OSS,,Other small states
2383,2018,OSS,,Other small states
2384,2017,OSS,,Other small states
2385,2016,OSS,,Other small states
2386,2015,OSS,,Other small states
2387,2014,OSS,,Other small states
2388,2013,OSS,,Other small states
2389,2012,OSS,,Other small states
2390,2011,OSS,,Other small states
2391,2010,OSS,,Other small states
2392,2009,OSS,,Other small states
2393,2008,OSS,,Other small states
2394,2007,OSS,,Other small states
2395,2006,OSS,,Other small states
2396,2005,OSS,,Other small states
2397,2004,OSS,,Other small states
2398,2003,OSS,,Other small states
2399,2002,OSS,,Other small states
2400,2001,OSS,,Other small states
2401,2000,OSS,,Other small states
2402,1999,OSS,,Other small states
2403,1998,OSS,,Other small states
2404,1997,OSS,,Other small states
2405,1996,OSS,,Other small states
2406,1995,OSS,,Other small states
2407,1994,OSS,,Other small states
2408,1993,OSS,,Other small states
2409,1992,OSS,,Other small states
2410,1991,OSS,,Other small states
2411,1990,OSS,,Other small states
2412,1989,OSS,,Other small states
2413,1988,OSS,,Other small states
2414,1987,OSS,,Other small states
2415,1986,OSS,,Other small states
2416,1985,OSS,,Other small states
2417,1984,OSS,,Other small states
2418,1983,OSS,,Other small states
2419,1982,OSS,,Other small states
2420,1981,OSS,,Other small states
2421,1980,OSS,,Other small states
2422,1979,OSS,,Other small states
2423,1978,OSS,,Other small states
2424,1977,OSS,,Other small states
2425,1976,OSS,,Other small states
2426,1975,OSS,,Other small states
2427,1974,OSS,,Other small states
2428,1973,OSS,,Other small states
2429,1972,OSS,,Other small states
2430,1971,OSS,,Other small states
2431,1970,OSS,,Other small states
2432,1969,OSS,,Other small states
2433,1968,OSS,,Other small states
2434,1967,OSS,,Other small states
2435,1966,OSS,,Other small states
2436,1965,OSS,,Other small states
2437,1964,OSS,,Other small states
2438,1963,OSS,,Other small states
2439,1962,OSS,,Other small states
2440,1961,OSS,,Other small states
2441,1960,OSS,,Other small states
2442,2025,PSS,,Pacific island small states
2443,2024,PSS,,Pacific island small states
2444,2023,PSS,,Pacific island small states
2445,2022,PSS,,Pacific island small states
2446,2021,PSS,,Pacific island small states
2447,2020,PSS,,Pacific island small states
2448,2019,PSS,,Pacific island small states
2449,2018,PSS,,Pacific island small states
2450,2017,PSS,,Pacific island small states
2451,2016,PSS,,Pacific island small states
2452,2015,PSS,,Pacific island small states
2453,2014,PSS,,Pacific island small states
2454,2013,PSS,,Pacific island small states
2455,2012,PSS,,Pacific island small states
2456,2011,PSS,,Pacific island small states
2457,2010,PSS,,Pacific island small states
2458,2009,PSS,,Pacific island small states
2459,2008,PSS,,Pacific island small states
2460,2007,PSS,,Pacific island small states
2461,2006,PSS,,Pacific island small states
2462,2005,PSS,,Pacific island small states
2463,2004,PSS,,Pacific island small states
2464,2003,PSS,,Pacific island small states
2465,2002,PSS,,Pacific island small states
2466,2001,PSS,,Pacific island small states
2467,2000,PSS,,Pacific island small states
2468,1999,PSS,,Pacific island small states
2469,1998,PSS,,Pacific island small states
2470,1997,PSS,,Pacific island small states
2471,1996,PSS,,Pacific island small states
2472,1995,PSS,,Pacific island small states
2473,1994,PSS,,Pacific island small states
2474,1993,PSS,,Pacific island small states
2475,1992,PSS,,Pacific island small states
2476,1991,PSS,,Pacific island small states
2477,1990,PSS,,Pacific island small states
2478,1989,PSS,,Pacific island small states
2479,1988,PSS,,Pacific island small states
2480,1987,PSS,,Pacific island small states
2481,1986,PSS,,Pacific island small states
2482,1985,PSS,,Pacific island small states
2483,1984,PSS,,Pacific island small states
2484,1983,PSS,,Pacific island small states
2485,1982,PSS,,Pacific island small states
2486,1981,PSS,,Pacific island small states
2487,1980,PSS,,Pacific island small states
2488,1979,PSS,,Pacific island small states
2489,1978,PSS,,Pacific island small states
2490,1977,PSS,,Pacific island small states
2491,1976,PSS,,Pacific island small states
2492,1975,PSS,,Pacific island small states
2493,1974,PSS,,Pacific island small states
2494,1973,PSS,,Pacific island small states
2495,1972,PSS,,Pacific island small states
2496,1971,PSS,,Pacific island small states
2497,1970,PSS,,Pacific island small states
2498,1969,PSS,,Pacific island small states
2499,1968,PSS,,Pacific island small states
2500,1967,PSS,,Pacific island small states
2501,1966,PSS,,Pacific island small states
2502,1965,PSS,,Pacific island small states
2503,1964,PSS,,Pacific island small states
2504,1963,PSS,,Pacific island small states
2505,1962,PSS,,Pacific island small states
2506,1961,PSS,,Pacific island small states
2507,1960,PSS,,Pacific island small states
2508,2025,PST,,Post-demographic dividend
2509,2024,PST,,Post-demographic dividend
2510,2023,PST,,Post-demographic dividend
2511,2022,PST,,Post-demographic dividend
2512,2021,PST,,Post-demographic dividend
2513,2020,PST,,Post-demographic dividend
2514,2019,PST,,Post-demographic dividend
2515,2018,PST,,Post-demographic dividend
2516,2017,PST,,Post-demographic dividend
2517,2016,PST,,Post-demographic dividend
2518,2015,PST,,Post-demographic dividend
2519,2014,PST,,Post-demographic dividend
2520,2013,PST,,Post-demographic dividend
2521,2012,PST,,Post-demographic dividend
2522,2011,PST,,Post-demographic dividend
2523,2010,PST,,Post-demographic dividend
2524,2009,PST,,Post-demographic dividend
2525,2008,PST,,Post-demographic dividend
2526,2007,PST,,Post-demographic dividend
2527,2006,PST,,Post-demographic dividend
2528,2005,PST,,Post-demographic dividend
2529,2004,PST,,Post-demographic dividend
2530,2003,PST,,Post-demographic dividend
2531,2002,PST,,Post-demographic dividend
2532,2001,PST,,Post-demographic dividend
2533,2000,PST,,Post-demographic dividend
2534,1999,PST,,Post-demographic dividend
2535,1998,PST,,Post-demographic dividend
2536,1997,PST,,Post-demographic dividend
2537,1996,PST,,Post-demographic dividend
2538,1995,PST,,Post-demographic dividend
2539,1994,PST,,Post-demographic dividend
2540,1993,PST,,Post-demographic dividend
2541,1992,PST,,Post-demographic dividend
2542,1991,PST,,Post-demographic dividend
2543,1990,PST,,Post-demographic dividend
2544,1989,PST,,Post-demographic dividend
2545,1988,PST,,Post-demographic dividend
2546,1987,PST,,Post-demographic dividend
2547,1986,PST,,Post-demographic dividend
2548,1985,PST,,Post-demographic dividend
2549,1984,PST,,Post-demographic dividend
2550,1983,PST,,Post-demographic dividend
2551,1982,PST,,Post-demographic dividend
2552,1981,PST,,Post-demographic dividend
2553,1980,PST,,Post-demographic dividend
2554,1979,PST,,Post-demographic dividend
2555,1978,PST,,Post-demographic dividend
2556,1977,PST,,Post-demographic dividend
2557,1976,PST,,Post-demographic dividend
2558,1975,PST,,Post-demographic dividend
2559,1974,PST,,Post-demographic dividend
2560,1973,PST,,Post-demographic dividend
2561,1972,PST,,Post-demographic dividend
2562,1971,PST,,Post-demographic dividend
2563,1970,PST,,Post-demographic dividend
2564,1969,PST,,Post-demographic dividend
2565,1968,PST,,Post-demographic dividend
2566,1967,PST,,Post-demographic dividend
2567,1966,PST,,Post-demographic dividend
2568,1965,PST,,Post-demographic dividend
2569,1964,PST,,Post-demographic dividend
2570,1963,PST,,Post-demographic dividend
2571,1962,PST,,Post-demographic dividend
2572,1961,PST,,Post-demographic dividend
2573,1960,PST,,Post-demographic dividend
2574,2025,PRE,,Pre-demographic dividend
2575,2024,PRE,,Pre-demographic dividend
2576,2023,PRE,,Pre-demographic dividend
2577,2022,PRE,,Pre-demographic dividend
2578,2021,PRE,,Pre-demographic dividend
2579,2020,PRE,,Pre-demographic dividend
2580,2019,PRE,,Pre-demographic dividend
2581,2018,PRE,,Pre-demographic dividend
2582,2017,PRE,,Pre-demographic dividend
2583,2016,PRE,,Pre-demographic dividend
2584,2015,PRE,,Pre-demographic dividend
2585,2014,PRE,,Pre-demographic dividend
2586,2013,PRE,,Pre-demographic dividend
2587,2012,PRE,,Pre-demographic dividend
2588,2011,PRE,,Pre-demographic dividend
2589,2010,PRE,,Pre-demographic dividend
2590,2009,PRE,,Pre-demographic dividend
2591,2008,PRE,,Pre-demographic dividend
2592,2007,PRE,,Pre-demographic dividend
2593,2006,PRE,,Pre-demographic dividend
2594,2005,PRE,,Pre-demographic dividend
2595,2004,PRE,,Pre-demographic dividend
2596,2003,PRE,,Pre-demographic dividend
2597,2002,PRE,,Pre-demographic dividend
2598,2001,PRE,,Pre-demographic dividend
2599,2000,PRE,,Pre-demographic dividend
2600,1999,PRE,,Pre-demographic dividend
2601,1998,PRE,,Pre-demographic dividend
2602,1997,PRE,,Pre-demographic dividend
2603,1996,PRE,,Pre-demographic dividend
2604,1995,PRE,,Pre-demographic dividend
2605,1994,PRE,,Pre-demographic dividend
2606,1993,PRE,,Pre-demographic dividend
2607,1992,PRE,,Pre-demographic dividend
2608,1991,PRE,,Pre-demographic dividend
2609,1990,PRE,,Pre-demographic dividend
2610,1989,PRE,,Pre-demographic dividend
2611,1988,PRE,,Pre-demographic dividend
2612,1987,PRE,,Pre-demographic dividend
2613,1986,PRE,,Pre-demographic dividend
2614,1985,PRE,,Pre-demographic dividend
2615,1984,PRE,,Pre-demographic dividend
2616,1983,PRE,,Pre-demographic dividend
2617,1982,PRE,,Pre-demographic dividend
2618,1981,PRE,,Pre-demographic dividend
2619,1980,PRE,,Pre-demographic dividend
2620,1979,PRE,,Pre-demographic dividend
2621,1978,PRE,,Pre-demographic dividend
2622,1977,PRE,,Pre-demographic dividend
2623,1976,PRE,,Pre-demographic dividend
2624,1975,PRE,,Pre-demographic dividend
2625,1974,PRE,,Pre-demographic dividend
2626,1973,PRE,,Pre-demographic dividend
2627,1972,PRE,,Pre-demographic dividend
2628,1971,PRE,,Pre-demographic dividend
2629,1970,PRE,,Pre-demographic dividend
2630,1969,PRE,,Pre-demographic dividend
2631,1968,PRE,,Pre-demographic dividend
2632,1967,PRE,,Pre-demographic dividend
2633,1966,PRE,,Pre-demographic dividend
2634,1965,PRE,,Pre-demographic dividend
2635,1964,PRE,,Pre-demographic dividend
2636,1963,PRE,,Pre-demographic dividend
2637,1962,PRE,,Pre-demographic dividend
2638,1961,PRE,,Pre-demographic dividend
2639,1960,PRE,,Pre-demographic dividend
2640,2025,SST,,Small states
2641,2024,SST,,Small states
2642,2023,SST,,Small states
2643,2022,SST,,Small states
2644,2021,SST,,Small states
2645,2020,SST,,Small states
2646,2019,SST,,Small states
2647,2018,SST,,Small states
2648,2017,SST,,Small states
2649,2016,SST,,Small states
2650,2015,SST,,Small states
2651,2014,SST,,Small states
2652,2013,SST,,Small states
2653,2012,SST,,Small states
2654,2011,SST,,Small states
2655,2010,SST,,Small states
2656,2009,SST,,Small states
2657,2008,SST,,Small states
2658,2007,SST,,Small states
2659,2006,SST,,Small states
2660,2005,SST,,Small states
2661,2004,SST,,Small states
2662,2003,SST,,Small states
2663,2002,SST,,Small states
2664,2001,SST,,Small states
2665,2000,SST,,Small states
2666,1999,SST,,Small states
2667,1998,SST,,Small states
2668,1997,SST,,Small states
2669,1996,SST,,Small states
2670,1995,SST,,Small states
2671,1994,SST,,Small states
2672,1993,SST,,Small states
2673,1992,SST,,Small states
2674,1991,SST,,Small states
2675,1990,SST,,Small states
2676,1989,SST,,Small states
2677,1988,SST,,Small states
2678,1987,SST,,Small states
2679,1986,SST,,Small states
2680,1985,SST,,Small states
2681,1984,SST,,Small states
2682,1983,SST,,Small states
2683,1982,SST,,Small states
2684,1981,SST,,Small states
2685,1980,SST,,Small states
2686,1979,SST,,Small states
2687,1978,SST,,Small states
2688,1977,SST,,Small states
2689,1976,SST,,Small states
2690,1975,SST,,Small states
2691,1974,SST,,Small states
2692,1973,SST,,Small states
2693,1972,SST,,Small states
2694,1971,SST,,Small states
2695,1970,SST,,Small states
2696,1969,SST,,Small states
2697,1968,SST,,Small states
2698,1967,SST,,Small states
2699,1966,SST,,Small states
2700,1965,SST,,Small states
2701,1964,SST,,Small states
2702,1963,SST,,Small states
2703,1962,SST,,Small states
2704,1961,SST,,Small states
2705,1960,SST,,Small states
2706,2025,SAS,,South Asia
2707,2024,SAS,,South Asia
2708,2023,SAS,,South Asia
2709,2022,SAS,,South Asia
2710,2021,SAS,,South Asia
2711,2020,SAS,,South Asia
2712,2019,SAS,,South Asia
2713,2018,SAS,,South Asia
2714,2017,SAS,,South Asia
2715,2016,SAS,,South Asia
2716,2015,SAS,,South Asia
2717,2014,SAS,,South Asia
2718,2013,SAS,,South Asia
2719,2012,SAS,,South Asia
2720,2011,SAS,,South Asia
2721,2010,SAS,,South Asia
2722,2009,SAS,,South Asia
2723,2008,SAS,,South Asia
2724,2007,SAS,,South Asia
2725,2006,SAS,,South Asia
2726,2005,SAS,,South Asia
2727,2004,SAS,,South Asia
2728,2003,SAS,,South Asia
2729,2002,SAS,,South Asia
2730,2001,SAS,,South Asia
2731,2000,SAS,,South Asia
2732,1999,SAS,,South Asia
2733,1998,SAS,,South Asia
2734,1997,SAS,,South Asia
2735,1996,SAS,,South Asia
2736,1995,SAS,,South Asia
2737,1994,SAS,,South Asia
2738,1993,SAS,,South Asia
2739,1992,SAS,,South Asia
2740,1991,SAS,,South Asia
2741,1990,SAS,,South Asia
2742,1989,SAS,,South Asia
2743,1988,SAS,,South Asia
2744,1987,SAS,,South Asia
2745,1986,SAS,,South Asia
2746,1985,SAS,,South Asia
2747,1984,SAS,,South Asia
2748,1983,SAS,,South Asia
2749,1982,SAS,,South Asia
2750,1981,SAS,,South Asia
2751,1980,SAS,,South Asia
2752,1979,SAS,,South Asia
2753,1978,SAS,,South Asia
2754,1977,SAS,,South Asia
2755,1976,SAS,,South Asia
2756,1975,SAS,,South Asia
2757,1974,SAS,,South Asia
2758,1973,SAS,,South Asia
2759,1972,SAS,,South Asia
2760,1971,SAS,,South Asia
2761,1970,SAS,,South Asia
2762,1969,SAS,,South Asia
2763,1968,SAS,,South Asia
2764,1967,SAS,,South Asia
2765,1966,SAS,,South Asia
2766,1965,SAS,,South Asia
2767,1964,SAS,,South Asia
2768,1963,SAS,,South Asia
2769,1962,SAS,,South Asia
2770,1961,SAS,,South Asia
2771,1960,SAS,,South Asia
2772,2025,TSA,,South Asia (IDA & IBRD)
2773,2024,TSA,,South Asia (IDA & IBRD)
2774,2023,TSA,,South Asia (IDA & IBRD)
2775,2022,TSA,,South Asia (IDA & IBRD)
2776,2021,TSA,,South Asia (IDA & IBRD)
2777,2020,TSA,,South Asia (IDA & IBRD)
2778,2019,TSA,,South Asia (IDA & IBRD)
2779,2018,TSA,,South Asia (IDA & IBRD)
2780,2017,TSA,,South Asia (IDA & IBRD)
2781,2016,TSA,,South Asia (IDA & IBRD)
2782,2015,TSA,,South Asia (IDA & IBRD)
2783,2014,TSA,,South Asia (IDA & IBRD)
2784,2013,TSA,,South Asia (IDA & IBRD)
2785,2012,TSA,,South Asia (IDA & IBRD)
2786,2011,TSA,,South Asia (IDA & IBRD)
2787,2010,TSA,,South Asia (IDA & IBRD)
2788,2009,TSA,,South Asia (IDA & IBRD)
2789,2008,TSA,,South Asia (IDA & IBRD)
2790,2007,TSA,,South Asia (IDA & IBRD)
2791,2006,TSA,,South Asia (IDA & IBRD)
2792,2005,TSA,,South Asia (IDA & IBRD)
2793,2004,TSA,,South Asia (IDA & IBRD)
2794,2003,TSA,,South Asia (IDA & IBRD)
2795,2002,TSA,,South Asia (IDA & IBRD)
2796,2001,TSA,,South Asia (IDA & IBRD)
2797,2000,TSA,,South Asia (IDA & IBRD)
2798,1999,TSA,,South Asia (IDA & IBRD)
2799,1998,TSA,,South Asia (IDA & IBRD)
2800,1997,TSA,,South Asia (IDA & IBRD)
2801,1996,TSA,,South Asia (IDA & IBRD)
2802,1995,TSA,,South Asia (IDA & IBRD)
2803,1994,TSA,,South Asia (IDA & IBRD)
2804,1993,TSA,,South Asia (IDA & IBRD)
2805,1992,TSA,,South Asia (IDA & IBRD)
2806,1991,TSA,,South Asia (IDA & IBRD)
2807,1990,TSA,,South Asia (IDA & IBRD)
2808,1989,TSA,,South Asia (IDA & IBRD)
2809,1988,TSA,,South Asia (IDA & IBRD)
2810,1987,TSA,,South Asia (IDA & IBRD)
2811,1986,TSA,,South Asia (IDA & IBRD)
2812,1985,TSA,,South Asia (IDA & IBRD)
2813,1984,TSA,,South Asia (IDA & IBRD)
2814,1983,TSA,,South Asia (IDA & IBRD)
2815,1982,TSA,,South Asia (IDA & IBRD)
2816,1981,TSA,,South Asia (IDA & IBRD)
2817,1980,TSA,,South Asia (IDA & IBRD)
2818,1979,TSA,,South Asia (IDA & IBRD)
2819,1978,TSA,,South Asia (IDA & IBRD)
2820,1977,TSA,,South Asia (IDA & IBRD)
2821,1976,TSA,,South Asia (IDA & IBRD)
2822,1975,TSA,,South Asia (IDA & IBRD)
2823,1974,TSA,,South Asia (IDA & IBRD)
2824,1973,TSA,,South Asia (IDA & IBRD)
2825,1972,TSA,,South Asia (IDA & IBRD)
2826,1971,TSA,,South Asia (IDA & IBRD)
2827,1970,TSA,,South Asia (IDA & IBRD)
2828,1969,TSA,,South Asia (IDA & IBRD)
2829,1968,TSA,,South Asia (IDA & IBRD)
2830,1967,TSA,,South Asia (IDA & IBRD)
2831,1966,TSA,,South Asia (IDA & IBRD)
2832,1965,TSA,,South Asia (IDA & IBRD)
2833,1964,TSA,,South Asia (IDA & IBRD)
2834,1963,TSA,,South Asia (IDA & IBRD)
2835,1962,TSA,,South Asia (IDA & IBRD)
2836,1961,TSA,,South Asia (IDA & IBRD)
2837,1960,TSA,,South Asia (IDA & IBRD)
2838,2025,SSF,,Sub-Saharan Africa
2839,2024,SSF,,Sub-Saharan Africa
2840,2023,SSF,,Sub-Saharan Africa
2841,2022,SSF,,Sub-Saharan Africa
2842,2021,SSF,,Sub-Saharan Africa
2843,2020,SSF,,Sub-Saharan Africa
2844,2019,SSF,,Sub-Saharan Africa
2845,2018,SSF,,Sub-Saharan Africa
2846,2017,SSF,,Sub-Saharan Africa
2847,2016,SSF,,Sub-Saharan Africa
2848,2015,SSF,,Sub-Saharan Africa
2849,2014,SSF,,Sub-Saharan Africa
2850,2013,SSF,,Sub-Saharan Africa
2851,2012,SSF,,Sub-Saharan Africa
2852,2011,SSF,,Sub-Saharan Africa
2853,2010,SSF,,Sub-Saharan Africa
2854,2009,SSF,,Sub-Saharan Africa
2855,2008,SSF,,Sub-Saharan Africa
2856,2007,SSF,,Sub-Saharan Africa
2857,2006,SSF,,Sub-Saharan Africa
2858,2005,SSF,,Sub-Saharan Africa
2859,2004,SSF,,Sub-Saharan Africa
2860,2003,SSF,,Sub-Saharan Africa
2861,2002,SSF,,Sub-Saharan Africa
2862,2001,SSF,,Sub-Saharan Africa
2863,2000,SSF,,Sub-Saharan Africa
2864,1999,SSF,,Sub-Saharan Africa
2865,1998,SSF,,Sub-Saharan Africa
2866,1997,SSF,,Sub-Saharan Africa
2867,1996,SSF,,Sub-Saharan Africa
2868,1995,SSF,,Sub-Saharan Africa
2869,1994,SSF,,Sub-Saharan Africa
2870,1993,SSF,,Sub-Saharan Africa
2871,1992,SSF,,Sub-Saharan Africa
2872,1991,SSF,,Sub-Saharan Africa
2873,1990,SSF,,Sub-Saharan Africa
2874,1989,SSF,,Sub-Saharan Africa
2875,1988,SSF,,Sub-Saharan Africa
2876,1987,SSF,,Sub-Saharan Africa
2877,1986,SSF,,Sub-Saharan Africa
2878,1985,SSF,,Sub-Saharan Africa
2879,1984,SSF,,Sub-Saharan Africa
2880,1983,SSF,,Sub-Saharan Africa
2881,1982,SSF,,Sub-Saharan Africa
2882,1981,SSF,,Sub-Saharan Africa
2883,1980,SSF,,Sub-Saharan Africa
2884,1979,SSF,,Sub-Saharan Africa
2885,1978,SSF,,Sub-Saharan Africa
2886,1977,SSF,,Sub-Saharan Africa
2887,1976,SSF,,Sub-Saharan Africa
2888,1975,SSF,,Sub-Saharan Africa
2889,1974,SSF,,Sub-Saharan Africa
2890,1973,SSF,,Sub-Saharan Africa
2891,1972,SSF,,Sub-Saharan Africa
2892,1971,SSF,,Sub-Saharan Africa
2893,1970,SSF,,Sub-Saharan Africa
2894,1969,SSF,,Sub-Saharan Africa
2895,1968,SSF,,Sub-Saharan Africa
2896,1967,SSF,,Sub-Saharan Africa
2897,1966,SSF,,Sub-Saharan Africa
2898,1965,SSF,,Sub-Saharan Africa
2899,1964,SSF,,Sub-Saharan Africa
2900,1963,SSF,,Sub-Saharan Africa
2901,1962,SSF,,Sub-Saharan Africa
2902,1961,SSF,,Sub-Saharan Africa
2903,1960,SSF,,Sub-Saharan Africa
2904,2025,SSA,,Sub-Saharan Africa (excluding high income)
2905,2024,SSA,,Sub-Saharan Africa (excluding high income)
2906,2023,SSA,,Sub-Saharan Africa (excluding high income)
2907,2022,SSA,,Sub-Saharan Africa (excluding high income)
2908,2021,SSA,,Sub-Saharan Africa (excluding high income)
2909,2020,SSA,,Sub-Saharan Africa (excluding high income)
2910,2019,SSA,,Sub-Saharan Africa (excluding high income)
2911,2018,SSA,,Sub-Saharan Africa (excluding high income)
2912,2017,SSA,,Sub-Saharan Africa (excluding high income)
2913,2016,SSA,,Sub-Saharan Africa (excluding high income)
2914,2015,SSA,,Sub-Saharan Africa (excluding high income)
2915,2014,SSA,,Sub-Saharan Africa (excluding high income)
2916,2013,SSA,,Sub-Saharan Africa (excluding high income)
2917,2012,SSA,,Sub-Saharan Africa (excluding high income)
2918,2011,SSA,,Sub-Saharan Africa (excluding high income)
2919,2010,SSA,,Sub-Saharan Africa (excluding high income)
2920,2009,SSA,,Sub-Saharan Africa (excluding high income)
2921,2008,SSA,,Sub-Saharan Africa (excluding high income)
2922,2007,SSA,,Sub-Saharan Africa (excluding high income)
2923,2006,SSA,,Sub-Saharan Africa (excluding high income)
2924,2005,SSA,,Sub-Saharan Africa (excluding high income)
2925,2004,SSA,,Sub-Saharan Africa (excluding high income)
2926,2003,SSA,,Sub-Saharan Africa (excluding high income)
2927,2002,SSA,,Sub-Saharan Africa (excluding high income)
2928,2001,SSA,,Sub-Saharan Africa (excluding high income)
2929,2000,SSA,,Sub-Saharan Africa (excluding high income)
2930,1999,SSA,,Sub-Saharan Africa (excluding high income)
2931,1998,SSA,,Sub-Saharan Africa (excluding high income)
2932,1997,SSA,,Sub-Saharan Africa (excluding high income)
2933,1996,SSA,,Sub-Saharan Africa (excluding high income)
2934,1995,SSA,,Sub-Saharan Africa (excluding high income)
2935,1994,SSA,,Sub-Saharan Africa (excluding high income)
2936,1993,SSA,,Sub-Saharan Africa (excluding high income)
2937,1992,SSA,,Sub-Saharan Africa (excluding high income)
2938,1991,SSA,,Sub-Saharan Africa (excluding high income)
2939,1990,SSA,,Sub-Saharan Africa (excluding high income)
2940,1989,SSA,,Sub-Saharan Africa (excluding high income)
2941,1988,SSA,,Sub-Saharan Africa (excluding high income)
2942,1987,SSA,,Sub-Saharan Africa (excluding high income)
2943,1986,SSA,,Sub-Saharan Africa (excluding high income)
2944,1985,SSA,,Sub-Saharan Africa (excluding high income)
2945,1984,SSA,,Sub-Saharan Africa (excluding high income)
2946,1983,SSA,,Sub-Saharan Africa (excluding high income)
2947,1982,SSA,,Sub-Saharan Africa (excluding high income)
2948,1981,SSA,,Sub-Saharan Africa (excluding high income)
2949,1980,SSA,,Sub-Saharan Africa (excluding high income)
2950,1979,SSA,,Sub-Saharan Africa (excluding high income)
2951,1978,SSA,,Sub-Saharan Africa (excluding high income)
2952,1977,SSA,,Sub-Saharan Africa (excluding high income)
2953,1976,SSA,,Sub-Saharan Africa (excluding high income)
2954,1975,SSA,,Sub-Saharan Africa (excluding high income)
2955,1974,SSA,,Sub-Saharan Africa (excluding high income)
2956,1973,SSA,,Sub-Saharan Africa (excluding high income)
2957,1972,SSA,,Sub-Saharan Africa (excluding high income)
2958,1971,SSA,,Sub-Saharan Africa (excluding high income)
2959,1970,SSA,,Sub-Saharan Africa (excluding high income)
2960,1969,SSA,,Sub-Saharan Africa (excluding high income)
2961,1968,SSA,,Sub-Saharan Africa (excluding high income)
2962,1967,SSA,,Sub-Saharan Africa (excluding high income)
2963,1966,SSA,,Sub-Saharan Africa (excluding high income)
2964,1965,SSA,,Sub-Saharan Africa (excluding high income)
2965,1964,SSA,,Sub-Saharan Africa (excluding high income)
2966,1963,SSA,,Sub-Saharan Africa (excluding high income)
2967,1962,SSA,,Sub-Saharan Africa (excluding high income)
2968,1961,SSA,,Sub-Saharan Africa (excluding high income)
2969,1960,SSA,,Sub-Saharan Africa (excluding high income)
2970,2025,TSS,,Sub-Saharan Africa (IDA & IBRD countries)
2971,2024,TSS,,Sub-Saharan Africa (IDA & IBRD countries)
2972,2023,TSS,,Sub-Saharan Africa (IDA & IBRD countries)
2973,2022,TSS,,Sub-Saharan Africa (IDA & IBRD countries)
2974,2021,TSS,,Sub-Saharan Africa (IDA & IBRD countries)
2975,2020,TSS,,Sub-Saharan Africa (IDA & IBRD countries)
2976,2019,TSS,,Sub-Saharan Africa (IDA & IBRD countries)
2977,2018,TSS,,Sub-Saharan Africa (IDA & IBRD countries)
2978,2017,TSS,,Sub-Saharan Africa (IDA & IBRD countries)
2979,2016,TSS,,Sub-Saharan Africa (IDA & IBRD countries)
2980,2015,TSS,,Sub-Saharan Africa (IDA & IBRD countries)
2981,2014,TSS,,Sub-Saharan Africa (IDA & IBRD countries)
2982,2013,TSS,,Sub-Saharan Africa (IDA & IBRD countries)
2983,2012,TSS,,Sub-Saharan Africa (IDA & IBRD countries)
2984,2011,TSS,,Sub-Saharan Africa (IDA & IBRD countries)
2985,2010,TSS,,Sub-Saharan Africa (IDA & IBRD countries)
2986,2009,TSS,,Sub-Saharan Africa (IDA & IBRD countries)
2987,2008,TSS,,Sub-Saharan Africa (IDA & IBRD countries)
2988,2007,TSS,,Sub-Saharan Africa (IDA & IBRD countries)
2989,2006,TSS,,Sub-Saharan Africa (IDA & IBRD countries)
2990,2005,TSS,,Sub-Saharan Africa (IDA & IBRD countries)
2991,2004,TSS,,Sub-Saharan Africa (IDA & IBRD countries)
2992,2003,TSS,,Sub-Saharan Africa (IDA & IBRD countries)
2993,2002,TSS,,Sub-Saharan Africa (IDA & IBRD countries)
2994,2001,TSS,,Sub-Saharan Africa (IDA & IBRD countries)
2995,2000,TSS,,Sub-Saharan Africa (IDA & IBRD countries)
2996,1999,TSS,,Sub-Saharan Africa (IDA & IBRD countries)
2997,1998,TSS,,Sub-Saharan Africa (IDA & IBRD countries)
2998,1997,TSS,,Sub-Saharan Africa (IDA & IBRD countries)
2999,1996,TSS,,Sub-Saharan Africa (IDA & IBRD countries)
3000,1995,TSS,,Sub-Saharan Africa (IDA & IBRD countries)
3001,1994,TSS,,Sub-Saharan Africa (IDA & IBRD countries)
3002,1993,TSS,,Sub-Saharan Africa (IDA & IBRD countries)
3003,1992,TSS,,Sub-Saharan Africa (IDA & IBRD countries)
3004,1991,TSS,,Sub-Saharan Africa (IDA & IBRD countries)
3005,1990,TSS,,Sub-Saharan Africa (IDA & IBRD countries)
3006,1989,TSS,,Sub-Saharan Africa (IDA & IBRD countries)
3007,1988,TSS,,Sub-Saharan Africa (IDA & IBRD countries)
3008,1987,TSS,,Sub-Saharan Africa (IDA & IBRD countries)
3009,1986,TSS,,Sub-Saharan Africa (IDA & IBRD countries)
3010,1985,TSS,,Sub-Saharan Africa (IDA & IBRD countries)
3011,1984,TSS,,Sub-Saharan Africa (IDA & IBRD countries)
3012,1983,TSS,,Sub-Saharan Africa (IDA & IBRD countries)
3013,1982,TSS,,Sub-Saharan Africa (IDA & IBRD countries)
3014,1981,TSS,,Sub-Saharan Africa (IDA & IBRD countries)
3015,1980,TSS,,Sub-Saharan Africa (IDA & IBRD countries)
3016,1979,TSS,,Sub-Saharan Africa (IDA & IBRD countries)
3017,1978,TSS,,Sub-Saharan Africa (IDA & IBRD countries)
3018,1977,TSS,,Sub-Saharan Africa (IDA & IBRD countries)
3019,1976,TSS,,Sub-Saharan Africa (IDA & IBRD countries)
3020,1975,TSS,,Sub-Saharan Africa (IDA & IBRD countries)
3021,1974,TSS,,Sub-Saharan Africa (IDA & IBRD countries)
3022,1973,TSS,,Sub-Saharan Africa (IDA & IBRD countries)
3023,1972,TSS,,Sub-Saharan Africa (IDA & IBRD countries)
3024,1971,TSS,,Sub-Saharan Africa (IDA & IBRD countries)
3025,1970,TSS,,Sub-Saharan Africa (IDA & IBRD countries)
3026,1969,TSS,,Sub-Saharan Africa (IDA & IBRD countries)
3027,1968,TSS,,Sub-Saharan Africa (IDA & IBRD countries)
3028,1967,TSS,,Sub-Saharan Africa (IDA & IBRD countries)
3029,1966,TSS,,Sub-Saharan Africa (IDA & IBRD countries)
3030,1965,TSS,,Sub-Saharan Africa (IDA & IBRD countries)
3031,1964,TSS,,Sub-Saharan Africa (IDA & IBRD countries)
3032,1963,TSS,,Sub-Saharan Africa (IDA & IBRD countries)
3033,1962,TSS,,Sub-Saharan Africa (IDA & IBRD countries)
3034,1961,TSS,,Sub-Saharan Africa (IDA & IBRD countries)
3035,1960,TSS,,Sub-Saharan Africa (IDA & IBRD countries)
3036,2025,,,Upper middle income
3037,2024,,,Upper middle income
3038,2023,,,Upper middle income
3039,2022,,,Upper middle income
3040,2021,,,Upper middle income
3041,2020,,,Upper middle income
3042,2019,,,Upper middle income
3043,2018,,,Upper middle income
3044,2017,,,Upper middle income
3045,2016,,,Upper middle income
3046,2015,,,Upper middle income
3047,2014,,,Upper middle income
3048,2013,,,Upper middle income
3049,2012,,,Upper middle income
3050,2011,,,Upper middle income
3051,2010,,,Upper middle income
3052,2009,,,Upper middle income
3053,2008,,,Upper middle income
3054,2007,,,Upper middle income
3055,2006,,,Upper middle income
3056,2005,,,Upper middle income
3057,2004,,,Upper middle income
3058,2003,,,Upper middle income
3059,2002,,,Upper middle income
3060,2001,,,Upper middle income
3061,2000,,,Upper middle income
3062,1999,,,Upper middle income
3063,1998,,,Upper middle income
3064,1997,,,Upper middle income
3065,1996,,,Upper middle income
3066,1995,,,Upper middle income
3067,1994,,,Upper middle income
3068,1993,,,Upper middle income
3069,1992,,,Upper middle income
3070,1991,,,Upper middle income
3071,1990,,,Upper middle income
3072,1989,,,Upper middle income
3073,1988,,,Upper middle income
3074,1987,,,Upper middle income
3075,1986,,,Upper middle income
3076,1985,,,Upper middle income
3077,1984,,,Upper middle income
3078,1983,,,Upper middle income
3079,1982,,,Upper middle income
3080,1981,,,Upper middle income
3081,1980,,,Upper middle income
3082,1979,,,Upper middle income
3083,1978,,,Upper middle income
3084,1977,,,Upper middle income
3085,1976,,,Upper middle income
3086,1975,,,Upper middle income
3087,1974,,,Upper middle income
3088,1973,,,Upper middle income
3089,1972,,,Upper middle income
3090,1971,,,Upper middle income
3091,1970,,,Upper middle income
3092,1969,,,Upper middle income
3093,1968,,,Upper middle income
3094,1967,,,Upper middle income
3095,1966,,,Upper middle income
3096,1965,,,Upper middle income
3097,1964,,,Upper middle income
3098,1963,,,Upper middle income
3099,1962,,,Upper middle income
3100,1961,,,Upper middle income
3101,1960,,,Upper middle income
3102,2025,WLD,,World
3103,2024,WLD,,World
3104,2023,WLD,,World
3105,2022,WLD,,World
3106,2021,WLD,,World
3107,2020,WLD,,World
3108,2019,WLD,,World
3109,2018,WLD,,World
3110,2017,WLD,,World
3111,2016,WLD,,World
3112,2015,WLD,,World
3113,2014,WLD,,World
3114,2013,WLD,,World
3115,2012,WLD,,World
3116,2011,WLD,,World
3117,2010,WLD,,World
3118,2009,WLD,,World
3119,2008,WLD,,World
3120,2007,WLD,,World
3121,2006,WLD,,World
3122,2005,WLD,,World
3123,2004,WLD,,World
3124,2003,WLD,,World
3125,2002,WLD,,World
3126,2001,WLD,,World
3127,2000,WLD,,World
3128,1999,WLD,,World
3129,1998,WLD,,World
3130,1997,WLD,,World
3131,1996,WLD,,World
3132,1995,WLD,,World
3133,1994,WLD,,World
3134,1993,WLD,,World
3135,1992,WLD,,World
3136,1991,WLD,,World
3137,1990,WLD,,World
3138,1989,WLD,,World
3139,1988,WLD,,World
3140,1987,WLD,,World
3141,1986,WLD,,World
3142,1985,WLD,,World
3143,1984,WLD,,World
3144,1983,WLD,,World
3145,1982,WLD,,World
3146,1981,WLD,,World
3147,1980,WLD,,World
3148,1979,WLD,,World
3149,1978,WLD,,World
3150,1977,WLD,,World
3151,1976,WLD,,World
3152,1975,WLD,,World
3153,1974,WLD,,World
3154,1973,WLD,,World
3155,1972,WLD,,World
3156,1971,WLD,,World
3157,1970,WLD,,World
3158,1969,WLD,,World
3159,1968,WLD,,World
3160,1967,WLD,,World
3161,1966,WLD,,World
3162,1965,WLD,,World
3163,1964,WLD,,World
3164,1963,WLD,,World
3165,1962,WLD,,World
3166,1961,WLD,,World
3167,1960,WLD,,World
3168,2025,AFG,,Afghanistan
3169,2024,AFG,,Afghanistan
3170,2023,AFG,,Afghanistan
3171,2022,AFG,327.0,Afghanistan
3172,2021,AFG,327.0,Afghanistan
3173,2020,AFG,327.0,Afghanistan
3174,2019,AFG,327.0,Afghanistan
3175,2018,AFG,327.0,Afghanistan
3176,2017,AFG,327.0,Afghanistan
3177,2016,AFG,327.0,Afghanistan
3178,2015,AFG,327.0,Afghanistan
3179,2014,AFG,327.0,Afghanistan
3180,2013,AFG,327.0,Afghanistan
3181,2012,AFG,327.0,Afghanistan
3182,2011,AFG,327.0,Afghanistan
3183,2010,AFG,327.0,Afghanistan
3184,2009,AFG,327.0,Afghanistan
3185,2008,AFG,327.0,Afghanistan
3186,2007,AFG,327.0,Afghanistan
3187,2006,AFG,327.0,Afghanistan
3188,2005,AFG,327.0,Afghanistan
3189,2004,AFG,327.0,Afghanistan
3190,2003,AFG,327.0,Afghanistan
3191,2002,AFG,327.0,Afghanistan
3192,2001,AFG,327.0,Afghanistan
3193,2000,AFG,327.0,Afghanistan
3194,1999,AFG,327.0,Afghanistan
3195,1998,AFG,327.0,Afghanistan
3196,1997,AFG,327.0,Afghanistan
3197,1996,AFG,327.0,Afghanistan
3198,1995,AFG,327.0,Afghanistan
3199,1994,AFG,327.0,Afghanistan
3200,1993,AFG,327.0,Afghanistan
3201,1992,AFG,327.0,Afghanistan
3202,1991,AFG,327.0,Afghanistan
3203,1990,AFG,327.0,Afghanistan
3204,1989,AFG,327.0,Afghanistan
3205,1988,AFG,327.0,Afghanistan
3206,1987,AFG,327.0,Afghanistan
3207,1986,AFG,327.0,Afghanistan
3208,1985,AFG,327.0,Afghanistan
3209,1984,AFG,327.0,Afghanistan
3210,1983,AFG,327.0,Afghanistan
3211,1982,AFG,327.0,Afghanistan
3212,1981,AFG,327.0,Afghanistan
3213,1980,AFG,327.0,Afghanistan
3214,1979,AFG,327.0,Afghanistan
3215,1978,AFG,327.0,Afghanistan
3216,1977,AFG,327.0,Afghanistan
3217,1976,AFG,327.0,Afghanistan
3218,1975,AFG,327.0,Afghanistan
3219,1974,AFG,327.0,Afghanistan
3220,1973,AFG,327.0,Afghanistan
3221,1972,AFG,327.0,Afghanistan
3222,1971,AFG,327.0,Afghanistan
3223,1970,AFG,327.0,Afghanistan
3224,1969,AFG,327.0,Afghanistan
3225,1968,AFG,327.0,Afghanistan
3226,1967,AFG,327.0,Afghanistan
3227,1966,AFG,327.0,Afghanistan
3228,1965,AFG,327.0,Afghanistan
3229,1964,AFG,327.0,Afghanistan
3230,1963,AFG,327.0,Afghanistan
3231,1962,AFG,327.0,Afghanistan
3232,1961,AFG,327.0,Afghanistan
3233,1960,AFG,,Afghanistan
3234,2025,ALB,,Albania
3235,2024,ALB,,Albania
3236,2023,ALB,,Albania
3237,2022,ALB,1485.0,Albania
3238,2021,ALB,1485.0,Albania
3239,2020,ALB,1485.0,Albania
3240,2019,ALB,1485.0,Albania
3241,2018,ALB,1485.0,Albania
3242,2017,ALB,1485.0,Albania
3243,2016,ALB,1485.0,Albania
3244,2015,ALB,1485.0,Albania
3245,2014,ALB,1485.0,Albania
3246,2013,ALB,1485.0,Albania
3247,2012,ALB,1485.0,Albania
3248,2011,ALB,1485.0,Albania
3249,2010,ALB,1485.0,Albania
3250,2009,ALB,1485.0,Albania
3251,2008,ALB,1485.0,Albania
3252,2007,ALB,1485.0,Albania
3253,2006,ALB,1485.0,Albania
3254,2005,ALB,1485.0,Albania
3255,2004,ALB,1485.0,Albania
3256,2003,ALB,1485.0,Albania
3257,2002,ALB,1485.0,Albania
3258,2001,ALB,1485.0,Albania
3259,2000,ALB,1485.0,Albania
3260,1999,ALB,1485.0,Albania
3261,1998,ALB,1485.0,Albania
3262,1997,ALB,1485.0,Albania
3263,1996,ALB,1485.0,Albania
3264,1995,ALB,1485.0,Albania
3265,1994,ALB,1485.0,Albania
3266,1993,ALB,1485.0,Albania
3267,1992,ALB,1485.0,Albania
3268,1991,ALB,1485.0,Albania
3269,1990,ALB,1485.0,Albania
3270,1989,ALB,1485.0,Albania
3271,1988,ALB,1485.0,Albania
3272,1987,ALB,1485.0,Albania
3273,1986,ALB,1485.0,Albania
3274,1985,ALB,1485.0,Albania
3275,1984,ALB,1485.0,Albania
3276,1983,ALB,1485.0,Albania
3277,1982,ALB,1485.0,Albania
3278,1981,ALB,1485.0,Albania
3279,1980,ALB,1485.0,Albania
3280,1979,ALB,1485.0,Albania
3281,1978,ALB,1485.0,Albania
3282,1977,ALB,1485.0,Albania
3283,1976,ALB,1485.0,Albania
3284,1975,ALB,1485.0,Albania
3285,1974,ALB,1485.0,Albania
3286,1973,ALB,1485.0,Albania
3287,1972,ALB,1485.0,Albania
3288,1971,ALB,1485.0,Albania
3289,1970,ALB,1485.0,Albania
3290,1969,ALB,1485.0,Albania
3291,1968,ALB,1485.0,Albania
3292,1967,ALB,1485.0,Albania
3293,1966,ALB,1485.0,Albania
3294,1965,ALB,1485.0,Albania
3295,1964,ALB,1485.0,Albania
3296,1963,ALB,1485.0,Albania
3297,1962,ALB,1485.0,Albania
3298,1961,ALB,1485.0,Albania
3299,1960,ALB,,Albania
3300,2025,DZA,,Algeria
3301,2024,DZA,,Algeria
3302,2023,DZA,,Algeria
3303,2022,DZA,89.0,Algeria
3304,2021,DZA,89.0,Algeria
3305,2020,DZA,89.0,Algeria
3306,2019,DZA,89.0,Algeria
3307,2018,DZA,89.0,Algeria
3308,2017,DZA,89.0,Algeria
3309,2016,DZA,89.0,Algeria
3310,2015,DZA,89.0,Algeria
3311,2014,DZA,89.0,Algeria
3312,2013,DZA,89.0,Algeria
3313,2012,DZA,89.0,Algeria
3314,2011,DZA,89.0,Algeria
3315,2010,DZA,89.0,Algeria
3316,2009,DZA,89.0,Algeria
3317,2008,DZA,89.0,Algeria
3318,2007,DZA,89.0,Algeria
3319,2006,DZA,89.0,Algeria
3320,2005,DZA,89.0,Algeria
3321,2004,DZA,89.0,Algeria
3322,2003,DZA,89.0,Algeria
3323,2002,DZA,89.0,Algeria
3324,2001,DZA,89.0,Algeria
3325,2000,DZA,89.0,Algeria
3326,1999,DZA,89.0,Algeria
3327,1998,DZA,89.0,Algeria
3328,1997,DZA,89.0,Algeria
3329,1996,DZA,89.0,Algeria
3330,1995,DZA,89.0,Algeria
3331,1994,DZA,89.0,Algeria
3332,1993,DZA,89.0,Algeria
3333,1992,DZA,89.0,Algeria
3334,1991,DZA,89.0,Algeria
3335,1990,DZA,89.0,Algeria
3336,1989,DZA,89.0,Algeria
3337,1988,DZA,89.0,Algeria
3338,1987,DZA,89.0,Algeria
3339,1986,DZA,89.0,Algeria
3340,1985,DZA,89.0,Algeria
3341,1984,DZA,89.0,Algeria
3342,1983,DZA,89.0,Algeria
3343,1982,DZA,89.0,Algeria
3344,1981,DZA,89.0,Algeria
3345,1980,DZA,89.0,Algeria
3346,1979,DZA,89.0,Algeria
3347,1978,DZA,89.0,Algeria
3348,1977,DZA,89.0,Algeria
3349,1976,DZA,89.0,Algeria
3350,1975,DZA,89.0,Algeria
3351,1974,DZA,89.0,Algeria
3352,1973,DZA,89.0,Algeria
3353,1972,DZA,89.0,Algeria
3354,1971,DZA,89.0,Algeria
3355,1970,DZA,89.0,Algeria
3356,1969,DZA,89.0,Algeria
3357,1968,DZA,89.0,Algeria
3358,1967,DZA,89.0,Algeria
3359,1966,DZA,89.0,Algeria
3360,1965,DZA,89.0,Algeria
3361,1964,DZA,89.0,Algeria
3362,1963,DZA,89.0,Algeria
3363,1962,DZA,89.0,Algeria
3364,1961,DZA,89.0,Algeria
3365,1960,DZA,,Algeria
3366,2025,ASM,,American Samoa
3367,2024,ASM,,American Samoa
3368,2023,ASM,,American Samoa
3369,2022,ASM,,American Samoa
3370,2021,ASM,,American Samoa
3371,2020,ASM,,American Samoa
3372,2019,ASM,,American Samoa
3373,2018,ASM,,American Samoa
3374,2017,ASM,,American Samoa
3375,2016,ASM,,American Samoa
3376,2015,ASM,,American Samoa
3377,2014,ASM,,American Samoa
3378,2013,ASM,,American Samoa
3379,2012,ASM,,American Samoa
3380,2011,ASM,,American Samoa
3381,2010,ASM,,American Samoa
3382,2009,ASM,,American Samoa
3383,2008,ASM,,American Samoa
3384,2007,ASM,,American Samoa
3385,2006,ASM,,American Samoa
3386,2005,ASM,,American Samoa
3387,2004,ASM,,American Samoa
3388,2003,ASM,,American Samoa
3389,2002,ASM,,American Samoa
3390,2001,ASM,,American Samoa
3391,2000,ASM,,American Samoa
3392,1999,ASM,,American Samoa
3393,1998,ASM,,American Samoa
3394,1997,ASM,,American Samoa
3395,1996,ASM,,American Samoa
3396,1995,ASM,,American Samoa
3397,1994,ASM,,American Samoa
3398,1993,ASM,,American Samoa
3399,1992,ASM,,American Samoa
3400,1991,ASM,,American Samoa
3401,1990,ASM,,American Samoa
3402,1989,ASM,,American Samoa
3403,1988,ASM,,American Samoa
3404,1987,ASM,,American Samoa
3405,1986,ASM,,American Samoa
3406,1985,ASM,,American Samoa
3407,1984,ASM,,American Samoa
3408,1983,ASM,,American Samoa
3409,1982,ASM,,American Samoa
3410,1981,ASM,,American Samoa
3411,1980,ASM,,American Samoa
3412,1979,ASM,,American Samoa
3413,1978,ASM,,American Samoa
3414,1977,ASM,,American Samoa
3415,1976,ASM,,American Samoa
3416,1975,ASM,,American Samoa
3417,1974,ASM,,American Samoa
3418,1973,ASM,,American Samoa
3419,1972,ASM,,American Samoa
3420,1971,ASM,,American Samoa
3421,1970,ASM,,American Samoa
3422,1969,ASM,,American Samoa
3423,1968,ASM,,American Samoa
3424,1967,ASM,,American Samoa
3425,1966,ASM,,American Samoa
3426,1965,ASM,,American Samoa
3427,1964,ASM,,American Samoa
3428,1963,ASM,,American Samoa
3429,1962,ASM,,American Samoa
3430,1961,ASM,,American Samoa
3431,1960,ASM,,American Samoa
3432,2025,AND,,Andorra
3433,2024,AND,,Andorra
3434,2023,AND,,Andorra
3435,2022,AND,,Andorra
3436,2021,AND,,Andorra
3437,2020,AND,,Andorra
3438,2019,AND,,Andorra
3439,2018,AND,,Andorra
3440,2017,AND,,Andorra
3441,2016,AND,,Andorra
3442,2015,AND,,Andorra
3443,2014,AND,,Andorra
3444,2013,AND,,Andorra
3445,2012,AND,,Andorra
3446,2011,AND,,Andorra
3447,2010,AND,,Andorra
3448,2009,AND,,Andorra
3449,2008,AND,,Andorra
3450,2007,AND,,Andorra
3451,2006,AND,,Andorra
3452,2005,AND,,Andorra
3453,2004,AND,,Andorra
3454,2003,AND,,Andorra
3455,2002,AND,,Andorra
3456,2001,AND,,Andorra
3457,2000,AND,,Andorra
3458,1999,AND,,Andorra
3459,1998,AND,,Andorra
3460,1997,AND,,Andorra
3461,1996,AND,,Andorra
3462,1995,AND,,Andorra
3463,1994,AND,,Andorra
3464,1993,AND,,Andorra
3465,1992,AND,,Andorra
3466,1991,AND,,Andorra
3467,1990,AND,,Andorra
3468,1989,AND,,Andorra
3469,1988,AND,,Andorra
3470,1987,AND,,Andorra
3471,1986,AND,,Andorra
3472,1985,AND,,Andorra
3473,1984,AND,,Andorra
3474,1983,AND,,Andorra
3475,1982,AND,,Andorra
3476,1981,AND,,Andorra
3477,1980,AND,,Andorra
3478,1979,AND,,Andorra
3479,1978,AND,,Andorra
3480,1977,AND,,Andorra
3481,1976,AND,,Andorra
3482,1975,AND,,Andorra
3483,1974,AND,,Andorra
3484,1973,AND,,Andorra
3485,1972,AND,,Andorra
3486,1971,AND,,Andorra
3487,1970,AND,,Andorra
3488,1969,AND,,Andorra
3489,1968,AND,,Andorra
3490,1967,AND,,Andorra
3491,1966,AND,,Andorra
3492,1965,AND,,Andorra
3493,1964,AND,,Andorra
3494,1963,AND,,Andorra
3495,1962,AND,,Andorra
3496,1961,AND,,Andorra
3497,1960,AND,,Andorra
3498,2025,AGO,,Angola
3499,2024,AGO,,Angola
3500,2023,AGO,,Angola
3501,2022,AGO,1010.0,Angola
3502,2021,AGO,1010.0,Angola
3503,2020,AGO,1010.0,Angola
3504,2019,AGO,1010.0,Angola
3505,2018,AGO,1010.0,Angola
3506,2017,AGO,1010.0,Angola
3507,2016,AGO,1010.0,Angola
3508,2015,AGO,1010.0,Angola
3509,2014,AGO,1010.0,Angola
3510,2013,AGO,1010.0,Angola
3511,2012,AGO,1010.0,Angola
3512,2011,AGO,1010.0,Angola
3513,2010,AGO,1010.0,Angola
3514,2009,AGO,1010.0,Angola
3515,2008,AGO,1010.0,Angola
3516,2007,AGO,1010.0,Angola
3517,2006,AGO,1010.0,Angola
3518,2005,AGO,1010.0,Angola
3519,2004,AGO,1010.0,Angola
3520,2003,AGO,1010.0,Angola
3521,2002,AGO,1010.0,Angola
3522,2001,AGO,1010.0,Angola
3523,2000,AGO,1010.0,Angola
3524,1999,AGO,1010.0,Angola
3525,1998,AGO,1010.0,Angola
3526,1997,AGO,1010.0,Angola
3527,1996,AGO,1010.0,Angola
3528,1995,AGO,1010.0,Angola
3529,1994,AGO,1010.0,Angola
3530,1993,AGO,1010.0,Angola
3531,1992,AGO,1010.0,Angola
3532,1991,AGO,1010.0,Angola
3533,1990,AGO,1010.0,Angola
3534,1989,AGO,1010.0,Angola
3535,1988,AGO,1010.0,Angola
3536,1987,AGO,1010.0,Angola
3537,1986,AGO,1010.0,Angola
3538,1985,AGO,1010.0,Angola
3539,1984,AGO,1010.0,Angola
3540,1983,AGO,1010.0,Angola
3541,1982,AGO,1010.0,Angola
3542,1981,AGO,1010.0,Angola
3543,1980,AGO,1010.0,Angola
3544,1979,AGO,1010.0,Angola
3545,1978,AGO,1010.0,Angola
3546,1977,AGO,1010.0,Angola
3547,1976,AGO,1010.0,Angola
3548,1975,AGO,1010.0,Angola
3549,1974,AGO,1010.0,Angola
3550,1973,AGO,1010.0,Angola
3551,1972,AGO,1010.0,Angola
3552,1971,AGO,1010.0,Angola
3553,1970,AGO,1010.0,Angola
3554,1969,AGO,1010.0,Angola
3555,1968,AGO,1010.0,Angola
3556,1967,AGO,1010.0,Angola
3557,1966,AGO,1010.0,Angola
3558,1965,AGO,1010.0,Angola
3559,1964,AGO,1010.0,Angola
3560,1963,AGO,1010.0,Angola
3561,1962,AGO,1010.0,Angola
3562,1961,AGO,1010.0,Angola
3563,1960,AGO,,Angola
3564,2025,ATG,,Antigua and Barbuda
3565,2024,ATG,,Antigua and Barbuda
3566,2023,ATG,,Antigua and Barbuda
3567,2022,ATG,1030.0,Antigua and Barbuda
3568,2021,ATG,1030.0,Antigua and Barbuda
3569,2020,ATG,1030.0,Antigua and Barbuda
3570,2019,ATG,1030.0,Antigua and Barbuda
3571,2018,ATG,1030.0,Antigua and Barbuda
3572,2017,ATG,1030.0,Antigua and Barbuda
3573,2016,ATG,1030.0,Antigua and Barbuda
3574,2015,ATG,1030.0,Antigua and Barbuda
3575,2014,ATG,1030.0,Antigua and Barbuda
3576,2013,ATG,1030.0,Antigua and Barbuda
3577,2012,ATG,1030.0,Antigua and Barbuda
3578,2011,ATG,1030.0,Antigua and Barbuda
3579,2010,ATG,1030.0,Antigua and Barbuda
3580,2009,ATG,1030.0,Antigua and Barbuda
3581,2008,ATG,1030.0,Antigua and Barbuda
3582,2007,ATG,1030.0,Antigua and Barbuda
3583,2006,ATG,1030.0,Antigua and Barbuda
3584,2005,ATG,1030.0,Antigua and Barbuda
3585,2004,ATG,1030.0,Antigua and Barbuda
3586,2003,ATG,1030.0,Antigua and Barbuda
3587,2002,ATG,1030.0,Antigua and Barbuda
3588,2001,ATG,1030.0,Antigua and Barbuda
3589,2000,ATG,1030.0,Antigua and Barbuda
3590,1999,ATG,1030.0,Antigua and Barbuda
3591,1998,ATG,1030.0,Antigua and Barbuda
3592,1997,ATG,1030.0,Antigua and Barbuda
3593,1996,ATG,1030.0,Antigua and Barbuda
3594,1995,ATG,1030.0,Antigua and Barbuda
3595,1994,ATG,1030.0,Antigua and Barbuda
3596,1993,ATG,1030.0,Antigua and Barbuda
3597,1992,ATG,1030.0,Antigua and Barbuda
3598,1991,ATG,1030.0,Antigua and Barbuda
3599,1990,ATG,1030.0,Antigua and Barbuda
3600,1989,ATG,1030.0,Antigua and Barbuda
3601,1988,ATG,1030.0,Antigua and Barbuda
3602,1987,ATG,1030.0,Antigua and Barbuda
3603,1986,ATG,1030.0,Antigua and Barbuda
3604,1985,ATG,1030.0,Antigua and Barbuda
3605,1984,ATG,1030.0,Antigua and Barbuda
3606,1983,ATG,1030.0,Antigua and Barbuda
3607,1982,ATG,1030.0,Antigua and Barbuda
3608,1981,ATG,1030.0,Antigua and Barbuda
3609,1980,ATG,1030.0,Antigua and Barbuda
3610,1979,ATG,1030.0,Antigua and Barbuda
3611,1978,ATG,1030.0,Antigua and Barbuda
3612,1977,ATG,1030.0,Antigua and Barbuda
3613,1976,ATG,1030.0,Antigua and Barbuda
3614,1975,ATG,1030.0,Antigua and Barbuda
3615,1974,ATG,1030.0,Antigua and Barbuda
3616,1973,ATG,1030.0,Antigua and Barbuda
3617,1972,ATG,1030.0,Antigua and Barbuda
3618,1971,ATG,1030.0,Antigua and Barbuda
3619,1970,ATG,1030.0,Antigua and Barbuda
3620,1969,ATG,1030.0,Antigua and Barbuda
3621,1968,ATG,1030.0,Antigua and Barbuda
3622,1967,ATG,1030.0,Antigua and Barbuda
3623,1966,ATG,1030.0,Antigua and Barbuda
3624,1965,ATG,1030.0,Antigua and Barbuda
3625,1964,ATG,1030.0,Antigua and Barbuda
3626,1963,ATG,1030.0,Antigua and Barbuda
3627,1962,ATG,1030.0,Antigua and Barbuda
3628,1961,ATG,1030.0,Antigua and Barbuda
3629,1960,ATG,,Antigua and Barbuda
3630,2025,ARG,,Argentina
3631,2024,ARG,,Argentina
3632,2023,ARG,,Argentina
3633,2022,ARG,591.0,Argentina
3634,2021,ARG,591.0,Argentina
3635,2020,ARG,591.0,Argentina
3636,2019,ARG,591.0,Argentina
3637,2018,ARG,591.0,Argentina
3638,2017,ARG,591.0,Argentina
3639,2016,ARG,591.0,Argentina
3640,2015,ARG,591.0,Argentina
3641,2014,ARG,591.0,Argentina
3642,2013,ARG,591.0,Argentina
3643,2012,ARG,591.0,Argentina
3644,2011,ARG,591.0,Argentina
3645,2010,ARG,591.0,Argentina
3646,2009,ARG,591.0,Argentina
3647,2008,ARG,591.0,Argentina
3648,2007,ARG,591.0,Argentina
3649,2006,ARG,591.0,Argentina
3650,2005,ARG,591.0,Argentina
3651,2004,ARG,591.0,Argentina
3652,2003,ARG,591.0,Argentina
3653,2002,ARG,591.0,Argentina
3654,2001,ARG,591.0,Argentina
3655,2000,ARG,591.0,Argentina
3656,1999,ARG,591.0,Argentina
3657,1998,ARG,591.0,Argentina
3658,1997,ARG,591.0,Argentina
3659,1996,ARG,591.0,Argentina
3660,1995,ARG,591.0,Argentina
3661,1994,ARG,591.0,Argentina
3662,1993,ARG,591.0,Argentina
3663,1992,ARG,591.0,Argentina
3664,1991,ARG,591.0,Argentina
3665,1990,ARG,591.0,Argentina
3666,1989,ARG,591.0,Argentina
3667,1988,ARG,591.0,Argentina
3668,1987,ARG,591.0,Argentina
3669,1986,ARG,591.0,Argentina
3670,1985,ARG,591.0,Argentina
3671,1984,ARG,591.0,Argentina
3672,1983,ARG,591.0,Argentina
3673,1982,ARG,591.0,Argentina
3674,1981,ARG,591.0,Argentina
3675,1980,ARG,591.0,Argentina
3676,1979,ARG,591.0,Argentina
3677,1978,ARG,591.0,Argentina
3678,1977,ARG,591.0,Argentina
3679,1976,ARG,591.0,Argentina
3680,1975,ARG,591.0,Argentina
3681,1974,ARG,591.0,Argentina
3682,1973,ARG,591.0,Argentina
3683,1972,ARG,591.0,Argentina
3684,1971,ARG,591.0,Argentina
3685,1970,ARG,591.0,Argentina
3686,1969,ARG,591.0,Argentina
3687,1968,ARG,591.0,Argentina
3688,1967,ARG,591.0,Argentina
3689,1966,ARG,591.0,Argentina
3690,1965,ARG,591.0,Argentina
3691,1964,ARG,591.0,Argentina
3692,1963,ARG,591.0,Argentina
3693,1962,ARG,591.0,Argentina
3694,1961,ARG,,Argentina
3695,1960,ARG,,Argentina
3696,2025,ARM,,Armenia
3697,2024,ARM,,Armenia
3698,2023,ARM,,Armenia
3699,2022,ARM,562.0,Armenia
3700,2021,ARM,562.0,Armenia
3701,2020,ARM,562.0,Armenia
3702,2019,ARM,562.0,Armenia
3703,2018,ARM,562.0,Armenia
3704,2017,ARM,562.0,Armenia
3705,2016,ARM,562.0,Armenia
3706,2015,ARM,562.0,Armenia
3707,2014,ARM,562.0,Armenia
3708,2013,ARM,562.0,Armenia
3709,2012,ARM,562.0,Armenia
3710,2011,ARM,562.0,Armenia
3711,2010,ARM,562.0,Armenia
3712,2009,ARM,562.0,Armenia
3713,2008,ARM,562.0,Armenia
3714,2007,ARM,562.0,Armenia
3715,2006,ARM,562.0,Armenia
3716,2005,ARM,562.0,Armenia
3717,2004,ARM,562.0,Armenia
3718,2003,ARM,562.0,Armenia
3719,2002,ARM,562.0,Armenia
3720,2001,ARM,562.0,Armenia
3721,2000,ARM,562.0,Armenia
3722,1999,ARM,562.0,Armenia
3723,1998,ARM,562.0,Armenia
3724,1997,ARM,562.0,Armenia
3725,1996,ARM,562.0,Armenia
3726,1995,ARM,562.0,Armenia
3727,1994,ARM,562.0,Armenia
3728,1993,ARM,562.0,Armenia
3729,1992,ARM,562.0,Armenia
3730,1991,ARM,,Armenia
3731,1990,ARM,,Armenia
3732,1989,ARM,,Armenia
3733,1988,ARM,,Armenia
3734,1987,ARM,,Armenia
3735,1986,ARM,,Armenia
3736,1985,ARM,,Armenia
3737,1984,ARM,,Armenia
3738,1983,ARM,,Armenia
3739,1982,ARM,,Armenia
3740,1981,ARM,,Armenia
3741,1980,ARM,,Armenia
3742,1979,ARM,,Armenia
3743,1978,ARM,,Armenia
3744,1977,ARM,,Armenia
3745,1976,ARM,,Armenia
3746,1975,ARM,,Armenia
3747,1974,ARM,,Armenia
3748,1973,ARM,,Armenia
3749,1972,ARM,,Armenia
3750,1971,ARM,,Armenia
3751,1970,ARM,,Armenia
3752,1969,ARM,,Armenia
3753,1968,ARM,,Armenia
3754,1967,ARM,,Armenia
3755,1966,ARM,,Armenia
3756,1965,ARM,,Armenia
3757,1964,ARM,,Armenia
3758,1963,ARM,,Armenia
3759,1962,ARM,,Armenia
3760,1961,ARM,,Armenia
3761,1960,ARM,,Armenia
3762,2025,ABW,,Aruba
3763,2024,ABW,,Aruba
3764,2023,ABW,,Aruba
3765,2022,ABW,,Aruba
3766,2021,ABW,,Aruba
3767,2020,ABW,,Aruba
3768,2019,ABW,,Aruba
3769,2018,ABW,,Aruba
3770,2017,ABW,,Aruba
3771,2016,ABW,,Aruba
3772,2015,ABW,,Aruba
3773,2014,ABW,,Aruba
3774,2013,ABW,,Aruba
3775,2012,ABW,,Aruba
3776,2011,ABW,,Aruba
3777,2010,ABW,,Aruba
3778,2009,ABW,,Aruba
3779,2008,ABW,,Aruba
3780,2007,ABW,,Aruba
3781,2006,ABW,,Aruba
3782,2005,ABW,,Aruba
3783,2004,ABW,,Aruba
3784,2003,ABW,,Aruba
3785,2002,ABW,,Aruba
3786,2001,ABW,,Aruba
3787,2000,ABW,,Aruba
3788,1999,ABW,,Aruba
3789,1998,ABW,,Aruba
3790,1997,ABW,,Aruba
3791,1996,ABW,,Aruba
3792,1995,ABW,,Aruba
3793,1994,ABW,,Aruba
3794,1993,ABW,,Aruba
3795,1992,ABW,,Aruba
3796,1991,ABW,,Aruba
3797,1990,ABW,,Aruba
3798,1989,ABW,,Aruba
3799,1988,ABW,,Aruba
3800,1987,ABW,,Aruba
3801,1986,ABW,,Aruba
3802,1985,ABW,,Aruba
3803,1984,ABW,,Aruba
3804,1983,ABW,,Aruba
3805,1982,ABW,,Aruba
3806,1981,ABW,,Aruba
3807,1980,ABW,,Aruba
3808,1979,ABW,,Aruba
3809,1978,ABW,,Aruba
3810,1977,ABW,,Aruba
3811,1976,ABW,,Aruba
3812,1975,ABW,,Aruba
3813,1974,ABW,,Aruba
3814,1973,ABW,,Aruba
3815,1972,ABW,,Aruba
3816,1971,ABW,,Aruba
3817,1970,ABW,,Aruba
3818,1969,ABW,,Aruba
3819,1968,ABW,,Aruba
3820,1967,ABW,,Aruba
3821,1966,ABW,,Aruba
3822,1965,ABW,,Aruba
3823,1964,ABW,,Aruba
3824,1963,ABW,,Aruba
3825,1962,ABW,,Aruba
3826,1961,ABW,,Aruba
3827,1960,ABW,,Aruba
3828,2025,AUS,,Australia
3829,2024,AUS,,Australia
3830,2023,AUS,,Australia
3831,2022,AUS,534.0,Australia
3832,2021,AUS,534.0,Australia
3833,2020,AUS,534.0,Australia
3834,2019,AUS,534.0,Australia
3835,2018,AUS,534.0,Australia
3836,2017,AUS,534.0,Australia
3837,2016,AUS,534.0,Australia
3838,2015,AUS,534.0,Australia
3839,2014,AUS,534.0,Australia
3840,2013,AUS,534.0,Australia
3841,2012,AUS,534.0,Australia
3842,2011,AUS,534.0,Australia
3843,2010,AUS,534.0,Australia
3844,2009,AUS,534.0,Australia
3845,2008,AUS,534.0,Australia
3846,2007,AUS,534.0,Australia
3847,2006,AUS,534.0,Australia
3848,2005,AUS,534.0,Australia
3849,2004,AUS,534.0,Australia
3850,2003,AUS,534.0,Australia
3851,2002,AUS,534.0,Australia
3852,2001,AUS,534.0,Australia
3853,2000,AUS,534.0,Australia
3854,1999,AUS,534.0,Australia
3855,1998,AUS,534.0,Australia
3856,1997,AUS,534.0,Australia
3857,1996,AUS,534.0,Australia
3858,1995,AUS,534.0,Australia
3859,1994,AUS,534.0,Australia
3860,1993,AUS,534.0,Australia
3861,1992,AUS,534.0,Australia
3862,1991,AUS,534.0,Australia
3863,1990,AUS,534.0,Australia
3864,1989,AUS,534.0,Australia
3865,1988,AUS,534.0,Australia
3866,1987,AUS,534.0,Australia
3867,1986,AUS,534.0,Australia
3868,1985,AUS,534.0,Australia
3869,1984,AUS,534.0,Australia
3870,1983,AUS,534.0,Australia
3871,1982,AUS,534.0,Australia
3872,1981,AUS,534.0,Australia
3873,1980,AUS,534.0,Australia
3874,1979,AUS,534.0,Australia
3875,1978,AUS,534.0,Australia
3876,1977,AUS,534.0,Australia
3877,1976,AUS,534.0,Australia
3878,1975,AUS,534.0,Australia
3879,1974,AUS,534.0,Australia
3880,1973,AUS,534.0,Australia
3881,1972,AUS,534.0,Australia
3882,1971,AUS,534.0,Australia
3883,1970,AUS,534.0,Australia
3884,1969,AUS,534.0,Australia
3885,1968,AUS,534.0,Australia
3886,1967,AUS,534.0,Australia
3887,1966,AUS,534.0,Australia
3888,1965,AUS,534.0,Australia
3889,1964,AUS,534.0,Australia
3890,1963,AUS,534.0,Australia
3891,1962,AUS,534.0,Australia
3892,1961,AUS,534.0,Australia
3893,1960,AUS,,Australia
3894,2025,AUT,,Austria
3895,2024,AUT,,Austria
3896,2023,AUT,,Austria
3897,2022,AUT,1110.0,Austria
3898,2021,AUT,1110.0,Austria
3899,2020,AUT,1110.0,Austria
3900,2019,AUT,1110.0,Austria
3901,2018,AUT,1110.0,Austria
3902,2017,AUT,1110.0,Austria
3903,2016,AUT,1110.0,Austria
3904,2015,AUT,1110.0,Austria
3905,2014,AUT,1110.0,Austria
3906,2013,AUT,1110.0,Austria
3907,2012,AUT,1110.0,Austria
3908,2011,AUT,1110.0,Austria
3909,2010,AUT,1110.0,Austria
3910,2009,AUT,1110.0,Austria
3911,2008,AUT,1110.0,Austria
3912,2007,AUT,1110.0,Austria
3913,2006,AUT,1110.0,Austria
3914,2005,AUT,1110.0,Austria
3915,2004,AUT,1110.0,Austria
3916,2003,AUT,1110.0,Austria
3917,2002,AUT,1110.0,Austria
3918,2001,AUT,1110.0,Austria
3919,2000,AUT,1110.0,Austria
3920,1999,AUT,1110.0,Austria
3921,1998,AUT,1110.0,Austria
3922,1997,AUT,1110.0,Austria
3923,1996,AUT,1110.0,Austria
3924,1995,AUT,1110.0,Austria
3925,1994,AUT,1110.0,Austria
3926,1993,AUT,1110.0,Austria
3927,1992,AUT,1110.0,Austria
3928,1991,AUT,1110.0,Austria
3929,1990,AUT,1110.0,Austria
3930,1989,AUT,1110.0,Austria
3931,1988,AUT,1110.0,Austria
3932,1987,AUT,1110.0,Austria
3933,1986,AUT,1110.0,Austria
3934,1985,AUT,1110.0,Austria
3935,1984,AUT,1110.0,Austria
3936,1983,AUT,1110.0,Austria
3937,1982,AUT,1110.0,Austria
3938,1981,AUT,1110.0,Austria
3939,1980,AUT,1110.0,Austria
3940,1979,AUT,1110.0,Austria
3941,1978,AUT,1110.0,Austria
3942,1977,AUT,1110.0,Austria
3943,1976,AUT,1110.0,Austria
3944,1975,AUT,1110.0,Austria
3945,1974,AUT,1110.0,Austria
3946,1973,AUT,1110.0,Austria
3947,1972,AUT,1110.0,Austria
3948,1971,AUT,1110.0,Austria
3949,1970,AUT,1110.0,Austria
3950,1969,AUT,1110.0,Austria
3951,1968,AUT,1110.0,Austria
3952,1967,AUT,1110.0,Austria
3953,1966,AUT,1110.0,Austria
3954,1965,AUT,1110.0,Austria
3955,1964,AUT,1110.0,Austria
3956,1963,AUT,1110.0,Austria
3957,1962,AUT,1110.0,Austria
3958,1961,AUT,1110.0,Austria
3959,1960,AUT,,Austria
3960,2025,AZE,,Azerbaijan
3961,2024,AZE,,Azerbaijan
3962,2023,AZE,,Azerbaijan
3963,2022,AZE,447.0,Azerbaijan
3964,2021,AZE,447.0,Azerbaijan
3965,2020,AZE,447.0,Azerbaijan
3966,2019,AZE,447.0,Azerbaijan
3967,2018,AZE,447.0,Azerbaijan
3968,2017,AZE,447.0,Azerbaijan
3969,2016,AZE,447.0,Azerbaijan
3970,2015,AZE,447.0,Azerbaijan
3971,2014,AZE,447.0,Azerbaijan
3972,2013,AZE,447.0,Azerbaijan
3973,2012,AZE,447.0,Azerbaijan
3974,2011,AZE,447.0,Azerbaijan
3975,2010,AZE,447.0,Azerbaijan
3976,2009,AZE,447.0,Azerbaijan
3977,2008,AZE,447.0,Azerbaijan
3978,2007,AZE,447.0,Azerbaijan
3979,2006,AZE,447.0,Azerbaijan
3980,2005,AZE,447.0,Azerbaijan
3981,2004,AZE,447.0,Azerbaijan
3982,2003,AZE,447.0,Azerbaijan
3983,2002,AZE,447.0,Azerbaijan
3984,2001,AZE,447.0,Azerbaijan
3985,2000,AZE,447.0,Azerbaijan
3986,1999,AZE,447.0,Azerbaijan
3987,1998,AZE,447.0,Azerbaijan
3988,1997,AZE,447.0,Azerbaijan
3989,1996,AZE,447.0,Azerbaijan
3990,1995,AZE,447.0,Azerbaijan
3991,1994,AZE,447.0,Azerbaijan
3992,1993,AZE,447.0,Azerbaijan
3993,1992,AZE,447.0,Azerbaijan
3994,1991,AZE,,Azerbaijan
3995,1990,AZE,,Azerbaijan
3996,1989,AZE,,Azerbaijan
3997,1988,AZE,,Azerbaijan
3998,1987,AZE,,Azerbaijan
3999,1986,AZE,,Azerbaijan
4000,1985,AZE,,Azerbaijan
4001,1984,AZE,,Azerbaijan
4002,1983,AZE,,Azerbaijan
4003,1982,AZE,,Azerbaijan
4004,1981,AZE,,Azerbaijan
4005,1980,AZE,,Azerbaijan
4006,1979,AZE,,Azerbaijan
4007,1978,AZE,,Azerbaijan
4008,1977,AZE,,Azerbaijan
4009,1976,AZE,,Azerbaijan
4010,1975,AZE,,Azerbaijan
4011,1974,AZE,,Azerbaijan
4012,1973,AZE,,Azerbaijan
4013,1972,AZE,,Azerbaijan
4014,1971,AZE,,Azerbaijan
4015,1970,AZE,,Azerbaijan
4016,1969,AZE,,Azerbaijan
4017,1968,AZE,,Azerbaijan
4018,1967,AZE,,Azerbaijan
4019,1966,AZE,,Azerbaijan
4020,1965,AZE,,Azerbaijan
4021,1964,AZE,,Azerbaijan
4022,1963,AZE,,Azerbaijan
4023,1962,AZE,,Azerbaijan
4024,1961,AZE,,Azerbaijan
4025,1960,AZE,,Azerbaijan
4026,2025,BHS,,"Bahamas, The"
4027,2024,BHS,,"Bahamas, The"
4028,2023,BHS,,"Bahamas, The"
4029,2022,BHS,1292.0,"Bahamas, The"
4030,2021,BHS,1292.0,"Bahamas, The"
4031,2020,BHS,1292.0,"Bahamas, The"
4032,2019,BHS,1292.0,"Bahamas, The"
4033,2018,BHS,1292.0,"Bahamas, The"
4034,2017,BHS,1292.0,"Bahamas, The"
4035,2016,BHS,1292.0,"Bahamas, The"
4036,2015,BHS,1292.0,"Bahamas, The"
4037,2014,BHS,1292.0,"Bahamas, The"
4038,2013,BHS,1292.0,"Bahamas, The"
4039,2012,BHS,1292.0,"Bahamas, The"
4040,2011,BHS,1292.0,"Bahamas, The"
4041,2010,BHS,1292.0,"Bahamas, The"
4042,2009,BHS,1292.0,"Bahamas, The"
4043,2008,BHS,1292.0,"Bahamas, The"
4044,2007,BHS,1292.0,"Bahamas, The"
4045,2006,BHS,1292.0,"Bahamas, The"
4046,2005,BHS,1292.0,"Bahamas, The"
4047,2004,BHS,1292.0,"Bahamas, The"
4048,2003,BHS,1292.0,"Bahamas, The"
4049,2002,BHS,1292.0,"Bahamas, The"
4050,2001,BHS,1292.0,"Bahamas, The"
4051,2000,BHS,1292.0,"Bahamas, The"
4052,1999,BHS,1292.0,"Bahamas, The"
4053,1998,BHS,1292.0,"Bahamas, The"
4054,1997,BHS,1292.0,"Bahamas, The"
4055,1996,BHS,1292.0,"Bahamas, The"
4056,1995,BHS,1292.0,"Bahamas, The"
4057,1994,BHS,1292.0,"Bahamas, The"
4058,1993,BHS,1292.0,"Bahamas, The"
4059,1992,BHS,1292.0,"Bahamas, The"
4060,1991,BHS,1292.0,"Bahamas, The"
4061,1990,BHS,1292.0,"Bahamas, The"
4062,1989,BHS,1292.0,"Bahamas, The"
4063,1988,BHS,1292.0,"Bahamas, The"
4064,1987,BHS,1292.0,"Bahamas, The"
4065,1986,BHS,1292.0,"Bahamas, The"
4066,1985,BHS,1292.0,"Bahamas, The"
4067,1984,BHS,1292.0,"Bahamas, The"
4068,1983,BHS,1292.0,"Bahamas, The"
4069,1982,BHS,1292.0,"Bahamas, The"
4070,1981,BHS,1292.0,"Bahamas, The"
4071,1980,BHS,1292.0,"Bahamas, The"
4072,1979,BHS,1292.0,"Bahamas, The"
4073,1978,BHS,1292.0,"Bahamas, The"
4074,1977,BHS,1292.0,"Bahamas, The"
4075,1976,BHS,1292.0,"Bahamas, The"
4076,1975,BHS,1292.0,"Bahamas, The"
4077,1974,BHS,1292.0,"Bahamas, The"
4078,1973,BHS,1292.0,"Bahamas, The"
4079,1972,BHS,1292.0,"Bahamas, The"
4080,1971,BHS,1292.0,"Bahamas, The"
4081,1970,BHS,1292.0,"Bahamas, The"
4082,1969,BHS,1292.0,"Bahamas, The"
4083,1968,BHS,1292.0,"Bahamas, The"
4084,1967,BHS,1292.0,"Bahamas, The"
4085,1966,BHS,1292.0,"Bahamas, The"
4086,1965,BHS,1292.0,"Bahamas, The"
4087,1964,BHS,1292.0,"Bahamas, The"
4088,1963,BHS,1292.0,"Bahamas, The"
4089,1962,BHS,1292.0,"Bahamas, The"
4090,1961,BHS,1292.0,"Bahamas, The"
4091,1960,BHS,,"Bahamas, The"
4092,2025,BHR,,Bahrain
4093,2024,BHR,,Bahrain
4094,2023,BHR,,Bahrain
4095,2022,BHR,83.0,Bahrain
4096,2021,BHR,83.0,Bahrain
4097,2020,BHR,83.0,Bahrain
4098,2019,BHR,83.0,Bahrain
4099,2018,BHR,83.0,Bahrain
4100,2017,BHR,83.0,Bahrain
4101,2016,BHR,83.0,Bahrain
4102,2015,BHR,83.0,Bahrain
4103,2014,BHR,83.0,Bahrain
4104,2013,BHR,83.0,Bahrain
4105,2012,BHR,83.0,Bahrain
4106,2011,BHR,83.0,Bahrain
4107,2010,BHR,83.0,Bahrain
4108,2009,BHR,83.0,Bahrain
4109,2008,BHR,83.0,Bahrain
4110,2007,BHR,83.0,Bahrain
4111,2006,BHR,83.0,Bahrain
4112,2005,BHR,83.0,Bahrain
4113,2004,BHR,83.0,Bahrain
4114,2003,BHR,83.0,Bahrain
4115,2002,BHR,83.0,Bahrain
4116,2001,BHR,83.0,Bahrain
4117,2000,BHR,83.0,Bahrain
4118,1999,BHR,83.0,Bahrain
4119,1998,BHR,83.0,Bahrain
4120,1997,BHR,83.0,Bahrain
4121,1996,BHR,83.0,Bahrain
4122,1995,BHR,83.0,Bahrain
4123,1994,BHR,83.0,Bahrain
4124,1993,BHR,83.0,Bahrain
4125,1992,BHR,83.0,Bahrain
4126,1991,BHR,83.0,Bahrain
4127,1990,BHR,83.0,Bahrain
4128,1989,BHR,83.0,Bahrain
4129,1988,BHR,83.0,Bahrain
4130,1987,BHR,83.0,Bahrain
4131,1986,BHR,83.0,Bahrain
4132,1985,BHR,83.0,Bahrain
4133,1984,BHR,83.0,Bahrain
4134,1983,BHR,83.0,Bahrain
4135,1982,BHR,83.0,Bahrain
4136,1981,BHR,83.0,Bahrain
4137,1980,BHR,83.0,Bahrain
4138,1979,BHR,83.0,Bahrain
4139,1978,BHR,83.0,Bahrain
4140,1977,BHR,83.0,Bahrain
4141,1976,BHR,83.0,Bahrain
4142,1975,BHR,83.0,Bahrain
4143,1974,BHR,83.0,Bahrain
4144,1973,BHR,83.0,Bahrain
4145,1972,BHR,83.0,Bahrain
4146,1971,BHR,83.0,Bahrain
4147,1970,BHR,83.0,Bahrain
4148,1969,BHR,83.0,Bahrain
4149,1968,BHR,83.0,Bahrain
4150,1967,BHR,83.0,Bahrain
4151,1966,BHR,83.0,Bahrain
4152,1965,BHR,83.0,Bahrain
4153,1964,BHR,83.0,Bahrain
4154,1963,BHR,83.0,Bahrain
4155,1962,BHR,83.0,Bahrain
4156,1961,BHR,83.0,Bahrain
4157,1960,BHR,,Bahrain
4158,2025,BGD,,Bangladesh
4159,2024,BGD,,Bangladesh
4160,2023,BGD,,Bangladesh
4161,2022,BGD,2666.0,Bangladesh
4162,2021,BGD,2666.0,Bangladesh
4163,2020,BGD,2666.0,Bangladesh
4164,2019,BGD,2666.0,Bangladesh
4165,2018,BGD,2666.0,Bangladesh
4166,2017,BGD,2666.0,Bangladesh
4167,2016,BGD,2666.0,Bangladesh
4168,2015,BGD,2666.0,Bangladesh
4169,2014,BGD,2666.0,Bangladesh
4170,2013,BGD,2666.0,Bangladesh
4171,2012,BGD,2666.0,Bangladesh
4172,2011,BGD,2666.0,Bangladesh
4173,2010,BGD,2666.0,Bangladesh
4174,2009,BGD,2666.0,Bangladesh
4175,2008,BGD,2666.0,Bangladesh
4176,2007,BGD,2666.0,Bangladesh
4177,2006,BGD,2666.0,Bangladesh
4178,2005,BGD,2666.0,Bangladesh
4179,2004,BGD,2666.0,Bangladesh
4180,2003,BGD,2666.0,Bangladesh
4181,2002,BGD,2666.0,Bangladesh
4182,2001,BGD,2666.0,Bangladesh
4183,2000,BGD,2666.0,Bangladesh
4184,1999,BGD,2666.0,Bangladesh
4185,1998,BGD,2666.0,Bangladesh
4186,1997,BGD,2666.0,Bangladesh
4187,1996,BGD,2666.0,Bangladesh
4188,1995,BGD,2666.0,Bangladesh
4189,1994,BGD,2666.0,Bangladesh
4190,1993,BGD,2666.0,Bangladesh
4191,1992,BGD,2666.0,Bangladesh
4192,1991,BGD,2666.0,Bangladesh
4193,1990,BGD,2666.0,Bangladesh
4194,1989,BGD,2666.0,Bangladesh
4195,1988,BGD,2666.0,Bangladesh
4196,1987,BGD,2666.0,Bangladesh
4197,1986,BGD,2666.0,Bangladesh
4198,1985,BGD,2666.0,Bangladesh
4199,1984,BGD,2666.0,Bangladesh
4200,1983,BGD,2666.0,Bangladesh
4201,1982,BGD,2666.0,Bangladesh
4202,1981,BGD,2666.0,Bangladesh
4203,1980,BGD,2666.0,Bangladesh
4204,1979,BGD,2666.0,Bangladesh
4205,1978,BGD,2666.0,Bangladesh
4206,1977,BGD,2666.0,Bangladesh
4207,1976,BGD,2666.0,Bangladesh
4208,1975,BGD,2666.0,Bangladesh
4209,1974,BGD,2666.0,Bangladesh
4210,1973,BGD,2666.0,Bangladesh
4211,1972,BGD,2666.0,Bangladesh
4212,1971,BGD,2666.0,Bangladesh
4213,1970,BGD,2666.0,Bangladesh
4214,1969,BGD,2666.0,Bangladesh
4215,1968,BGD,2666.0,Bangladesh
4216,1967,BGD,2666.0,Bangladesh
4217,1966,BGD,2666.0,Bangladesh
4218,1965,BGD,2666.0,Bangladesh
4219,1964,BGD,2666.0,Bangladesh
4220,1963,BGD,2666.0,Bangladesh
4221,1962,BGD,2666.0,Bangladesh
4222,1961,BGD,2666.0,Bangladesh
4223,1960,BGD,,Bangladesh
4224,2025,BRB,,Barbados
4225,2024,BRB,,Barbados
4226,2023,BRB,,Barbados
4227,2022,BRB,1422.0,Barbados
4228,2021,BRB,1422.0,Barbados
4229,2020,BRB,1422.0,Barbados
4230,2019,BRB,1422.0,Barbados
4231,2018,BRB,1422.0,Barbados
4232,2017,BRB,1422.0,Barbados
4233,2016,BRB,1422.0,Barbados
4234,2015,BRB,1422.0,Barbados
4235,2014,BRB,1422.0,Barbados
4236,2013,BRB,1422.0,Barbados
4237,2012,BRB,1422.0,Barbados
4238,2011,BRB,1422.0,Barbados
4239,2010,BRB,1422.0,Barbados
4240,2009,BRB,1422.0,Barbados
4241,2008,BRB,1422.0,Barbados
4242,2007,BRB,1422.0,Barbados
4243,2006,BRB,1422.0,Barbados
4244,2005,BRB,1422.0,Barbados
4245,2004,BRB,1422.0,Barbados
4246,2003,BRB,1422.0,Barbados
4247,2002,BRB,1422.0,Barbados
4248,2001,BRB,1422.0,Barbados
4249,2000,BRB,1422.0,Barbados
4250,1999,BRB,1422.0,Barbados
4251,1998,BRB,1422.0,Barbados
4252,1997,BRB,1422.0,Barbados
4253,1996,BRB,1422.0,Barbados
4254,1995,BRB,1422.0,Barbados
4255,1994,BRB,1422.0,Barbados
4256,1993,BRB,1422.0,Barbados
4257,1992,BRB,1422.0,Barbados
4258,1991,BRB,1422.0,Barbados
4259,1990,BRB,1422.0,Barbados
4260,1989,BRB,1422.0,Barbados
4261,1988,BRB,1422.0,Barbados
4262,1987,BRB,1422.0,Barbados
4263,1986,BRB,1422.0,Barbados
4264,1985,BRB,1422.0,Barbados
4265,1984,BRB,1422.0,Barbados
4266,1983,BRB,1422.0,Barbados
4267,1982,BRB,1422.0,Barbados
4268,1981,BRB,1422.0,Barbados
4269,1980,BRB,1422.0,Barbados
4270,1979,BRB,1422.0,Barbados
4271,1978,BRB,1422.0,Barbados
4272,1977,BRB,1422.0,Barbados
4273,1976,BRB,1422.0,Barbados
4274,1975,BRB,1422.0,Barbados
4275,1974,BRB,1422.0,Barbados
4276,1973,BRB,1422.0,Barbados
4277,1972,BRB,1422.0,Barbados
4278,1971,BRB,1422.0,Barbados
4279,1970,BRB,1422.0,Barbados
4280,1969,BRB,1422.0,Barbados
4281,1968,BRB,1422.0,Barbados
4282,1967,BRB,1422.0,Barbados
4283,1966,BRB,1422.0,Barbados
4284,1965,BRB,1422.0,Barbados
4285,1964,BRB,1422.0,Barbados
4286,1963,BRB,1422.0,Barbados
4287,1962,BRB,1422.0,Barbados
4288,1961,BRB,1422.0,Barbados
4289,1960,BRB,,Barbados
4290,2025,BLR,,Belarus
4291,2024,BLR,,Belarus
4292,2023,BLR,,Belarus
4293,2022,BLR,618.0,Belarus
4294,2021,BLR,618.0,Belarus
4295,2020,BLR,618.0,Belarus
4296,2019,BLR,618.0,Belarus
4297,2018,BLR,618.0,Belarus
4298,2017,BLR,618.0,Belarus
4299,2016,BLR,618.0,Belarus
4300,2015,BLR,618.0,Belarus
4301,2014,BLR,618.0,Belarus
4302,2013,BLR,618.0,Belarus
4303,2012,BLR,618.0,Belarus
4304,2011,BLR,618.0,Belarus
4305,2010,BLR,618.0,Belarus
4306,2009,BLR,618.0,Belarus
4307,2008,BLR,618.0,Belarus
4308,2007,BLR,618.0,Belarus
4309,2006,BLR,618.0,Belarus
4310,2005,BLR,618.0,Belarus
4311,2004,BLR,618.0,Belarus
4312,2003,BLR,618.0,Belarus
4313,2002,BLR,618.0,Belarus
4314,2001,BLR,618.0,Belarus
4315,2000,BLR,618.0,Belarus
4316,1999,BLR,618.0,Belarus
4317,1998,BLR,618.0,Belarus
4318,1997,BLR,618.0,Belarus
4319,1996,BLR,618.0,Belarus
4320,1995,BLR,618.0,Belarus
4321,1994,BLR,618.0,Belarus
4322,1993,BLR,618.0,Belarus
4323,1992,BLR,618.0,Belarus
4324,1991,BLR,,Belarus
4325,1990,BLR,,Belarus
4326,1989,BLR,,Belarus
4327,1988,BLR,,Belarus
4328,1987,BLR,,Belarus
4329,1986,BLR,,Belarus
4330,1985,BLR,,Belarus
4331,1984,BLR,,Belarus
4332,1983,BLR,,Belarus
4333,1982,BLR,,Belarus
4334,1981,BLR,,Belarus
4335,1980,BLR,,Belarus
4336,1979,BLR,,Belarus
4337,1978,BLR,,Belarus
4338,1977,BLR,,Belarus
4339,1976,BLR,,Belarus
4340,1975,BLR,,Belarus
4341,1974,BLR,,Belarus
4342,1973,BLR,,Belarus
4343,1972,BLR,,Belarus
4344,1971,BLR,,Belarus
4345,1970,BLR,,Belarus
4346,1969,BLR,,Belarus
4347,1968,BLR,,Belarus
4348,1967,BLR,,Belarus
4349,1966,BLR,,Belarus
4350,1965,BLR,,Belarus
4351,1964,BLR,,Belarus
4352,1963,BLR,,Belarus
4353,1962,BLR,,Belarus
4354,1961,BLR,,Belarus
4355,1960,BLR,,Belarus
4356,2025,BEL,,Belgium
4357,2024,BEL,,Belgium
4358,2023,BEL,,Belgium
4359,2022,BEL,847.0,Belgium
4360,2021,BEL,847.0,Belgium
4361,2020,BEL,847.0,Belgium
4362,2019,BEL,847.0,Belgium
4363,2018,BEL,847.0,Belgium
4364,2017,BEL,847.0,Belgium
4365,2016,BEL,847.0,Belgium
4366,2015,BEL,847.0,Belgium
4367,2014,BEL,847.0,Belgium
4368,2013,BEL,847.0,Belgium
4369,2012,BEL,847.0,Belgium
4370,2011,BEL,847.0,Belgium
4371,2010,BEL,847.0,Belgium
4372,2009,BEL,847.0,Belgium
4373,2008,BEL,847.0,Belgium
4374,2007,BEL,847.0,Belgium
4375,2006,BEL,847.0,Belgium
4376,2005,BEL,847.0,Belgium
4377,2004,BEL,847.0,Belgium
4378,2003,BEL,847.0,Belgium
4379,2002,BEL,847.0,Belgium
4380,2001,BEL,847.0,Belgium
4381,2000,BEL,847.0,Belgium
4382,1999,BEL,847.0,Belgium
4383,1998,BEL,847.0,Belgium
4384,1997,BEL,847.0,Belgium
4385,1996,BEL,847.0,Belgium
4386,1995,BEL,847.0,Belgium
4387,1994,BEL,847.0,Belgium
4388,1993,BEL,847.0,Belgium
4389,1992,BEL,847.0,Belgium
4390,1991,BEL,847.0,Belgium
4391,1990,BEL,847.0,Belgium
4392,1989,BEL,847.0,Belgium
4393,1988,BEL,847.0,Belgium
4394,1987,BEL,847.0,Belgium
4395,1986,BEL,847.0,Belgium
4396,1985,BEL,847.0,Belgium
4397,1984,BEL,847.0,Belgium
4398,1983,BEL,847.0,Belgium
4399,1982,BEL,847.0,Belgium
4400,1981,BEL,847.0,Belgium
4401,1980,BEL,847.0,Belgium
4402,1979,BEL,847.0,Belgium
4403,1978,BEL,847.0,Belgium
4404,1977,BEL,847.0,Belgium
4405,1976,BEL,847.0,Belgium
4406,1975,BEL,847.0,Belgium
4407,1974,BEL,847.0,Belgium
4408,1973,BEL,847.0,Belgium
4409,1972,BEL,847.0,Belgium
4410,1971,BEL,847.0,Belgium
4411,1970,BEL,847.0,Belgium
4412,1969,BEL,847.0,Belgium
4413,1968,BEL,847.0,Belgium
4414,1967,BEL,847.0,Belgium
4415,1966,BEL,847.0,Belgium
4416,1965,BEL,847.0,Belgium
4417,1964,BEL,847.0,Belgium
4418,1963,BEL,847.0,Belgium
4419,1962,BEL,847.0,Belgium
4420,1961,BEL,847.0,Belgium
4421,1960,BEL,,Belgium
4422,2025,BLZ,,Belize
4423,2024,BLZ,,Belize
4424,2023,BLZ,,Belize
4425,2022,BLZ,1705.0,Belize
4426,2021,BLZ,1705.0,Belize
4427,2020,BLZ,1705.0,Belize
4428,2019,BLZ,1705.0,Belize
4429,2018,BLZ,1705.0,Belize
4430,2017,BLZ,1705.0,Belize
4431,2016,BLZ,1705.0,Belize
4432,2015,BLZ,1705.0,Belize
4433,2014,BLZ,1705.0,Belize
4434,2013,BLZ,1705.0,Belize
4435,2012,BLZ,1705.0,Belize
4436,2011,BLZ,1705.0,Belize
4437,2010,BLZ,1705.0,Belize
4438,2009,BLZ,1705.0,Belize
4439,2008,BLZ,1705.0,Belize
4440,2007,BLZ,1705.0,Belize
4441,2006,BLZ,1705.0,Belize
4442,2005,BLZ,1705.0,Belize
4443,2004,BLZ,1705.0,Belize
4444,2003,BLZ,1705.0,Belize
4445,2002,BLZ,1705.0,Belize
4446,2001,BLZ,1705.0,Belize
4447,2000,BLZ,1705.0,Belize
4448,1999,BLZ,1705.0,Belize
4449,1998,BLZ,1705.0,Belize
4450,1997,BLZ,1705.0,Belize
4451,1996,BLZ,1705.0,Belize
4452,1995,BLZ,1705.0,Belize
4453,1994,BLZ,1705.0,Belize
4454,1993,BLZ,1705.0,Belize
4455,1992,BLZ,1705.0,Belize
4456,1991,BLZ,1705.0,Belize
4457,1990,BLZ,1705.0,Belize
4458,1989,BLZ,1705.0,Belize
4459,1988,BLZ,1705.0,Belize
4460,1987,BLZ,1705.0,Belize
4461,1986,BLZ,1705.0,Belize
4462,1985,BLZ,1705.0,Belize
4463,1984,BLZ,1705.0,Belize
4464,1983,BLZ,1705.0,Belize
4465,1982,BLZ,1705.0,Belize
4466,1981,BLZ,1705.0,Belize
4467,1980,BLZ,1705.0,Belize
4468,1979,BLZ,1705.0,Belize
4469,1978,BLZ,1705.0,Belize
4470,1977,BLZ,1705.0,Belize
4471,1976,BLZ,1705.0,Belize
4472,1975,BLZ,1705.0,Belize
4473,1974,BLZ,1705.0,Belize
4474,1973,BLZ,1705.0,Belize
4475,1972,BLZ,1705.0,Belize
4476,1971,BLZ,1705.0,Belize
4477,1970,BLZ,1705.0,Belize
4478,1969,BLZ,1705.0,Belize
4479,1968,BLZ,1705.0,Belize
4480,1967,BLZ,1705.0,Belize
4481,1966,BLZ,1705.0,Belize
4482,1965,BLZ,1705.0,Belize
4483,1964,BLZ,1705.0,Belize
4484,1963,BLZ,1705.0,Belize
4485,1962,BLZ,1705.0,Belize
4486,1961,BLZ,1705.0,Belize
4487,1960,BLZ,,Belize
4488,2025,BEN,,Benin
4489,2024,BEN,,Benin
4490,2023,BEN,,Benin
4491,2022,BEN,1039.0,Benin
4492,2021,BEN,1039.0,Benin
4493,2020,BEN,1039.0,Benin
4494,2019,BEN,1039.0,Benin
4495,2018,BEN,1039.0,Benin
4496,2017,BEN,1039.0,Benin
4497,2016,BEN,1039.0,Benin
4498,2015,BEN,1039.0,Benin
4499,2014,BEN,1039.0,Benin
4500,2013,BEN,1039.0,Benin
4501,2012,BEN,1039.0,Benin
4502,2011,BEN,1039.0,Benin
4503,2010,BEN,1039.0,Benin
4504,2009,BEN,1039.0,Benin
4505,2008,BEN,1039.0,Benin
4506,2007,BEN,1039.0,Benin
4507,2006,BEN,1039.0,Benin
4508,2005,BEN,1039.0,Benin
4509,2004,BEN,1039.0,Benin
4510,2003,BEN,1039.0,Benin
4511,2002,BEN,1039.0,Benin
4512,2001,BEN,1039.0,Benin
4513,2000,BEN,1039.0,Benin
4514,1999,BEN,1039.0,Benin
4515,1998,BEN,1039.0,Benin
4516,1997,BEN,1039.0,Benin
4517,1996,BEN,1039.0,Benin
4518,1995,BEN,1039.0,Benin
4519,1994,BEN,1039.0,Benin
4520,1993,BEN,1039.0,Benin
4521,1992,BEN,1039.0,Benin
4522,1991,BEN,1039.0,Benin
4523,1990,BEN,1039.0,Benin
4524,1989,BEN,1039.0,Benin
4525,1988,BEN,1039.0,Benin
4526,1987,BEN,1039.0,Benin
4527,1986,BEN,1039.0,Benin
4528,1985,BEN,1039.0,Benin
4529,1984,BEN,1039.0,Benin
4530,1983,BEN,1039.0,Benin
4531,1982,BEN,1039.0,Benin
4532,1981,BEN,1039.0,Benin
4533,1980,BEN,1039.0,Benin
4534,1979,BEN,1039.0,Benin
4535,1978,BEN,1039.0,Benin
4536,1977,BEN,1039.0,Benin
4537,1976,BEN,1039.0,Benin
4538,1975,BEN,1039.0,Benin
4539,1974,BEN,1039.0,Benin
4540,1973,BEN,1039.0,Benin
4541,1972,BEN,1039.0,Benin
4542,1971,BEN,1039.0,Benin
4543,1970,BEN,1039.0,Benin
4544,1969,BEN,1039.0,Benin
4545,1968,BEN,1039.0,Benin
4546,1967,BEN,1039.0,Benin
4547,1966,BEN,1039.0,Benin
4548,1965,BEN,1039.0,Benin
4549,1964,BEN,1039.0,Benin
4550,1963,BEN,1039.0,Benin
4551,1962,BEN,1039.0,Benin
4552,1961,BEN,1039.0,Benin
4553,1960,BEN,,Benin
4554,2025,BMU,,Bermuda
4555,2024,BMU,,Bermuda
4556,2023,BMU,,Bermuda
4557,2022,BMU,,Bermuda
4558,2021,BMU,,Bermuda
4559,2020,BMU,,Bermuda
4560,2019,BMU,,Bermuda
4561,2018,BMU,,Bermuda
4562,2017,BMU,,Bermuda
4563,2016,BMU,,Bermuda
4564,2015,BMU,,Bermuda
4565,2014,BMU,,Bermuda
4566,2013,BMU,,Bermuda
4567,2012,BMU,,Bermuda
4568,2011,BMU,,Bermuda
4569,2010,BMU,,Bermuda
4570,2009,BMU,,Bermuda
4571,2008,BMU,,Bermuda
4572,2007,BMU,,Bermuda
4573,2006,BMU,,Bermuda
4574,2005,BMU,,Bermuda
4575,2004,BMU,,Bermuda
4576,2003,BMU,,Bermuda
4577,2002,BMU,,Bermuda
4578,2001,BMU,,Bermuda
4579,2000,BMU,,Bermuda
4580,1999,BMU,,Bermuda
4581,1998,BMU,,Bermuda
4582,1997,BMU,,Bermuda
4583,1996,BMU,,Bermuda
4584,1995,BMU,,Bermuda
4585,1994,BMU,,Bermuda
4586,1993,BMU,,Bermuda
4587,1992,BMU,,Bermuda
4588,1991,BMU,,Bermuda
4589,1990,BMU,,Bermuda
4590,1989,BMU,,Bermuda
4591,1988,BMU,,Bermuda
4592,1987,BMU,,Bermuda
4593,1986,BMU,,Bermuda
4594,1985,BMU,,Bermuda
4595,1984,BMU,,Bermuda
4596,1983,BMU,,Bermuda
4597,1982,BMU,,Bermuda
4598,1981,BMU,,Bermuda
4599,1980,BMU,,Bermuda
4600,1979,BMU,,Bermuda
4601,1978,BMU,,Bermuda
4602,1977,BMU,,Bermuda
4603,1976,BMU,,Bermuda
4604,1975,BMU,,Bermuda
4605,1974,BMU,,Bermuda
4606,1973,BMU,,Bermuda
4607,1972,BMU,,Bermuda
4608,1971,BMU,,Bermuda
4609,1970,BMU,,Bermuda
4610,1969,BMU,,Bermuda
4611,1968,BMU,,Bermuda
4612,1967,BMU,,Bermuda
4613,1966,BMU,,Bermuda
4614,1965,BMU,,Bermuda
4615,1964,BMU,,Bermuda
4616,1963,BMU,,Bermuda
4617,1962,BMU,,Bermuda
4618,1961,BMU,,Bermuda
4619,1960,BMU,,Bermuda
4620,2025,BTN,,Bhutan
4621,2024,BTN,,Bhutan
4622,2023,BTN,,Bhutan
4623,2022,BTN,2200.0,Bhutan
4624,2021,BTN,2200.0,Bhutan
4625,2020,BTN,2200.0,Bhutan
4626,2019,BTN,2200.0,Bhutan
4627,2018,BTN,2200.0,Bhutan
4628,2017,BTN,2200.0,Bhutan
4629,2016,BTN,2200.0,Bhutan
4630,2015,BTN,2200.0,Bhutan
4631,2014,BTN,2200.0,Bhutan
4632,2013,BTN,2200.0,Bhutan
4633,2012,BTN,2200.0,Bhutan
4634,2011,BTN,2200.0,Bhutan
4635,2010,BTN,2200.0,Bhutan
4636,2009,BTN,2200.0,Bhutan
4637,2008,BTN,2200.0,Bhutan
4638,2007,BTN,2200.0,Bhutan
4639,2006,BTN,2200.0,Bhutan
4640,2005,BTN,2200.0,Bhutan
4641,2004,BTN,2200.0,Bhutan
4642,2003,BTN,2200.0,Bhutan
4643,2002,BTN,2200.0,Bhutan
4644,2001,BTN,2200.0,Bhutan
4645,2000,BTN,2200.0,Bhutan
4646,1999,BTN,2200.0,Bhutan
4647,1998,BTN,2200.0,Bhutan
4648,1997,BTN,2200.0,Bhutan
4649,1996,BTN,2200.0,Bhutan
4650,1995,BTN,2200.0,Bhutan
4651,1994,BTN,2200.0,Bhutan
4652,1993,BTN,2200.0,Bhutan
4653,1992,BTN,2200.0,Bhutan
4654,1991,BTN,2200.0,Bhutan
4655,1990,BTN,2200.0,Bhutan
4656,1989,BTN,2200.0,Bhutan
4657,1988,BTN,2200.0,Bhutan
4658,1987,BTN,2200.0,Bhutan
4659,1986,BTN,2200.0,Bhutan
4660,1985,BTN,2200.0,Bhutan
4661,1984,BTN,2200.0,Bhutan
4662,1983,BTN,2200.0,Bhutan
4663,1982,BTN,2200.0,Bhutan
4664,1981,BTN,2200.0,Bhutan
4665,1980,BTN,2200.0,Bhutan
4666,1979,BTN,2200.0,Bhutan
4667,1978,BTN,2200.0,Bhutan
4668,1977,BTN,2200.0,Bhutan
4669,1976,BTN,2200.0,Bhutan
4670,1975,BTN,2200.0,Bhutan
4671,1974,BTN,2200.0,Bhutan
4672,1973,BTN,2200.0,Bhutan
4673,1972,BTN,2200.0,Bhutan
4674,1971,BTN,2200.0,Bhutan
4675,1970,BTN,2200.0,Bhutan
4676,1969,BTN,2200.0,Bhutan
4677,1968,BTN,2200.0,Bhutan
4678,1967,BTN,2200.0,Bhutan
4679,1966,BTN,2200.0,Bhutan
4680,1965,BTN,2200.0,Bhutan
4681,1964,BTN,2200.0,Bhutan
4682,1963,BTN,2200.0,Bhutan
4683,1962,BTN,2200.0,Bhutan
4684,1961,BTN,2200.0,Bhutan
4685,1960,BTN,,Bhutan
4686,2025,BOL,,Bolivia
4687,2024,BOL,,Bolivia
4688,2023,BOL,,Bolivia
4689,2022,BOL,1146.0,Bolivia
4690,2021,BOL,1146.0,Bolivia
4691,2020,BOL,1146.0,Bolivia
4692,2019,BOL,1146.0,Bolivia
4693,2018,BOL,1146.0,Bolivia
4694,2017,BOL,1146.0,Bolivia
4695,2016,BOL,1146.0,Bolivia
4696,2015,BOL,1146.0,Bolivia
4697,2014,BOL,1146.0,Bolivia
4698,2013,BOL,1146.0,Bolivia
4699,2012,BOL,1146.0,Bolivia
4700,2011,BOL,1146.0,Bolivia
4701,2010,BOL,1146.0,Bolivia
4702,2009,BOL,1146.0,Bolivia
4703,2008,BOL,1146.0,Bolivia
4704,2007,BOL,1146.0,Bolivia
4705,2006,BOL,1146.0,Bolivia
4706,2005,BOL,1146.0,Bolivia
4707,2004,BOL,1146.0,Bolivia
4708,2003,BOL,1146.0,Bolivia
4709,2002,BOL,1146.0,Bolivia
4710,2001,BOL,1146.0,Bolivia
4711,2000,BOL,1146.0,Bolivia
4712,1999,BOL,1146.0,Bolivia
4713,1998,BOL,1146.0,Bolivia
4714,1997,BOL,1146.0,Bolivia
4715,1996,BOL,1146.0,Bolivia
4716,1995,BOL,1146.0,Bolivia
4717,1994,BOL,1146.0,Bolivia
4718,1993,BOL,1146.0,Bolivia
4719,1992,BOL,1146.0,Bolivia
4720,1991,BOL,1146.0,Bolivia
4721,1990,BOL,1146.0,Bolivia
4722,1989,BOL,1146.0,Bolivia
4723,1988,BOL,1146.0,Bolivia
4724,1987,BOL,1146.0,Bolivia
4725,1986,BOL,1146.0,Bolivia
4726,1985,BOL,1146.0,Bolivia
4727,1984,BOL,1146.0,Bolivia
4728,1983,BOL,1146.0,Bolivia
4729,1982,BOL,1146.0,Bolivia
4730,1981,BOL,1146.0,Bolivia
4731,1980,BOL,1146.0,Bolivia
4732,1979,BOL,1146.0,Bolivia
4733,1978,BOL,1146.0,Bolivia
4734,1977,BOL,1146.0,Bolivia
4735,1976,BOL,1146.0,Bolivia
4736,1975,BOL,1146.0,Bolivia
4737,1974,BOL,1146.0,Bolivia
4738,1973,BOL,1146.0,Bolivia
4739,1972,BOL,1146.0,Bolivia
4740,1971,BOL,1146.0,Bolivia
4741,1970,BOL,1146.0,Bolivia
4742,1969,BOL,1146.0,Bolivia
4743,1968,BOL,1146.0,Bolivia
4744,1967,BOL,1146.0,Bolivia
4745,1966,BOL,1146.0,Bolivia
4746,1965,BOL,1146.0,Bolivia
4747,1964,BOL,1146.0,Bolivia
4748,1963,BOL,1146.0,Bolivia
4749,1962,BOL,1146.0,Bolivia
4750,1961,BOL,,Bolivia
4751,1960,BOL,,Bolivia
4752,2025,BIH,,Bosnia and Herzegovina
4753,2024,BIH,,Bosnia and Herzegovina
4754,2023,BIH,,Bosnia and Herzegovina
4755,2022,BIH,1028.0,Bosnia and Herzegovina
4756,2021,BIH,1028.0,Bosnia and Herzegovina
4757,2020,BIH,1028.0,Bosnia and Herzegovina
4758,2019,BIH,1028.0,Bosnia and Herzegovina
4759,2018,BIH,1028.0,Bosnia and Herzegovina
4760,2017,BIH,1028.0,Bosnia and Herzegovina
4761,2016,BIH,1028.0,Bosnia and Herzegovina
4762,2015,BIH,1028.0,Bosnia and Herzegovina
4763,2014,BIH,1028.0,Bosnia and Herzegovina
4764,2013,BIH,1028.0,Bosnia and Herzegovina
4765,2012,BIH,1028.0,Bosnia and Herzegovina
4766,2011,BIH,1028.0,Bosnia and Herzegovina
4767,2010,BIH,1028.0,Bosnia and Herzegovina
4768,2009,BIH,1028.0,Bosnia and Herzegovina
4769,2008,BIH,1028.0,Bosnia and Herzegovina
4770,2007,BIH,1028.0,Bosnia and Herzegovina
4771,2006,BIH,1028.0,Bosnia and Herzegovina
4772,2005,BIH,1028.0,Bosnia and Herzegovina
4773,2004,BIH,1028.0,Bosnia and Herzegovina
4774,2003,BIH,1028.0,Bosnia and Herzegovina
4775,2002,BIH,1028.0,Bosnia and Herzegovina
4776,2001,BIH,1028.0,Bosnia and Herzegovina
4777,2000,BIH,1028.0,Bosnia and Herzegovina
4778,1999,BIH,1028.0,Bosnia and Herzegovina
4779,1998,BIH,1028.0,Bosnia and Herzegovina
4780,1997,BIH,1028.0,Bosnia and Herzegovina
4781,1996,BIH,1028.0,Bosnia and Herzegovina
4782,1995,BIH,1028.0,Bosnia and Herzegovina
4783,1994,BIH,1028.0,Bosnia and Herzegovina
4784,1993,BIH,1028.0,Bosnia and Herzegovina
4785,1992,BIH,1028.0,Bosnia and Herzegovina
4786,1991,BIH,,Bosnia and Herzegovina
4787,1990,BIH,,Bosnia and Herzegovina
4788,1989,BIH,,Bosnia and Herzegovina
4789,1988,BIH,,Bosnia and Herzegovina
4790,1987,BIH,,Bosnia and Herzegovina
4791,1986,BIH,,Bosnia and Herzegovina
4792,1985,BIH,,Bosnia and Herzegovina
4793,1984,BIH,,Bosnia and Herzegovina
4794,1983,BIH,,Bosnia and Herzegovina
4795,1982,BIH,,Bosnia and Herzegovina
4796,1981,BIH,,Bosnia and Herzegovina
4797,1980,BIH,,Bosnia and Herzegovina
4798,1979,BIH,,Bosnia and Herzegovina
4799,1978,BIH,,Bosnia and Herzegovina
4800,1977,BIH,,Bosnia and Herzegovina
4801,1976,BIH,,Bosnia and Herzegovina
4802,1975,BIH,,Bosnia and Herzegovina
4803,1974,BIH,,Bosnia and Herzegovina
4804,1973,BIH,,Bosnia and Herzegovina
4805,1972,BIH,,Bosnia and Herzegovina
4806,1971,BIH,,Bosnia and Herzegovina
4807,1970,BIH,,Bosnia and Herzegovina
4808,1969,BIH,,Bosnia and Herzegovina
4809,1968,BIH,,Bosnia and Herzegovina
4810,1967,BIH,,Bosnia and Herzegovina
4811,1966,BIH,,Bosnia and Herzegovina
4812,1965,BIH,,Bosnia and Herzegovina
4813,1964,BIH,,Bosnia and Herzegovina
4814,1963,BIH,,Bosnia and Herzegovina
4815,1962,BIH,,Bosnia and Herzegovina
4816,1961,BIH,,Bosnia and Herzegovina
4817,1960,BIH,,Bosnia and Herzegovina
4818,2025,BWA,,Botswana
4819,2024,BWA,,Botswana
4820,2023,BWA,,Botswana
4821,2022,BWA,416.0,Botswana
4822,2021,BWA,416.0,Botswana
4823,2020,BWA,416.0,Botswana
4824,2019,BWA,416.0,Botswana
4825,2018,BWA,416.0,Botswana
4826,2017,BWA,416.0,Botswana
4827,2016,BWA,416.0,Botswana
4828,2015,BWA,416.0,Botswana
4829,2014,BWA,416.0,Botswana
4830,2013,BWA,416.0,Botswana
4831,2012,BWA,416.0,Botswana
4832,2011,BWA,416.0,Botswana
4833,2010,BWA,416.0,Botswana
4834,2009,BWA,416.0,Botswana
4835,2008,BWA,416.0,Botswana
4836,2007,BWA,416.0,Botswana
4837,2006,BWA,416.0,Botswana
4838,2005,BWA,416.0,Botswana
4839,2004,BWA,416.0,Botswana
4840,2003,BWA,416.0,Botswana
4841,2002,BWA,416.0,Botswana
4842,2001,BWA,416.0,Botswana
4843,2000,BWA,416.0,Botswana
4844,1999,BWA,416.0,Botswana
4845,1998,BWA,416.0,Botswana
4846,1997,BWA,416.0,Botswana
4847,1996,BWA,416.0,Botswana
4848,1995,BWA,416.0,Botswana
4849,1994,BWA,416.0,Botswana
4850,1993,BWA,416.0,Botswana
4851,1992,BWA,416.0,Botswana
4852,1991,BWA,416.0,Botswana
4853,1990,BWA,416.0,Botswana
4854,1989,BWA,416.0,Botswana
4855,1988,BWA,416.0,Botswana
4856,1987,BWA,416.0,Botswana
4857,1986,BWA,416.0,Botswana
4858,1985,BWA,416.0,Botswana
4859,1984,BWA,416.0,Botswana
4860,1983,BWA,416.0,Botswana
4861,1982,BWA,416.0,Botswana
4862,1981,BWA,416.0,Botswana
4863,1980,BWA,416.0,Botswana
4864,1979,BWA,416.0,Botswana
4865,1978,BWA,416.0,Botswana
4866,1977,BWA,416.0,Botswana
4867,1976,BWA,416.0,Botswana
4868,1975,BWA,416.0,Botswana
4869,1974,BWA,416.0,Botswana
4870,1973,BWA,416.0,Botswana
4871,1972,BWA,416.0,Botswana
4872,1971,BWA,416.0,Botswana
4873,1970,BWA,416.0,Botswana
4874,1969,BWA,416.0,Botswana
4875,1968,BWA,416.0,Botswana
4876,1967,BWA,416.0,Botswana
4877,1966,BWA,416.0,Botswana
4878,1965,BWA,416.0,Botswana
4879,1964,BWA,416.0,Botswana
4880,1963,BWA,416.0,Botswana
4881,1962,BWA,416.0,Botswana
4882,1961,BWA,416.0,Botswana
4883,1960,BWA,,Botswana
4884,2025,BRA,,Brazil
4885,2024,BRA,,Brazil
4886,2023,BRA,,Brazil
4887,2022,BRA,1761.0,Brazil
4888,2021,BRA,1761.0,Brazil
4889,2020,BRA,1761.0,Brazil
4890,2019,BRA,1761.0,Brazil
4891,2018,BRA,1761.0,Brazil
4892,2017,BRA,1761.0,Brazil
4893,2016,BRA,1761.0,Brazil
4894,2015,BRA,1761.0,Brazil
4895,2014,BRA,1761.0,Brazil
4896,2013,BRA,1761.0,Brazil
4897,2012,BRA,1761.0,Brazil
4898,2011,BRA,1761.0,Brazil
4899,2010,BRA,1761.0,Brazil
4900,2009,BRA,1761.0,Brazil
4901,2008,BRA,1761.0,Brazil
4902,2007,BRA,1761.0,Brazil
4903,2006,BRA,1782.0,Brazil
4904,2005,BRA,1782.0,Brazil
4905,2004,BRA,1782.0,Brazil
4906,2003,BRA,1782.0,Brazil
4907,2002,BRA,1761.0,Brazil
4908,2001,BRA,1782.0,Brazil
4909,2000,BRA,1782.0,Brazil
4910,1999,BRA,1782.0,Brazil
4911,1998,BRA,1782.0,Brazil
4912,1997,BRA,1761.0,Brazil
4913,1996,BRA,1782.0,Brazil
4914,1995,BRA,1782.0,Brazil
4915,1994,BRA,1782.0,Brazil
4916,1993,BRA,1782.0,Brazil
4917,1992,BRA,1761.0,Brazil
4918,1991,BRA,1782.0,Brazil
4919,1990,BRA,1782.0,Brazil
4920,1989,BRA,1782.0,Brazil
4921,1988,BRA,1782.0,Brazil
4922,1987,BRA,1761.0,Brazil
4923,1986,BRA,1782.0,Brazil
4924,1985,BRA,1782.0,Brazil
4925,1984,BRA,1782.0,Brazil
4926,1983,BRA,1782.0,Brazil
4927,1982,BRA,1761.0,Brazil
4928,1981,BRA,1782.0,Brazil
4929,1980,BRA,1782.0,Brazil
4930,1979,BRA,1782.0,Brazil
4931,1978,BRA,1782.0,Brazil
4932,1977,BRA,1761.0,Brazil
4933,1976,BRA,1782.0,Brazil
4934,1975,BRA,1782.0,Brazil
4935,1974,BRA,1782.0,Brazil
4936,1973,BRA,1782.0,Brazil
4937,1972,BRA,1761.0,Brazil
4938,1971,BRA,1782.0,Brazil
4939,1970,BRA,1782.0,Brazil
4940,1969,BRA,1782.0,Brazil
4941,1968,BRA,1782.0,Brazil
4942,1967,BRA,1761.0,Brazil
4943,1966,BRA,1782.0,Brazil
4944,1965,BRA,1782.0,Brazil
4945,1964,BRA,1782.0,Brazil
4946,1963,BRA,1782.0,Brazil
4947,1962,BRA,1761.0,Brazil
4948,1961,BRA,1782.0,Brazil
4949,1960,BRA,,Brazil
4950,2025,VGB,,British Virgin Islands
4951,2024,VGB,,British Virgin Islands
4952,2023,VGB,,British Virgin Islands
4953,2022,VGB,,British Virgin Islands
4954,2021,VGB,,British Virgin Islands
4955,2020,VGB,,British Virgin Islands
4956,2019,VGB,,British Virgin Islands
4957,2018,VGB,,British Virgin Islands
4958,2017,VGB,,British Virgin Islands
4959,2016,VGB,,British Virgin Islands
4960,2015,VGB,,British Virgin Islands
4961,2014,VGB,,British Virgin Islands
4962,2013,VGB,,British Virgin Islands
4963,2012,VGB,,British Virgin Islands
4964,2011,VGB,,British Virgin Islands
4965,2010,VGB,,British Virgin Islands
4966,2009,VGB,,British Virgin Islands
4967,2008,VGB,,British Virgin Islands
4968,2007,VGB,,British Virgin Islands
4969,2006,VGB,,British Virgin Islands
4970,2005,VGB,,British Virgin Islands
4971,2004,VGB,,British Virgin Islands
4972,2003,VGB,,British Virgin Islands
4973,2002,VGB,,British Virgin Islands
4974,2001,VGB,,British Virgin Islands
4975,2000,VGB,,British Virgin Islands
4976,1999,VGB,,British Virgin Islands
4977,1998,VGB,,British Virgin Islands
4978,1997,VGB,,British Virgin Islands
4979,1996,VGB,,British Virgin Islands
4980,1995,VGB,,British Virgin Islands
4981,1994,VGB,,British Virgin Islands
4982,1993,VGB,,British Virgin Islands
4983,1992,VGB,,British Virgin Islands
4984,1991,VGB,,British Virgin Islands
4985,1990,VGB,,British Virgin Islands
4986,1989,VGB,,British Virgin Islands
4987,1988,VGB,,British Virgin Islands
4988,1987,VGB,,British Virgin Islands
4989,1986,VGB,,British Virgin Islands
4990,1985,VGB,,British Virgin Islands
4991,1984,VGB,,British Virgin Islands
4992,1983,VGB,,British Virgin Islands
4993,1982,VGB,,British Virgin Islands
4994,1981,VGB,,British Virgin Islands
4995,1980,VGB,,British Virgin Islands
4996,1979,VGB,,British Virgin Islands
4997,1978,VGB,,British Virgin Islands
4998,1977,VGB,,British Virgin Islands
4999,1976,VGB,,British Virgin Islands
5000,1975,VGB,,British Virgin Islands
5001,1974,VGB,,British Virgin Islands
5002,1973,VGB,,British Virgin Islands
5003,1972,VGB,,British Virgin Islands
5004,1971,VGB,,British Virgin Islands
5005,1970,VGB,,British Virgin Islands
5006,1969,VGB,,British Virgin Islands
5007,1968,VGB,,British Virgin Islands
5008,1967,VGB,,British Virgin Islands
5009,1966,VGB,,British Virgin Islands
5010,1965,VGB,,British Virgin Islands
5011,1964,VGB,,British Virgin Islands
5012,1963,VGB,,British Virgin Islands
5013,1962,VGB,,British Virgin Islands
5014,1961,VGB,,British Virgin Islands
5015,1960,VGB,,British Virgin Islands
5016,2025,BRN,,Brunei Darussalam
5017,2024,BRN,,Brunei Darussalam
5018,2023,BRN,,Brunei Darussalam
5019,2022,BRN,2722.0,Brunei Darussalam
5020,2021,BRN,2722.0,Brunei Darussalam
5021,2020,BRN,2722.0,Brunei Darussalam
5022,2019,BRN,2722.0,Brunei Darussalam
5023,2018,BRN,2722.0,Brunei Darussalam
5024,2017,BRN,2722.0,Brunei Darussalam
5025,2016,BRN,2722.0,Brunei Darussalam
5026,2015,BRN,2722.0,Brunei Darussalam
5027,2014,BRN,2722.0,Brunei Darussalam
5028,2013,BRN,2722.0,Brunei Darussalam
5029,2012,BRN,2722.0,Brunei Darussalam
5030,2011,BRN,2722.0,Brunei Darussalam
5031,2010,BRN,2722.0,Brunei Darussalam
5032,2009,BRN,2722.0,Brunei Darussalam
5033,2008,BRN,2722.0,Brunei Darussalam
5034,2007,BRN,2722.0,Brunei Darussalam
5035,2006,BRN,2722.0,Brunei Darussalam
5036,2005,BRN,2722.0,Brunei Darussalam
5037,2004,BRN,2722.0,Brunei Darussalam
5038,2003,BRN,2722.0,Brunei Darussalam
5039,2002,BRN,2722.0,Brunei Darussalam
5040,2001,BRN,2722.0,Brunei Darussalam
5041,2000,BRN,2722.0,Brunei Darussalam
5042,1999,BRN,2722.0,Brunei Darussalam
5043,1998,BRN,2722.0,Brunei Darussalam
5044,1997,BRN,2722.0,Brunei Darussalam
5045,1996,BRN,2722.0,Brunei Darussalam
5046,1995,BRN,2722.0,Brunei Darussalam
5047,1994,BRN,2722.0,Brunei Darussalam
5048,1993,BRN,2722.0,Brunei Darussalam
5049,1992,BRN,2722.0,Brunei Darussalam
5050,1991,BRN,2722.0,Brunei Darussalam
5051,1990,BRN,2722.0,Brunei Darussalam
5052,1989,BRN,2722.0,Brunei Darussalam
5053,1988,BRN,2722.0,Brunei Darussalam
5054,1987,BRN,2722.0,Brunei Darussalam
5055,1986,BRN,2722.0,Brunei Darussalam
5056,1985,BRN,2722.0,Brunei Darussalam
5057,1984,BRN,2722.0,Brunei Darussalam
5058,1983,BRN,2722.0,Brunei Darussalam
5059,1982,BRN,2722.0,Brunei Darussalam
5060,1981,BRN,2722.0,Brunei Darussalam
5061,1980,BRN,2722.0,Brunei Darussalam
5062,1979,BRN,2722.0,Brunei Darussalam
5063,1978,BRN,2722.0,Brunei Darussalam
5064,1977,BRN,2722.0,Brunei Darussalam
5065,1976,BRN,2722.0,Brunei Darussalam
5066,1975,BRN,2722.0,Brunei Darussalam
5067,1974,BRN,2722.0,Brunei Darussalam
5068,1973,BRN,2722.0,Brunei Darussalam
5069,1972,BRN,2722.0,Brunei Darussalam
5070,1971,BRN,2722.0,Brunei Darussalam
5071,1970,BRN,2722.0,Brunei Darussalam
5072,1969,BRN,2722.0,Brunei Darussalam
5073,1968,BRN,2722.0,Brunei Darussalam
5074,1967,BRN,2722.0,Brunei Darussalam
5075,1966,BRN,2722.0,Brunei Darussalam
5076,1965,BRN,2722.0,Brunei Darussalam
5077,1964,BRN,2722.0,Brunei Darussalam
5078,1963,BRN,2722.0,Brunei Darussalam
5079,1962,BRN,2722.0,Brunei Darussalam
5080,1961,BRN,2722.0,Brunei Darussalam
5081,1960,BRN,,Brunei Darussalam
5082,2025,BGR,,Bulgaria
5083,2024,BGR,,Bulgaria
5084,2023,BGR,,Bulgaria
5085,2022,BGR,608.0,Bulgaria
5086,2021,BGR,608.0,Bulgaria
5087,2020,BGR,608.0,Bulgaria
5088,2019,BGR,608.0,Bulgaria
5089,2018,BGR,608.0,Bulgaria
5090,2017,BGR,608.0,Bulgaria
5091,2016,BGR,608.0,Bulgaria
5092,2015,BGR,608.0,Bulgaria
5093,2014,BGR,608.0,Bulgaria
5094,2013,BGR,608.0,Bulgaria
5095,2012,BGR,608.0,Bulgaria
5096,2011,BGR,608.0,Bulgaria
5097,2010,BGR,608.0,Bulgaria
5098,2009,BGR,608.0,Bulgaria
5099,2008,BGR,608.0,Bulgaria
5100,2007,BGR,608.0,Bulgaria
5101,2006,BGR,608.0,Bulgaria
5102,2005,BGR,608.0,Bulgaria
5103,2004,BGR,608.0,Bulgaria
5104,2003,BGR,608.0,Bulgaria
5105,2002,BGR,608.0,Bulgaria
5106,2001,BGR,608.0,Bulgaria
5107,2000,BGR,608.0,Bulgaria
5108,1999,BGR,608.0,Bulgaria
5109,1998,BGR,608.0,Bulgaria
5110,1997,BGR,608.0,Bulgaria
5111,1996,BGR,608.0,Bulgaria
5112,1995,BGR,608.0,Bulgaria
5113,1994,BGR,608.0,Bulgaria
5114,1993,BGR,608.0,Bulgaria
5115,1992,BGR,608.0,Bulgaria
5116,1991,BGR,608.0,Bulgaria
5117,1990,BGR,608.0,Bulgaria
5118,1989,BGR,608.0,Bulgaria
5119,1988,BGR,608.0,Bulgaria
5120,1987,BGR,608.0,Bulgaria
5121,1986,BGR,608.0,Bulgaria
5122,1985,BGR,608.0,Bulgaria
5123,1984,BGR,608.0,Bulgaria
5124,1983,BGR,608.0,Bulgaria
5125,1982,BGR,608.0,Bulgaria
5126,1981,BGR,608.0,Bulgaria
5127,1980,BGR,608.0,Bulgaria
5128,1979,BGR,608.0,Bulgaria
5129,1978,BGR,608.0,Bulgaria
5130,1977,BGR,608.0,Bulgaria
5131,1976,BGR,608.0,Bulgaria
5132,1975,BGR,608.0,Bulgaria
5133,1974,BGR,608.0,Bulgaria
5134,1973,BGR,608.0,Bulgaria
5135,1972,BGR,608.0,Bulgaria
5136,1971,BGR,608.0,Bulgaria
5137,1970,BGR,608.0,Bulgaria
5138,1969,BGR,608.0,Bulgaria
5139,1968,BGR,608.0,Bulgaria
5140,1967,BGR,608.0,Bulgaria
5141,1966,BGR,608.0,Bulgaria
5142,1965,BGR,608.0,Bulgaria
5143,1964,BGR,608.0,Bulgaria
5144,1963,BGR,608.0,Bulgaria
5145,1962,BGR,608.0,Bulgaria
5146,1961,BGR,608.0,Bulgaria
5147,1960,BGR,,Bulgaria
5148,2025,BFA,,Burkina Faso
5149,2024,BFA,,Burkina Faso
5150,2023,BFA,,Burkina Faso
5151,2022,BFA,748.0,Burkina Faso
5152,2021,BFA,748.0,Burkina Faso
5153,2020,BFA,748.0,Burkina Faso
5154,2019,BFA,748.0,Burkina Faso
5155,2018,BFA,748.0,Burkina Faso
5156,2017,BFA,748.0,Burkina Faso
5157,2016,BFA,748.0,Burkina Faso
5158,2015,BFA,748.0,Burkina Faso
5159,2014,BFA,748.0,Burkina Faso
5160,2013,BFA,748.0,Burkina Faso
5161,2012,BFA,748.0,Burkina Faso
5162,2011,BFA,748.0,Burkina Faso
5163,2010,BFA,748.0,Burkina Faso
5164,2009,BFA,748.0,Burkina Faso
5165,2008,BFA,748.0,Burkina Faso
5166,2007,BFA,748.0,Burkina Faso
5167,2006,BFA,748.0,Burkina Faso
5168,2005,BFA,748.0,Burkina Faso
5169,2004,BFA,748.0,Burkina Faso
5170,2003,BFA,748.0,Burkina Faso
5171,2002,BFA,748.0,Burkina Faso
5172,2001,BFA,748.0,Burkina Faso
5173,2000,BFA,748.0,Burkina Faso
5174,1999,BFA,748.0,Burkina Faso
5175,1998,BFA,748.0,Burkina Faso
5176,1997,BFA,748.0,Burkina Faso
5177,1996,BFA,748.0,Burkina Faso
5178,1995,BFA,748.0,Burkina Faso
5179,1994,BFA,748.0,Burkina Faso
5180,1993,BFA,748.0,Burkina Faso
5181,1992,BFA,748.0,Burkina Faso
5182,1991,BFA,748.0,Burkina Faso
5183,1990,BFA,748.0,Burkina Faso
5184,1989,BFA,748.0,Burkina Faso
5185,1988,BFA,748.0,Burkina Faso
5186,1987,BFA,748.0,Burkina Faso
5187,1986,BFA,748.0,Burkina Faso
5188,1985,BFA,748.0,Burkina Faso
5189,1984,BFA,748.0,Burkina Faso
5190,1983,BFA,748.0,Burkina Faso
5191,1982,BFA,748.0,Burkina Faso
5192,1981,BFA,748.0,Burkina Faso
5193,1980,BFA,748.0,Burkina Faso
5194,1979,BFA,748.0,Burkina Faso
5195,1978,BFA,748.0,Burkina Faso
5196,1977,BFA,748.0,Burkina Faso
5197,1976,BFA,748.0,Burkina Faso
5198,1975,BFA,748.0,Burkina Faso
5199,1974,BFA,748.0,Burkina Faso
5200,1973,BFA,748.0,Burkina Faso
5201,1972,BFA,748.0,Burkina Faso
5202,1971,BFA,748.0,Burkina Faso
5203,1970,BFA,748.0,Burkina Faso
5204,1969,BFA,748.0,Burkina Faso
5205,1968,BFA,748.0,Burkina Faso
5206,1967,BFA,748.0,Burkina Faso
5207,1966,BFA,748.0,Burkina Faso
5208,1965,BFA,748.0,Burkina Faso
5209,1964,BFA,748.0,Burkina Faso
5210,1963,BFA,748.0,Burkina Faso
5211,1962,BFA,748.0,Burkina Faso
5212,1961,BFA,748.0,Burkina Faso
5213,1960,BFA,,Burkina Faso
5214,2025,BDI,,Burundi
5215,2024,BDI,,Burundi
5216,2023,BDI,,Burundi
5217,2022,BDI,1274.0,Burundi
5218,2021,BDI,1274.0,Burundi
5219,2020,BDI,1274.0,Burundi
5220,2019,BDI,1274.0,Burundi
5221,2018,BDI,1274.0,Burundi
5222,2017,BDI,1274.0,Burundi
5223,2016,BDI,1274.0,Burundi
5224,2015,BDI,1274.0,Burundi
5225,2014,BDI,1274.0,Burundi
5226,2013,BDI,1274.0,Burundi
5227,2012,BDI,1274.0,Burundi
5228,2011,BDI,1274.0,Burundi
5229,2010,BDI,1274.0,Burundi
5230,2009,BDI,1274.0,Burundi
5231,2008,BDI,1274.0,Burundi
5232,2007,BDI,1274.0,Burundi
5233,2006,BDI,1274.0,Burundi
5234,2005,BDI,1274.0,Burundi
5235,2004,BDI,1274.0,Burundi
5236,2003,BDI,1274.0,Burundi
5237,2002,BDI,1274.0,Burundi
5238,2001,BDI,1274.0,Burundi
5239,2000,BDI,1218.0,Burundi
5240,1999,BDI,1274.0,Burundi
5241,1998,BDI,1274.0,Burundi
5242,1997,BDI,1274.0,Burundi
5243,1996,BDI,1274.0,Burundi
5244,1995,BDI,1274.0,Burundi
5245,1994,BDI,1274.0,Burundi
5246,1993,BDI,1274.0,Burundi
5247,1992,BDI,1274.0,Burundi
5248,1991,BDI,1274.0,Burundi
5249,1990,BDI,1274.0,Burundi
5250,1989,BDI,1274.0,Burundi
5251,1988,BDI,1274.0,Burundi
5252,1987,BDI,1274.0,Burundi
5253,1986,BDI,1274.0,Burundi
5254,1985,BDI,1274.0,Burundi
5255,1984,BDI,1274.0,Burundi
5256,1983,BDI,1274.0,Burundi
5257,1982,BDI,1274.0,Burundi
5258,1981,BDI,1274.0,Burundi
5259,1980,BDI,1274.0,Burundi
5260,1979,BDI,1274.0,Burundi
5261,1978,BDI,1274.0,Burundi
5262,1977,BDI,1274.0,Burundi
5263,1976,BDI,1274.0,Burundi
5264,1975,BDI,1274.0,Burundi
5265,1974,BDI,1274.0,Burundi
5266,1973,BDI,1274.0,Burundi
5267,1972,BDI,1274.0,Burundi
5268,1971,BDI,1274.0,Burundi
5269,1970,BDI,1274.0,Burundi
5270,1969,BDI,1274.0,Burundi
5271,1968,BDI,1274.0,Burundi
5272,1967,BDI,1274.0,Burundi
5273,1966,BDI,1274.0,Burundi
5274,1965,BDI,1274.0,Burundi
5275,1964,BDI,1274.0,Burundi
5276,1963,BDI,1274.0,Burundi
5277,1962,BDI,1274.0,Burundi
5278,1961,BDI,1274.0,Burundi
5279,1960,BDI,,Burundi
5280,2025,CPV,,Cabo Verde
5281,2024,CPV,,Cabo Verde
5282,2023,CPV,,Cabo Verde
5283,2022,CPV,228.0,Cabo Verde
5284,2021,CPV,228.0,Cabo Verde
5285,2020,CPV,228.0,Cabo Verde
5286,2019,CPV,228.0,Cabo Verde
5287,2018,CPV,228.0,Cabo Verde
5288,2017,CPV,228.0,Cabo Verde
5289,2016,CPV,228.0,Cabo Verde
5290,2015,CPV,228.0,Cabo Verde
5291,2014,CPV,228.0,Cabo Verde
5292,2013,CPV,228.0,Cabo Verde
5293,2012,CPV,228.0,Cabo Verde
5294,2011,CPV,228.0,Cabo Verde
5295,2010,CPV,228.0,Cabo Verde
5296,2009,CPV,228.0,Cabo Verde
5297,2008,CPV,228.0,Cabo Verde
5298,2007,CPV,228.0,Cabo Verde
5299,2006,CPV,228.0,Cabo Verde
5300,2005,CPV,228.0,Cabo Verde
5301,2004,CPV,228.0,Cabo Verde
5302,2003,CPV,228.0,Cabo Verde
5303,2002,CPV,228.0,Cabo Verde
5304,2001,CPV,228.0,Cabo Verde
5305,2000,CPV,228.0,Cabo Verde
5306,1999,CPV,228.0,Cabo Verde
5307,1998,CPV,228.0,Cabo Verde
5308,1997,CPV,228.0,Cabo Verde
5309,1996,CPV,228.0,Cabo Verde
5310,1995,CPV,228.0,Cabo Verde
5311,1994,CPV,228.0,Cabo Verde
5312,1993,CPV,228.0,Cabo Verde
5313,1992,CPV,228.0,Cabo Verde
5314,1991,CPV,228.0,Cabo Verde
5315,1990,CPV,228.0,Cabo Verde
5316,1989,CPV,228.0,Cabo Verde
5317,1988,CPV,228.0,Cabo Verde
5318,1987,CPV,228.0,Cabo Verde
5319,1986,CPV,228.0,Cabo Verde
5320,1985,CPV,228.0,Cabo Verde
5321,1984,CPV,228.0,Cabo Verde
5322,1983,CPV,228.0,Cabo Verde
5323,1982,CPV,228.0,Cabo Verde
5324,1981,CPV,228.0,Cabo Verde
5325,1980,CPV,228.0,Cabo Verde
5326,1979,CPV,228.0,Cabo Verde
5327,1978,CPV,228.0,Cabo Verde
5328,1977,CPV,228.0,Cabo Verde
5329,1976,CPV,228.0,Cabo Verde
5330,1975,CPV,228.0,Cabo Verde
5331,1974,CPV,228.0,Cabo Verde
5332,1973,CPV,228.0,Cabo Verde
5333,1972,CPV,228.0,Cabo Verde
5334,1971,CPV,228.0,Cabo Verde
5335,1970,CPV,228.0,Cabo Verde
5336,1969,CPV,228.0,Cabo Verde
5337,1968,CPV,228.0,Cabo Verde
5338,1967,CPV,228.0,Cabo Verde
5339,1966,CPV,228.0,Cabo Verde
5340,1965,CPV,228.0,Cabo Verde
5341,1964,CPV,228.0,Cabo Verde
5342,1963,CPV,228.0,Cabo Verde
5343,1962,CPV,228.0,Cabo Verde
5344,1961,CPV,228.0,Cabo Verde
5345,1960,CPV,,Cabo Verde
5346,2025,KHM,,Cambodia
5347,2024,KHM,,Cambodia
5348,2023,KHM,,Cambodia
5349,2022,KHM,1904.0,Cambodia
5350,2021,KHM,1904.0,Cambodia
5351,2020,KHM,1904.0,Cambodia
5352,2019,KHM,1904.0,Cambodia
5353,2018,KHM,1904.0,Cambodia
5354,2017,KHM,1904.0,Cambodia
5355,2016,KHM,1904.0,Cambodia
5356,2015,KHM,1904.0,Cambodia
5357,2014,KHM,1904.0,Cambodia
5358,2013,KHM,1904.0,Cambodia
5359,2012,KHM,1904.0,Cambodia
5360,2011,KHM,1904.0,Cambodia
5361,2010,KHM,1904.0,Cambodia
5362,2009,KHM,1904.0,Cambodia
5363,2008,KHM,1904.0,Cambodia
5364,2007,KHM,1904.0,Cambodia
5365,2006,KHM,1904.0,Cambodia
5366,2005,KHM,1904.0,Cambodia
5367,2004,KHM,1904.0,Cambodia
5368,2003,KHM,1904.0,Cambodia
5369,2002,KHM,1904.0,Cambodia
5370,2001,KHM,1904.0,Cambodia
5371,2000,KHM,1904.0,Cambodia
5372,1999,KHM,1904.0,Cambodia
5373,1998,KHM,1904.0,Cambodia
5374,1997,KHM,1904.0,Cambodia
5375,1996,KHM,1904.0,Cambodia
5376,1995,KHM,1904.0,Cambodia
5377,1994,KHM,1904.0,Cambodia
5378,1993,KHM,1904.0,Cambodia
5379,1992,KHM,1904.0,Cambodia
5380,1991,KHM,1904.0,Cambodia
5381,1990,KHM,1904.0,Cambodia
5382,1989,KHM,1904.0,Cambodia
5383,1988,KHM,1904.0,Cambodia
5384,1987,KHM,1904.0,Cambodia
5385,1986,KHM,1904.0,Cambodia
5386,1985,KHM,1904.0,Cambodia
5387,1984,KHM,1904.0,Cambodia
5388,1983,KHM,1904.0,Cambodia
5389,1982,KHM,1904.0,Cambodia
5390,1981,KHM,1904.0,Cambodia
5391,1980,KHM,1904.0,Cambodia
5392,1979,KHM,1904.0,Cambodia
5393,1978,KHM,1904.0,Cambodia
5394,1977,KHM,1904.0,Cambodia
5395,1976,KHM,1904.0,Cambodia
5396,1975,KHM,1904.0,Cambodia
5397,1974,KHM,1904.0,Cambodia
5398,1973,KHM,1904.0,Cambodia
5399,1972,KHM,1904.0,Cambodia
5400,1971,KHM,1904.0,Cambodia
5401,1970,KHM,1904.0,Cambodia
5402,1969,KHM,1904.0,Cambodia
5403,1968,KHM,1904.0,Cambodia
5404,1967,KHM,1904.0,Cambodia
5405,1966,KHM,1904.0,Cambodia
5406,1965,KHM,1904.0,Cambodia
5407,1964,KHM,1904.0,Cambodia
5408,1963,KHM,1904.0,Cambodia
5409,1962,KHM,1904.0,Cambodia
5410,1961,KHM,1904.0,Cambodia
5411,1960,KHM,,Cambodia
5412,2025,CMR,,Cameroon
5413,2024,CMR,,Cameroon
5414,2023,CMR,,Cameroon
5415,2022,CMR,1604.0,Cameroon
5416,2021,CMR,1604.0,Cameroon
5417,2020,CMR,1604.0,Cameroon
5418,2019,CMR,1604.0,Cameroon
5419,2018,CMR,1604.0,Cameroon
5420,2017,CMR,1604.0,Cameroon
5421,2016,CMR,1604.0,Cameroon
5422,2015,CMR,1604.0,Cameroon
5423,2014,CMR,1604.0,Cameroon
5424,2013,CMR,1604.0,Cameroon
5425,2012,CMR,1604.0,Cameroon
5426,2011,CMR,1604.0,Cameroon
5427,2010,CMR,1604.0,Cameroon
5428,2009,CMR,1604.0,Cameroon
5429,2008,CMR,1604.0,Cameroon
5430,2007,CMR,1604.0,Cameroon
5431,2006,CMR,1604.0,Cameroon
5432,2005,CMR,1604.0,Cameroon
5433,2004,CMR,1604.0,Cameroon
5434,2003,CMR,1604.0,Cameroon
5435,2002,CMR,1604.0,Cameroon
5436,2001,CMR,1604.0,Cameroon
5437,2000,CMR,1604.0,Cameroon
5438,1999,CMR,1604.0,Cameroon
5439,1998,CMR,1604.0,Cameroon
5440,1997,CMR,1604.0,Cameroon
5441,1996,CMR,1604.0,Cameroon
5442,1995,CMR,1604.0,Cameroon
5443,1994,CMR,1604.0,Cameroon
5444,1993,CMR,1604.0,Cameroon
5445,1992,CMR,1604.0,Cameroon
5446,1991,CMR,1604.0,Cameroon
5447,1990,CMR,1604.0,Cameroon
5448,1989,CMR,1604.0,Cameroon
5449,1988,CMR,1604.0,Cameroon
5450,1987,CMR,1604.0,Cameroon
5451,1986,CMR,1604.0,Cameroon
5452,1985,CMR,1604.0,Cameroon
5453,1984,CMR,1604.0,Cameroon
5454,1983,CMR,1604.0,Cameroon
5455,1982,CMR,1604.0,Cameroon
5456,1981,CMR,1604.0,Cameroon
5457,1980,CMR,1604.0,Cameroon
5458,1979,CMR,1604.0,Cameroon
5459,1978,CMR,1604.0,Cameroon
5460,1977,CMR,1604.0,Cameroon
5461,1976,CMR,1604.0,Cameroon
5462,1975,CMR,1604.0,Cameroon
5463,1974,CMR,1604.0,Cameroon
5464,1973,CMR,1604.0,Cameroon
5465,1972,CMR,1604.0,Cameroon
5466,1971,CMR,1604.0,Cameroon
5467,1970,CMR,1604.0,Cameroon
5468,1969,CMR,1604.0,Cameroon
5469,1968,CMR,1604.0,Cameroon
5470,1967,CMR,1604.0,Cameroon
5471,1966,CMR,1604.0,Cameroon
5472,1965,CMR,1604.0,Cameroon
5473,1964,CMR,1604.0,Cameroon
5474,1963,CMR,1604.0,Cameroon
5475,1962,CMR,1604.0,Cameroon
5476,1961,CMR,1604.0,Cameroon
5477,1960,CMR,,Cameroon
5478,2025,CAN,,Canada
5479,2024,CAN,,Canada
5480,2023,CAN,,Canada
5481,2022,CAN,537.0,Canada
5482,2021,CAN,537.0,Canada
5483,2020,CAN,537.0,Canada
5484,2019,CAN,537.0,Canada
5485,2018,CAN,537.0,Canada
5486,2017,CAN,537.0,Canada
5487,2016,CAN,537.0,Canada
5488,2015,CAN,537.0,Canada
5489,2014,CAN,537.0,Canada
5490,2013,CAN,537.0,Canada
5491,2012,CAN,537.0,Canada
5492,2011,CAN,537.0,Canada
5493,2010,CAN,537.0,Canada
5494,2009,CAN,537.0,Canada
5495,2008,CAN,537.0,Canada
5496,2007,CAN,537.0,Canada
5497,2006,CAN,537.0,Canada
5498,2005,CAN,537.0,Canada
5499,2004,CAN,537.0,Canada
5500,2003,CAN,537.0,Canada
5501,2002,CAN,537.0,Canada
5502,2001,CAN,537.0,Canada
5503,2000,CAN,537.0,Canada
5504,1999,CAN,537.0,Canada
5505,1998,CAN,537.0,Canada
5506,1997,CAN,537.0,Canada
5507,1996,CAN,537.0,Canada
5508,1995,CAN,537.0,Canada
5509,1994,CAN,537.0,Canada
5510,1993,CAN,537.0,Canada
5511,1992,CAN,537.0,Canada
5512,1991,CAN,537.0,Canada
5513,1990,CAN,537.0,Canada
5514,1989,CAN,537.0,Canada
5515,1988,CAN,537.0,Canada
5516,1987,CAN,537.0,Canada
5517,1986,CAN,537.0,Canada
5518,1985,CAN,537.0,Canada
5519,1984,CAN,537.0,Canada
5520,1983,CAN,537.0,Canada
5521,1982,CAN,537.0,Canada
5522,1981,CAN,537.0,Canada
5523,1980,CAN,537.0,Canada
5524,1979,CAN,537.0,Canada
5525,1978,CAN,537.0,Canada
5526,1977,CAN,537.0,Canada
5527,1976,CAN,537.0,Canada
5528,1975,CAN,537.0,Canada
5529,1974,CAN,537.0,Canada
5530,1973,CAN,537.0,Canada
5531,1972,CAN,537.0,Canada
5532,1971,CAN,537.0,Canada
5533,1970,CAN,537.0,Canada
5534,1969,CAN,537.0,Canada
5535,1968,CAN,537.0,Canada
5536,1967,CAN,537.0,Canada
5537,1966,CAN,537.0,Canada
5538,1965,CAN,537.0,Canada
5539,1964,CAN,537.0,Canada
5540,1963,CAN,537.0,Canada
5541,1962,CAN,537.0,Canada
5542,1961,CAN,537.0,Canada
5543,1960,CAN,,Canada
5544,2025,CYM,,Cayman Islands
5545,2024,CYM,,Cayman Islands
5546,2023,CYM,,Cayman Islands
5547,2022,CYM,,Cayman Islands
5548,2021,CYM,,Cayman Islands
5549,2020,CYM,,Cayman Islands
5550,2019,CYM,,Cayman Islands
5551,2018,CYM,,Cayman Islands
5552,2017,CYM,,Cayman Islands
5553,2016,CYM,,Cayman Islands
5554,2015,CYM,,Cayman Islands
5555,2014,CYM,,Cayman Islands
5556,2013,CYM,,Cayman Islands
5557,2012,CYM,,Cayman Islands
5558,2011,CYM,,Cayman Islands
5559,2010,CYM,,Cayman Islands
5560,2009,CYM,,Cayman Islands
5561,2008,CYM,,Cayman Islands
5562,2007,CYM,,Cayman Islands
5563,2006,CYM,,Cayman Islands
5564,2005,CYM,,Cayman Islands
5565,2004,CYM,,Cayman Islands
5566,2003,CYM,,Cayman Islands
5567,2002,CYM,,Cayman Islands
5568,2001,CYM,,Cayman Islands
5569,2000,CYM,,Cayman Islands
5570,1999,CYM,,Cayman Islands
5571,1998,CYM,,Cayman Islands
5572,1997,CYM,,Cayman Islands
5573,1996,CYM,,Cayman Islands
5574,1995,CYM,,Cayman Islands
5575,1994,CYM,,Cayman Islands
5576,1993,CYM,,Cayman Islands
5577,1992,CYM,,Cayman Islands
5578,1991,CYM,,Cayman Islands
5579,1990,CYM,,Cayman Islands
5580,1989,CYM,,Cayman Islands
5581,1988,CYM,,Cayman Islands
5582,1987,CYM,,Cayman Islands
5583,1986,CYM,,Cayman Islands
5584,1985,CYM,,Cayman Islands
5585,1984,CYM,,Cayman Islands
5586,1983,CYM,,Cayman Islands
5587,1982,CYM,,Cayman Islands
5588,1981,CYM,,Cayman Islands
5589,1980,CYM,,Cayman Islands
5590,1979,CYM,,Cayman Islands
5591,1978,CYM,,Cayman Islands
5592,1977,CYM,,Cayman Islands
5593,1976,CYM,,Cayman Islands
5594,1975,CYM,,Cayman Islands
5595,1974,CYM,,Cayman Islands
5596,1973,CYM,,Cayman Islands
5597,1972,CYM,,Cayman Islands
5598,1971,CYM,,Cayman Islands
5599,1970,CYM,,Cayman Islands
5600,1969,CYM,,Cayman Islands
5601,1968,CYM,,Cayman Islands
5602,1967,CYM,,Cayman Islands
5603,1966,CYM,,Cayman Islands
5604,1965,CYM,,Cayman Islands
5605,1964,CYM,,Cayman Islands
5606,1963,CYM,,Cayman Islands
5607,1962,CYM,,Cayman Islands
5608,1961,CYM,,Cayman Islands
5609,1960,CYM,,Cayman Islands
5610,2025,CAF,,Central African Republic
5611,2024,CAF,,Central African Republic
5612,2023,CAF,,Central African Republic
5613,2022,CAF,1343.0,Central African Republic
5614,2021,CAF,1343.0,Central African Republic
5615,2020,CAF,1343.0,Central African Republic
5616,2019,CAF,1343.0,Central African Republic
5617,2018,CAF,1343.0,Central African Republic
5618,2017,CAF,1343.0,Central African Republic
5619,2016,CAF,1343.0,Central African Republic
5620,2015,CAF,1343.0,Central African Republic
5621,2014,CAF,1343.0,Central African Republic
5622,2013,CAF,1343.0,Central African Republic
5623,2012,CAF,1343.0,Central African Republic
5624,2011,CAF,1343.0,Central African Republic
5625,2010,CAF,1343.0,Central African Republic
5626,2009,CAF,1343.0,Central African Republic
5627,2008,CAF,1343.0,Central African Republic
5628,2007,CAF,1343.0,Central African Republic
5629,2006,CAF,1343.0,Central African Republic
5630,2005,CAF,1343.0,Central African Republic
5631,2004,CAF,1343.0,Central African Republic
5632,2003,CAF,1343.0,Central African Republic
5633,2002,CAF,1343.0,Central African Republic
5634,2001,CAF,1343.0,Central African Republic
5635,2000,CAF,1343.0,Central African Republic
5636,1999,CAF,1343.0,Central African Republic
5637,1998,CAF,1343.0,Central African Republic
5638,1997,CAF,1343.0,Central African Republic
5639,1996,CAF,1343.0,Central African Republic
5640,1995,CAF,1343.0,Central African Republic
5641,1994,CAF,1343.0,Central African Republic
5642,1993,CAF,1343.0,Central African Republic
5643,1992,CAF,1343.0,Central African Republic
5644,1991,CAF,1343.0,Central African Republic
5645,1990,CAF,1343.0,Central African Republic
5646,1989,CAF,1343.0,Central African Republic
5647,1988,CAF,1343.0,Central African Republic
5648,1987,CAF,1343.0,Central African Republic
5649,1986,CAF,1343.0,Central African Republic
5650,1985,CAF,1343.0,Central African Republic
5651,1984,CAF,1343.0,Central African Republic
5652,1983,CAF,1343.0,Central African Republic
5653,1982,CAF,1343.0,Central African Republic
5654,1981,CAF,1343.0,Central African Republic
5655,1980,CAF,1343.0,Central African Republic
5656,1979,CAF,1343.0,Central African Republic
5657,1978,CAF,1343.0,Central African Republic
5658,1977,CAF,1343.0,Central African Republic
5659,1976,CAF,1343.0,Central African Republic
5660,1975,CAF,1343.0,Central African Republic
5661,1974,CAF,1343.0,Central African Republic
5662,1973,CAF,1343.0,Central African Republic
5663,1972,CAF,1343.0,Central African Republic
5664,1971,CAF,1343.0,Central African Republic
5665,1970,CAF,1343.0,Central African Republic
5666,1969,CAF,1343.0,Central African Republic
5667,1968,CAF,1343.0,Central African Republic
5668,1967,CAF,1343.0,Central African Republic
5669,1966,CAF,1343.0,Central African Republic
5670,1965,CAF,1343.0,Central African Republic
5671,1964,CAF,1343.0,Central African Republic
5672,1963,CAF,1343.0,Central African Republic
5673,1962,CAF,1343.0,Central African Republic
5674,1961,CAF,1343.0,Central African Republic
5675,1960,CAF,,Central African Republic
5676,2025,TCD,,Chad
5677,2024,TCD,,Chad
5678,2023,TCD,,Chad
5679,2022,TCD,322.0,Chad
5680,2021,TCD,322.0,Chad
5681,2020,TCD,322.0,Chad
5682,2019,TCD,322.0,Chad
5683,2018,TCD,322.0,Chad
5684,2017,TCD,322.0,Chad
5685,2016,TCD,322.0,Chad
5686,2015,TCD,322.0,Chad
5687,2014,TCD,322.0,Chad
5688,2013,TCD,322.0,Chad
5689,2012,TCD,322.0,Chad
5690,2011,TCD,322.0,Chad
5691,2010,TCD,322.0,Chad
5692,2009,TCD,322.0,Chad
5693,2008,TCD,322.0,Chad
5694,2007,TCD,322.0,Chad
5695,2006,TCD,322.0,Chad
5696,2005,TCD,322.0,Chad
5697,2004,TCD,322.0,Chad
5698,2003,TCD,322.0,Chad
5699,2002,TCD,322.0,Chad
5700,2001,TCD,322.0,Chad
5701,2000,TCD,322.0,Chad
5702,1999,TCD,322.0,Chad
5703,1998,TCD,322.0,Chad
5704,1997,TCD,322.0,Chad
5705,1996,TCD,322.0,Chad
5706,1995,TCD,322.0,Chad
5707,1994,TCD,322.0,Chad
5708,1993,TCD,322.0,Chad
5709,1992,TCD,322.0,Chad
5710,1991,TCD,322.0,Chad
5711,1990,TCD,322.0,Chad
5712,1989,TCD,322.0,Chad
5713,1988,TCD,322.0,Chad
5714,1987,TCD,322.0,Chad
5715,1986,TCD,322.0,Chad
5716,1985,TCD,322.0,Chad
5717,1984,TCD,322.0,Chad
5718,1983,TCD,322.0,Chad
5719,1982,TCD,322.0,Chad
5720,1981,TCD,322.0,Chad
5721,1980,TCD,322.0,Chad
5722,1979,TCD,322.0,Chad
5723,1978,TCD,322.0,Chad
5724,1977,TCD,322.0,Chad
5725,1976,TCD,322.0,Chad
5726,1975,TCD,322.0,Chad
5727,1974,TCD,322.0,Chad
5728,1973,TCD,322.0,Chad
5729,1972,TCD,322.0,Chad
5730,1971,TCD,322.0,Chad
5731,1970,TCD,322.0,Chad
5732,1969,TCD,322.0,Chad
5733,1968,TCD,322.0,Chad
5734,1967,TCD,322.0,Chad
5735,1966,TCD,322.0,Chad
5736,1965,TCD,322.0,Chad
5737,1964,TCD,322.0,Chad
5738,1963,TCD,322.0,Chad
5739,1962,TCD,322.0,Chad
5740,1961,TCD,322.0,Chad
5741,1960,TCD,,Chad
5742,2025,CHI,,Channel Islands
5743,2024,CHI,,Channel Islands
5744,2023,CHI,,Channel Islands
5745,2022,CHI,,Channel Islands
5746,2021,CHI,,Channel Islands
5747,2020,CHI,,Channel Islands
5748,2019,CHI,,Channel Islands
5749,2018,CHI,,Channel Islands
5750,2017,CHI,,Channel Islands
5751,2016,CHI,,Channel Islands
5752,2015,CHI,,Channel Islands
5753,2014,CHI,,Channel Islands
5754,2013,CHI,,Channel Islands
5755,2012,CHI,,Channel Islands
5756,2011,CHI,,Channel Islands
5757,2010,CHI,,Channel Islands
5758,2009,CHI,,Channel Islands
5759,2008,CHI,,Channel Islands
5760,2007,CHI,,Channel Islands
5761,2006,CHI,,Channel Islands
5762,2005,CHI,,Channel Islands
5763,2004,CHI,,Channel Islands
5764,2003,CHI,,Channel Islands
5765,2002,CHI,,Channel Islands
5766,2001,CHI,,Channel Islands
5767,2000,CHI,,Channel Islands
5768,1999,CHI,,Channel Islands
5769,1998,CHI,,Channel Islands
5770,1997,CHI,,Channel Islands
5771,1996,CHI,,Channel Islands
5772,1995,CHI,,Channel Islands
5773,1994,CHI,,Channel Islands
5774,1993,CHI,,Channel Islands
5775,1992,CHI,,Channel Islands
5776,1991,CHI,,Channel Islands
5777,1990,CHI,,Channel Islands
5778,1989,CHI,,Channel Islands
5779,1988,CHI,,Channel Islands
5780,1987,CHI,,Channel Islands
5781,1986,CHI,,Channel Islands
5782,1985,CHI,,Channel Islands
5783,1984,CHI,,Channel Islands
5784,1983,CHI,,Channel Islands
5785,1982,CHI,,Channel Islands
5786,1981,CHI,,Channel Islands
5787,1980,CHI,,Channel Islands
5788,1979,CHI,,Channel Islands
5789,1978,CHI,,Channel Islands
5790,1977,CHI,,Channel Islands
5791,1976,CHI,,Channel Islands
5792,1975,CHI,,Channel Islands
5793,1974,CHI,,Channel Islands
5794,1973,CHI,,Channel Islands
5795,1972,CHI,,Channel Islands
5796,1971,CHI,,Channel Islands
5797,1970,CHI,,Channel Islands
5798,1969,CHI,,Channel Islands
5799,1968,CHI,,Channel Islands
5800,1967,CHI,,Channel Islands
5801,1966,CHI,,Channel Islands
5802,1965,CHI,,Channel Islands
5803,1964,CHI,,Channel Islands
5804,1963,CHI,,Channel Islands
5805,1962,CHI,,Channel Islands
5806,1961,CHI,,Channel Islands
5807,1960,CHI,,Channel Islands
5808,2025,CHL,,Chile
5809,2024,CHL,,Chile
5810,2023,CHL,,Chile
5811,2022,CHL,1522.0,Chile
5812,2021,CHL,1522.0,Chile
5813,2020,CHL,1522.0,Chile
5814,2019,CHL,1522.0,Chile
5815,2018,CHL,1522.0,Chile
5816,2017,CHL,1522.0,Chile
5817,2016,CHL,1522.0,Chile
5818,2015,CHL,1522.0,Chile
5819,2014,CHL,1522.0,Chile
5820,2013,CHL,1522.0,Chile
5821,2012,CHL,1522.0,Chile
5822,2011,CHL,1522.0,Chile
5823,2010,CHL,1522.0,Chile
5824,2009,CHL,1522.0,Chile
5825,2008,CHL,1522.0,Chile
5826,2007,CHL,1522.0,Chile
5827,2006,CHL,1522.0,Chile
5828,2005,CHL,1522.0,Chile
5829,2004,CHL,1522.0,Chile
5830,2003,CHL,1522.0,Chile
5831,2002,CHL,1522.0,Chile
5832,2001,CHL,1522.0,Chile
5833,2000,CHL,1522.0,Chile
5834,1999,CHL,1522.0,Chile
5835,1998,CHL,1522.0,Chile
5836,1997,CHL,1522.0,Chile
5837,1996,CHL,1522.0,Chile
5838,1995,CHL,1522.0,Chile
5839,1994,CHL,1522.0,Chile
5840,1993,CHL,1522.0,Chile
5841,1992,CHL,1522.0,Chile
5842,1991,CHL,1522.0,Chile
5843,1990,CHL,1522.0,Chile
5844,1989,CHL,1522.0,Chile
5845,1988,CHL,1522.0,Chile
5846,1987,CHL,1522.0,Chile
5847,1986,CHL,1522.0,Chile
5848,1985,CHL,1522.0,Chile
5849,1984,CHL,1522.0,Chile
5850,1983,CHL,1522.0,Chile
5851,1982,CHL,1522.0,Chile
5852,1981,CHL,1522.0,Chile
5853,1980,CHL,1522.0,Chile
5854,1979,CHL,1522.0,Chile
5855,1978,CHL,1522.0,Chile
5856,1977,CHL,1522.0,Chile
5857,1976,CHL,1522.0,Chile
5858,1975,CHL,1522.0,Chile
5859,1974,CHL,1522.0,Chile
5860,1973,CHL,1522.0,Chile
5861,1972,CHL,1522.0,Chile
5862,1971,CHL,1522.0,Chile
5863,1970,CHL,1522.0,Chile
5864,1969,CHL,1522.0,Chile
5865,1968,CHL,1522.0,Chile
5866,1967,CHL,1522.0,Chile
5867,1966,CHL,1522.0,Chile
5868,1965,CHL,1522.0,Chile
5869,1964,CHL,1522.0,Chile
5870,1963,CHL,1522.0,Chile
5871,1962,CHL,1522.0,Chile
5872,1961,CHL,,Chile
5873,1960,CHL,,Chile
5874,2025,CHN,,China
5875,2024,CHN,,China
5876,2023,CHN,,China
5877,2022,CHN,645.0,China
5878,2021,CHN,645.0,China
5879,2020,CHN,645.0,China
5880,2019,CHN,645.0,China
5881,2018,CHN,645.0,China
5882,2017,CHN,645.0,China
5883,2016,CHN,645.0,China
5884,2015,CHN,645.0,China
5885,2014,CHN,645.0,China
5886,2013,CHN,645.0,China
5887,2012,CHN,645.0,China
5888,2011,CHN,645.0,China
5889,2010,CHN,645.0,China
5890,2009,CHN,645.0,China
5891,2008,CHN,645.0,China
5892,2007,CHN,645.0,China
5893,2006,CHN,645.0,China
5894,2005,CHN,645.0,China
5895,2004,CHN,645.0,China
5896,2003,CHN,645.0,China
5897,2002,CHN,645.0,China
5898,2001,CHN,645.0,China
5899,2000,CHN,645.0,China
5900,1999,CHN,645.0,China
5901,1998,CHN,645.0,China
5902,1997,CHN,645.0,China
5903,1996,CHN,645.0,China
5904,1995,CHN,645.0,China
5905,1994,CHN,645.0,China
5906,1993,CHN,645.0,China
5907,1992,CHN,645.0,China
5908,1991,CHN,645.0,China
5909,1990,CHN,645.0,China
5910,1989,CHN,645.0,China
5911,1988,CHN,645.0,China
5912,1987,CHN,645.0,China
5913,1986,CHN,645.0,China
5914,1985,CHN,645.0,China
5915,1984,CHN,645.0,China
5916,1983,CHN,645.0,China
5917,1982,CHN,645.0,China
5918,1981,CHN,645.0,China
5919,1980,CHN,645.0,China
5920,1979,CHN,645.0,China
5921,1978,CHN,645.0,China
5922,1977,CHN,645.0,China
5923,1976,CHN,645.0,China
5924,1975,CHN,645.0,China
5925,1974,CHN,645.0,China
5926,1973,CHN,645.0,China
5927,1972,CHN,645.0,China
5928,1971,CHN,645.0,China
5929,1970,CHN,645.0,China
5930,1969,CHN,645.0,China
5931,1968,CHN,645.0,China
5932,1967,CHN,645.0,China
5933,1966,CHN,645.0,China
5934,1965,CHN,645.0,China
5935,1964,CHN,645.0,China
5936,1963,CHN,645.0,China
5937,1962,CHN,645.0,China
5938,1961,CHN,,China
5939,1960,CHN,,China
5940,2025,COL,,Colombia
5941,2024,COL,,Colombia
5942,2023,COL,,Colombia
5943,2022,COL,3240.0,Colombia
5944,2021,COL,3240.0,Colombia
5945,2020,COL,3240.0,Colombia
5946,2019,COL,3240.0,Colombia
5947,2018,COL,3240.0,Colombia
5948,2017,COL,3240.0,Colombia
5949,2016,COL,3240.0,Colombia
5950,2015,COL,3240.0,Colombia
5951,2014,COL,3240.0,Colombia
5952,2013,COL,3240.0,Colombia
5953,2012,COL,3240.0,Colombia
5954,2011,COL,3240.0,Colombia
5955,2010,COL,3240.0,Colombia
5956,2009,COL,3240.0,Colombia
5957,2008,COL,3240.0,Colombia
5958,2007,COL,3240.0,Colombia
5959,2006,COL,3240.0,Colombia
5960,2005,COL,3240.0,Colombia
5961,2004,COL,3240.0,Colombia
5962,2003,COL,3240.0,Colombia
5963,2002,COL,3240.0,Colombia
5964,2001,COL,3240.0,Colombia
5965,2000,COL,2612.0,Colombia
5966,1999,COL,3240.0,Colombia
5967,1998,COL,3240.0,Colombia
5968,1997,COL,3240.0,Colombia
5969,1996,COL,3240.0,Colombia
5970,1995,COL,3240.0,Colombia
5971,1994,COL,3240.0,Colombia
5972,1993,COL,3240.0,Colombia
5973,1992,COL,3240.0,Colombia
5974,1991,COL,3240.0,Colombia
5975,1990,COL,3240.0,Colombia
5976,1989,COL,3240.0,Colombia
5977,1988,COL,3240.0,Colombia
5978,1987,COL,3240.0,Colombia
5979,1986,COL,3240.0,Colombia
5980,1985,COL,3240.0,Colombia
5981,1984,COL,3240.0,Colombia
5982,1983,COL,3240.0,Colombia
5983,1982,COL,3240.0,Colombia
5984,1981,COL,3240.0,Colombia
5985,1980,COL,3240.0,Colombia
5986,1979,COL,3240.0,Colombia
5987,1978,COL,3240.0,Colombia
5988,1977,COL,3240.0,Colombia
5989,1976,COL,3240.0,Colombia
5990,1975,COL,3240.0,Colombia
5991,1974,COL,3240.0,Colombia
5992,1973,COL,3240.0,Colombia
5993,1972,COL,3240.0,Colombia
5994,1971,COL,3240.0,Colombia
5995,1970,COL,3240.0,Colombia
5996,1969,COL,3240.0,Colombia
5997,1968,COL,3240.0,Colombia
5998,1967,COL,3240.0,Colombia
5999,1966,COL,3240.0,Colombia
6000,1965,COL,3240.0,Colombia
6001,1964,COL,3240.0,Colombia
6002,1963,COL,3240.0,Colombia
6003,1962,COL,3240.0,Colombia
6004,1961,COL,,Colombia
6005,1960,COL,,Colombia
6006,2025,COM,,Comoros
6007,2024,COM,,Comoros
6008,2023,COM,,Comoros
6009,2022,COM,900.0,Comoros
6010,2021,COM,900.0,Comoros
6011,2020,COM,900.0,Comoros
6012,2019,COM,900.0,Comoros
6013,2018,COM,900.0,Comoros
6014,2017,COM,900.0,Comoros
6015,2016,COM,900.0,Comoros
6016,2015,COM,900.0,Comoros
6017,2014,COM,900.0,Comoros
6018,2013,COM,900.0,Comoros
6019,2012,COM,900.0,Comoros
6020,2011,COM,900.0,Comoros
6021,2010,COM,900.0,Comoros
6022,2009,COM,900.0,Comoros
6023,2008,COM,900.0,Comoros
6024,2007,COM,900.0,Comoros
6025,2006,COM,900.0,Comoros
6026,2005,COM,900.0,Comoros
6027,2004,COM,900.0,Comoros
6028,2003,COM,900.0,Comoros
6029,2002,COM,900.0,Comoros
6030,2001,COM,900.0,Comoros
6031,2000,COM,900.0,Comoros
6032,1999,COM,900.0,Comoros
6033,1998,COM,900.0,Comoros
6034,1997,COM,900.0,Comoros
6035,1996,COM,900.0,Comoros
6036,1995,COM,900.0,Comoros
6037,1994,COM,900.0,Comoros
6038,1993,COM,900.0,Comoros
6039,1992,COM,900.0,Comoros
6040,1991,COM,900.0,Comoros
6041,1990,COM,900.0,Comoros
6042,1989,COM,900.0,Comoros
6043,1988,COM,900.0,Comoros
6044,1987,COM,900.0,Comoros
6045,1986,COM,900.0,Comoros
6046,1985,COM,900.0,Comoros
6047,1984,COM,900.0,Comoros
6048,1983,COM,900.0,Comoros
6049,1982,COM,900.0,Comoros
6050,1981,COM,900.0,Comoros
6051,1980,COM,900.0,Comoros
6052,1979,COM,900.0,Comoros
6053,1978,COM,900.0,Comoros
6054,1977,COM,900.0,Comoros
6055,1976,COM,900.0,Comoros
6056,1975,COM,900.0,Comoros
6057,1974,COM,900.0,Comoros
6058,1973,COM,900.0,Comoros
6059,1972,COM,900.0,Comoros
6060,1971,COM,900.0,Comoros
6061,1970,COM,900.0,Comoros
6062,1969,COM,900.0,Comoros
6063,1968,COM,900.0,Comoros
6064,1967,COM,900.0,Comoros
6065,1966,COM,900.0,Comoros
6066,1965,COM,900.0,Comoros
6067,1964,COM,900.0,Comoros
6068,1963,COM,900.0,Comoros
6069,1962,COM,900.0,Comoros
6070,1961,COM,900.0,Comoros
6071,1960,COM,,Comoros
6072,2025,COD,,"Congo, Dem. Rep."
6073,2024,COD,,"Congo, Dem. Rep."
6074,2023,COD,,"Congo, Dem. Rep."
6075,2022,COD,1543.0,"Congo, Dem. Rep."
6076,2021,COD,1543.0,"Congo, Dem. Rep."
6077,2020,COD,1543.0,"Congo, Dem. Rep."
6078,2019,COD,1543.0,"Congo, Dem. Rep."
6079,2018,COD,1543.0,"Congo, Dem. Rep."
6080,2017,COD,1543.0,"Congo, Dem. Rep."
6081,2016,COD,1543.0,"Congo, Dem. Rep."
6082,2015,COD,1543.0,"Congo, Dem. Rep."
6083,2014,COD,1543.0,"Congo, Dem. Rep."
6084,2013,COD,1543.0,"Congo, Dem. Rep."
6085,2012,COD,1543.0,"Congo, Dem. Rep."
6086,2011,COD,1543.0,"Congo, Dem. Rep."
6087,2010,COD,1543.0,"Congo, Dem. Rep."
6088,2009,COD,1543.0,"Congo, Dem. Rep."
6089,2008,COD,1543.0,"Congo, Dem. Rep."
6090,2007,COD,1543.0,"Congo, Dem. Rep."
6091,2006,COD,1543.0,"Congo, Dem. Rep."
6092,2005,COD,1543.0,"Congo, Dem. Rep."
6093,2004,COD,1543.0,"Congo, Dem. Rep."
6094,2003,COD,1543.0,"Congo, Dem. Rep."
6095,2002,COD,1543.0,"Congo, Dem. Rep."
6096,2001,COD,1543.0,"Congo, Dem. Rep."
6097,2000,COD,1543.0,"Congo, Dem. Rep."
6098,1999,COD,1543.0,"Congo, Dem. Rep."
6099,1998,COD,1543.0,"Congo, Dem. Rep."
6100,1997,COD,1543.0,"Congo, Dem. Rep."
6101,1996,COD,1543.0,"Congo, Dem. Rep."
6102,1995,COD,1543.0,"Congo, Dem. Rep."
6103,1994,COD,1543.0,"Congo, Dem. Rep."
6104,1993,COD,1543.0,"Congo, Dem. Rep."
6105,1992,COD,1543.0,"Congo, Dem. Rep."
6106,1991,COD,1543.0,"Congo, Dem. Rep."
6107,1990,COD,1543.0,"Congo, Dem. Rep."
6108,1989,COD,1543.0,"Congo, Dem. Rep."
6109,1988,COD,1543.0,"Congo, Dem. Rep."
6110,1987,COD,1543.0,"Congo, Dem. Rep."
6111,1986,COD,1543.0,"Congo, Dem. Rep."
6112,1985,COD,1543.0,"Congo, Dem. Rep."
6113,1984,COD,1543.0,"Congo, Dem. Rep."
6114,1983,COD,1543.0,"Congo, Dem. Rep."
6115,1982,COD,1543.0,"Congo, Dem. Rep."
6116,1981,COD,1543.0,"Congo, Dem. Rep."
6117,1980,COD,1543.0,"Congo, Dem. Rep."
6118,1979,COD,1543.0,"Congo, Dem. Rep."
6119,1978,COD,1543.0,"Congo, Dem. Rep."
6120,1977,COD,1543.0,"Congo, Dem. Rep."
6121,1976,COD,1543.0,"Congo, Dem. Rep."
6122,1975,COD,1543.0,"Congo, Dem. Rep."
6123,1974,COD,1543.0,"Congo, Dem. Rep."
6124,1973,COD,1543.0,"Congo, Dem. Rep."
6125,1972,COD,1543.0,"Congo, Dem. Rep."
6126,1971,COD,1543.0,"Congo, Dem. Rep."
6127,1970,COD,1543.0,"Congo, Dem. Rep."
6128,1969,COD,1543.0,"Congo, Dem. Rep."
6129,1968,COD,1543.0,"Congo, Dem. Rep."
6130,1967,COD,1543.0,"Congo, Dem. Rep."
6131,1966,COD,1543.0,"Congo, Dem. Rep."
6132,1965,COD,1543.0,"Congo, Dem. Rep."
6133,1964,COD,1543.0,"Congo, Dem. Rep."
6134,1963,COD,1543.0,"Congo, Dem. Rep."
6135,1962,COD,1543.0,"Congo, Dem. Rep."
6136,1961,COD,1543.0,"Congo, Dem. Rep."
6137,1960,COD,,"Congo, Dem. Rep."
6138,2025,COG,,"Congo, Rep."
6139,2024,COG,,"Congo, Rep."
6140,2023,COG,,"Congo, Rep."
6141,2022,COG,1646.0,"Congo, Rep."
6142,2021,COG,1646.0,"Congo, Rep."
6143,2020,COG,1646.0,"Congo, Rep."
6144,2019,COG,1646.0,"Congo, Rep."
6145,2018,COG,1646.0,"Congo, Rep."
6146,2017,COG,1646.0,"Congo, Rep."
6147,2016,COG,1646.0,"Congo, Rep."
6148,2015,COG,1646.0,"Congo, Rep."
6149,2014,COG,1646.0,"Congo, Rep."
6150,2013,COG,1646.0,"Congo, Rep."
6151,2012,COG,1646.0,"Congo, Rep."
6152,2011,COG,1646.0,"Congo, Rep."
6153,2010,COG,1646.0,"Congo, Rep."
6154,2009,COG,1646.0,"Congo, Rep."
6155,2008,COG,1646.0,"Congo, Rep."
6156,2007,COG,1646.0,"Congo, Rep."
6157,2006,COG,1646.0,"Congo, Rep."
6158,2005,COG,1646.0,"Congo, Rep."
6159,2004,COG,1646.0,"Congo, Rep."
6160,2003,COG,1646.0,"Congo, Rep."
6161,2002,COG,1646.0,"Congo, Rep."
6162,2001,COG,1646.0,"Congo, Rep."
6163,2000,COG,1646.0,"Congo, Rep."
6164,1999,COG,1646.0,"Congo, Rep."
6165,1998,COG,1646.0,"Congo, Rep."
6166,1997,COG,1646.0,"Congo, Rep."
6167,1996,COG,1646.0,"Congo, Rep."
6168,1995,COG,1646.0,"Congo, Rep."
6169,1994,COG,1646.0,"Congo, Rep."
6170,1993,COG,1646.0,"Congo, Rep."
6171,1992,COG,1646.0,"Congo, Rep."
6172,1991,COG,1646.0,"Congo, Rep."
6173,1990,COG,1646.0,"Congo, Rep."
6174,1989,COG,1646.0,"Congo, Rep."
6175,1988,COG,1646.0,"Congo, Rep."
6176,1987,COG,1646.0,"Congo, Rep."
6177,1986,COG,1646.0,"Congo, Rep."
6178,1985,COG,1646.0,"Congo, Rep."
6179,1984,COG,1646.0,"Congo, Rep."
6180,1983,COG,1646.0,"Congo, Rep."
6181,1982,COG,1646.0,"Congo, Rep."
6182,1981,COG,1646.0,"Congo, Rep."
6183,1980,COG,1646.0,"Congo, Rep."
6184,1979,COG,1646.0,"Congo, Rep."
6185,1978,COG,1646.0,"Congo, Rep."
6186,1977,COG,1646.0,"Congo, Rep."
6187,1976,COG,1646.0,"Congo, Rep."
6188,1975,COG,1646.0,"Congo, Rep."
6189,1974,COG,1646.0,"Congo, Rep."
6190,1973,COG,1646.0,"Congo, Rep."
6191,1972,COG,1646.0,"Congo, Rep."
6192,1971,COG,1646.0,"Congo, Rep."
6193,1970,COG,1646.0,"Congo, Rep."
6194,1969,COG,1646.0,"Congo, Rep."
6195,1968,COG,1646.0,"Congo, Rep."
6196,1967,COG,1646.0,"Congo, Rep."
6197,1966,COG,1646.0,"Congo, Rep."
6198,1965,COG,1646.0,"Congo, Rep."
6199,1964,COG,1646.0,"Congo, Rep."
6200,1963,COG,1646.0,"Congo, Rep."
6201,1962,COG,1646.0,"Congo, Rep."
6202,1961,COG,1646.0,"Congo, Rep."
6203,1960,COG,,"Congo, Rep."
6204,2025,CRI,,Costa Rica
6205,2024,CRI,,Costa Rica
6206,2023,CRI,,Costa Rica
6207,2022,CRI,2926.0,Costa Rica
6208,2021,CRI,2926.0,Costa Rica
6209,2020,CRI,2926.0,Costa Rica
6210,2019,CRI,2926.0,Costa Rica
6211,2018,CRI,2926.0,Costa Rica
6212,2017,CRI,2926.0,Costa Rica
6213,2016,CRI,2926.0,Costa Rica
6214,2015,CRI,2926.0,Costa Rica
6215,2014,CRI,2926.0,Costa Rica
6216,2013,CRI,2926.0,Costa Rica
6217,2012,CRI,2926.0,Costa Rica
6218,2011,CRI,2926.0,Costa Rica
6219,2010,CRI,2926.0,Costa Rica
6220,2009,CRI,2926.0,Costa Rica
6221,2008,CRI,2926.0,Costa Rica
6222,2007,CRI,2926.0,Costa Rica
6223,2006,CRI,2926.0,Costa Rica
6224,2005,CRI,2926.0,Costa Rica
6225,2004,CRI,2926.0,Costa Rica
6226,2003,CRI,2926.0,Costa Rica
6227,2002,CRI,2926.0,Costa Rica
6228,2001,CRI,2926.0,Costa Rica
6229,2000,CRI,2926.0,Costa Rica
6230,1999,CRI,2926.0,Costa Rica
6231,1998,CRI,2926.0,Costa Rica
6232,1997,CRI,2926.0,Costa Rica
6233,1996,CRI,2926.0,Costa Rica
6234,1995,CRI,2926.0,Costa Rica
6235,1994,CRI,2926.0,Costa Rica
6236,1993,CRI,2926.0,Costa Rica
6237,1992,CRI,2926.0,Costa Rica
6238,1991,CRI,2926.0,Costa Rica
6239,1990,CRI,2926.0,Costa Rica
6240,1989,CRI,2926.0,Costa Rica
6241,1988,CRI,2926.0,Costa Rica
6242,1987,CRI,2926.0,Costa Rica
6243,1986,CRI,2926.0,Costa Rica
6244,1985,CRI,2926.0,Costa Rica
6245,1984,CRI,2926.0,Costa Rica
6246,1983,CRI,2926.0,Costa Rica
6247,1982,CRI,2926.0,Costa Rica
6248,1981,CRI,2926.0,Costa Rica
6249,1980,CRI,2926.0,Costa Rica
6250,1979,CRI,2926.0,Costa Rica
6251,1978,CRI,2926.0,Costa Rica
6252,1977,CRI,2926.0,Costa Rica
6253,1976,CRI,2926.0,Costa Rica
6254,1975,CRI,2926.0,Costa Rica
6255,1974,CRI,2926.0,Costa Rica
6256,1973,CRI,2926.0,Costa Rica
6257,1972,CRI,2926.0,Costa Rica
6258,1971,CRI,2926.0,Costa Rica
6259,1970,CRI,2926.0,Costa Rica
6260,1969,CRI,2926.0,Costa Rica
6261,1968,CRI,2926.0,Costa Rica
6262,1967,CRI,2926.0,Costa Rica
6263,1966,CRI,2926.0,Costa Rica
6264,1965,CRI,2926.0,Costa Rica
6265,1964,CRI,2926.0,Costa Rica
6266,1963,CRI,2926.0,Costa Rica
6267,1962,CRI,2926.0,Costa Rica
6268,1961,CRI,2926.0,Costa Rica
6269,1960,CRI,,Costa Rica
6270,2025,CIV,,Cote d'Ivoire
6271,2024,CIV,,Cote d'Ivoire
6272,2023,CIV,,Cote d'Ivoire
6273,2022,CIV,1348.0,Cote d'Ivoire
6274,2021,CIV,1348.0,Cote d'Ivoire
6275,2020,CIV,1348.0,Cote d'Ivoire
6276,2019,CIV,1348.0,Cote d'Ivoire
6277,2018,CIV,1348.0,Cote d'Ivoire
6278,2017,CIV,1348.0,Cote d'Ivoire
6279,2016,CIV,1348.0,Cote d'Ivoire
6280,2015,CIV,1348.0,Cote d'Ivoire
6281,2014,CIV,1348.0,Cote d'Ivoire
6282,2013,CIV,1348.0,Cote d'Ivoire
6283,2012,CIV,1348.0,Cote d'Ivoire
6284,2011,CIV,1348.0,Cote d'Ivoire
6285,2010,CIV,1348.0,Cote d'Ivoire
6286,2009,CIV,1348.0,Cote d'Ivoire
6287,2008,CIV,1348.0,Cote d'Ivoire
6288,2007,CIV,1348.0,Cote d'Ivoire
6289,2006,CIV,1348.0,Cote d'Ivoire
6290,2005,CIV,1348.0,Cote d'Ivoire
6291,2004,CIV,1348.0,Cote d'Ivoire
6292,2003,CIV,1348.0,Cote d'Ivoire
6293,2002,CIV,1348.0,Cote d'Ivoire
6294,2001,CIV,1348.0,Cote d'Ivoire
6295,2000,CIV,1348.0,Cote d'Ivoire
6296,1999,CIV,1348.0,Cote d'Ivoire
6297,1998,CIV,1348.0,Cote d'Ivoire
6298,1997,CIV,1348.0,Cote d'Ivoire
6299,1996,CIV,1348.0,Cote d'Ivoire
6300,1995,CIV,1348.0,Cote d'Ivoire
6301,1994,CIV,1348.0,Cote d'Ivoire
6302,1993,CIV,1348.0,Cote d'Ivoire
6303,1992,CIV,1348.0,Cote d'Ivoire
6304,1991,CIV,1348.0,Cote d'Ivoire
6305,1990,CIV,1348.0,Cote d'Ivoire
6306,1989,CIV,1348.0,Cote d'Ivoire
6307,1988,CIV,1348.0,Cote d'Ivoire
6308,1987,CIV,1348.0,Cote d'Ivoire
6309,1986,CIV,1348.0,Cote d'Ivoire
6310,1985,CIV,1348.0,Cote d'Ivoire
6311,1984,CIV,1348.0,Cote d'Ivoire
6312,1983,CIV,1348.0,Cote d'Ivoire
6313,1982,CIV,1348.0,Cote d'Ivoire
6314,1981,CIV,1348.0,Cote d'Ivoire
6315,1980,CIV,1348.0,Cote d'Ivoire
6316,1979,CIV,1348.0,Cote d'Ivoire
6317,1978,CIV,1348.0,Cote d'Ivoire
6318,1977,CIV,1348.0,Cote d'Ivoire
6319,1976,CIV,1348.0,Cote d'Ivoire
6320,1975,CIV,1348.0,Cote d'Ivoire
6321,1974,CIV,1348.0,Cote d'Ivoire
6322,1973,CIV,1348.0,Cote d'Ivoire
6323,1972,CIV,1348.0,Cote d'Ivoire
6324,1971,CIV,1348.0,Cote d'Ivoire
6325,1970,CIV,1348.0,Cote d'Ivoire
6326,1969,CIV,1348.0,Cote d'Ivoire
6327,1968,CIV,1348.0,Cote d'Ivoire
6328,1967,CIV,1348.0,Cote d'Ivoire
6329,1966,CIV,1348.0,Cote d'Ivoire
6330,1965,CIV,1348.0,Cote d'Ivoire
6331,1964,CIV,1348.0,Cote d'Ivoire
6332,1963,CIV,1348.0,Cote d'Ivoire
6333,1962,CIV,1348.0,Cote d'Ivoire
6334,1961,CIV,1348.0,Cote d'Ivoire
6335,1960,CIV,,Cote d'Ivoire
6336,2025,HRV,,Croatia
6337,2024,HRV,,Croatia
6338,2023,HRV,,Croatia
6339,2022,HRV,1113.0,Croatia
6340,2021,HRV,1113.0,Croatia
6341,2020,HRV,1113.0,Croatia
6342,2019,HRV,1113.0,Croatia
6343,2018,HRV,1113.0,Croatia
6344,2017,HRV,1113.0,Croatia
6345,2016,HRV,1113.0,Croatia
6346,2015,HRV,1113.0,Croatia
6347,2014,HRV,1113.0,Croatia
6348,2013,HRV,1113.0,Croatia
6349,2012,HRV,1113.0,Croatia
6350,2011,HRV,1113.0,Croatia
6351,2010,HRV,1113.0,Croatia
6352,2009,HRV,1113.0,Croatia
6353,2008,HRV,1113.0,Croatia
6354,2007,HRV,1113.0,Croatia
6355,2006,HRV,1113.0,Croatia
6356,2005,HRV,1113.0,Croatia
6357,2004,HRV,1113.0,Croatia
6358,2003,HRV,1113.0,Croatia
6359,2002,HRV,1113.0,Croatia
6360,2001,HRV,1113.0,Croatia
6361,2000,HRV,1113.0,Croatia
6362,1999,HRV,1113.0,Croatia
6363,1998,HRV,1113.0,Croatia
6364,1997,HRV,1113.0,Croatia
6365,1996,HRV,1113.0,Croatia
6366,1995,HRV,1113.0,Croatia
6367,1994,HRV,1113.0,Croatia
6368,1993,HRV,1113.0,Croatia
6369,1992,HRV,1113.0,Croatia
6370,1991,HRV,,Croatia
6371,1990,HRV,,Croatia
6372,1989,HRV,,Croatia
6373,1988,HRV,,Croatia
6374,1987,HRV,,Croatia
6375,1986,HRV,,Croatia
6376,1985,HRV,,Croatia
6377,1984,HRV,,Croatia
6378,1983,HRV,,Croatia
6379,1982,HRV,,Croatia
6380,1981,HRV,,Croatia
6381,1980,HRV,,Croatia
6382,1979,HRV,,Croatia
6383,1978,HRV,,Croatia
6384,1977,HRV,,Croatia
6385,1976,HRV,,Croatia
6386,1975,HRV,,Croatia
6387,1974,HRV,,Croatia
6388,1973,HRV,,Croatia
6389,1972,HRV,,Croatia
6390,1971,HRV,,Croatia
6391,1970,HRV,,Croatia
6392,1969,HRV,,Croatia
6393,1968,HRV,,Croatia
6394,1967,HRV,,Croatia
6395,1966,HRV,,Croatia
6396,1965,HRV,,Croatia
6397,1964,HRV,,Croatia
6398,1963,HRV,,Croatia
6399,1962,HRV,,Croatia
6400,1961,HRV,,Croatia
6401,1960,HRV,,Croatia
6402,2025,CUB,,Cuba
6403,2024,CUB,,Cuba
6404,2023,CUB,,Cuba
6405,2022,CUB,1335.0,Cuba
6406,2021,CUB,1335.0,Cuba
6407,2020,CUB,1335.0,Cuba
6408,2019,CUB,1335.0,Cuba
6409,2018,CUB,1335.0,Cuba
6410,2017,CUB,1335.0,Cuba
6411,2016,CUB,1335.0,Cuba
6412,2015,CUB,1335.0,Cuba
6413,2014,CUB,1335.0,Cuba
6414,2013,CUB,1335.0,Cuba
6415,2012,CUB,1335.0,Cuba
6416,2011,CUB,1335.0,Cuba
6417,2010,CUB,1335.0,Cuba
6418,2009,CUB,1335.0,Cuba
6419,2008,CUB,1335.0,Cuba
6420,2007,CUB,1335.0,Cuba
6421,2006,CUB,1335.0,Cuba
6422,2005,CUB,1335.0,Cuba
6423,2004,CUB,1335.0,Cuba
6424,2003,CUB,1335.0,Cuba
6425,2002,CUB,1335.0,Cuba
6426,2001,CUB,1335.0,Cuba
6427,2000,CUB,1335.0,Cuba
6428,1999,CUB,1335.0,Cuba
6429,1998,CUB,1335.0,Cuba
6430,1997,CUB,1335.0,Cuba
6431,1996,CUB,1335.0,Cuba
6432,1995,CUB,1335.0,Cuba
6433,1994,CUB,1335.0,Cuba
6434,1993,CUB,1335.0,Cuba
6435,1992,CUB,1335.0,Cuba
6436,1991,CUB,1335.0,Cuba
6437,1990,CUB,1335.0,Cuba
6438,1989,CUB,1335.0,Cuba
6439,1988,CUB,1335.0,Cuba
6440,1987,CUB,1335.0,Cuba
6441,1986,CUB,1335.0,Cuba
6442,1985,CUB,1335.0,Cuba
6443,1984,CUB,1335.0,Cuba
6444,1983,CUB,1335.0,Cuba
6445,1982,CUB,1335.0,Cuba
6446,1981,CUB,1335.0,Cuba
6447,1980,CUB,1335.0,Cuba
6448,1979,CUB,1335.0,Cuba
6449,1978,CUB,1335.0,Cuba
6450,1977,CUB,1335.0,Cuba
6451,1976,CUB,1335.0,Cuba
6452,1975,CUB,1335.0,Cuba
6453,1974,CUB,1335.0,Cuba
6454,1973,CUB,1335.0,Cuba
6455,1972,CUB,1335.0,Cuba
6456,1971,CUB,1335.0,Cuba
6457,1970,CUB,1335.0,Cuba
6458,1969,CUB,1335.0,Cuba
6459,1968,CUB,1335.0,Cuba
6460,1967,CUB,1335.0,Cuba
6461,1966,CUB,1335.0,Cuba
6462,1965,CUB,1335.0,Cuba
6463,1964,CUB,1335.0,Cuba
6464,1963,CUB,1335.0,Cuba
6465,1962,CUB,1335.0,Cuba
6466,1961,CUB,1335.0,Cuba
6467,1960,CUB,,Cuba
6468,2025,CUW,,Curacao
6469,2024,CUW,,Curacao
6470,2023,CUW,,Curacao
6471,2022,CUW,,Curacao
6472,2021,CUW,,Curacao
6473,2020,CUW,,Curacao
6474,2019,CUW,,Curacao
6475,2018,CUW,,Curacao
6476,2017,CUW,,Curacao
6477,2016,CUW,,Curacao
6478,2015,CUW,,Curacao
6479,2014,CUW,,Curacao
6480,2013,CUW,,Curacao
6481,2012,CUW,,Curacao
6482,2011,CUW,,Curacao
6483,2010,CUW,,Curacao
6484,2009,CUW,,Curacao
6485,2008,CUW,,Curacao
6486,2007,CUW,,Curacao
6487,2006,CUW,,Curacao
6488,2005,CUW,,Curacao
6489,2004,CUW,,Curacao
6490,2003,CUW,,Curacao
6491,2002,CUW,,Curacao
6492,2001,CUW,,Curacao
6493,2000,CUW,,Curacao
6494,1999,CUW,,Curacao
6495,1998,CUW,,Curacao
6496,1997,CUW,,Curacao
6497,1996,CUW,,Curacao
6498,1995,CUW,,Curacao
6499,1994,CUW,,Curacao
6500,1993,CUW,,Curacao
6501,1992,CUW,,Curacao
6502,1991,CUW,,Curacao
6503,1990,CUW,,Curacao
6504,1989,CUW,,Curacao
6505,1988,CUW,,Curacao
6506,1987,CUW,,Curacao
6507,1986,CUW,,Curacao
6508,1985,CUW,,Curacao
6509,1984,CUW,,Curacao
6510,1983,CUW,,Curacao
6511,1982,CUW,,Curacao
6512,1981,CUW,,Curacao
6513,1980,CUW,,Curacao
6514,1979,CUW,,Curacao
6515,1978,CUW,,Curacao
6516,1977,CUW,,Curacao
6517,1976,CUW,,Curacao
6518,1975,CUW,,Curacao
6519,1974,CUW,,Curacao
6520,1973,CUW,,Curacao
6521,1972,CUW,,Curacao
6522,1971,CUW,,Curacao
6523,1970,CUW,,Curacao
6524,1969,CUW,,Curacao
6525,1968,CUW,,Curacao
6526,1967,CUW,,Curacao
6527,1966,CUW,,Curacao
6528,1965,CUW,,Curacao
6529,1964,CUW,,Curacao
6530,1963,CUW,,Curacao
6531,1962,CUW,,Curacao
6532,1961,CUW,,Curacao
6533,1960,CUW,,Curacao
6534,2025,CYP,,Cyprus
6535,2024,CYP,,Cyprus
6536,2023,CYP,,Cyprus
6537,2022,CYP,498.0,Cyprus
6538,2021,CYP,498.0,Cyprus
6539,2020,CYP,498.0,Cyprus
6540,2019,CYP,498.0,Cyprus
6541,2018,CYP,498.0,Cyprus
6542,2017,CYP,498.0,Cyprus
6543,2016,CYP,498.0,Cyprus
6544,2015,CYP,498.0,Cyprus
6545,2014,CYP,498.0,Cyprus
6546,2013,CYP,498.0,Cyprus
6547,2012,CYP,498.0,Cyprus
6548,2011,CYP,498.0,Cyprus
6549,2010,CYP,498.0,Cyprus
6550,2009,CYP,498.0,Cyprus
6551,2008,CYP,498.0,Cyprus
6552,2007,CYP,498.0,Cyprus
6553,2006,CYP,498.0,Cyprus
6554,2005,CYP,498.0,Cyprus
6555,2004,CYP,498.0,Cyprus
6556,2003,CYP,498.0,Cyprus
6557,2002,CYP,498.0,Cyprus
6558,2001,CYP,498.0,Cyprus
6559,2000,CYP,498.0,Cyprus
6560,1999,CYP,498.0,Cyprus
6561,1998,CYP,498.0,Cyprus
6562,1997,CYP,498.0,Cyprus
6563,1996,CYP,498.0,Cyprus
6564,1995,CYP,498.0,Cyprus
6565,1994,CYP,498.0,Cyprus
6566,1993,CYP,498.0,Cyprus
6567,1992,CYP,498.0,Cyprus
6568,1991,CYP,498.0,Cyprus
6569,1990,CYP,498.0,Cyprus
6570,1989,CYP,498.0,Cyprus
6571,1988,CYP,498.0,Cyprus
6572,1987,CYP,498.0,Cyprus
6573,1986,CYP,498.0,Cyprus
6574,1985,CYP,498.0,Cyprus
6575,1984,CYP,498.0,Cyprus
6576,1983,CYP,498.0,Cyprus
6577,1982,CYP,498.0,Cyprus
6578,1981,CYP,498.0,Cyprus
6579,1980,CYP,498.0,Cyprus
6580,1979,CYP,498.0,Cyprus
6581,1978,CYP,498.0,Cyprus
6582,1977,CYP,498.0,Cyprus
6583,1976,CYP,498.0,Cyprus
6584,1975,CYP,498.0,Cyprus
6585,1974,CYP,498.0,Cyprus
6586,1973,CYP,498.0,Cyprus
6587,1972,CYP,498.0,Cyprus
6588,1971,CYP,498.0,Cyprus
6589,1970,CYP,498.0,Cyprus
6590,1969,CYP,498.0,Cyprus
6591,1968,CYP,498.0,Cyprus
6592,1967,CYP,498.0,Cyprus
6593,1966,CYP,498.0,Cyprus
6594,1965,CYP,498.0,Cyprus
6595,1964,CYP,498.0,Cyprus
6596,1963,CYP,498.0,Cyprus
6597,1962,CYP,498.0,Cyprus
6598,1961,CYP,498.0,Cyprus
6599,1960,CYP,,Cyprus
6600,2025,CZE,,Czechia
6601,2024,CZE,,Czechia
6602,2023,CZE,,Czechia
6603,2022,CZE,677.0,Czechia
6604,2021,CZE,677.0,Czechia
6605,2020,CZE,677.0,Czechia
6606,2019,CZE,677.0,Czechia
6607,2018,CZE,677.0,Czechia
6608,2017,CZE,677.0,Czechia
6609,2016,CZE,677.0,Czechia
6610,2015,CZE,677.0,Czechia
6611,2014,CZE,677.0,Czechia
6612,2013,CZE,677.0,Czechia
6613,2012,CZE,677.0,Czechia
6614,2011,CZE,677.0,Czechia
6615,2010,CZE,677.0,Czechia
6616,2009,CZE,677.0,Czechia
6617,2008,CZE,677.0,Czechia
6618,2007,CZE,677.0,Czechia
6619,2006,CZE,677.0,Czechia
6620,2005,CZE,677.0,Czechia
6621,2004,CZE,677.0,Czechia
6622,2003,CZE,677.0,Czechia
6623,2002,CZE,677.0,Czechia
6624,2001,CZE,677.0,Czechia
6625,2000,CZE,677.0,Czechia
6626,1999,CZE,677.0,Czechia
6627,1998,CZE,677.0,Czechia
6628,1997,CZE,677.0,Czechia
6629,1996,CZE,677.0,Czechia
6630,1995,CZE,677.0,Czechia
6631,1994,CZE,677.0,Czechia
6632,1993,CZE,677.0,Czechia
6633,1992,CZE,,Czechia
6634,1991,CZE,,Czechia
6635,1990,CZE,,Czechia
6636,1989,CZE,,Czechia
6637,1988,CZE,,Czechia
6638,1987,CZE,,Czechia
6639,1986,CZE,,Czechia
6640,1985,CZE,,Czechia
6641,1984,CZE,,Czechia
6642,1983,CZE,,Czechia
6643,1982,CZE,,Czechia
6644,1981,CZE,,Czechia
6645,1980,CZE,,Czechia
6646,1979,CZE,,Czechia
6647,1978,CZE,,Czechia
6648,1977,CZE,,Czechia
6649,1976,CZE,,Czechia
6650,1975,CZE,,Czechia
6651,1974,CZE,,Czechia
6652,1973,CZE,,Czechia
6653,1972,CZE,,Czechia
6654,1971,CZE,,Czechia
6655,1970,CZE,,Czechia
6656,1969,CZE,,Czechia
6657,1968,CZE,,Czechia
6658,1967,CZE,,Czechia
6659,1966,CZE,,Czechia
6660,1965,CZE,,Czechia
6661,1964,CZE,,Czechia
6662,1963,CZE,,Czechia
6663,1962,CZE,,Czechia
6664,1961,CZE,,Czechia
6665,1960,CZE,,Czechia
6666,2025,DNK,,Denmark
6667,2024,DNK,,Denmark
6668,2023,DNK,,Denmark
6669,2022,DNK,703.0,Denmark
6670,2021,DNK,703.0,Denmark
6671,2020,DNK,703.0,Denmark
6672,2019,DNK,703.0,Denmark
6673,2018,DNK,703.0,Denmark
6674,2017,DNK,703.0,Denmark
6675,2016,DNK,703.0,Denmark
6676,2015,DNK,703.0,Denmark
6677,2014,DNK,703.0,Denmark
6678,2013,DNK,703.0,Denmark
6679,2012,DNK,703.0,Denmark
6680,2011,DNK,703.0,Denmark
6681,2010,DNK,703.0,Denmark
6682,2009,DNK,703.0,Denmark
6683,2008,DNK,703.0,Denmark
6684,2007,DNK,703.0,Denmark
6685,2006,DNK,703.0,Denmark
6686,2005,DNK,703.0,Denmark
6687,2004,DNK,703.0,Denmark
6688,2003,DNK,703.0,Denmark
6689,2002,DNK,703.0,Denmark
6690,2001,DNK,703.0,Denmark
6691,2000,DNK,703.0,Denmark
6692,1999,DNK,703.0,Denmark
6693,1998,DNK,703.0,Denmark
6694,1997,DNK,703.0,Denmark
6695,1996,DNK,703.0,Denmark
6696,1995,DNK,703.0,Denmark
6697,1994,DNK,703.0,Denmark
6698,1993,DNK,703.0,Denmark
6699,1992,DNK,703.0,Denmark
6700,1991,DNK,703.0,Denmark
6701,1990,DNK,703.0,Denmark
6702,1989,DNK,703.0,Denmark
6703,1988,DNK,703.0,Denmark
6704,1987,DNK,703.0,Denmark
6705,1986,DNK,703.0,Denmark
6706,1985,DNK,703.0,Denmark
6707,1984,DNK,703.0,Denmark
6708,1983,DNK,703.0,Denmark
6709,1982,DNK,703.0,Denmark
6710,1981,DNK,703.0,Denmark
6711,1980,DNK,703.0,Denmark
6712,1979,DNK,703.0,Denmark
6713,1978,DNK,703.0,Denmark
6714,1977,DNK,703.0,Denmark
6715,1976,DNK,703.0,Denmark
6716,1975,DNK,703.0,Denmark
6717,1974,DNK,703.0,Denmark
6718,1973,DNK,703.0,Denmark
6719,1972,DNK,703.0,Denmark
6720,1971,DNK,703.0,Denmark
6721,1970,DNK,703.0,Denmark
6722,1969,DNK,703.0,Denmark
6723,1968,DNK,703.0,Denmark
6724,1967,DNK,703.0,Denmark
6725,1966,DNK,703.0,Denmark
6726,1965,DNK,703.0,Denmark
6727,1964,DNK,703.0,Denmark
6728,1963,DNK,703.0,Denmark
6729,1962,DNK,703.0,Denmark
6730,1961,DNK,703.0,Denmark
6731,1960,DNK,,Denmark
6732,2025,DJI,,Djibouti
6733,2024,DJI,,Djibouti
6734,2023,DJI,,Djibouti
6735,2022,DJI,220.0,Djibouti
6736,2021,DJI,220.0,Djibouti
6737,2020,DJI,220.0,Djibouti
6738,2019,DJI,220.0,Djibouti
6739,2018,DJI,220.0,Djibouti
6740,2017,DJI,220.0,Djibouti
6741,2016,DJI,220.0,Djibouti
6742,2015,DJI,220.0,Djibouti
6743,2014,DJI,220.0,Djibouti
6744,2013,DJI,220.0,Djibouti
6745,2012,DJI,220.0,Djibouti
6746,2011,DJI,220.0,Djibouti
6747,2010,DJI,220.0,Djibouti
6748,2009,DJI,220.0,Djibouti
6749,2008,DJI,220.0,Djibouti
6750,2007,DJI,220.0,Djibouti
6751,2006,DJI,220.0,Djibouti
6752,2005,DJI,220.0,Djibouti
6753,2004,DJI,220.0,Djibouti
6754,2003,DJI,220.0,Djibouti
6755,2002,DJI,220.0,Djibouti
6756,2001,DJI,220.0,Djibouti
6757,2000,DJI,220.0,Djibouti
6758,1999,DJI,220.0,Djibouti
6759,1998,DJI,220.0,Djibouti
6760,1997,DJI,220.0,Djibouti
6761,1996,DJI,220.0,Djibouti
6762,1995,DJI,220.0,Djibouti
6763,1994,DJI,220.0,Djibouti
6764,1993,DJI,220.0,Djibouti
6765,1992,DJI,220.0,Djibouti
6766,1991,DJI,220.0,Djibouti
6767,1990,DJI,220.0,Djibouti
6768,1989,DJI,220.0,Djibouti
6769,1988,DJI,220.0,Djibouti
6770,1987,DJI,220.0,Djibouti
6771,1986,DJI,220.0,Djibouti
6772,1985,DJI,220.0,Djibouti
6773,1984,DJI,220.0,Djibouti
6774,1983,DJI,220.0,Djibouti
6775,1982,DJI,220.0,Djibouti
6776,1981,DJI,220.0,Djibouti
6777,1980,DJI,220.0,Djibouti
6778,1979,DJI,220.0,Djibouti
6779,1978,DJI,220.0,Djibouti
6780,1977,DJI,220.0,Djibouti
6781,1976,DJI,220.0,Djibouti
6782,1975,DJI,220.0,Djibouti
6783,1974,DJI,220.0,Djibouti
6784,1973,DJI,220.0,Djibouti
6785,1972,DJI,220.0,Djibouti
6786,1971,DJI,220.0,Djibouti
6787,1970,DJI,220.0,Djibouti
6788,1969,DJI,220.0,Djibouti
6789,1968,DJI,220.0,Djibouti
6790,1967,DJI,220.0,Djibouti
6791,1966,DJI,220.0,Djibouti
6792,1965,DJI,220.0,Djibouti
6793,1964,DJI,220.0,Djibouti
6794,1963,DJI,220.0,Djibouti
6795,1962,DJI,220.0,Djibouti
6796,1961,DJI,220.0,Djibouti
6797,1960,DJI,,Djibouti
6798,2025,DMA,,Dominica
6799,2024,DMA,,Dominica
6800,2023,DMA,,Dominica
6801,2022,DMA,2083.0,Dominica
6802,2021,DMA,2083.0,Dominica
6803,2020,DMA,2083.0,Dominica
6804,2019,DMA,2083.0,Dominica
6805,2018,DMA,2083.0,Dominica
6806,2017,DMA,2083.0,Dominica
6807,2016,DMA,2083.0,Dominica
6808,2015,DMA,2083.0,Dominica
6809,2014,DMA,2083.0,Dominica
6810,2013,DMA,2083.0,Dominica
6811,2012,DMA,2083.0,Dominica
6812,2011,DMA,2083.0,Dominica
6813,2010,DMA,2083.0,Dominica
6814,2009,DMA,2083.0,Dominica
6815,2008,DMA,2083.0,Dominica
6816,2007,DMA,2083.0,Dominica
6817,2006,DMA,2083.0,Dominica
6818,2005,DMA,2083.0,Dominica
6819,2004,DMA,2083.0,Dominica
6820,2003,DMA,2083.0,Dominica
6821,2002,DMA,2083.0,Dominica
6822,2001,DMA,2083.0,Dominica
6823,2000,DMA,2083.0,Dominica
6824,1999,DMA,2083.0,Dominica
6825,1998,DMA,2083.0,Dominica
6826,1997,DMA,2083.0,Dominica
6827,1996,DMA,2083.0,Dominica
6828,1995,DMA,2083.0,Dominica
6829,1994,DMA,2083.0,Dominica
6830,1993,DMA,2083.0,Dominica
6831,1992,DMA,2083.0,Dominica
6832,1991,DMA,2083.0,Dominica
6833,1990,DMA,2083.0,Dominica
6834,1989,DMA,2083.0,Dominica
6835,1988,DMA,2083.0,Dominica
6836,1987,DMA,2083.0,Dominica
6837,1986,DMA,2083.0,Dominica
6838,1985,DMA,2083.0,Dominica
6839,1984,DMA,2083.0,Dominica
6840,1983,DMA,2083.0,Dominica
6841,1982,DMA,2083.0,Dominica
6842,1981,DMA,2083.0,Dominica
6843,1980,DMA,2083.0,Dominica
6844,1979,DMA,2083.0,Dominica
6845,1978,DMA,2083.0,Dominica
6846,1977,DMA,2083.0,Dominica
6847,1976,DMA,2083.0,Dominica
6848,1975,DMA,2083.0,Dominica
6849,1974,DMA,2083.0,Dominica
6850,1973,DMA,2083.0,Dominica
6851,1972,DMA,2083.0,Dominica
6852,1971,DMA,2083.0,Dominica
6853,1970,DMA,2083.0,Dominica
6854,1969,DMA,2083.0,Dominica
6855,1968,DMA,2083.0,Dominica
6856,1967,DMA,2083.0,Dominica
6857,1966,DMA,2083.0,Dominica
6858,1965,DMA,2083.0,Dominica
6859,1964,DMA,2083.0,Dominica
6860,1963,DMA,2083.0,Dominica
6861,1962,DMA,2083.0,Dominica
6862,1961,DMA,2083.0,Dominica
6863,1960,DMA,,Dominica
6864,2025,DOM,,Dominican Republic
6865,2024,DOM,,Dominican Republic
6866,2023,DOM,,Dominican Republic
6867,2022,DOM,1410.0,Dominican Republic
6868,2021,DOM,1410.0,Dominican Republic
6869,2020,DOM,1410.0,Dominican Republic
6870,2019,DOM,1410.0,Dominican Republic
6871,2018,DOM,1410.0,Dominican Republic
6872,2017,DOM,1410.0,Dominican Republic
6873,2016,DOM,1410.0,Dominican Republic
6874,2015,DOM,1410.0,Dominican Republic
6875,2014,DOM,1410.0,Dominican Republic
6876,2013,DOM,1410.0,Dominican Republic
6877,2012,DOM,1410.0,Dominican Republic
6878,2011,DOM,1410.0,Dominican Republic
6879,2010,DOM,1410.0,Dominican Republic
6880,2009,DOM,1410.0,Dominican Republic
6881,2008,DOM,1410.0,Dominican Republic
6882,2007,DOM,1410.0,Dominican Republic
6883,2006,DOM,1410.0,Dominican Republic
6884,2005,DOM,1410.0,Dominican Republic
6885,2004,DOM,1410.0,Dominican Republic
6886,2003,DOM,1410.0,Dominican Republic
6887,2002,DOM,1410.0,Dominican Republic
6888,2001,DOM,1410.0,Dominican Republic
6889,2000,DOM,1410.0,Dominican Republic
6890,1999,DOM,1410.0,Dominican Republic
6891,1998,DOM,1410.0,Dominican Republic
6892,1997,DOM,1410.0,Dominican Republic
6893,1996,DOM,1410.0,Dominican Republic
6894,1995,DOM,1410.0,Dominican Republic
6895,1994,DOM,1410.0,Dominican Republic
6896,1993,DOM,1410.0,Dominican Republic
6897,1992,DOM,1410.0,Dominican Republic
6898,1991,DOM,1410.0,Dominican Republic
6899,1990,DOM,1410.0,Dominican Republic
6900,1989,DOM,1410.0,Dominican Republic
6901,1988,DOM,1410.0,Dominican Republic
6902,1987,DOM,1410.0,Dominican Republic
6903,1986,DOM,1410.0,Dominican Republic
6904,1985,DOM,1410.0,Dominican Republic
6905,1984,DOM,1410.0,Dominican Republic
6906,1983,DOM,1410.0,Dominican Republic
6907,1982,DOM,1410.0,Dominican Republic
6908,1981,DOM,1410.0,Dominican Republic
6909,1980,DOM,1410.0,Dominican Republic
6910,1979,DOM,1410.0,Dominican Republic
6911,1978,DOM,1410.0,Dominican Republic
6912,1977,DOM,1410.0,Dominican Republic
6913,1976,DOM,1410.0,Dominican Republic
6914,1975,DOM,1410.0,Dominican Republic
6915,1974,DOM,1410.0,Dominican Republic
6916,1973,DOM,1410.0,Dominican Republic
6917,1972,DOM,1410.0,Dominican Republic
6918,1971,DOM,1410.0,Dominican Republic
6919,1970,DOM,1410.0,Dominican Republic
6920,1969,DOM,1410.0,Dominican Republic
6921,1968,DOM,1410.0,Dominican Republic
6922,1967,DOM,1410.0,Dominican Republic
6923,1966,DOM,1410.0,Dominican Republic
6924,1965,DOM,1410.0,Dominican Republic
6925,1964,DOM,1410.0,Dominican Republic
6926,1963,DOM,1410.0,Dominican Republic
6927,1962,DOM,1410.0,Dominican Republic
6928,1961,DOM,1410.0,Dominican Republic
6929,1960,DOM,,Dominican Republic
6930,2025,ECU,,Ecuador
6931,2024,ECU,,Ecuador
6932,2023,ECU,,Ecuador
6933,2022,ECU,2274.0,Ecuador
6934,2021,ECU,2274.0,Ecuador
6935,2020,ECU,2274.0,Ecuador
6936,2019,ECU,2274.0,Ecuador
6937,2018,ECU,2274.0,Ecuador
6938,2017,ECU,2274.0,Ecuador
6939,2016,ECU,2274.0,Ecuador
6940,2015,ECU,2274.0,Ecuador
6941,2014,ECU,2274.0,Ecuador
6942,2013,ECU,2274.0,Ecuador
6943,2012,ECU,2274.0,Ecuador
6944,2011,ECU,2274.0,Ecuador
6945,2010,ECU,2274.0,Ecuador
6946,2009,ECU,2274.0,Ecuador
6947,2008,ECU,2274.0,Ecuador
6948,2007,ECU,2274.0,Ecuador
6949,2006,ECU,2274.0,Ecuador
6950,2005,ECU,2274.0,Ecuador
6951,2004,ECU,2274.0,Ecuador
6952,2003,ECU,2274.0,Ecuador
6953,2002,ECU,2274.0,Ecuador
6954,2001,ECU,2274.0,Ecuador
6955,2000,ECU,2087.0,Ecuador
6956,1999,ECU,2274.0,Ecuador
6957,1998,ECU,2274.0,Ecuador
6958,1997,ECU,2274.0,Ecuador
6959,1996,ECU,2274.0,Ecuador
6960,1995,ECU,2274.0,Ecuador
6961,1994,ECU,2274.0,Ecuador
6962,1993,ECU,2274.0,Ecuador
6963,1992,ECU,2274.0,Ecuador
6964,1991,ECU,2274.0,Ecuador
6965,1990,ECU,2274.0,Ecuador
6966,1989,ECU,2274.0,Ecuador
6967,1988,ECU,2274.0,Ecuador
6968,1987,ECU,2274.0,Ecuador
6969,1986,ECU,2274.0,Ecuador
6970,1985,ECU,2274.0,Ecuador
6971,1984,ECU,2274.0,Ecuador
6972,1983,ECU,2274.0,Ecuador
6973,1982,ECU,2274.0,Ecuador
6974,1981,ECU,2274.0,Ecuador
6975,1980,ECU,2274.0,Ecuador
6976,1979,ECU,2274.0,Ecuador
6977,1978,ECU,2274.0,Ecuador
6978,1977,ECU,2274.0,Ecuador
6979,1976,ECU,2274.0,Ecuador
6980,1975,ECU,2274.0,Ecuador
6981,1974,ECU,2274.0,Ecuador
6982,1973,ECU,2274.0,Ecuador
6983,1972,ECU,2274.0,Ecuador
6984,1971,ECU,2274.0,Ecuador
6985,1970,ECU,2274.0,Ecuador
6986,1969,ECU,2274.0,Ecuador
6987,1968,ECU,2274.0,Ecuador
6988,1967,ECU,2274.0,Ecuador
6989,1966,ECU,2274.0,Ecuador
6990,1965,ECU,2274.0,Ecuador
6991,1964,ECU,2274.0,Ecuador
6992,1963,ECU,2274.0,Ecuador
6993,1962,ECU,2274.0,Ecuador
6994,1961,ECU,,Ecuador
6995,1960,ECU,,Ecuador
6996,2025,EGY,,"Egypt, Arab Rep."
6997,2024,EGY,,"Egypt, Arab Rep."
6998,2023,EGY,,"Egypt, Arab Rep."
6999,2022,EGY,18.1,"Egypt, Arab Rep."
7000,2021,EGY,18.1,"Egypt, Arab Rep."
7001,2020,EGY,18.1,"Egypt, Arab Rep."
7002,2019,EGY,18.1,"Egypt, Arab Rep."
7003,2018,EGY,18.1,"Egypt, Arab Rep."
7004,2017,EGY,18.1,"Egypt, Arab Rep."
7005,2016,EGY,18.1,"Egypt, Arab Rep."
7006,2015,EGY,18.1,"Egypt, Arab Rep."
7007,2014,EGY,18.1,"Egypt, Arab Rep."
7008,2013,EGY,18.1,"Egypt, Arab Rep."
7009,2012,EGY,18.1,"Egypt, Arab Rep."
7010,2011,EGY,18.1,"Egypt, Arab Rep."
7011,2010,EGY,18.1,"Egypt, Arab Rep."
7012,2009,EGY,18.1,"Egypt, Arab Rep."
7013,2008,EGY,18.1,"Egypt, Arab Rep."
7014,2007,EGY,18.1,"Egypt, Arab Rep."
7015,2006,EGY,18.1,"Egypt, Arab Rep."
7016,2005,EGY,18.1,"Egypt, Arab Rep."
7017,2004,EGY,18.1,"Egypt, Arab Rep."
7018,2003,EGY,18.1,"Egypt, Arab Rep."
7019,2002,EGY,18.1,"Egypt, Arab Rep."
7020,2001,EGY,18.1,"Egypt, Arab Rep."
7021,2000,EGY,18.1,"Egypt, Arab Rep."
7022,1999,EGY,18.1,"Egypt, Arab Rep."
7023,1998,EGY,18.1,"Egypt, Arab Rep."
7024,1997,EGY,18.1,"Egypt, Arab Rep."
7025,1996,EGY,18.1,"Egypt, Arab Rep."
7026,1995,EGY,18.1,"Egypt, Arab Rep."
7027,1994,EGY,18.1,"Egypt, Arab Rep."
7028,1993,EGY,18.1,"Egypt, Arab Rep."
7029,1992,EGY,18.1,"Egypt, Arab Rep."
7030,1991,EGY,18.1,"Egypt, Arab Rep."
7031,1990,EGY,18.1,"Egypt, Arab Rep."
7032,1989,EGY,18.1,"Egypt, Arab Rep."
7033,1988,EGY,18.1,"Egypt, Arab Rep."
7034,1987,EGY,18.1,"Egypt, Arab Rep."
7035,1986,EGY,18.1,"Egypt, Arab Rep."
7036,1985,EGY,18.1,"Egypt, Arab Rep."
7037,1984,EGY,18.1,"Egypt, Arab Rep."
7038,1983,EGY,18.1,"Egypt, Arab Rep."
7039,1982,EGY,18.1,"Egypt, Arab Rep."
7040,1981,EGY,18.1,"Egypt, Arab Rep."
7041,1980,EGY,18.1,"Egypt, Arab Rep."
7042,1979,EGY,18.1,"Egypt, Arab Rep."
7043,1978,EGY,18.1,"Egypt, Arab Rep."
7044,1977,EGY,18.1,"Egypt, Arab Rep."
7045,1976,EGY,18.1,"Egypt, Arab Rep."
7046,1975,EGY,18.1,"Egypt, Arab Rep."
7047,1974,EGY,18.1,"Egypt, Arab Rep."
7048,1973,EGY,18.1,"Egypt, Arab Rep."
7049,1972,EGY,18.1,"Egypt, Arab Rep."
7050,1971,EGY,18.1,"Egypt, Arab Rep."
7051,1970,EGY,18.1,"Egypt, Arab Rep."
7052,1969,EGY,18.1,"Egypt, Arab Rep."
7053,1968,EGY,18.1,"Egypt, Arab Rep."
7054,1967,EGY,18.1,"Egypt, Arab Rep."
7055,1966,EGY,18.1,"Egypt, Arab Rep."
7056,1965,EGY,18.1,"Egypt, Arab Rep."
7057,1964,EGY,18.1,"Egypt, Arab Rep."
7058,1963,EGY,18.1,"Egypt, Arab Rep."
7059,1962,EGY,18.1,"Egypt, Arab Rep."
7060,1961,EGY,18.1,"Egypt, Arab Rep."
7061,1960,EGY,,"Egypt, Arab Rep."
7062,2025,SLV,,El Salvador
7063,2024,SLV,,El Salvador
7064,2023,SLV,,El Salvador
7065,2022,SLV,1784.0,El Salvador
7066,2021,SLV,1784.0,El Salvador
7067,2020,SLV,1784.0,El Salvador
7068,2019,SLV,1784.0,El Salvador
7069,2018,SLV,1784.0,El Salvador
7070,2017,SLV,1784.0,El Salvador
7071,2016,SLV,1784.0,El Salvador
7072,2015,SLV,1784.0,El Salvador
7073,2014,SLV,1784.0,El Salvador
7074,2013,SLV,1784.0,El Salvador
7075,2012,SLV,1784.0,El Salvador
7076,2011,SLV,1784.0,El Salvador
7077,2010,SLV,1784.0,El Salvador
7078,2009,SLV,1784.0,El Salvador
7079,2008,SLV,1784.0,El Salvador
7080,2007,SLV,1784.0,El Salvador
7081,2006,SLV,1784.0,El Salvador
7082,2005,SLV,1784.0,El Salvador
7083,2004,SLV,1784.0,El Salvador
7084,2003,SLV,1784.0,El Salvador
7085,2002,SLV,1784.0,El Salvador
7086,2001,SLV,1784.0,El Salvador
7087,2000,SLV,1784.0,El Salvador
7088,1999,SLV,1784.0,El Salvador
7089,1998,SLV,1784.0,El Salvador
7090,1997,SLV,1784.0,El Salvador
7091,1996,SLV,1784.0,El Salvador
7092,1995,SLV,1784.0,El Salvador
7093,1994,SLV,1784.0,El Salvador
7094,1993,SLV,1784.0,El Salvador
7095,1992,SLV,1784.0,El Salvador
7096,1991,SLV,1784.0,El Salvador
7097,1990,SLV,1784.0,El Salvador
7098,1989,SLV,1784.0,El Salvador
7099,1988,SLV,1784.0,El Salvador
7100,1987,SLV,1784.0,El Salvador
7101,1986,SLV,1784.0,El Salvador
7102,1985,SLV,1784.0,El Salvador
7103,1984,SLV,1784.0,El Salvador
7104,1983,SLV,1784.0,El Salvador
7105,1982,SLV,1784.0,El Salvador
7106,1981,SLV,1784.0,El Salvador
7107,1980,SLV,1784.0,El Salvador
7108,1979,SLV,1784.0,El Salvador
7109,1978,SLV,1784.0,El Salvador
7110,1977,SLV,1784.0,El Salvador
7111,1976,SLV,1784.0,El Salvador
7112,1975,SLV,1784.0,El Salvador
7113,1974,SLV,1784.0,El Salvador
7114,1973,SLV,1784.0,El Salvador
7115,1972,SLV,1784.0,El Salvador
7116,1971,SLV,1784.0,El Salvador
7117,1970,SLV,1784.0,El Salvador
7118,1969,SLV,1784.0,El Salvador
7119,1968,SLV,1784.0,El Salvador
7120,1967,SLV,1784.0,El Salvador
7121,1966,SLV,1784.0,El Salvador
7122,1965,SLV,1784.0,El Salvador
7123,1964,SLV,1784.0,El Salvador
7124,1963,SLV,1784.0,El Salvador
7125,1962,SLV,1784.0,El Salvador
7126,1961,SLV,1784.0,El Salvador
7127,1960,SLV,,El Salvador
7128,2025,GNQ,,Equatorial Guinea
7129,2024,GNQ,,Equatorial Guinea
7130,2023,GNQ,,Equatorial Guinea
7131,2022,GNQ,2156.0,Equatorial Guinea
7132,2021,GNQ,2156.0,Equatorial Guinea
7133,2020,GNQ,2156.0,Equatorial Guinea
7134,2019,GNQ,2156.0,Equatorial Guinea
7135,2018,GNQ,2156.0,Equatorial Guinea
7136,2017,GNQ,2156.0,Equatorial Guinea
7137,2016,GNQ,2156.0,Equatorial Guinea
7138,2015,GNQ,2156.0,Equatorial Guinea
7139,2014,GNQ,2156.0,Equatorial Guinea
7140,2013,GNQ,2156.0,Equatorial Guinea
7141,2012,GNQ,2156.0,Equatorial Guinea
7142,2011,GNQ,2156.0,Equatorial Guinea
7143,2010,GNQ,2156.0,Equatorial Guinea
7144,2009,GNQ,2156.0,Equatorial Guinea
7145,2008,GNQ,2156.0,Equatorial Guinea
7146,2007,GNQ,2156.0,Equatorial Guinea
7147,2006,GNQ,2156.0,Equatorial Guinea
7148,2005,GNQ,2156.0,Equatorial Guinea
7149,2004,GNQ,2156.0,Equatorial Guinea
7150,2003,GNQ,2156.0,Equatorial Guinea
7151,2002,GNQ,2156.0,Equatorial Guinea
7152,2001,GNQ,2156.0,Equatorial Guinea
7153,2000,GNQ,2156.0,Equatorial Guinea
7154,1999,GNQ,2156.0,Equatorial Guinea
7155,1998,GNQ,2156.0,Equatorial Guinea
7156,1997,GNQ,2156.0,Equatorial Guinea
7157,1996,GNQ,2156.0,Equatorial Guinea
7158,1995,GNQ,2156.0,Equatorial Guinea
7159,1994,GNQ,2156.0,Equatorial Guinea
7160,1993,GNQ,2156.0,Equatorial Guinea
7161,1992,GNQ,2156.0,Equatorial Guinea
7162,1991,GNQ,2156.0,Equatorial Guinea
7163,1990,GNQ,2156.0,Equatorial Guinea
7164,1989,GNQ,2156.0,Equatorial Guinea
7165,1988,GNQ,2156.0,Equatorial Guinea
7166,1987,GNQ,2156.0,Equatorial Guinea
7167,1986,GNQ,2156.0,Equatorial Guinea
7168,1985,GNQ,2156.0,Equatorial Guinea
7169,1984,GNQ,2156.0,Equatorial Guinea
7170,1983,GNQ,2156.0,Equatorial Guinea
7171,1982,GNQ,2156.0,Equatorial Guinea
7172,1981,GNQ,2156.0,Equatorial Guinea
7173,1980,GNQ,2156.0,Equatorial Guinea
7174,1979,GNQ,2156.0,Equatorial Guinea
7175,1978,GNQ,2156.0,Equatorial Guinea
7176,1977,GNQ,2156.0,Equatorial Guinea
7177,1976,GNQ,2156.0,Equatorial Guinea
7178,1975,GNQ,2156.0,Equatorial Guinea
7179,1974,GNQ,2156.0,Equatorial Guinea
7180,1973,GNQ,2156.0,Equatorial Guinea
7181,1972,GNQ,2156.0,Equatorial Guinea
7182,1971,GNQ,2156.0,Equatorial Guinea
7183,1970,GNQ,2156.0,Equatorial Guinea
7184,1969,GNQ,2156.0,Equatorial Guinea
7185,1968,GNQ,2156.0,Equatorial Guinea
7186,1967,GNQ,2156.0,Equatorial Guinea
7187,1966,GNQ,2156.0,Equatorial Guinea
7188,1965,GNQ,2156.0,Equatorial Guinea
7189,1964,GNQ,2156.0,Equatorial Guinea
7190,1963,GNQ,2156.0,Equatorial Guinea
7191,1962,GNQ,2156.0,Equatorial Guinea
7192,1961,GNQ,2156.0,Equatorial Guinea
7193,1960,GNQ,,Equatorial Guinea
7194,2025,ERI,,Eritrea
7195,2024,ERI,,Eritrea
7196,2023,ERI,,Eritrea
7197,2022,ERI,384.0,Eritrea
7198,2021,ERI,384.0,Eritrea
7199,2020,ERI,384.0,Eritrea
7200,2019,ERI,384.0,Eritrea
7201,2018,ERI,384.0,Eritrea
7202,2017,ERI,384.0,Eritrea
7203,2016,ERI,384.0,Eritrea
7204,2015,ERI,384.0,Eritrea
7205,2014,ERI,384.0,Eritrea
7206,2013,ERI,384.0,Eritrea
7207,2012,ERI,384.0,Eritrea
7208,2011,ERI,384.0,Eritrea
7209,2010,ERI,384.0,Eritrea
7210,2009,ERI,384.0,Eritrea
7211,2008,ERI,384.0,Eritrea
7212,2007,ERI,384.0,Eritrea
7213,2006,ERI,384.0,Eritrea
7214,2005,ERI,384.0,Eritrea
7215,2004,ERI,384.0,Eritrea
7216,2003,ERI,384.0,Eritrea
7217,2002,ERI,384.0,Eritrea
7218,2001,ERI,384.0,Eritrea
7219,2000,ERI,384.0,Eritrea
7220,1999,ERI,384.0,Eritrea
7221,1998,ERI,384.0,Eritrea
7222,1997,ERI,384.0,Eritrea
7223,1996,ERI,384.0,Eritrea
7224,1995,ERI,384.0,Eritrea
7225,1994,ERI,384.0,Eritrea
7226,1993,ERI,384.0,Eritrea
7227,1992,ERI,,Eritrea
7228,1991,ERI,,Eritrea
7229,1990,ERI,,Eritrea
7230,1989,ERI,,Eritrea
7231,1988,ERI,,Eritrea
7232,1987,ERI,,Eritrea
7233,1986,ERI,,Eritrea
7234,1985,ERI,,Eritrea
7235,1984,ERI,,Eritrea
7236,1983,ERI,,Eritrea
7237,1982,ERI,,Eritrea
7238,1981,ERI,,Eritrea
7239,1980,ERI,,Eritrea
7240,1979,ERI,,Eritrea
7241,1978,ERI,,Eritrea
7242,1977,ERI,,Eritrea
7243,1976,ERI,,Eritrea
7244,1975,ERI,,Eritrea
7245,1974,ERI,,Eritrea
7246,1973,ERI,,Eritrea
7247,1972,ERI,,Eritrea
7248,1971,ERI,,Eritrea
7249,1970,ERI,,Eritrea
7250,1969,ERI,,Eritrea
7251,1968,ERI,,Eritrea
7252,1967,ERI,,Eritrea
7253,1966,ERI,,Eritrea
7254,1965,ERI,,Eritrea
7255,1964,ERI,,Eritrea
7256,1963,ERI,,Eritrea
7257,1962,ERI,,Eritrea
7258,1961,ERI,,Eritrea
7259,1960,ERI,,Eritrea
7260,2025,EST,,Estonia
7261,2024,EST,,Estonia
7262,2023,EST,,Estonia
7263,2022,EST,626.0,Estonia
7264,2021,EST,626.0,Estonia
7265,2020,EST,626.0,Estonia
7266,2019,EST,626.0,Estonia
7267,2018,EST,626.0,Estonia
7268,2017,EST,626.0,Estonia
7269,2016,EST,626.0,Estonia
7270,2015,EST,626.0,Estonia
7271,2014,EST,626.0,Estonia
7272,2013,EST,626.0,Estonia
7273,2012,EST,626.0,Estonia
7274,2011,EST,626.0,Estonia
7275,2010,EST,626.0,Estonia
7276,2009,EST,626.0,Estonia
7277,2008,EST,626.0,Estonia
7278,2007,EST,626.0,Estonia
7279,2006,EST,626.0,Estonia
7280,2005,EST,626.0,Estonia
7281,2004,EST,626.0,Estonia
7282,2003,EST,626.0,Estonia
7283,2002,EST,626.0,Estonia
7284,2001,EST,626.0,Estonia
7285,2000,EST,626.0,Estonia
7286,1999,EST,626.0,Estonia
7287,1998,EST,626.0,Estonia
7288,1997,EST,626.0,Estonia
7289,1996,EST,626.0,Estonia
7290,1995,EST,626.0,Estonia
7291,1994,EST,626.0,Estonia
7292,1993,EST,626.0,Estonia
7293,1992,EST,626.0,Estonia
7294,1991,EST,,Estonia
7295,1990,EST,,Estonia
7296,1989,EST,,Estonia
7297,1988,EST,,Estonia
7298,1987,EST,,Estonia
7299,1986,EST,,Estonia
7300,1985,EST,,Estonia
7301,1984,EST,,Estonia
7302,1983,EST,,Estonia
7303,1982,EST,,Estonia
7304,1981,EST,,Estonia
7305,1980,EST,,Estonia
7306,1979,EST,,Estonia
7307,1978,EST,,Estonia
7308,1977,EST,,Estonia
7309,1976,EST,,Estonia
7310,1975,EST,,Estonia
7311,1974,EST,,Estonia
7312,1973,EST,,Estonia
7313,1972,EST,,Estonia
7314,1971,EST,,Estonia
7315,1970,EST,,Estonia
7316,1969,EST,,Estonia
7317,1968,EST,,Estonia
7318,1967,EST,,Estonia
7319,1966,EST,,Estonia
7320,1965,EST,,Estonia
7321,1964,EST,,Estonia
7322,1963,EST,,Estonia
7323,1962,EST,,Estonia
7324,1961,EST,,Estonia
7325,1960,EST,,Estonia
7326,2025,SWZ,,Eswatini
7327,2024,SWZ,,Eswatini
7328,2023,SWZ,,Eswatini
7329,2022,SWZ,788.0,Eswatini
7330,2021,SWZ,788.0,Eswatini
7331,2020,SWZ,788.0,Eswatini
7332,2019,SWZ,788.0,Eswatini
7333,2018,SWZ,788.0,Eswatini
7334,2017,SWZ,788.0,Eswatini
7335,2016,SWZ,788.0,Eswatini
7336,2015,SWZ,788.0,Eswatini
7337,2014,SWZ,788.0,Eswatini
7338,2013,SWZ,788.0,Eswatini
7339,2012,SWZ,788.0,Eswatini
7340,2011,SWZ,788.0,Eswatini
7341,2010,SWZ,788.0,Eswatini
7342,2009,SWZ,788.0,Eswatini
7343,2008,SWZ,788.0,Eswatini
7344,2007,SWZ,788.0,Eswatini
7345,2006,SWZ,788.0,Eswatini
7346,2005,SWZ,788.0,Eswatini
7347,2004,SWZ,788.0,Eswatini
7348,2003,SWZ,788.0,Eswatini
7349,2002,SWZ,788.0,Eswatini
7350,2001,SWZ,788.0,Eswatini
7351,2000,SWZ,788.0,Eswatini
7352,1999,SWZ,788.0,Eswatini
7353,1998,SWZ,788.0,Eswatini
7354,1997,SWZ,788.0,Eswatini
7355,1996,SWZ,788.0,Eswatini
7356,1995,SWZ,788.0,Eswatini
7357,1994,SWZ,788.0,Eswatini
7358,1993,SWZ,788.0,Eswatini
7359,1992,SWZ,788.0,Eswatini
7360,1991,SWZ,788.0,Eswatini
7361,1990,SWZ,788.0,Eswatini
7362,1989,SWZ,788.0,Eswatini
7363,1988,SWZ,788.0,Eswatini
7364,1987,SWZ,788.0,Eswatini
7365,1986,SWZ,788.0,Eswatini
7366,1985,SWZ,788.0,Eswatini
7367,1984,SWZ,788.0,Eswatini
7368,1983,SWZ,788.0,Eswatini
7369,1982,SWZ,788.0,Eswatini
7370,1981,SWZ,788.0,Eswatini
7371,1980,SWZ,788.0,Eswatini
7372,1979,SWZ,788.0,Eswatini
7373,1978,SWZ,788.0,Eswatini
7374,1977,SWZ,788.0,Eswatini
7375,1976,SWZ,788.0,Eswatini
7376,1975,SWZ,788.0,Eswatini
7377,1974,SWZ,788.0,Eswatini
7378,1973,SWZ,788.0,Eswatini
7379,1972,SWZ,788.0,Eswatini
7380,1971,SWZ,788.0,Eswatini
7381,1970,SWZ,788.0,Eswatini
7382,1969,SWZ,788.0,Eswatini
7383,1968,SWZ,788.0,Eswatini
7384,1967,SWZ,788.0,Eswatini
7385,1966,SWZ,788.0,Eswatini
7386,1965,SWZ,788.0,Eswatini
7387,1964,SWZ,788.0,Eswatini
7388,1963,SWZ,788.0,Eswatini
7389,1962,SWZ,788.0,Eswatini
7390,1961,SWZ,788.0,Eswatini
7391,1960,SWZ,,Eswatini
7392,2025,ETH,,Ethiopia
7393,2024,ETH,,Ethiopia
7394,2023,ETH,,Ethiopia
7395,2022,ETH,848.0,Ethiopia
7396,2021,ETH,848.0,Ethiopia
7397,2020,ETH,848.0,Ethiopia
7398,2019,ETH,848.0,Ethiopia
7399,2018,ETH,848.0,Ethiopia
7400,2017,ETH,848.0,Ethiopia
7401,2016,ETH,848.0,Ethiopia
7402,2015,ETH,848.0,Ethiopia
7403,2014,ETH,848.0,Ethiopia
7404,2013,ETH,848.0,Ethiopia
7405,2012,ETH,848.0,Ethiopia
7406,2011,ETH,848.0,Ethiopia
7407,2010,ETH,848.0,Ethiopia
7408,2009,ETH,848.0,Ethiopia
7409,2008,ETH,848.0,Ethiopia
7410,2007,ETH,848.0,Ethiopia
7411,2006,ETH,848.0,Ethiopia
7412,2005,ETH,848.0,Ethiopia
7413,2004,ETH,848.0,Ethiopia
7414,2003,ETH,848.0,Ethiopia
7415,2002,ETH,848.0,Ethiopia
7416,2001,ETH,848.0,Ethiopia
7417,2000,ETH,848.0,Ethiopia
7418,1999,ETH,848.0,Ethiopia
7419,1998,ETH,848.0,Ethiopia
7420,1997,ETH,848.0,Ethiopia
7421,1996,ETH,848.0,Ethiopia
7422,1995,ETH,848.0,Ethiopia
7423,1994,ETH,848.0,Ethiopia
7424,1993,ETH,848.0,Ethiopia
7425,1992,ETH,,Ethiopia
7426,1991,ETH,,Ethiopia
7427,1990,ETH,,Ethiopia
7428,1989,ETH,,Ethiopia
7429,1988,ETH,,Ethiopia
7430,1987,ETH,,Ethiopia
7431,1986,ETH,,Ethiopia
7432,1985,ETH,,Ethiopia
7433,1984,ETH,,Ethiopia
7434,1983,ETH,,Ethiopia
7435,1982,ETH,,Ethiopia
7436,1981,ETH,,Ethiopia
7437,1980,ETH,,Ethiopia
7438,1979,ETH,,Ethiopia
7439,1978,ETH,,Ethiopia
7440,1977,ETH,,Ethiopia
7441,1976,ETH,,Ethiopia
7442,1975,ETH,,Ethiopia
7443,1974,ETH,,Ethiopia
7444,1973,ETH,,Ethiopia
7445,1972,ETH,,Ethiopia
7446,1971,ETH,,Ethiopia
7447,1970,ETH,,Ethiopia
7448,1969,ETH,,Ethiopia
7449,1968,ETH,,Ethiopia
7450,1967,ETH,,Ethiopia
7451,1966,ETH,,Ethiopia
7452,1965,ETH,,Ethiopia
7453,1964,ETH,,Ethiopia
7454,1963,ETH,,Ethiopia
7455,1962,ETH,,Ethiopia
7456,1961,ETH,,Ethiopia
7457,1960,ETH,,Ethiopia
7458,2025,FRO,,Faroe Islands
7459,2024,FRO,,Faroe Islands
7460,2023,FRO,,Faroe Islands
7461,2022,FRO,,Faroe Islands
7462,2021,FRO,,Faroe Islands
7463,2020,FRO,,Faroe Islands
7464,2019,FRO,,Faroe Islands
7465,2018,FRO,,Faroe Islands
7466,2017,FRO,,Faroe Islands
7467,2016,FRO,,Faroe Islands
7468,2015,FRO,,Faroe Islands
7469,2014,FRO,,Faroe Islands
7470,2013,FRO,,Faroe Islands
7471,2012,FRO,,Faroe Islands
7472,2011,FRO,,Faroe Islands
7473,2010,FRO,,Faroe Islands
7474,2009,FRO,,Faroe Islands
7475,2008,FRO,,Faroe Islands
7476,2007,FRO,,Faroe Islands
7477,2006,FRO,,Faroe Islands
7478,2005,FRO,,Faroe Islands
7479,2004,FRO,,Faroe Islands
7480,2003,FRO,,Faroe Islands
7481,2002,FRO,,Faroe Islands
7482,2001,FRO,,Faroe Islands
7483,2000,FRO,,Faroe Islands
7484,1999,FRO,,Faroe Islands
7485,1998,FRO,,Faroe Islands
7486,1997,FRO,,Faroe Islands
7487,1996,FRO,,Faroe Islands
7488,1995,FRO,,Faroe Islands
7489,1994,FRO,,Faroe Islands
7490,1993,FRO,,Faroe Islands
7491,1992,FRO,,Faroe Islands
7492,1991,FRO,,Faroe Islands
7493,1990,FRO,,Faroe Islands
7494,1989,FRO,,Faroe Islands
7495,1988,FRO,,Faroe Islands
7496,1987,FRO,,Faroe Islands
7497,1986,FRO,,Faroe Islands
7498,1985,FRO,,Faroe Islands
7499,1984,FRO,,Faroe Islands
7500,1983,FRO,,Faroe Islands
7501,1982,FRO,,Faroe Islands
7502,1981,FRO,,Faroe Islands
7503,1980,FRO,,Faroe Islands
7504,1979,FRO,,Faroe Islands
7505,1978,FRO,,Faroe Islands
7506,1977,FRO,,Faroe Islands
7507,1976,FRO,,Faroe Islands
7508,1975,FRO,,Faroe Islands
7509,1974,FRO,,Faroe Islands
7510,1973,FRO,,Faroe Islands
7511,1972,FRO,,Faroe Islands
7512,1971,FRO,,Faroe Islands
7513,1970,FRO,,Faroe Islands
7514,1969,FRO,,Faroe Islands
7515,1968,FRO,,Faroe Islands
7516,1967,FRO,,Faroe Islands
7517,1966,FRO,,Faroe Islands
7518,1965,FRO,,Faroe Islands
7519,1964,FRO,,Faroe Islands
7520,1963,FRO,,Faroe Islands
7521,1962,FRO,,Faroe Islands
7522,1961,FRO,,Faroe Islands
7523,1960,FRO,,Faroe Islands
7524,2025,FJI,,Fiji
7525,2024,FJI,,Fiji
7526,2023,FJI,,Fiji
7527,2022,FJI,2592.0,Fiji
7528,2021,FJI,2592.0,Fiji
7529,2020,FJI,2592.0,Fiji
7530,2019,FJI,2592.0,Fiji
7531,2018,FJI,2592.0,Fiji
7532,2017,FJI,2592.0,Fiji
7533,2016,FJI,2592.0,Fiji
7534,2015,FJI,2592.0,Fiji
7535,2014,FJI,2592.0,Fiji
7536,2013,FJI,2592.0,Fiji
7537,2012,FJI,2592.0,Fiji
7538,2011,FJI,2592.0,Fiji
7539,2010,FJI,2592.0,Fiji
7540,2009,FJI,2592.0,Fiji
7541,2008,FJI,2592.0,Fiji
7542,2007,FJI,2592.0,Fiji
7543,2006,FJI,2592.0,Fiji
7544,2005,FJI,2592.0,Fiji
7545,2004,FJI,2592.0,Fiji
7546,2003,FJI,2592.0,Fiji
7547,2002,FJI,2592.0,Fiji
7548,2001,FJI,2592.0,Fiji
7549,2000,FJI,2592.0,Fiji
7550,1999,FJI,2592.0,Fiji
7551,1998,FJI,2592.0,Fiji
7552,1997,FJI,2592.0,Fiji
7553,1996,FJI,2592.0,Fiji
7554,1995,FJI,2592.0,Fiji
7555,1994,FJI,2592.0,Fiji
7556,1993,FJI,2592.0,Fiji
7557,1992,FJI,2592.0,Fiji
7558,1991,FJI,2592.0,Fiji
7559,1990,FJI,2592.0,Fiji
7560,1989,FJI,2592.0,Fiji
7561,1988,FJI,2592.0,Fiji
7562,1987,FJI,2592.0,Fiji
7563,1986,FJI,2592.0,Fiji
7564,1985,FJI,2592.0,Fiji
7565,1984,FJI,2592.0,Fiji
7566,1983,FJI,2592.0,Fiji
7567,1982,FJI,2592.0,Fiji
7568,1981,FJI,2592.0,Fiji
7569,1980,FJI,2592.0,Fiji
7570,1979,FJI,2592.0,Fiji
7571,1978,FJI,2592.0,Fiji
7572,1977,FJI,2592.0,Fiji
7573,1976,FJI,2592.0,Fiji
7574,1975,FJI,2592.0,Fiji
7575,1974,FJI,2592.0,Fiji
7576,1973,FJI,2592.0,Fiji
7577,1972,FJI,2592.0,Fiji
7578,1971,FJI,2592.0,Fiji
7579,1970,FJI,2592.0,Fiji
7580,1969,FJI,2592.0,Fiji
7581,1968,FJI,2592.0,Fiji
7582,1967,FJI,2592.0,Fiji
7583,1966,FJI,2592.0,Fiji
7584,1965,FJI,2592.0,Fiji
7585,1964,FJI,2592.0,Fiji
7586,1963,FJI,2592.0,Fiji
7587,1962,FJI,2592.0,Fiji
7588,1961,FJI,2592.0,Fiji
7589,1960,FJI,,Fiji
7590,2025,FIN,,Finland
7591,2024,FIN,,Finland
7592,2023,FIN,,Finland
7593,2022,FIN,536.0,Finland
7594,2021,FIN,536.0,Finland
7595,2020,FIN,536.0,Finland
7596,2019,FIN,536.0,Finland
7597,2018,FIN,536.0,Finland
7598,2017,FIN,536.0,Finland
7599,2016,FIN,536.0,Finland
7600,2015,FIN,536.0,Finland
7601,2014,FIN,536.0,Finland
7602,2013,FIN,536.0,Finland
7603,2012,FIN,536.0,Finland
7604,2011,FIN,536.0,Finland
7605,2010,FIN,536.0,Finland
7606,2009,FIN,536.0,Finland
7607,2008,FIN,536.0,Finland
7608,2007,FIN,536.0,Finland
7609,2006,FIN,536.0,Finland
7610,2005,FIN,536.0,Finland
7611,2004,FIN,536.0,Finland
7612,2003,FIN,536.0,Finland
7613,2002,FIN,536.0,Finland
7614,2001,FIN,536.0,Finland
7615,2000,FIN,536.0,Finland
7616,1999,FIN,536.0,Finland
7617,1998,FIN,536.0,Finland
7618,1997,FIN,536.0,Finland
7619,1996,FIN,536.0,Finland
7620,1995,FIN,536.0,Finland
7621,1994,FIN,536.0,Finland
7622,1993,FIN,536.0,Finland
7623,1992,FIN,536.0,Finland
7624,1991,FIN,536.0,Finland
7625,1990,FIN,536.0,Finland
7626,1989,FIN,536.0,Finland
7627,1988,FIN,536.0,Finland
7628,1987,FIN,536.0,Finland
7629,1986,FIN,536.0,Finland
7630,1985,FIN,536.0,Finland
7631,1984,FIN,536.0,Finland
7632,1983,FIN,536.0,Finland
7633,1982,FIN,536.0,Finland
7634,1981,FIN,536.0,Finland
7635,1980,FIN,536.0,Finland
7636,1979,FIN,536.0,Finland
7637,1978,FIN,536.0,Finland
7638,1977,FIN,536.0,Finland
7639,1976,FIN,536.0,Finland
7640,1975,FIN,536.0,Finland
7641,1974,FIN,536.0,Finland
7642,1973,FIN,536.0,Finland
7643,1972,FIN,536.0,Finland
7644,1971,FIN,536.0,Finland
7645,1970,FIN,536.0,Finland
7646,1969,FIN,536.0,Finland
7647,1968,FIN,536.0,Finland
7648,1967,FIN,536.0,Finland
7649,1966,FIN,536.0,Finland
7650,1965,FIN,536.0,Finland
7651,1964,FIN,536.0,Finland
7652,1963,FIN,536.0,Finland
7653,1962,FIN,536.0,Finland
7654,1961,FIN,536.0,Finland
7655,1960,FIN,,Finland
7656,2025,FRA,,France
7657,2024,FRA,,France
7658,2023,FRA,,France
7659,2022,FRA,867.0,France
7660,2021,FRA,867.0,France
7661,2020,FRA,867.0,France
7662,2019,FRA,867.0,France
7663,2018,FRA,867.0,France
7664,2017,FRA,867.0,France
7665,2016,FRA,867.0,France
7666,2015,FRA,867.0,France
7667,2014,FRA,867.0,France
7668,2013,FRA,867.0,France
7669,2012,FRA,867.0,France
7670,2011,FRA,867.0,France
7671,2010,FRA,867.0,France
7672,2009,FRA,867.0,France
7673,2008,FRA,867.0,France
7674,2007,FRA,867.0,France
7675,2006,FRA,867.0,France
7676,2005,FRA,867.0,France
7677,2004,FRA,867.0,France
7678,2003,FRA,867.0,France
7679,2002,FRA,867.0,France
7680,2001,FRA,867.0,France
7681,2000,FRA,867.0,France
7682,1999,FRA,867.0,France
7683,1998,FRA,867.0,France
7684,1997,FRA,867.0,France
7685,1996,FRA,867.0,France
7686,1995,FRA,867.0,France
7687,1994,FRA,867.0,France
7688,1993,FRA,867.0,France
7689,1992,FRA,867.0,France
7690,1991,FRA,867.0,France
7691,1990,FRA,867.0,France
7692,1989,FRA,867.0,France
7693,1988,FRA,867.0,France
7694,1987,FRA,867.0,France
7695,1986,FRA,867.0,France
7696,1985,FRA,867.0,France
7697,1984,FRA,867.0,France
7698,1983,FRA,867.0,France
7699,1982,FRA,867.0,France
7700,1981,FRA,867.0,France
7701,1980,FRA,867.0,France
7702,1979,FRA,867.0,France
7703,1978,FRA,867.0,France
7704,1977,FRA,867.0,France
7705,1976,FRA,867.0,France
7706,1975,FRA,867.0,France
7707,1974,FRA,867.0,France
7708,1973,FRA,867.0,France
7709,1972,FRA,867.0,France
7710,1971,FRA,867.0,France
7711,1970,FRA,867.0,France
7712,1969,FRA,867.0,France
7713,1968,FRA,867.0,France
7714,1967,FRA,867.0,France
7715,1966,FRA,867.0,France
7716,1965,FRA,867.0,France
7717,1964,FRA,867.0,France
7718,1963,FRA,867.0,France
7719,1962,FRA,867.0,France
7720,1961,FRA,867.0,France
7721,1960,FRA,,France
7722,2025,PYF,,French Polynesia
7723,2024,PYF,,French Polynesia
7724,2023,PYF,,French Polynesia
7725,2022,PYF,,French Polynesia
7726,2021,PYF,,French Polynesia
7727,2020,PYF,,French Polynesia
7728,2019,PYF,,French Polynesia
7729,2018,PYF,,French Polynesia
7730,2017,PYF,,French Polynesia
7731,2016,PYF,,French Polynesia
7732,2015,PYF,,French Polynesia
7733,2014,PYF,,French Polynesia
7734,2013,PYF,,French Polynesia
7735,2012,PYF,,French Polynesia
7736,2011,PYF,,French Polynesia
7737,2010,PYF,,French Polynesia
7738,2009,PYF,,French Polynesia
7739,2008,PYF,,French Polynesia
7740,2007,PYF,,French Polynesia
7741,2006,PYF,,French Polynesia
7742,2005,PYF,,French Polynesia
7743,2004,PYF,,French Polynesia
7744,2003,PYF,,French Polynesia
7745,2002,PYF,,French Polynesia
7746,2001,PYF,,French Polynesia
7747,2000,PYF,,French Polynesia
7748,1999,PYF,,French Polynesia
7749,1998,PYF,,French Polynesia
7750,1997,PYF,,French Polynesia
7751,1996,PYF,,French Polynesia
7752,1995,PYF,,French Polynesia
7753,1994,PYF,,French Polynesia
7754,1993,PYF,,French Polynesia
7755,1992,PYF,,French Polynesia
7756,1991,PYF,,French Polynesia
7757,1990,PYF,,French Polynesia
7758,1989,PYF,,French Polynesia
7759,1988,PYF,,French Polynesia
7760,1987,PYF,,French Polynesia
7761,1986,PYF,,French Polynesia
7762,1985,PYF,,French Polynesia
7763,1984,PYF,,French Polynesia
7764,1983,PYF,,French Polynesia
7765,1982,PYF,,French Polynesia
7766,1981,PYF,,French Polynesia
7767,1980,PYF,,French Polynesia
7768,1979,PYF,,French Polynesia
7769,1978,PYF,,French Polynesia
7770,1977,PYF,,French Polynesia
7771,1976,PYF,,French Polynesia
7772,1975,PYF,,French Polynesia
7773,1974,PYF,,French Polynesia
7774,1973,PYF,,French Polynesia
7775,1972,PYF,,French Polynesia
7776,1971,PYF,,French Polynesia
7777,1970,PYF,,French Polynesia
7778,1969,PYF,,French Polynesia
7779,1968,PYF,,French Polynesia
7780,1967,PYF,,French Polynesia
7781,1966,PYF,,French Polynesia
7782,1965,PYF,,French Polynesia
7783,1964,PYF,,French Polynesia
7784,1963,PYF,,French Polynesia
7785,1962,PYF,,French Polynesia
7786,1961,PYF,,French Polynesia
7787,1960,PYF,,French Polynesia
7788,2025,GAB,,Gabon
7789,2024,GAB,,Gabon
7790,2023,GAB,,Gabon
7791,2022,GAB,1831.0,Gabon
7792,2021,GAB,1831.0,Gabon
7793,2020,GAB,1831.0,Gabon
7794,2019,GAB,1831.0,Gabon
7795,2018,GAB,1831.0,Gabon
7796,2017,GAB,1831.0,Gabon
7797,2016,GAB,1831.0,Gabon
7798,2015,GAB,1831.0,Gabon
7799,2014,GAB,1831.0,Gabon
7800,2013,GAB,1831.0,Gabon
7801,2012,GAB,1831.0,Gabon
7802,2011,GAB,1831.0,Gabon
7803,2010,GAB,1831.0,Gabon
7804,2009,GAB,1831.0,Gabon
7805,2008,GAB,1831.0,Gabon
7806,2007,GAB,1831.0,Gabon
7807,2006,GAB,1831.0,Gabon
7808,2005,GAB,1831.0,Gabon
7809,2004,GAB,1831.0,Gabon
7810,2003,GAB,1831.0,Gabon
7811,2002,GAB,1831.0,Gabon
7812,2001,GAB,1831.0,Gabon
7813,2000,GAB,1831.0,Gabon
7814,1999,GAB,1831.0,Gabon
7815,1998,GAB,1831.0,Gabon
7816,1997,GAB,1831.0,Gabon
7817,1996,GAB,1831.0,Gabon
7818,1995,GAB,1831.0,Gabon
7819,1994,GAB,1831.0,Gabon
7820,1993,GAB,1831.0,Gabon
7821,1992,GAB,1831.0,Gabon
7822,1991,GAB,1831.0,Gabon
7823,1990,GAB,1831.0,Gabon
7824,1989,GAB,1831.0,Gabon
7825,1988,GAB,1831.0,Gabon
7826,1987,GAB,1831.0,Gabon
7827,1986,GAB,1831.0,Gabon
7828,1985,GAB,1831.0,Gabon
7829,1984,GAB,1831.0,Gabon
7830,1983,GAB,1831.0,Gabon
7831,1982,GAB,1831.0,Gabon
7832,1981,GAB,1831.0,Gabon
7833,1980,GAB,1831.0,Gabon
7834,1979,GAB,1831.0,Gabon
7835,1978,GAB,1831.0,Gabon
7836,1977,GAB,1831.0,Gabon
7837,1976,GAB,1831.0,Gabon
7838,1975,GAB,1831.0,Gabon
7839,1974,GAB,1831.0,Gabon
7840,1973,GAB,1831.0,Gabon
7841,1972,GAB,1831.0,Gabon
7842,1971,GAB,1831.0,Gabon
7843,1970,GAB,1831.0,Gabon
7844,1969,GAB,1831.0,Gabon
7845,1968,GAB,1831.0,Gabon
7846,1967,GAB,1831.0,Gabon
7847,1966,GAB,1831.0,Gabon
7848,1965,GAB,1831.0,Gabon
7849,1964,GAB,1831.0,Gabon
7850,1963,GAB,1831.0,Gabon
7851,1962,GAB,1831.0,Gabon
7852,1961,GAB,1831.0,Gabon
7853,1960,GAB,,Gabon
7854,2025,GMB,,"Gambia, The"
7855,2024,GMB,,"Gambia, The"
7856,2023,GMB,,"Gambia, The"
7857,2022,GMB,836.0,"Gambia, The"
7858,2021,GMB,836.0,"Gambia, The"
7859,2020,GMB,836.0,"Gambia, The"
7860,2019,GMB,836.0,"Gambia, The"
7861,2018,GMB,836.0,"Gambia, The"
7862,2017,GMB,836.0,"Gambia, The"
7863,2016,GMB,836.0,"Gambia, The"
7864,2015,GMB,836.0,"Gambia, The"
7865,2014,GMB,836.0,"Gambia, The"
7866,2013,GMB,836.0,"Gambia, The"
7867,2012,GMB,836.0,"Gambia, The"
7868,2011,GMB,836.0,"Gambia, The"
7869,2010,GMB,836.0,"Gambia, The"
7870,2009,GMB,836.0,"Gambia, The"
7871,2008,GMB,836.0,"Gambia, The"
7872,2007,GMB,836.0,"Gambia, The"
7873,2006,GMB,836.0,"Gambia, The"
7874,2005,GMB,836.0,"Gambia, The"
7875,2004,GMB,836.0,"Gambia, The"
7876,2003,GMB,836.0,"Gambia, The"
7877,2002,GMB,836.0,"Gambia, The"
7878,2001,GMB,836.0,"Gambia, The"
7879,2000,GMB,836.0,"Gambia, The"
7880,1999,GMB,836.0,"Gambia, The"
7881,1998,GMB,836.0,"Gambia, The"
7882,1997,GMB,836.0,"Gambia, The"
7883,1996,GMB,836.0,"Gambia, The"
7884,1995,GMB,836.0,"Gambia, The"
7885,1994,GMB,836.0,"Gambia, The"
7886,1993,GMB,836.0,"Gambia, The"
7887,1992,GMB,836.0,"Gambia, The"
7888,1991,GMB,836.0,"Gambia, The"
7889,1990,GMB,836.0,"Gambia, The"
7890,1989,GMB,836.0,"Gambia, The"
7891,1988,GMB,836.0,"Gambia, The"
7892,1987,GMB,836.0,"Gambia, The"
7893,1986,GMB,836.0,"Gambia, The"
7894,1985,GMB,836.0,"Gambia, The"
7895,1984,GMB,836.0,"Gambia, The"
7896,1983,GMB,836.0,"Gambia, The"
7897,1982,GMB,836.0,"Gambia, The"
7898,1981,GMB,836.0,"Gambia, The"
7899,1980,GMB,836.0,"Gambia, The"
7900,1979,GMB,836.0,"Gambia, The"
7901,1978,GMB,836.0,"Gambia, The"
7902,1977,GMB,836.0,"Gambia, The"
7903,1976,GMB,836.0,"Gambia, The"
7904,1975,GMB,836.0,"Gambia, The"
7905,1974,GMB,836.0,"Gambia, The"
7906,1973,GMB,836.0,"Gambia, The"
7907,1972,GMB,836.0,"Gambia, The"
7908,1971,GMB,836.0,"Gambia, The"
7909,1970,GMB,836.0,"Gambia, The"
7910,1969,GMB,836.0,"Gambia, The"
7911,1968,GMB,836.0,"Gambia, The"
7912,1967,GMB,836.0,"Gambia, The"
7913,1966,GMB,836.0,"Gambia, The"
7914,1965,GMB,836.0,"Gambia, The"
7915,1964,GMB,836.0,"Gambia, The"
7916,1963,GMB,836.0,"Gambia, The"
7917,1962,GMB,836.0,"Gambia, The"
7918,1961,GMB,836.0,"Gambia, The"
7919,1960,GMB,,"Gambia, The"
7920,2025,GEO,,Georgia
7921,2024,GEO,,Georgia
7922,2023,GEO,,Georgia
7923,2022,GEO,1026.0,Georgia
7924,2021,GEO,1026.0,Georgia
7925,2020,GEO,1026.0,Georgia
7926,2019,GEO,1026.0,Georgia
7927,2018,GEO,1026.0,Georgia
7928,2017,GEO,1026.0,Georgia
7929,2016,GEO,1026.0,Georgia
7930,2015,GEO,1026.0,Georgia
7931,2014,GEO,1026.0,Georgia
7932,2013,GEO,1026.0,Georgia
7933,2012,GEO,1026.0,Georgia
7934,2011,GEO,1026.0,Georgia
7935,2010,GEO,1026.0,Georgia
7936,2009,GEO,1026.0,Georgia
7937,2008,GEO,1026.0,Georgia
7938,2007,GEO,1026.0,Georgia
7939,2006,GEO,1026.0,Georgia
7940,2005,GEO,1026.0,Georgia
7941,2004,GEO,1026.0,Georgia
7942,2003,GEO,1026.0,Georgia
7943,2002,GEO,1026.0,Georgia
7944,2001,GEO,1026.0,Georgia
7945,2000,GEO,1026.0,Georgia
7946,1999,GEO,1026.0,Georgia
7947,1998,GEO,1026.0,Georgia
7948,1997,GEO,1026.0,Georgia
7949,1996,GEO,1026.0,Georgia
7950,1995,GEO,1026.0,Georgia
7951,1994,GEO,1026.0,Georgia
7952,1993,GEO,1026.0,Georgia
7953,1992,GEO,1026.0,Georgia
7954,1991,GEO,,Georgia
7955,1990,GEO,,Georgia
7956,1989,GEO,,Georgia
7957,1988,GEO,,Georgia
7958,1987,GEO,,Georgia
7959,1986,GEO,,Georgia
7960,1985,GEO,,Georgia
7961,1984,GEO,,Georgia
7962,1983,GEO,,Georgia
7963,1982,GEO,,Georgia
7964,1981,GEO,,Georgia
7965,1980,GEO,,Georgia
7966,1979,GEO,,Georgia
7967,1978,GEO,,Georgia
7968,1977,GEO,,Georgia
7969,1976,GEO,,Georgia
7970,1975,GEO,,Georgia
7971,1974,GEO,,Georgia
7972,1973,GEO,,Georgia
7973,1972,GEO,,Georgia
7974,1971,GEO,,Georgia
7975,1970,GEO,,Georgia
7976,1969,GEO,,Georgia
7977,1968,GEO,,Georgia
7978,1967,GEO,,Georgia
7979,1966,GEO,,Georgia
7980,1965,GEO,,Georgia
7981,1964,GEO,,Georgia
7982,1963,GEO,,Georgia
7983,1962,GEO,,Georgia
7984,1961,GEO,,Georgia
7985,1960,GEO,,Georgia
7986,2025,DEU,,Germany
7987,2024,DEU,,Germany
7988,2023,DEU,,Germany
7989,2022,DEU,700.0,Germany
7990,2021,DEU,700.0,Germany
7991,2020,DEU,700.0,Germany
7992,2019,DEU,700.0,Germany
7993,2018,DEU,700.0,Germany
7994,2017,DEU,700.0,Germany
7995,2016,DEU,700.0,Germany
7996,2015,DEU,700.0,Germany
7997,2014,DEU,700.0,Germany
7998,2013,DEU,700.0,Germany
7999,2012,DEU,700.0,Germany
8000,2011,DEU,700.0,Germany
8001,2010,DEU,700.0,Germany
8002,2009,DEU,700.0,Germany
8003,2008,DEU,700.0,Germany
8004,2007,DEU,700.0,Germany
8005,2006,DEU,700.0,Germany
8006,2005,DEU,700.0,Germany
8007,2004,DEU,700.0,Germany
8008,2003,DEU,700.0,Germany
8009,2002,DEU,700.0,Germany
8010,2001,DEU,700.0,Germany
8011,2000,DEU,700.0,Germany
8012,1999,DEU,700.0,Germany
8013,1998,DEU,700.0,Germany
8014,1997,DEU,700.0,Germany
8015,1996,DEU,700.0,Germany
8016,1995,DEU,700.0,Germany
8017,1994,DEU,700.0,Germany
8018,1993,DEU,700.0,Germany
8019,1992,DEU,700.0,Germany
8020,1991,DEU,700.0,Germany
8021,1990,DEU,700.0,Germany
8022,1989,DEU,700.0,Germany
8023,1988,DEU,700.0,Germany
8024,1987,DEU,700.0,Germany
8025,1986,DEU,700.0,Germany
8026,1985,DEU,700.0,Germany
8027,1984,DEU,700.0,Germany
8028,1983,DEU,700.0,Germany
8029,1982,DEU,700.0,Germany
8030,1981,DEU,700.0,Germany
8031,1980,DEU,700.0,Germany
8032,1979,DEU,700.0,Germany
8033,1978,DEU,700.0,Germany
8034,1977,DEU,700.0,Germany
8035,1976,DEU,700.0,Germany
8036,1975,DEU,700.0,Germany
8037,1974,DEU,700.0,Germany
8038,1973,DEU,700.0,Germany
8039,1972,DEU,700.0,Germany
8040,1971,DEU,700.0,Germany
8041,1970,DEU,700.0,Germany
8042,1969,DEU,700.0,Germany
8043,1968,DEU,700.0,Germany
8044,1967,DEU,700.0,Germany
8045,1966,DEU,700.0,Germany
8046,1965,DEU,700.0,Germany
8047,1964,DEU,700.0,Germany
8048,1963,DEU,700.0,Germany
8049,1962,DEU,700.0,Germany
8050,1961,DEU,700.0,Germany
8051,1960,DEU,,Germany
8052,2025,GHA,,Ghana
8053,2024,GHA,,Ghana
8054,2023,GHA,,Ghana
8055,2022,GHA,1187.0,Ghana
8056,2021,GHA,1187.0,Ghana
8057,2020,GHA,1187.0,Ghana
8058,2019,GHA,1187.0,Ghana
8059,2018,GHA,1187.0,Ghana
8060,2017,GHA,1187.0,Ghana
8061,2016,GHA,1187.0,Ghana
8062,2015,GHA,1187.0,Ghana
8063,2014,GHA,1187.0,Ghana
8064,2013,GHA,1187.0,Ghana
8065,2012,GHA,1187.0,Ghana
8066,2011,GHA,1187.0,Ghana
8067,2010,GHA,1187.0,Ghana
8068,2009,GHA,1187.0,Ghana
8069,2008,GHA,1187.0,Ghana
8070,2007,GHA,1187.0,Ghana
8071,2006,GHA,1187.0,Ghana
8072,2005,GHA,1187.0,Ghana
8073,2004,GHA,1187.0,Ghana
8074,2003,GHA,1187.0,Ghana
8075,2002,GHA,1187.0,Ghana
8076,2001,GHA,1187.0,Ghana
8077,2000,GHA,1187.0,Ghana
8078,1999,GHA,1187.0,Ghana
8079,1998,GHA,1187.0,Ghana
8080,1997,GHA,1187.0,Ghana
8081,1996,GHA,1187.0,Ghana
8082,1995,GHA,1187.0,Ghana
8083,1994,GHA,1187.0,Ghana
8084,1993,GHA,1187.0,Ghana
8085,1992,GHA,1187.0,Ghana
8086,1991,GHA,1187.0,Ghana
8087,1990,GHA,1187.0,Ghana
8088,1989,GHA,1187.0,Ghana
8089,1988,GHA,1187.0,Ghana
8090,1987,GHA,1187.0,Ghana
8091,1986,GHA,1187.0,Ghana
8092,1985,GHA,1187.0,Ghana
8093,1984,GHA,1187.0,Ghana
8094,1983,GHA,1187.0,Ghana
8095,1982,GHA,1187.0,Ghana
8096,1981,GHA,1187.0,Ghana
8097,1980,GHA,1187.0,Ghana
8098,1979,GHA,1187.0,Ghana
8099,1978,GHA,1187.0,Ghana
8100,1977,GHA,1187.0,Ghana
8101,1976,GHA,1187.0,Ghana
8102,1975,GHA,1187.0,Ghana
8103,1974,GHA,1187.0,Ghana
8104,1973,GHA,1187.0,Ghana
8105,1972,GHA,1187.0,Ghana
8106,1971,GHA,1187.0,Ghana
8107,1970,GHA,1187.0,Ghana
8108,1969,GHA,1187.0,Ghana
8109,1968,GHA,1187.0,Ghana
8110,1967,GHA,1187.0,Ghana
8111,1966,GHA,1187.0,Ghana
8112,1965,GHA,1187.0,Ghana
8113,1964,GHA,1187.0,Ghana
8114,1963,GHA,1187.0,Ghana
8115,1962,GHA,1187.0,Ghana
8116,1961,GHA,1187.0,Ghana
8117,1960,GHA,,Ghana
8118,2025,GIB,,Gibraltar
8119,2024,GIB,,Gibraltar
8120,2023,GIB,,Gibraltar
8121,2022,GIB,,Gibraltar
8122,2021,GIB,,Gibraltar
8123,2020,GIB,,Gibraltar
8124,2019,GIB,,Gibraltar
8125,2018,GIB,,Gibraltar
8126,2017,GIB,,Gibraltar
8127,2016,GIB,,Gibraltar
8128,2015,GIB,,Gibraltar
8129,2014,GIB,,Gibraltar
8130,2013,GIB,,Gibraltar
8131,2012,GIB,,Gibraltar
8132,2011,GIB,,Gibraltar
8133,2010,GIB,,Gibraltar
8134,2009,GIB,,Gibraltar
8135,2008,GIB,,Gibraltar
8136,2007,GIB,,Gibraltar
8137,2006,GIB,,Gibraltar
8138,2005,GIB,,Gibraltar
8139,2004,GIB,,Gibraltar
8140,2003,GIB,,Gibraltar
8141,2002,GIB,,Gibraltar
8142,2001,GIB,,Gibraltar
8143,2000,GIB,,Gibraltar
8144,1999,GIB,,Gibraltar
8145,1998,GIB,,Gibraltar
8146,1997,GIB,,Gibraltar
8147,1996,GIB,,Gibraltar
8148,1995,GIB,,Gibraltar
8149,1994,GIB,,Gibraltar
8150,1993,GIB,,Gibraltar
8151,1992,GIB,,Gibraltar
8152,1991,GIB,,Gibraltar
8153,1990,GIB,,Gibraltar
8154,1989,GIB,,Gibraltar
8155,1988,GIB,,Gibraltar
8156,1987,GIB,,Gibraltar
8157,1986,GIB,,Gibraltar
8158,1985,GIB,,Gibraltar
8159,1984,GIB,,Gibraltar
8160,1983,GIB,,Gibraltar
8161,1982,GIB,,Gibraltar
8162,1981,GIB,,Gibraltar
8163,1980,GIB,,Gibraltar
8164,1979,GIB,,Gibraltar
8165,1978,GIB,,Gibraltar
8166,1977,GIB,,Gibraltar
8167,1976,GIB,,Gibraltar
8168,1975,GIB,,Gibraltar
8169,1974,GIB,,Gibraltar
8170,1973,GIB,,Gibraltar
8171,1972,GIB,,Gibraltar
8172,1971,GIB,,Gibraltar
8173,1970,GIB,,Gibraltar
8174,1969,GIB,,Gibraltar
8175,1968,GIB,,Gibraltar
8176,1967,GIB,,Gibraltar
8177,1966,GIB,,Gibraltar
8178,1965,GIB,,Gibraltar
8179,1964,GIB,,Gibraltar
8180,1963,GIB,,Gibraltar
8181,1962,GIB,,Gibraltar
8182,1961,GIB,,Gibraltar
8183,1960,GIB,,Gibraltar
8184,2025,GRC,,Greece
8185,2024,GRC,,Greece
8186,2023,GRC,,Greece
8187,2022,GRC,652.0,Greece
8188,2021,GRC,652.0,Greece
8189,2020,GRC,652.0,Greece
8190,2019,GRC,652.0,Greece
8191,2018,GRC,652.0,Greece
8192,2017,GRC,652.0,Greece
8193,2016,GRC,652.0,Greece
8194,2015,GRC,652.0,Greece
8195,2014,GRC,652.0,Greece
8196,2013,GRC,652.0,Greece
8197,2012,GRC,652.0,Greece
8198,2011,GRC,652.0,Greece
8199,2010,GRC,652.0,Greece
8200,2009,GRC,652.0,Greece
8201,2008,GRC,652.0,Greece
8202,2007,GRC,652.0,Greece
8203,2006,GRC,652.0,Greece
8204,2005,GRC,652.0,Greece
8205,2004,GRC,652.0,Greece
8206,2003,GRC,652.0,Greece
8207,2002,GRC,652.0,Greece
8208,2001,GRC,652.0,Greece
8209,2000,GRC,652.0,Greece
8210,1999,GRC,652.0,Greece
8211,1998,GRC,652.0,Greece
8212,1997,GRC,652.0,Greece
8213,1996,GRC,652.0,Greece
8214,1995,GRC,652.0,Greece
8215,1994,GRC,652.0,Greece
8216,1993,GRC,652.0,Greece
8217,1992,GRC,652.0,Greece
8218,1991,GRC,652.0,Greece
8219,1990,GRC,652.0,Greece
8220,1989,GRC,652.0,Greece
8221,1988,GRC,652.0,Greece
8222,1987,GRC,652.0,Greece
8223,1986,GRC,652.0,Greece
8224,1985,GRC,652.0,Greece
8225,1984,GRC,652.0,Greece
8226,1983,GRC,652.0,Greece
8227,1982,GRC,652.0,Greece
8228,1981,GRC,652.0,Greece
8229,1980,GRC,652.0,Greece
8230,1979,GRC,652.0,Greece
8231,1978,GRC,652.0,Greece
8232,1977,GRC,652.0,Greece
8233,1976,GRC,652.0,Greece
8234,1975,GRC,652.0,Greece
8235,1974,GRC,652.0,Greece
8236,1973,GRC,652.0,Greece
8237,1972,GRC,652.0,Greece
8238,1971,GRC,652.0,Greece
8239,1970,GRC,652.0,Greece
8240,1969,GRC,652.0,Greece
8241,1968,GRC,652.0,Greece
8242,1967,GRC,652.0,Greece
8243,1966,GRC,652.0,Greece
8244,1965,GRC,652.0,Greece
8245,1964,GRC,652.0,Greece
8246,1963,GRC,652.0,Greece
8247,1962,GRC,652.0,Greece
8248,1961,GRC,652.0,Greece
8249,1960,GRC,,Greece
8250,2025,GRL,,Greenland
8251,2024,GRL,,Greenland
8252,2023,GRL,,Greenland
8253,2022,GRL,,Greenland
8254,2021,GRL,,Greenland
8255,2020,GRL,,Greenland
8256,2019,GRL,,Greenland
8257,2018,GRL,,Greenland
8258,2017,GRL,,Greenland
8259,2016,GRL,,Greenland
8260,2015,GRL,,Greenland
8261,2014,GRL,,Greenland
8262,2013,GRL,,Greenland
8263,2012,GRL,,Greenland
8264,2011,GRL,,Greenland
8265,2010,GRL,,Greenland
8266,2009,GRL,,Greenland
8267,2008,GRL,,Greenland
8268,2007,GRL,,Greenland
8269,2006,GRL,,Greenland
8270,2005,GRL,,Greenland
8271,2004,GRL,,Greenland
8272,2003,GRL,,Greenland
8273,2002,GRL,,Greenland
8274,2001,GRL,,Greenland
8275,2000,GRL,,Greenland
8276,1999,GRL,,Greenland
8277,1998,GRL,,Greenland
8278,1997,GRL,,Greenland
8279,1996,GRL,,Greenland
8280,1995,GRL,,Greenland
8281,1994,GRL,,Greenland
8282,1993,GRL,,Greenland
8283,1992,GRL,,Greenland
8284,1991,GRL,,Greenland
8285,1990,GRL,,Greenland
8286,1989,GRL,,Greenland
8287,1988,GRL,,Greenland
8288,1987,GRL,,Greenland
8289,1986,GRL,,Greenland
8290,1985,GRL,,Greenland
8291,1984,GRL,,Greenland
8292,1983,GRL,,Greenland
8293,1982,GRL,,Greenland
8294,1981,GRL,,Greenland
8295,1980,GRL,,Greenland
8296,1979,GRL,,Greenland
8297,1978,GRL,,Greenland
8298,1977,GRL,,Greenland
8299,1976,GRL,,Greenland
8300,1975,GRL,,Greenland
8301,1974,GRL,,Greenland
8302,1973,GRL,,Greenland
8303,1972,GRL,,Greenland
8304,1971,GRL,,Greenland
8305,1970,GRL,,Greenland
8306,1969,GRL,,Greenland
8307,1968,GRL,,Greenland
8308,1967,GRL,,Greenland
8309,1966,GRL,,Greenland
8310,1965,GRL,,Greenland
8311,1964,GRL,,Greenland
8312,1963,GRL,,Greenland
8313,1962,GRL,,Greenland
8314,1961,GRL,,Greenland
8315,1960,GRL,,Greenland
8316,2025,GRD,,Grenada
8317,2024,GRD,,Grenada
8318,2023,GRD,,Grenada
8319,2022,GRD,2350.0,Grenada
8320,2021,GRD,2350.0,Grenada
8321,2020,GRD,2350.0,Grenada
8322,2019,GRD,2350.0,Grenada
8323,2018,GRD,2350.0,Grenada
8324,2017,GRD,2350.0,Grenada
8325,2016,GRD,2350.0,Grenada
8326,2015,GRD,2350.0,Grenada
8327,2014,GRD,2350.0,Grenada
8328,2013,GRD,2350.0,Grenada
8329,2012,GRD,2350.0,Grenada
8330,2011,GRD,2350.0,Grenada
8331,2010,GRD,2350.0,Grenada
8332,2009,GRD,2350.0,Grenada
8333,2008,GRD,2350.0,Grenada
8334,2007,GRD,2350.0,Grenada
8335,2006,GRD,2350.0,Grenada
8336,2005,GRD,2350.0,Grenada
8337,2004,GRD,2350.0,Grenada
8338,2003,GRD,2350.0,Grenada
8339,2002,GRD,2350.0,Grenada
8340,2001,GRD,2350.0,Grenada
8341,2000,GRD,2350.0,Grenada
8342,1999,GRD,2350.0,Grenada
8343,1998,GRD,2350.0,Grenada
8344,1997,GRD,2350.0,Grenada
8345,1996,GRD,2350.0,Grenada
8346,1995,GRD,2350.0,Grenada
8347,1994,GRD,2350.0,Grenada
8348,1993,GRD,2350.0,Grenada
8349,1992,GRD,2350.0,Grenada
8350,1991,GRD,2350.0,Grenada
8351,1990,GRD,2350.0,Grenada
8352,1989,GRD,2350.0,Grenada
8353,1988,GRD,2350.0,Grenada
8354,1987,GRD,2350.0,Grenada
8355,1986,GRD,2350.0,Grenada
8356,1985,GRD,2350.0,Grenada
8357,1984,GRD,2350.0,Grenada
8358,1983,GRD,2350.0,Grenada
8359,1982,GRD,2350.0,Grenada
8360,1981,GRD,2350.0,Grenada
8361,1980,GRD,2350.0,Grenada
8362,1979,GRD,2350.0,Grenada
8363,1978,GRD,2350.0,Grenada
8364,1977,GRD,2350.0,Grenada
8365,1976,GRD,2350.0,Grenada
8366,1975,GRD,2350.0,Grenada
8367,1974,GRD,2350.0,Grenada
8368,1973,GRD,2350.0,Grenada
8369,1972,GRD,2350.0,Grenada
8370,1971,GRD,2350.0,Grenada
8371,1970,GRD,2350.0,Grenada
8372,1969,GRD,2350.0,Grenada
8373,1968,GRD,2350.0,Grenada
8374,1967,GRD,2350.0,Grenada
8375,1966,GRD,2350.0,Grenada
8376,1965,GRD,2350.0,Grenada
8377,1964,GRD,2350.0,Grenada
8378,1963,GRD,2350.0,Grenada
8379,1962,GRD,2350.0,Grenada
8380,1961,GRD,2350.0,Grenada
8381,1960,GRD,,Grenada
8382,2025,GUM,,Guam
8383,2024,GUM,,Guam
8384,2023,GUM,,Guam
8385,2022,GUM,,Guam
8386,2021,GUM,,Guam
8387,2020,GUM,,Guam
8388,2019,GUM,,Guam
8389,2018,GUM,,Guam
8390,2017,GUM,,Guam
8391,2016,GUM,,Guam
8392,2015,GUM,,Guam
8393,2014,GUM,,Guam
8394,2013,GUM,,Guam
8395,2012,GUM,,Guam
8396,2011,GUM,,Guam
8397,2010,GUM,,Guam
8398,2009,GUM,,Guam
8399,2008,GUM,,Guam
8400,2007,GUM,,Guam
8401,2006,GUM,,Guam
8402,2005,GUM,,Guam
8403,2004,GUM,,Guam
8404,2003,GUM,,Guam
8405,2002,GUM,,Guam
8406,2001,GUM,,Guam
8407,2000,GUM,,Guam
8408,1999,GUM,,Guam
8409,1998,GUM,,Guam
8410,1997,GUM,,Guam
8411,1996,GUM,,Guam
8412,1995,GUM,,Guam
8413,1994,GUM,,Guam
8414,1993,GUM,,Guam
8415,1992,GUM,,Guam
8416,1991,GUM,,Guam
8417,1990,GUM,,Guam
8418,1989,GUM,,Guam
8419,1988,GUM,,Guam
8420,1987,GUM,,Guam
8421,1986,GUM,,Guam
8422,1985,GUM,,Guam
8423,1984,GUM,,Guam
8424,1983,GUM,,Guam
8425,1982,GUM,,Guam
8426,1981,GUM,,Guam
8427,1980,GUM,,Guam
8428,1979,GUM,,Guam
8429,1978,GUM,,Guam
8430,1977,GUM,,Guam
8431,1976,GUM,,Guam
8432,1975,GUM,,Guam
8433,1974,GUM,,Guam
8434,1973,GUM,,Guam
8435,1972,GUM,,Guam
8436,1971,GUM,,Guam
8437,1970,GUM,,Guam
8438,1969,GUM,,Guam
8439,1968,GUM,,Guam
8440,1967,GUM,,Guam
8441,1966,GUM,,Guam
8442,1965,GUM,,Guam
8443,1964,GUM,,Guam
8444,1963,GUM,,Guam
8445,1962,GUM,,Guam
8446,1961,GUM,,Guam
8447,1960,GUM,,Guam
8448,2025,GTM,,Guatemala
8449,2024,GTM,,Guatemala
8450,2023,GTM,,Guatemala
8451,2022,GTM,1996.0,Guatemala
8452,2021,GTM,1996.0,Guatemala
8453,2020,GTM,1996.0,Guatemala
8454,2019,GTM,1996.0,Guatemala
8455,2018,GTM,1996.0,Guatemala
8456,2017,GTM,1996.0,Guatemala
8457,2016,GTM,1996.0,Guatemala
8458,2015,GTM,1996.0,Guatemala
8459,2014,GTM,1996.0,Guatemala
8460,2013,GTM,1996.0,Guatemala
8461,2012,GTM,1996.0,Guatemala
8462,2011,GTM,1996.0,Guatemala
8463,2010,GTM,1996.0,Guatemala
8464,2009,GTM,1996.0,Guatemala
8465,2008,GTM,1996.0,Guatemala
8466,2007,GTM,1996.0,Guatemala
8467,2006,GTM,1996.0,Guatemala
8468,2005,GTM,1996.0,Guatemala
8469,2004,GTM,1996.0,Guatemala
8470,2003,GTM,1996.0,Guatemala
8471,2002,GTM,1996.0,Guatemala
8472,2001,GTM,1996.0,Guatemala
8473,2000,GTM,1996.0,Guatemala
8474,1999,GTM,1996.0,Guatemala
8475,1998,GTM,1996.0,Guatemala
8476,1997,GTM,1996.0,Guatemala
8477,1996,GTM,1996.0,Guatemala
8478,1995,GTM,1996.0,Guatemala
8479,1994,GTM,1996.0,Guatemala
8480,1993,GTM,1996.0,Guatemala
8481,1992,GTM,1996.0,Guatemala
8482,1991,GTM,1996.0,Guatemala
8483,1990,GTM,1996.0,Guatemala
8484,1989,GTM,1996.0,Guatemala
8485,1988,GTM,1996.0,Guatemala
8486,1987,GTM,1996.0,Guatemala
8487,1986,GTM,1996.0,Guatemala
8488,1985,GTM,1996.0,Guatemala
8489,1984,GTM,1996.0,Guatemala
8490,1983,GTM,1996.0,Guatemala
8491,1982,GTM,1996.0,Guatemala
8492,1981,GTM,1996.0,Guatemala
8493,1980,GTM,1996.0,Guatemala
8494,1979,GTM,1996.0,Guatemala
8495,1978,GTM,1996.0,Guatemala
8496,1977,GTM,1996.0,Guatemala
8497,1976,GTM,1996.0,Guatemala
8498,1975,GTM,1996.0,Guatemala
8499,1974,GTM,1996.0,Guatemala
8500,1973,GTM,1996.0,Guatemala
8501,1972,GTM,1996.0,Guatemala
8502,1971,GTM,1996.0,Guatemala
8503,1970,GTM,1996.0,Guatemala
8504,1969,GTM,1996.0,Guatemala
8505,1968,GTM,1996.0,Guatemala
8506,1967,GTM,1996.0,Guatemala
8507,1966,GTM,1996.0,Guatemala
8508,1965,GTM,1996.0,Guatemala
8509,1964,GTM,1996.0,Guatemala
8510,1963,GTM,1996.0,Guatemala
8511,1962,GTM,1996.0,Guatemala
8512,1961,GTM,1996.0,Guatemala
8513,1960,GTM,,Guatemala
8514,2025,GIN,,Guinea
8515,2024,GIN,,Guinea
8516,2023,GIN,,Guinea
8517,2022,GIN,1651.0,Guinea
8518,2021,GIN,1651.0,Guinea
8519,2020,GIN,1651.0,Guinea
8520,2019,GIN,1651.0,Guinea
8521,2018,GIN,1651.0,Guinea
8522,2017,GIN,1651.0,Guinea
8523,2016,GIN,1651.0,Guinea
8524,2015,GIN,1651.0,Guinea
8525,2014,GIN,1651.0,Guinea
8526,2013,GIN,1651.0,Guinea
8527,2012,GIN,1651.0,Guinea
8528,2011,GIN,1651.0,Guinea
8529,2010,GIN,1651.0,Guinea
8530,2009,GIN,1651.0,Guinea
8531,2008,GIN,1651.0,Guinea
8532,2007,GIN,1651.0,Guinea
8533,2006,GIN,1651.0,Guinea
8534,2005,GIN,1651.0,Guinea
8535,2004,GIN,1651.0,Guinea
8536,2003,GIN,1651.0,Guinea
8537,2002,GIN,1651.0,Guinea
8538,2001,GIN,1651.0,Guinea
8539,2000,GIN,1651.0,Guinea
8540,1999,GIN,1651.0,Guinea
8541,1998,GIN,1651.0,Guinea
8542,1997,GIN,1651.0,Guinea
8543,1996,GIN,1651.0,Guinea
8544,1995,GIN,1651.0,Guinea
8545,1994,GIN,1651.0,Guinea
8546,1993,GIN,1651.0,Guinea
8547,1992,GIN,1651.0,Guinea
8548,1991,GIN,1651.0,Guinea
8549,1990,GIN,1651.0,Guinea
8550,1989,GIN,1651.0,Guinea
8551,1988,GIN,1651.0,Guinea
8552,1987,GIN,1651.0,Guinea
8553,1986,GIN,1651.0,Guinea
8554,1985,GIN,1651.0,Guinea
8555,1984,GIN,1651.0,Guinea
8556,1983,GIN,1651.0,Guinea
8557,1982,GIN,1651.0,Guinea
8558,1981,GIN,1651.0,Guinea
8559,1980,GIN,1651.0,Guinea
8560,1979,GIN,1651.0,Guinea
8561,1978,GIN,1651.0,Guinea
8562,1977,GIN,1651.0,Guinea
8563,1976,GIN,1651.0,Guinea
8564,1975,GIN,1651.0,Guinea
8565,1974,GIN,1651.0,Guinea
8566,1973,GIN,1651.0,Guinea
8567,1972,GIN,1651.0,Guinea
8568,1971,GIN,1651.0,Guinea
8569,1970,GIN,1651.0,Guinea
8570,1969,GIN,1651.0,Guinea
8571,1968,GIN,1651.0,Guinea
8572,1967,GIN,1651.0,Guinea
8573,1966,GIN,1651.0,Guinea
8574,1965,GIN,1651.0,Guinea
8575,1964,GIN,1651.0,Guinea
8576,1963,GIN,1651.0,Guinea
8577,1962,GIN,1651.0,Guinea
8578,1961,GIN,1651.0,Guinea
8579,1960,GIN,,Guinea
8580,2025,GNB,,Guinea-Bissau
8581,2024,GNB,,Guinea-Bissau
8582,2023,GNB,,Guinea-Bissau
8583,2022,GNB,1577.0,Guinea-Bissau
8584,2021,GNB,1577.0,Guinea-Bissau
8585,2020,GNB,1577.0,Guinea-Bissau
8586,2019,GNB,1577.0,Guinea-Bissau
8587,2018,GNB,1577.0,Guinea-Bissau
8588,2017,GNB,1577.0,Guinea-Bissau
8589,2016,GNB,1577.0,Guinea-Bissau
8590,2015,GNB,1577.0,Guinea-Bissau
8591,2014,GNB,1577.0,Guinea-Bissau
8592,2013,GNB,1577.0,Guinea-Bissau
8593,2012,GNB,1577.0,Guinea-Bissau
8594,2011,GNB,1577.0,Guinea-Bissau
8595,2010,GNB,1577.0,Guinea-Bissau
8596,2009,GNB,1577.0,Guinea-Bissau
8597,2008,GNB,1577.0,Guinea-Bissau
8598,2007,GNB,1577.0,Guinea-Bissau
8599,2006,GNB,1577.0,Guinea-Bissau
8600,2005,GNB,1577.0,Guinea-Bissau
8601,2004,GNB,1577.0,Guinea-Bissau
8602,2003,GNB,1577.0,Guinea-Bissau
8603,2002,GNB,1577.0,Guinea-Bissau
8604,2001,GNB,1577.0,Guinea-Bissau
8605,2000,GNB,1577.0,Guinea-Bissau
8606,1999,GNB,1577.0,Guinea-Bissau
8607,1998,GNB,1577.0,Guinea-Bissau
8608,1997,GNB,1577.0,Guinea-Bissau
8609,1996,GNB,1577.0,Guinea-Bissau
8610,1995,GNB,1577.0,Guinea-Bissau
8611,1994,GNB,1577.0,Guinea-Bissau
8612,1993,GNB,1577.0,Guinea-Bissau
8613,1992,GNB,1577.0,Guinea-Bissau
8614,1991,GNB,1577.0,Guinea-Bissau
8615,1990,GNB,1577.0,Guinea-Bissau
8616,1989,GNB,1577.0,Guinea-Bissau
8617,1988,GNB,1577.0,Guinea-Bissau
8618,1987,GNB,1577.0,Guinea-Bissau
8619,1986,GNB,1577.0,Guinea-Bissau
8620,1985,GNB,1577.0,Guinea-Bissau
8621,1984,GNB,1577.0,Guinea-Bissau
8622,1983,GNB,1577.0,Guinea-Bissau
8623,1982,GNB,1577.0,Guinea-Bissau
8624,1981,GNB,1577.0,Guinea-Bissau
8625,1980,GNB,1577.0,Guinea-Bissau
8626,1979,GNB,1577.0,Guinea-Bissau
8627,1978,GNB,1577.0,Guinea-Bissau
8628,1977,GNB,1577.0,Guinea-Bissau
8629,1976,GNB,1577.0,Guinea-Bissau
8630,1975,GNB,1577.0,Guinea-Bissau
8631,1974,GNB,1577.0,Guinea-Bissau
8632,1973,GNB,1577.0,Guinea-Bissau
8633,1972,GNB,1577.0,Guinea-Bissau
8634,1971,GNB,1577.0,Guinea-Bissau
8635,1970,GNB,1577.0,Guinea-Bissau
8636,1969,GNB,1577.0,Guinea-Bissau
8637,1968,GNB,1577.0,Guinea-Bissau
8638,1967,GNB,1577.0,Guinea-Bissau
8639,1966,GNB,1577.0,Guinea-Bissau
8640,1965,GNB,1577.0,Guinea-Bissau
8641,1964,GNB,1577.0,Guinea-Bissau
8642,1963,GNB,1577.0,Guinea-Bissau
8643,1962,GNB,1577.0,Guinea-Bissau
8644,1961,GNB,1577.0,Guinea-Bissau
8645,1960,GNB,,Guinea-Bissau
8646,2025,GUY,,Guyana
8647,2024,GUY,,Guyana
8648,2023,GUY,,Guyana
8649,2022,GUY,2387.0,Guyana
8650,2021,GUY,2387.0,Guyana
8651,2020,GUY,2387.0,Guyana
8652,2019,GUY,2387.0,Guyana
8653,2018,GUY,2387.0,Guyana
8654,2017,GUY,2387.0,Guyana
8655,2016,GUY,2387.0,Guyana
8656,2015,GUY,2387.0,Guyana
8657,2014,GUY,2387.0,Guyana
8658,2013,GUY,2387.0,Guyana
8659,2012,GUY,2387.0,Guyana
8660,2011,GUY,2387.0,Guyana
8661,2010,GUY,2387.0,Guyana
8662,2009,GUY,2387.0,Guyana
8663,2008,GUY,2387.0,Guyana
8664,2007,GUY,2387.0,Guyana
8665,2006,GUY,2387.0,Guyana
8666,2005,GUY,2387.0,Guyana
8667,2004,GUY,2387.0,Guyana
8668,2003,GUY,2387.0,Guyana
8669,2002,GUY,2387.0,Guyana
8670,2001,GUY,2387.0,Guyana
8671,2000,GUY,2387.0,Guyana
8672,1999,GUY,2387.0,Guyana
8673,1998,GUY,2387.0,Guyana
8674,1997,GUY,2387.0,Guyana
8675,1996,GUY,2387.0,Guyana
8676,1995,GUY,2387.0,Guyana
8677,1994,GUY,2387.0,Guyana
8678,1993,GUY,2387.0,Guyana
8679,1992,GUY,2387.0,Guyana
8680,1991,GUY,2387.0,Guyana
8681,1990,GUY,2387.0,Guyana
8682,1989,GUY,2387.0,Guyana
8683,1988,GUY,2387.0,Guyana
8684,1987,GUY,2387.0,Guyana
8685,1986,GUY,2387.0,Guyana
8686,1985,GUY,2387.0,Guyana
8687,1984,GUY,2387.0,Guyana
8688,1983,GUY,2387.0,Guyana
8689,1982,GUY,2387.0,Guyana
8690,1981,GUY,2387.0,Guyana
8691,1980,GUY,2387.0,Guyana
8692,1979,GUY,2387.0,Guyana
8693,1978,GUY,2387.0,Guyana
8694,1977,GUY,2387.0,Guyana
8695,1976,GUY,2387.0,Guyana
8696,1975,GUY,2387.0,Guyana
8697,1974,GUY,2387.0,Guyana
8698,1973,GUY,2387.0,Guyana
8699,1972,GUY,2387.0,Guyana
8700,1971,GUY,2387.0,Guyana
8701,1970,GUY,2387.0,Guyana
8702,1969,GUY,2387.0,Guyana
8703,1968,GUY,2387.0,Guyana
8704,1967,GUY,2387.0,Guyana
8705,1966,GUY,2387.0,Guyana
8706,1965,GUY,2387.0,Guyana
8707,1964,GUY,2387.0,Guyana
8708,1963,GUY,2387.0,Guyana
8709,1962,GUY,2387.0,Guyana
8710,1961,GUY,,Guyana
8711,1960,GUY,,Guyana
8712,2025,HTI,,Haiti
8713,2024,HTI,,Haiti
8714,2023,HTI,,Haiti
8715,2022,HTI,1440.0,Haiti
8716,2021,HTI,1440.0,Haiti
8717,2020,HTI,1440.0,Haiti
8718,2019,HTI,1440.0,Haiti
8719,2018,HTI,1440.0,Haiti
8720,2017,HTI,1440.0,Haiti
8721,2016,HTI,1440.0,Haiti
8722,2015,HTI,1440.0,Haiti
8723,2014,HTI,1440.0,Haiti
8724,2013,HTI,1440.0,Haiti
8725,2012,HTI,1440.0,Haiti
8726,2011,HTI,1440.0,Haiti
8727,2010,HTI,1440.0,Haiti
8728,2009,HTI,1440.0,Haiti
8729,2008,HTI,1440.0,Haiti
8730,2007,HTI,1440.0,Haiti
8731,2006,HTI,1440.0,Haiti
8732,2005,HTI,1440.0,Haiti
8733,2004,HTI,1440.0,Haiti
8734,2003,HTI,1440.0,Haiti
8735,2002,HTI,1440.0,Haiti
8736,2001,HTI,1440.0,Haiti
8737,2000,HTI,1440.0,Haiti
8738,1999,HTI,1440.0,Haiti
8739,1998,HTI,1440.0,Haiti
8740,1997,HTI,1440.0,Haiti
8741,1996,HTI,1440.0,Haiti
8742,1995,HTI,1440.0,Haiti
8743,1994,HTI,1440.0,Haiti
8744,1993,HTI,1440.0,Haiti
8745,1992,HTI,1440.0,Haiti
8746,1991,HTI,1440.0,Haiti
8747,1990,HTI,1440.0,Haiti
8748,1989,HTI,1440.0,Haiti
8749,1988,HTI,1440.0,Haiti
8750,1987,HTI,1440.0,Haiti
8751,1986,HTI,1440.0,Haiti
8752,1985,HTI,1440.0,Haiti
8753,1984,HTI,1440.0,Haiti
8754,1983,HTI,1440.0,Haiti
8755,1982,HTI,1440.0,Haiti
8756,1981,HTI,1440.0,Haiti
8757,1980,HTI,1440.0,Haiti
8758,1979,HTI,1440.0,Haiti
8759,1978,HTI,1440.0,Haiti
8760,1977,HTI,1440.0,Haiti
8761,1976,HTI,1440.0,Haiti
8762,1975,HTI,1440.0,Haiti
8763,1974,HTI,1440.0,Haiti
8764,1973,HTI,1440.0,Haiti
8765,1972,HTI,1440.0,Haiti
8766,1971,HTI,1440.0,Haiti
8767,1970,HTI,1440.0,Haiti
8768,1969,HTI,1440.0,Haiti
8769,1968,HTI,1440.0,Haiti
8770,1967,HTI,1440.0,Haiti
8771,1966,HTI,1440.0,Haiti
8772,1965,HTI,1440.0,Haiti
8773,1964,HTI,1440.0,Haiti
8774,1963,HTI,1440.0,Haiti
8775,1962,HTI,1440.0,Haiti
8776,1961,HTI,1440.0,Haiti
8777,1960,HTI,,Haiti
8778,2025,HND,,Honduras
8779,2024,HND,,Honduras
8780,2023,HND,,Honduras
8781,2022,HND,1976.0,Honduras
8782,2021,HND,1976.0,Honduras
8783,2020,HND,1976.0,Honduras
8784,2019,HND,1976.0,Honduras
8785,2018,HND,1976.0,Honduras
8786,2017,HND,1976.0,Honduras
8787,2016,HND,1976.0,Honduras
8788,2015,HND,1976.0,Honduras
8789,2014,HND,1976.0,Honduras
8790,2013,HND,1976.0,Honduras
8791,2012,HND,1976.0,Honduras
8792,2011,HND,1976.0,Honduras
8793,2010,HND,1976.0,Honduras
8794,2009,HND,1976.0,Honduras
8795,2008,HND,1976.0,Honduras
8796,2007,HND,1976.0,Honduras
8797,2006,HND,1976.0,Honduras
8798,2005,HND,1976.0,Honduras
8799,2004,HND,1976.0,Honduras
8800,2003,HND,1976.0,Honduras
8801,2002,HND,1976.0,Honduras
8802,2001,HND,1976.0,Honduras
8803,2000,HND,1976.0,Honduras
8804,1999,HND,1976.0,Honduras
8805,1998,HND,1976.0,Honduras
8806,1997,HND,1976.0,Honduras
8807,1996,HND,1976.0,Honduras
8808,1995,HND,1976.0,Honduras
8809,1994,HND,1976.0,Honduras
8810,1993,HND,1976.0,Honduras
8811,1992,HND,1976.0,Honduras
8812,1991,HND,1976.0,Honduras
8813,1990,HND,1976.0,Honduras
8814,1989,HND,1976.0,Honduras
8815,1988,HND,1976.0,Honduras
8816,1987,HND,1976.0,Honduras
8817,1986,HND,1976.0,Honduras
8818,1985,HND,1976.0,Honduras
8819,1984,HND,1976.0,Honduras
8820,1983,HND,1976.0,Honduras
8821,1982,HND,1976.0,Honduras
8822,1981,HND,1976.0,Honduras
8823,1980,HND,1976.0,Honduras
8824,1979,HND,1976.0,Honduras
8825,1978,HND,1976.0,Honduras
8826,1977,HND,1976.0,Honduras
8827,1976,HND,1976.0,Honduras
8828,1975,HND,1976.0,Honduras
8829,1974,HND,1976.0,Honduras
8830,1973,HND,1976.0,Honduras
8831,1972,HND,1976.0,Honduras
8832,1971,HND,1976.0,Honduras
8833,1970,HND,1976.0,Honduras
8834,1969,HND,1976.0,Honduras
8835,1968,HND,1976.0,Honduras
8836,1967,HND,1976.0,Honduras
8837,1966,HND,1976.0,Honduras
8838,1965,HND,1976.0,Honduras
8839,1964,HND,1976.0,Honduras
8840,1963,HND,1976.0,Honduras
8841,1962,HND,1976.0,Honduras
8842,1961,HND,1976.0,Honduras
8843,1960,HND,,Honduras
8844,2025,HKG,,"Hong Kong SAR, China"
8845,2024,HKG,,"Hong Kong SAR, China"
8846,2023,HKG,,"Hong Kong SAR, China"
8847,2022,HKG,,"Hong Kong SAR, China"
8848,2021,HKG,,"Hong Kong SAR, China"
8849,2020,HKG,,"Hong Kong SAR, China"
8850,2019,HKG,,"Hong Kong SAR, China"
8851,2018,HKG,,"Hong Kong SAR, China"
8852,2017,HKG,,"Hong Kong SAR, China"
8853,2016,HKG,,"Hong Kong SAR, China"
8854,2015,HKG,,"Hong Kong SAR, China"
8855,2014,HKG,,"Hong Kong SAR, China"
8856,2013,HKG,,"Hong Kong SAR, China"
8857,2012,HKG,,"Hong Kong SAR, China"
8858,2011,HKG,,"Hong Kong SAR, China"
8859,2010,HKG,,"Hong Kong SAR, China"
8860,2009,HKG,,"Hong Kong SAR, China"
8861,2008,HKG,,"Hong Kong SAR, China"
8862,2007,HKG,,"Hong Kong SAR, China"
8863,2006,HKG,,"Hong Kong SAR, China"
8864,2005,HKG,,"Hong Kong SAR, China"
8865,2004,HKG,,"Hong Kong SAR, China"
8866,2003,HKG,,"Hong Kong SAR, China"
8867,2002,HKG,,"Hong Kong SAR, China"
8868,2001,HKG,,"Hong Kong SAR, China"
8869,2000,HKG,,"Hong Kong SAR, China"
8870,1999,HKG,,"Hong Kong SAR, China"
8871,1998,HKG,,"Hong Kong SAR, China"
8872,1997,HKG,,"Hong Kong SAR, China"
8873,1996,HKG,,"Hong Kong SAR, China"
8874,1995,HKG,,"Hong Kong SAR, China"
8875,1994,HKG,,"Hong Kong SAR, China"
8876,1993,HKG,,"Hong Kong SAR, China"
8877,1992,HKG,,"Hong Kong SAR, China"
8878,1991,HKG,,"Hong Kong SAR, China"
8879,1990,HKG,,"Hong Kong SAR, China"
8880,1989,HKG,,"Hong Kong SAR, China"
8881,1988,HKG,,"Hong Kong SAR, China"
8882,1987,HKG,,"Hong Kong SAR, China"
8883,1986,HKG,,"Hong Kong SAR, China"
8884,1985,HKG,,"Hong Kong SAR, China"
8885,1984,HKG,,"Hong Kong SAR, China"
8886,1983,HKG,,"Hong Kong SAR, China"
8887,1982,HKG,,"Hong Kong SAR, China"
8888,1981,HKG,,"Hong Kong SAR, China"
8889,1980,HKG,,"Hong Kong SAR, China"
8890,1979,HKG,,"Hong Kong SAR, China"
8891,1978,HKG,,"Hong Kong SAR, China"
8892,1977,HKG,,"Hong Kong SAR, China"
8893,1976,HKG,,"Hong Kong SAR, China"
8894,1975,HKG,,"Hong Kong SAR, China"
8895,1974,HKG,,"Hong Kong SAR, China"
8896,1973,HKG,,"Hong Kong SAR, China"
8897,1972,HKG,,"Hong Kong SAR, China"
8898,1971,HKG,,"Hong Kong SAR, China"
8899,1970,HKG,,"Hong Kong SAR, China"
8900,1969,HKG,,"Hong Kong SAR, China"
8901,1968,HKG,,"Hong Kong SAR, China"
8902,1967,HKG,,"Hong Kong SAR, China"
8903,1966,HKG,,"Hong Kong SAR, China"
8904,1965,HKG,,"Hong Kong SAR, China"
8905,1964,HKG,,"Hong Kong SAR, China"
8906,1963,HKG,,"Hong Kong SAR, China"
8907,1962,HKG,,"Hong Kong SAR, China"
8908,1961,HKG,,"Hong Kong SAR, China"
8909,1960,HKG,,"Hong Kong SAR, China"
8910,2025,HUN,,Hungary
8911,2024,HUN,,Hungary
8912,2023,HUN,,Hungary
8913,2022,HUN,589.0,Hungary
8914,2021,HUN,589.0,Hungary
8915,2020,HUN,589.0,Hungary
8916,2019,HUN,589.0,Hungary
8917,2018,HUN,589.0,Hungary
8918,2017,HUN,589.0,Hungary
8919,2016,HUN,589.0,Hungary
8920,2015,HUN,589.0,Hungary
8921,2014,HUN,589.0,Hungary
8922,2013,HUN,589.0,Hungary
8923,2012,HUN,589.0,Hungary
8924,2011,HUN,589.0,Hungary
8925,2010,HUN,589.0,Hungary
8926,2009,HUN,589.0,Hungary
8927,2008,HUN,589.0,Hungary
8928,2007,HUN,589.0,Hungary
8929,2006,HUN,589.0,Hungary
8930,2005,HUN,589.0,Hungary
8931,2004,HUN,589.0,Hungary
8932,2003,HUN,589.0,Hungary
8933,2002,HUN,589.0,Hungary
8934,2001,HUN,589.0,Hungary
8935,2000,HUN,589.0,Hungary
8936,1999,HUN,589.0,Hungary
8937,1998,HUN,589.0,Hungary
8938,1997,HUN,589.0,Hungary
8939,1996,HUN,589.0,Hungary
8940,1995,HUN,589.0,Hungary
8941,1994,HUN,589.0,Hungary
8942,1993,HUN,589.0,Hungary
8943,1992,HUN,589.0,Hungary
8944,1991,HUN,589.0,Hungary
8945,1990,HUN,589.0,Hungary
8946,1989,HUN,589.0,Hungary
8947,1988,HUN,589.0,Hungary
8948,1987,HUN,589.0,Hungary
8949,1986,HUN,589.0,Hungary
8950,1985,HUN,589.0,Hungary
8951,1984,HUN,589.0,Hungary
8952,1983,HUN,589.0,Hungary
8953,1982,HUN,589.0,Hungary
8954,1981,HUN,589.0,Hungary
8955,1980,HUN,589.0,Hungary
8956,1979,HUN,589.0,Hungary
8957,1978,HUN,589.0,Hungary
8958,1977,HUN,589.0,Hungary
8959,1976,HUN,589.0,Hungary
8960,1975,HUN,589.0,Hungary
8961,1974,HUN,589.0,Hungary
8962,1973,HUN,589.0,Hungary
8963,1972,HUN,589.0,Hungary
8964,1971,HUN,589.0,Hungary
8965,1970,HUN,589.0,Hungary
8966,1969,HUN,589.0,Hungary
8967,1968,HUN,589.0,Hungary
8968,1967,HUN,589.0,Hungary
8969,1966,HUN,589.0,Hungary
8970,1965,HUN,589.0,Hungary
8971,1964,HUN,589.0,Hungary
8972,1963,HUN,589.0,Hungary
8973,1962,HUN,589.0,Hungary
8974,1961,HUN,589.0,Hungary
8975,1960,HUN,,Hungary
8976,2025,ISL,,Iceland
8977,2024,ISL,,Iceland
8978,2023,ISL,,Iceland
8979,2022,ISL,1940.0,Iceland
8980,2021,ISL,1940.0,Iceland
8981,2020,ISL,1940.0,Iceland
8982,2019,ISL,1940.0,Iceland
8983,2018,ISL,1940.0,Iceland
8984,2017,ISL,1940.0,Iceland
8985,2016,ISL,1940.0,Iceland
8986,2015,ISL,1940.0,Iceland
8987,2014,ISL,1940.0,Iceland
8988,2013,ISL,1940.0,Iceland
8989,2012,ISL,1940.0,Iceland
8990,2011,ISL,1940.0,Iceland
8991,2010,ISL,1940.0,Iceland
8992,2009,ISL,1940.0,Iceland
8993,2008,ISL,1940.0,Iceland
8994,2007,ISL,1940.0,Iceland
8995,2006,ISL,1940.0,Iceland
8996,2005,ISL,1940.0,Iceland
8997,2004,ISL,1940.0,Iceland
8998,2003,ISL,1940.0,Iceland
8999,2002,ISL,1940.0,Iceland
9000,2001,ISL,1940.0,Iceland
9001,2000,ISL,1940.0,Iceland
9002,1999,ISL,1940.0,Iceland
9003,1998,ISL,1940.0,Iceland
9004,1997,ISL,1940.0,Iceland
9005,1996,ISL,1940.0,Iceland
9006,1995,ISL,1940.0,Iceland
9007,1994,ISL,1940.0,Iceland
9008,1993,ISL,1940.0,Iceland
9009,1992,ISL,1940.0,Iceland
9010,1991,ISL,1940.0,Iceland
9011,1990,ISL,1940.0,Iceland
9012,1989,ISL,1940.0,Iceland
9013,1988,ISL,1940.0,Iceland
9014,1987,ISL,1940.0,Iceland
9015,1986,ISL,1940.0,Iceland
9016,1985,ISL,1940.0,Iceland
9017,1984,ISL,1940.0,Iceland
9018,1983,ISL,1940.0,Iceland
9019,1982,ISL,1940.0,Iceland
9020,1981,ISL,1940.0,Iceland
9021,1980,ISL,1940.0,Iceland
9022,1979,ISL,1940.0,Iceland
9023,1978,ISL,1940.0,Iceland
9024,1977,ISL,1940.0,Iceland
9025,1976,ISL,1940.0,Iceland
9026,1975,ISL,1940.0,Iceland
9027,1974,ISL,1940.0,Iceland
9028,1973,ISL,1940.0,Iceland
9029,1972,ISL,1940.0,Iceland
9030,1971,ISL,1940.0,Iceland
9031,1970,ISL,1940.0,Iceland
9032,1969,ISL,1940.0,Iceland
9033,1968,ISL,1940.0,Iceland
9034,1967,ISL,1940.0,Iceland
9035,1966,ISL,1940.0,Iceland
9036,1965,ISL,1940.0,Iceland
9037,1964,ISL,1940.0,Iceland
9038,1963,ISL,1940.0,Iceland
9039,1962,ISL,1940.0,Iceland
9040,1961,ISL,1940.0,Iceland
9041,1960,ISL,,Iceland
9042,2025,IND,,India
9043,2024,IND,,India
9044,2023,IND,,India
9045,2022,IND,1083.0,India
9046,2021,IND,1083.0,India
9047,2020,IND,1083.0,India
9048,2019,IND,1083.0,India
9049,2018,IND,1083.0,India
9050,2017,IND,1083.0,India
9051,2016,IND,1083.0,India
9052,2015,IND,1083.0,India
9053,2014,IND,1083.0,India
9054,2013,IND,1083.0,India
9055,2012,IND,1083.0,India
9056,2011,IND,1083.0,India
9057,2010,IND,1083.0,India
9058,2009,IND,1083.0,India
9059,2008,IND,1083.0,India
9060,2007,IND,1083.0,India
9061,2006,IND,1083.0,India
9062,2005,IND,1083.0,India
9063,2004,IND,1083.0,India
9064,2003,IND,1083.0,India
9065,2002,IND,1083.0,India
9066,2001,IND,1083.0,India
9067,2000,IND,1083.0,India
9068,1999,IND,1083.0,India
9069,1998,IND,1083.0,India
9070,1997,IND,1083.0,India
9071,1996,IND,1083.0,India
9072,1995,IND,1083.0,India
9073,1994,IND,1083.0,India
9074,1993,IND,1083.0,India
9075,1992,IND,1083.0,India
9076,1991,IND,1083.0,India
9077,1990,IND,1083.0,India
9078,1989,IND,1083.0,India
9079,1988,IND,1083.0,India
9080,1987,IND,1083.0,India
9081,1986,IND,1083.0,India
9082,1985,IND,1083.0,India
9083,1984,IND,1083.0,India
9084,1983,IND,1083.0,India
9085,1982,IND,1083.0,India
9086,1981,IND,1083.0,India
9087,1980,IND,1083.0,India
9088,1979,IND,1083.0,India
9089,1978,IND,1083.0,India
9090,1977,IND,1083.0,India
9091,1976,IND,1083.0,India
9092,1975,IND,1083.0,India
9093,1974,IND,1083.0,India
9094,1973,IND,1083.0,India
9095,1972,IND,1083.0,India
9096,1971,IND,1083.0,India
9097,1970,IND,1083.0,India
9098,1969,IND,1083.0,India
9099,1968,IND,1083.0,India
9100,1967,IND,1083.0,India
9101,1966,IND,1083.0,India
9102,1965,IND,1083.0,India
9103,1964,IND,1083.0,India
9104,1963,IND,1083.0,India
9105,1962,IND,1083.0,India
9106,1961,IND,1083.0,India
9107,1960,IND,,India
9108,2025,IDN,,Indonesia
9109,2024,IDN,,Indonesia
9110,2023,IDN,,Indonesia
9111,2022,IDN,2702.0,Indonesia
9112,2021,IDN,2702.0,Indonesia
9113,2020,IDN,2702.0,Indonesia
9114,2019,IDN,2702.0,Indonesia
9115,2018,IDN,2702.0,Indonesia
9116,2017,IDN,2702.0,Indonesia
9117,2016,IDN,2702.0,Indonesia
9118,2015,IDN,2702.0,Indonesia
9119,2014,IDN,2702.0,Indonesia
9120,2013,IDN,2702.0,Indonesia
9121,2012,IDN,2702.0,Indonesia
9122,2011,IDN,2702.0,Indonesia
9123,2010,IDN,2702.0,Indonesia
9124,2009,IDN,2702.0,Indonesia
9125,2008,IDN,2702.0,Indonesia
9126,2007,IDN,2702.0,Indonesia
9127,2006,IDN,2702.0,Indonesia
9128,2005,IDN,2702.0,Indonesia
9129,2004,IDN,2702.0,Indonesia
9130,2003,IDN,2702.0,Indonesia
9131,2002,IDN,2702.0,Indonesia
9132,2001,IDN,2702.0,Indonesia
9133,2000,IDN,2702.0,Indonesia
9134,1999,IDN,2702.0,Indonesia
9135,1998,IDN,2702.0,Indonesia
9136,1997,IDN,2702.0,Indonesia
9137,1996,IDN,2702.0,Indonesia
9138,1995,IDN,2702.0,Indonesia
9139,1994,IDN,2702.0,Indonesia
9140,1993,IDN,2702.0,Indonesia
9141,1992,IDN,2702.0,Indonesia
9142,1991,IDN,2702.0,Indonesia
9143,1990,IDN,2702.0,Indonesia
9144,1989,IDN,2702.0,Indonesia
9145,1988,IDN,2702.0,Indonesia
9146,1987,IDN,2702.0,Indonesia
9147,1986,IDN,2702.0,Indonesia
9148,1985,IDN,2702.0,Indonesia
9149,1984,IDN,2702.0,Indonesia
9150,1983,IDN,2702.0,Indonesia
9151,1982,IDN,2702.0,Indonesia
9152,1981,IDN,2702.0,Indonesia
9153,1980,IDN,2702.0,Indonesia
9154,1979,IDN,2702.0,Indonesia
9155,1978,IDN,2702.0,Indonesia
9156,1977,IDN,2702.0,Indonesia
9157,1976,IDN,2702.0,Indonesia
9158,1975,IDN,2702.0,Indonesia
9159,1974,IDN,2702.0,Indonesia
9160,1973,IDN,2702.0,Indonesia
9161,1972,IDN,2702.0,Indonesia
9162,1971,IDN,2702.0,Indonesia
9163,1970,IDN,2702.0,Indonesia
9164,1969,IDN,2702.0,Indonesia
9165,1968,IDN,2702.0,Indonesia
9166,1967,IDN,2702.0,Indonesia
9167,1966,IDN,2702.0,Indonesia
9168,1965,IDN,2702.0,Indonesia
9169,1964,IDN,2702.0,Indonesia
9170,1963,IDN,2702.0,Indonesia
9171,1962,IDN,2702.0,Indonesia
9172,1961,IDN,2702.0,Indonesia
9173,1960,IDN,,Indonesia
9174,2025,IRN,,"Iran, Islamic Rep."
9175,2024,IRN,,"Iran, Islamic Rep."
9176,2023,IRN,,"Iran, Islamic Rep."
9177,2022,IRN,228.0,"Iran, Islamic Rep."
9178,2021,IRN,228.0,"Iran, Islamic Rep."
9179,2020,IRN,228.0,"Iran, Islamic Rep."
9180,2019,IRN,228.0,"Iran, Islamic Rep."
9181,2018,IRN,228.0,"Iran, Islamic Rep."
9182,2017,IRN,228.0,"Iran, Islamic Rep."
9183,2016,IRN,228.0,"Iran, Islamic Rep."
9184,2015,IRN,228.0,"Iran, Islamic Rep."
9185,2014,IRN,228.0,"Iran, Islamic Rep."
9186,2013,IRN,228.0,"Iran, Islamic Rep."
9187,2012,IRN,228.0,"Iran, Islamic Rep."
9188,2011,IRN,228.0,"Iran, Islamic Rep."
9189,2010,IRN,228.0,"Iran, Islamic Rep."
9190,2009,IRN,228.0,"Iran, Islamic Rep."
9191,2008,IRN,228.0,"Iran, Islamic Rep."
9192,2007,IRN,228.0,"Iran, Islamic Rep."
9193,2006,IRN,228.0,"Iran, Islamic Rep."
9194,2005,IRN,228.0,"Iran, Islamic Rep."
9195,2004,IRN,228.0,"Iran, Islamic Rep."
9196,2003,IRN,228.0,"Iran, Islamic Rep."
9197,2002,IRN,228.0,"Iran, Islamic Rep."
9198,2001,IRN,228.0,"Iran, Islamic Rep."
9199,2000,IRN,228.0,"Iran, Islamic Rep."
9200,1999,IRN,228.0,"Iran, Islamic Rep."
9201,1998,IRN,228.0,"Iran, Islamic Rep."
9202,1997,IRN,228.0,"Iran, Islamic Rep."
9203,1996,IRN,228.0,"Iran, Islamic Rep."
9204,1995,IRN,228.0,"Iran, Islamic Rep."
9205,1994,IRN,228.0,"Iran, Islamic Rep."
9206,1993,IRN,228.0,"Iran, Islamic Rep."
9207,1992,IRN,228.0,"Iran, Islamic Rep."
9208,1991,IRN,228.0,"Iran, Islamic Rep."
9209,1990,IRN,228.0,"Iran, Islamic Rep."
9210,1989,IRN,228.0,"Iran, Islamic Rep."
9211,1988,IRN,228.0,"Iran, Islamic Rep."
9212,1987,IRN,228.0,"Iran, Islamic Rep."
9213,1986,IRN,228.0,"Iran, Islamic Rep."
9214,1985,IRN,228.0,"Iran, Islamic Rep."
9215,1984,IRN,228.0,"Iran, Islamic Rep."
9216,1983,IRN,228.0,"Iran, Islamic Rep."
9217,1982,IRN,228.0,"Iran, Islamic Rep."
9218,1981,IRN,228.0,"Iran, Islamic Rep."
9219,1980,IRN,228.0,"Iran, Islamic Rep."
9220,1979,IRN,228.0,"Iran, Islamic Rep."
9221,1978,IRN,228.0,"Iran, Islamic Rep."
9222,1977,IRN,228.0,"Iran, Islamic Rep."
9223,1976,IRN,228.0,"Iran, Islamic Rep."
9224,1975,IRN,228.0,"Iran, Islamic Rep."
9225,1974,IRN,228.0,"Iran, Islamic Rep."
9226,1973,IRN,228.0,"Iran, Islamic Rep."
9227,1972,IRN,228.0,"Iran, Islamic Rep."
9228,1971,IRN,228.0,"Iran, Islamic Rep."
9229,1970,IRN,228.0,"Iran, Islamic Rep."
9230,1969,IRN,228.0,"Iran, Islamic Rep."
9231,1968,IRN,228.0,"Iran, Islamic Rep."
9232,1967,IRN,228.0,"Iran, Islamic Rep."
9233,1966,IRN,228.0,"Iran, Islamic Rep."
9234,1965,IRN,228.0,"Iran, Islamic Rep."
9235,1964,IRN,228.0,"Iran, Islamic Rep."
9236,1963,IRN,228.0,"Iran, Islamic Rep."
9237,1962,IRN,228.0,"Iran, Islamic Rep."
9238,1961,IRN,228.0,"Iran, Islamic Rep."
9239,1960,IRN,,"Iran, Islamic Rep."
9240,2025,IRQ,,Iraq
9241,2024,IRQ,,Iraq
9242,2023,IRQ,,Iraq
9243,2022,IRQ,216.0,Iraq
9244,2021,IRQ,216.0,Iraq
9245,2020,IRQ,216.0,Iraq
9246,2019,IRQ,216.0,Iraq
9247,2018,IRQ,216.0,Iraq
9248,2017,IRQ,216.0,Iraq
9249,2016,IRQ,216.0,Iraq
9250,2015,IRQ,216.0,Iraq
9251,2014,IRQ,216.0,Iraq
9252,2013,IRQ,216.0,Iraq
9253,2012,IRQ,216.0,Iraq
9254,2011,IRQ,216.0,Iraq
9255,2010,IRQ,216.0,Iraq
9256,2009,IRQ,216.0,Iraq
9257,2008,IRQ,216.0,Iraq
9258,2007,IRQ,216.0,Iraq
9259,2006,IRQ,216.0,Iraq
9260,2005,IRQ,216.0,Iraq
9261,2004,IRQ,216.0,Iraq
9262,2003,IRQ,216.0,Iraq
9263,2002,IRQ,216.0,Iraq
9264,2001,IRQ,216.0,Iraq
9265,2000,IRQ,216.0,Iraq
9266,1999,IRQ,216.0,Iraq
9267,1998,IRQ,216.0,Iraq
9268,1997,IRQ,216.0,Iraq
9269,1996,IRQ,216.0,Iraq
9270,1995,IRQ,216.0,Iraq
9271,1994,IRQ,216.0,Iraq
9272,1993,IRQ,216.0,Iraq
9273,1992,IRQ,216.0,Iraq
9274,1991,IRQ,216.0,Iraq
9275,1990,IRQ,216.0,Iraq
9276,1989,IRQ,216.0,Iraq
9277,1988,IRQ,216.0,Iraq
9278,1987,IRQ,216.0,Iraq
9279,1986,IRQ,216.0,Iraq
9280,1985,IRQ,216.0,Iraq
9281,1984,IRQ,216.0,Iraq
9282,1983,IRQ,216.0,Iraq
9283,1982,IRQ,216.0,Iraq
9284,1981,IRQ,216.0,Iraq
9285,1980,IRQ,216.0,Iraq
9286,1979,IRQ,216.0,Iraq
9287,1978,IRQ,216.0,Iraq
9288,1977,IRQ,216.0,Iraq
9289,1976,IRQ,216.0,Iraq
9290,1975,IRQ,216.0,Iraq
9291,1974,IRQ,216.0,Iraq
9292,1973,IRQ,216.0,Iraq
9293,1972,IRQ,216.0,Iraq
9294,1971,IRQ,216.0,Iraq
9295,1970,IRQ,216.0,Iraq
9296,1969,IRQ,216.0,Iraq
9297,1968,IRQ,216.0,Iraq
9298,1967,IRQ,216.0,Iraq
9299,1966,IRQ,216.0,Iraq
9300,1965,IRQ,216.0,Iraq
9301,1964,IRQ,216.0,Iraq
9302,1963,IRQ,216.0,Iraq
9303,1962,IRQ,216.0,Iraq
9304,1961,IRQ,216.0,Iraq
9305,1960,IRQ,,Iraq
9306,2025,IRL,,Ireland
9307,2024,IRL,,Ireland
9308,2023,IRL,,Ireland
9309,2022,IRL,1118.0,Ireland
9310,2021,IRL,1118.0,Ireland
9311,2020,IRL,1118.0,Ireland
9312,2019,IRL,1118.0,Ireland
9313,2018,IRL,1118.0,Ireland
9314,2017,IRL,1118.0,Ireland
9315,2016,IRL,1118.0,Ireland
9316,2015,IRL,1118.0,Ireland
9317,2014,IRL,1118.0,Ireland
9318,2013,IRL,1118.0,Ireland
9319,2012,IRL,1118.0,Ireland
9320,2011,IRL,1118.0,Ireland
9321,2010,IRL,1118.0,Ireland
9322,2009,IRL,1118.0,Ireland
9323,2008,IRL,1118.0,Ireland
9324,2007,IRL,1118.0,Ireland
9325,2006,IRL,1118.0,Ireland
9326,2005,IRL,1118.0,Ireland
9327,2004,IRL,1118.0,Ireland
9328,2003,IRL,1118.0,Ireland
9329,2002,IRL,1118.0,Ireland
9330,2001,IRL,1118.0,Ireland
9331,2000,IRL,1118.0,Ireland
9332,1999,IRL,1118.0,Ireland
9333,1998,IRL,1118.0,Ireland
9334,1997,IRL,1118.0,Ireland
9335,1996,IRL,1118.0,Ireland
9336,1995,IRL,1118.0,Ireland
9337,1994,IRL,1118.0,Ireland
9338,1993,IRL,1118.0,Ireland
9339,1992,IRL,1118.0,Ireland
9340,1991,IRL,1118.0,Ireland
9341,1990,IRL,1118.0,Ireland
9342,1989,IRL,1118.0,Ireland
9343,1988,IRL,1118.0,Ireland
9344,1987,IRL,1118.0,Ireland
9345,1986,IRL,1118.0,Ireland
9346,1985,IRL,1118.0,Ireland
9347,1984,IRL,1118.0,Ireland
9348,1983,IRL,1118.0,Ireland
9349,1982,IRL,1118.0,Ireland
9350,1981,IRL,1118.0,Ireland
9351,1980,IRL,1118.0,Ireland
9352,1979,IRL,1118.0,Ireland
9353,1978,IRL,1118.0,Ireland
9354,1977,IRL,1118.0,Ireland
9355,1976,IRL,1118.0,Ireland
9356,1975,IRL,1118.0,Ireland
9357,1974,IRL,1118.0,Ireland
9358,1973,IRL,1118.0,Ireland
9359,1972,IRL,1118.0,Ireland
9360,1971,IRL,1118.0,Ireland
9361,1970,IRL,1118.0,Ireland
9362,1969,IRL,1118.0,Ireland
9363,1968,IRL,1118.0,Ireland
9364,1967,IRL,1118.0,Ireland
9365,1966,IRL,1118.0,Ireland
9366,1965,IRL,1118.0,Ireland
9367,1964,IRL,1118.0,Ireland
9368,1963,IRL,1118.0,Ireland
9369,1962,IRL,1118.0,Ireland
9370,1961,IRL,1118.0,Ireland
9371,1960,IRL,,Ireland
9372,2025,IMN,,Isle of Man
9373,2024,IMN,,Isle of Man
9374,2023,IMN,,Isle of Man
9375,2022,IMN,,Isle of Man
9376,2021,IMN,,Isle of Man
9377,2020,IMN,,Isle of Man
9378,2019,IMN,,Isle of Man
9379,2018,IMN,,Isle of Man
9380,2017,IMN,,Isle of Man
9381,2016,IMN,,Isle of Man
9382,2015,IMN,,Isle of Man
9383,2014,IMN,,Isle of Man
9384,2013,IMN,,Isle of Man
9385,2012,IMN,,Isle of Man
9386,2011,IMN,,Isle of Man
9387,2010,IMN,,Isle of Man
9388,2009,IMN,,Isle of Man
9389,2008,IMN,,Isle of Man
9390,2007,IMN,,Isle of Man
9391,2006,IMN,,Isle of Man
9392,2005,IMN,,Isle of Man
9393,2004,IMN,,Isle of Man
9394,2003,IMN,,Isle of Man
9395,2002,IMN,,Isle of Man
9396,2001,IMN,,Isle of Man
9397,2000,IMN,,Isle of Man
9398,1999,IMN,,Isle of Man
9399,1998,IMN,,Isle of Man
9400,1997,IMN,,Isle of Man
9401,1996,IMN,,Isle of Man
9402,1995,IMN,,Isle of Man
9403,1994,IMN,,Isle of Man
9404,1993,IMN,,Isle of Man
9405,1992,IMN,,Isle of Man
9406,1991,IMN,,Isle of Man
9407,1990,IMN,,Isle of Man
9408,1989,IMN,,Isle of Man
9409,1988,IMN,,Isle of Man
9410,1987,IMN,,Isle of Man
9411,1986,IMN,,Isle of Man
9412,1985,IMN,,Isle of Man
9413,1984,IMN,,Isle of Man
9414,1983,IMN,,Isle of Man
9415,1982,IMN,,Isle of Man
9416,1981,IMN,,Isle of Man
9417,1980,IMN,,Isle of Man
9418,1979,IMN,,Isle of Man
9419,1978,IMN,,Isle of Man
9420,1977,IMN,,Isle of Man
9421,1976,IMN,,Isle of Man
9422,1975,IMN,,Isle of Man
9423,1974,IMN,,Isle of Man
9424,1973,IMN,,Isle of Man
9425,1972,IMN,,Isle of Man
9426,1971,IMN,,Isle of Man
9427,1970,IMN,,Isle of Man
9428,1969,IMN,,Isle of Man
9429,1968,IMN,,Isle of Man
9430,1967,IMN,,Isle of Man
9431,1966,IMN,,Isle of Man
9432,1965,IMN,,Isle of Man
9433,1964,IMN,,Isle of Man
9434,1963,IMN,,Isle of Man
9435,1962,IMN,,Isle of Man
9436,1961,IMN,,Isle of Man
9437,1960,IMN,,Isle of Man
9438,2025,ISR,,Israel
9439,2024,ISR,,Israel
9440,2023,ISR,,Israel
9441,2022,ISR,,Israel
9442,2021,ISR,435.0,Israel
9443,2020,ISR,435.0,Israel
9444,2019,ISR,435.0,Israel
9445,2018,ISR,435.0,Israel
9446,2017,ISR,435.0,Israel
9447,2016,ISR,435.0,Israel
9448,2015,ISR,435.0,Israel
9449,2014,ISR,435.0,Israel
9450,2013,ISR,435.0,Israel
9451,2012,ISR,435.0,Israel
9452,2011,ISR,435.0,Israel
9453,2010,ISR,435.0,Israel
9454,2009,ISR,435.0,Israel
9455,2008,ISR,435.0,Israel
9456,2007,ISR,435.0,Israel
9457,2006,ISR,435.0,Israel
9458,2005,ISR,435.0,Israel
9459,2004,ISR,435.0,Israel
9460,2003,ISR,435.0,Israel
9461,2002,ISR,435.0,Israel
9462,2001,ISR,435.0,Israel
9463,2000,ISR,435.0,Israel
9464,1999,ISR,435.0,Israel
9465,1998,ISR,435.0,Israel
9466,1997,ISR,435.0,Israel
9467,1996,ISR,435.0,Israel
9468,1995,ISR,435.0,Israel
9469,1994,ISR,435.0,Israel
9470,1993,ISR,435.0,Israel
9471,1992,ISR,435.0,Israel
9472,1991,ISR,435.0,Israel
9473,1990,ISR,435.0,Israel
9474,1989,ISR,435.0,Israel
9475,1988,ISR,435.0,Israel
9476,1987,ISR,435.0,Israel
9477,1986,ISR,435.0,Israel
9478,1985,ISR,435.0,Israel
9479,1984,ISR,435.0,Israel
9480,1983,ISR,435.0,Israel
9481,1982,ISR,435.0,Israel
9482,1981,ISR,435.0,Israel
9483,1980,ISR,435.0,Israel
9484,1979,ISR,435.0,Israel
9485,1978,ISR,435.0,Israel
9486,1977,ISR,435.0,Israel
9487,1976,ISR,435.0,Israel
9488,1975,ISR,435.0,Israel
9489,1974,ISR,435.0,Israel
9490,1973,ISR,435.0,Israel
9491,1972,ISR,435.0,Israel
9492,1971,ISR,435.0,Israel
9493,1970,ISR,435.0,Israel
9494,1969,ISR,435.0,Israel
9495,1968,ISR,435.0,Israel
9496,1967,ISR,435.0,Israel
9497,1966,ISR,435.0,Israel
9498,1965,ISR,435.0,Israel
9499,1964,ISR,435.0,Israel
9500,1963,ISR,435.0,Israel
9501,1962,ISR,435.0,Israel
9502,1961,ISR,435.0,Israel
9503,1960,ISR,,Israel
9504,2025,ITA,,Italy
9505,2024,ITA,,Italy
9506,2023,ITA,,Italy
9507,2022,ITA,832.0,Italy
9508,2021,ITA,832.0,Italy
9509,2020,ITA,832.0,Italy
9510,2019,ITA,832.0,Italy
9511,2018,ITA,832.0,Italy
9512,2017,ITA,832.0,Italy
9513,2016,ITA,832.0,Italy
9514,2015,ITA,832.0,Italy
9515,2014,ITA,832.0,Italy
9516,2013,ITA,832.0,Italy
9517,2012,ITA,832.0,Italy
9518,2011,ITA,832.0,Italy
9519,2010,ITA,832.0,Italy
9520,2009,ITA,832.0,Italy
9521,2008,ITA,832.0,Italy
9522,2007,ITA,832.0,Italy
9523,2006,ITA,832.0,Italy
9524,2005,ITA,832.0,Italy
9525,2004,ITA,832.0,Italy
9526,2003,ITA,832.0,Italy
9527,2002,ITA,832.0,Italy
9528,2001,ITA,832.0,Italy
9529,2000,ITA,832.0,Italy
9530,1999,ITA,832.0,Italy
9531,1998,ITA,832.0,Italy
9532,1997,ITA,832.0,Italy
9533,1996,ITA,832.0,Italy
9534,1995,ITA,832.0,Italy
9535,1994,ITA,832.0,Italy
9536,1993,ITA,832.0,Italy
9537,1992,ITA,832.0,Italy
9538,1991,ITA,832.0,Italy
9539,1990,ITA,832.0,Italy
9540,1989,ITA,832.0,Italy
9541,1988,ITA,832.0,Italy
9542,1987,ITA,832.0,Italy
9543,1986,ITA,832.0,Italy
9544,1985,ITA,832.0,Italy
9545,1984,ITA,832.0,Italy
9546,1983,ITA,832.0,Italy
9547,1982,ITA,832.0,Italy
9548,1981,ITA,832.0,Italy
9549,1980,ITA,832.0,Italy
9550,1979,ITA,832.0,Italy
9551,1978,ITA,832.0,Italy
9552,1977,ITA,832.0,Italy
9553,1976,ITA,832.0,Italy
9554,1975,ITA,832.0,Italy
9555,1974,ITA,832.0,Italy
9556,1973,ITA,832.0,Italy
9557,1972,ITA,832.0,Italy
9558,1971,ITA,832.0,Italy
9559,1970,ITA,832.0,Italy
9560,1969,ITA,832.0,Italy
9561,1968,ITA,832.0,Italy
9562,1967,ITA,832.0,Italy
9563,1966,ITA,832.0,Italy
9564,1965,ITA,832.0,Italy
9565,1964,ITA,832.0,Italy
9566,1963,ITA,832.0,Italy
9567,1962,ITA,832.0,Italy
9568,1961,ITA,832.0,Italy
9569,1960,ITA,,Italy
9570,2025,JAM,,Jamaica
9571,2024,JAM,,Jamaica
9572,2023,JAM,,Jamaica
9573,2022,JAM,2051.0,Jamaica
9574,2021,JAM,2051.0,Jamaica
9575,2020,JAM,2051.0,Jamaica
9576,2019,JAM,2051.0,Jamaica
9577,2018,JAM,2051.0,Jamaica
9578,2017,JAM,2051.0,Jamaica
9579,2016,JAM,2051.0,Jamaica
9580,2015,JAM,2051.0,Jamaica
9581,2014,JAM,2051.0,Jamaica
9582,2013,JAM,2051.0,Jamaica
9583,2012,JAM,2051.0,Jamaica
9584,2011,JAM,2051.0,Jamaica
9585,2010,JAM,2051.0,Jamaica
9586,2009,JAM,2051.0,Jamaica
9587,2008,JAM,2051.0,Jamaica
9588,2007,JAM,2051.0,Jamaica
9589,2006,JAM,2051.0,Jamaica
9590,2005,JAM,2051.0,Jamaica
9591,2004,JAM,2051.0,Jamaica
9592,2003,JAM,2051.0,Jamaica
9593,2002,JAM,2051.0,Jamaica
9594,2001,JAM,2051.0,Jamaica
9595,2000,JAM,2051.0,Jamaica
9596,1999,JAM,2051.0,Jamaica
9597,1998,JAM,2051.0,Jamaica
9598,1997,JAM,2051.0,Jamaica
9599,1996,JAM,2051.0,Jamaica
9600,1995,JAM,2051.0,Jamaica
9601,1994,JAM,2051.0,Jamaica
9602,1993,JAM,2051.0,Jamaica
9603,1992,JAM,2051.0,Jamaica
9604,1991,JAM,2051.0,Jamaica
9605,1990,JAM,2051.0,Jamaica
9606,1989,JAM,2051.0,Jamaica
9607,1988,JAM,2051.0,Jamaica
9608,1987,JAM,2051.0,Jamaica
9609,1986,JAM,2051.0,Jamaica
9610,1985,JAM,2051.0,Jamaica
9611,1984,JAM,2051.0,Jamaica
9612,1983,JAM,2051.0,Jamaica
9613,1982,JAM,2051.0,Jamaica
9614,1981,JAM,2051.0,Jamaica
9615,1980,JAM,2051.0,Jamaica
9616,1979,JAM,2051.0,Jamaica
9617,1978,JAM,2051.0,Jamaica
9618,1977,JAM,2051.0,Jamaica
9619,1976,JAM,2051.0,Jamaica
9620,1975,JAM,2051.0,Jamaica
9621,1974,JAM,2051.0,Jamaica
9622,1973,JAM,2051.0,Jamaica
9623,1972,JAM,2051.0,Jamaica
9624,1971,JAM,2051.0,Jamaica
9625,1970,JAM,2051.0,Jamaica
9626,1969,JAM,2051.0,Jamaica
9627,1968,JAM,2051.0,Jamaica
9628,1967,JAM,2051.0,Jamaica
9629,1966,JAM,2051.0,Jamaica
9630,1965,JAM,2051.0,Jamaica
9631,1964,JAM,2051.0,Jamaica
9632,1963,JAM,2051.0,Jamaica
9633,1962,JAM,2051.0,Jamaica
9634,1961,JAM,2051.0,Jamaica
9635,1960,JAM,,Jamaica
9636,2025,JPN,,Japan
9637,2024,JPN,,Japan
9638,2023,JPN,,Japan
9639,2022,JPN,1668.0,Japan
9640,2021,JPN,1668.0,Japan
9641,2020,JPN,1668.0,Japan
9642,2019,JPN,1668.0,Japan
9643,2018,JPN,1668.0,Japan
9644,2017,JPN,1668.0,Japan
9645,2016,JPN,1668.0,Japan
9646,2015,JPN,1668.0,Japan
9647,2014,JPN,1668.0,Japan
9648,2013,JPN,1668.0,Japan
9649,2012,JPN,1668.0,Japan
9650,2011,JPN,1668.0,Japan
9651,2010,JPN,1668.0,Japan
9652,2009,JPN,1668.0,Japan
9653,2008,JPN,1668.0,Japan
9654,2007,JPN,1668.0,Japan
9655,2006,JPN,1668.0,Japan
9656,2005,JPN,1668.0,Japan
9657,2004,JPN,1668.0,Japan
9658,2003,JPN,1668.0,Japan
9659,2002,JPN,1668.0,Japan
9660,2001,JPN,1668.0,Japan
9661,2000,JPN,1668.0,Japan
9662,1999,JPN,1668.0,Japan
9663,1998,JPN,1668.0,Japan
9664,1997,JPN,1668.0,Japan
9665,1996,JPN,1668.0,Japan
9666,1995,JPN,1668.0,Japan
9667,1994,JPN,1668.0,Japan
9668,1993,JPN,1668.0,Japan
9669,1992,JPN,1668.0,Japan
9670,1991,JPN,1668.0,Japan
9671,1990,JPN,1668.0,Japan
9672,1989,JPN,1668.0,Japan
9673,1988,JPN,1668.0,Japan
9674,1987,JPN,1668.0,Japan
9675,1986,JPN,1668.0,Japan
9676,1985,JPN,1668.0,Japan
9677,1984,JPN,1668.0,Japan
9678,1983,JPN,1668.0,Japan
9679,1982,JPN,1668.0,Japan
9680,1981,JPN,1668.0,Japan
9681,1980,JPN,1668.0,Japan
9682,1979,JPN,1668.0,Japan
9683,1978,JPN,1668.0,Japan
9684,1977,JPN,1668.0,Japan
9685,1976,JPN,1668.0,Japan
9686,1975,JPN,1668.0,Japan
9687,1974,JPN,1668.0,Japan
9688,1973,JPN,1668.0,Japan
9689,1972,JPN,1668.0,Japan
9690,1971,JPN,1668.0,Japan
9691,1970,JPN,1668.0,Japan
9692,1969,JPN,1668.0,Japan
9693,1968,JPN,1668.0,Japan
9694,1967,JPN,1668.0,Japan
9695,1966,JPN,1668.0,Japan
9696,1965,JPN,1668.0,Japan
9697,1964,JPN,1668.0,Japan
9698,1963,JPN,1668.0,Japan
9699,1962,JPN,1668.0,Japan
9700,1961,JPN,1668.0,Japan
9701,1960,JPN,,Japan
9702,2025,JOR,,Jordan
9703,2024,JOR,,Jordan
9704,2023,JOR,,Jordan
9705,2022,JOR,111.0,Jordan
9706,2021,JOR,111.0,Jordan
9707,2020,JOR,111.0,Jordan
9708,2019,JOR,111.0,Jordan
9709,2018,JOR,111.0,Jordan
9710,2017,JOR,111.0,Jordan
9711,2016,JOR,111.0,Jordan
9712,2015,JOR,111.0,Jordan
9713,2014,JOR,111.0,Jordan
9714,2013,JOR,111.0,Jordan
9715,2012,JOR,111.0,Jordan
9716,2011,JOR,111.0,Jordan
9717,2010,JOR,111.0,Jordan
9718,2009,JOR,111.0,Jordan
9719,2008,JOR,111.0,Jordan
9720,2007,JOR,111.0,Jordan
9721,2006,JOR,111.0,Jordan
9722,2005,JOR,111.0,Jordan
9723,2004,JOR,111.0,Jordan
9724,2003,JOR,111.0,Jordan
9725,2002,JOR,111.0,Jordan
9726,2001,JOR,111.0,Jordan
9727,2000,JOR,111.0,Jordan
9728,1999,JOR,111.0,Jordan
9729,1998,JOR,111.0,Jordan
9730,1997,JOR,111.0,Jordan
9731,1996,JOR,111.0,Jordan
9732,1995,JOR,111.0,Jordan
9733,1994,JOR,111.0,Jordan
9734,1993,JOR,111.0,Jordan
9735,1992,JOR,111.0,Jordan
9736,1991,JOR,111.0,Jordan
9737,1990,JOR,111.0,Jordan
9738,1989,JOR,111.0,Jordan
9739,1988,JOR,111.0,Jordan
9740,1987,JOR,111.0,Jordan
9741,1986,JOR,111.0,Jordan
9742,1985,JOR,111.0,Jordan
9743,1984,JOR,111.0,Jordan
9744,1983,JOR,111.0,Jordan
9745,1982,JOR,111.0,Jordan
9746,1981,JOR,111.0,Jordan
9747,1980,JOR,111.0,Jordan
9748,1979,JOR,111.0,Jordan
9749,1978,JOR,111.0,Jordan
9750,1977,JOR,111.0,Jordan
9751,1976,JOR,111.0,Jordan
9752,1975,JOR,111.0,Jordan
9753,1974,JOR,111.0,Jordan
9754,1973,JOR,111.0,Jordan
9755,1972,JOR,111.0,Jordan
9756,1971,JOR,111.0,Jordan
9757,1970,JOR,111.0,Jordan
9758,1969,JOR,111.0,Jordan
9759,1968,JOR,111.0,Jordan
9760,1967,JOR,111.0,Jordan
9761,1966,JOR,111.0,Jordan
9762,1965,JOR,111.0,Jordan
9763,1964,JOR,111.0,Jordan
9764,1963,JOR,111.0,Jordan
9765,1962,JOR,111.0,Jordan
9766,1961,JOR,111.0,Jordan
9767,1960,JOR,,Jordan
9768,2025,KAZ,,Kazakhstan
9769,2024,KAZ,,Kazakhstan
9770,2023,KAZ,,Kazakhstan
9771,2022,KAZ,250.0,Kazakhstan
9772,2021,KAZ,250.0,Kazakhstan
9773,2020,KAZ,250.0,Kazakhstan
9774,2019,KAZ,250.0,Kazakhstan
9775,2018,KAZ,250.0,Kazakhstan
9776,2017,KAZ,250.0,Kazakhstan
9777,2016,KAZ,250.0,Kazakhstan
9778,2015,KAZ,250.0,Kazakhstan
9779,2014,KAZ,250.0,Kazakhstan
9780,2013,KAZ,250.0,Kazakhstan
9781,2012,KAZ,250.0,Kazakhstan
9782,2011,KAZ,250.0,Kazakhstan
9783,2010,KAZ,250.0,Kazakhstan
9784,2009,KAZ,250.0,Kazakhstan
9785,2008,KAZ,250.0,Kazakhstan
9786,2007,KAZ,250.0,Kazakhstan
9787,2006,KAZ,250.0,Kazakhstan
9788,2005,KAZ,250.0,Kazakhstan
9789,2004,KAZ,250.0,Kazakhstan
9790,2003,KAZ,250.0,Kazakhstan
9791,2002,KAZ,250.0,Kazakhstan
9792,2001,KAZ,250.0,Kazakhstan
9793,2000,KAZ,250.0,Kazakhstan
9794,1999,KAZ,250.0,Kazakhstan
9795,1998,KAZ,250.0,Kazakhstan
9796,1997,KAZ,250.0,Kazakhstan
9797,1996,KAZ,250.0,Kazakhstan
9798,1995,KAZ,250.0,Kazakhstan
9799,1994,KAZ,250.0,Kazakhstan
9800,1993,KAZ,250.0,Kazakhstan
9801,1992,KAZ,250.0,Kazakhstan
9802,1991,KAZ,,Kazakhstan
9803,1990,KAZ,,Kazakhstan
9804,1989,KAZ,,Kazakhstan
9805,1988,KAZ,,Kazakhstan
9806,1987,KAZ,,Kazakhstan
9807,1986,KAZ,,Kazakhstan
9808,1985,KAZ,,Kazakhstan
9809,1984,KAZ,,Kazakhstan
9810,1983,KAZ,,Kazakhstan
9811,1982,KAZ,,Kazakhstan
9812,1981,KAZ,,Kazakhstan
9813,1980,KAZ,,Kazakhstan
9814,1979,KAZ,,Kazakhstan
9815,1978,KAZ,,Kazakhstan
9816,1977,KAZ,,Kazakhstan
9817,1976,KAZ,,Kazakhstan
9818,1975,KAZ,,Kazakhstan
9819,1974,KAZ,,Kazakhstan
9820,1973,KAZ,,Kazakhstan
9821,1972,KAZ,,Kazakhstan
9822,1971,KAZ,,Kazakhstan
9823,1970,KAZ,,Kazakhstan
9824,1969,KAZ,,Kazakhstan
9825,1968,KAZ,,Kazakhstan
9826,1967,KAZ,,Kazakhstan
9827,1966,KAZ,,Kazakhstan
9828,1965,KAZ,,Kazakhstan
9829,1964,KAZ,,Kazakhstan
9830,1963,KAZ,,Kazakhstan
9831,1962,KAZ,,Kazakhstan
9832,1961,KAZ,,Kazakhstan
9833,1960,KAZ,,Kazakhstan
9834,2025,KEN,,Kenya
9835,2024,KEN,,Kenya
9836,2023,KEN,,Kenya
9837,2022,KEN,630.0,Kenya
9838,2021,KEN,630.0,Kenya
9839,2020,KEN,630.0,Kenya
9840,2019,KEN,630.0,Kenya
9841,2018,KEN,630.0,Kenya
9842,2017,KEN,630.0,Kenya
9843,2016,KEN,630.0,Kenya
9844,2015,KEN,630.0,Kenya
9845,2014,KEN,630.0,Kenya
9846,2013,KEN,630.0,Kenya
9847,2012,KEN,630.0,Kenya
9848,2011,KEN,630.0,Kenya
9849,2010,KEN,630.0,Kenya
9850,2009,KEN,630.0,Kenya
9851,2008,KEN,630.0,Kenya
9852,2007,KEN,630.0,Kenya
9853,2006,KEN,630.0,Kenya
9854,2005,KEN,630.0,Kenya
9855,2004,KEN,630.0,Kenya
9856,2003,KEN,630.0,Kenya
9857,2002,KEN,630.0,Kenya
9858,2001,KEN,630.0,Kenya
9859,2000,KEN,692.0,Kenya
9860,1999,KEN,630.0,Kenya
9861,1998,KEN,630.0,Kenya
9862,1997,KEN,630.0,Kenya
9863,1996,KEN,630.0,Kenya
9864,1995,KEN,630.0,Kenya
9865,1994,KEN,630.0,Kenya
9866,1993,KEN,630.0,Kenya
9867,1992,KEN,630.0,Kenya
9868,1991,KEN,630.0,Kenya
9869,1990,KEN,630.0,Kenya
9870,1989,KEN,630.0,Kenya
9871,1988,KEN,630.0,Kenya
9872,1987,KEN,630.0,Kenya
9873,1986,KEN,630.0,Kenya
9874,1985,KEN,630.0,Kenya
9875,1984,KEN,630.0,Kenya
9876,1983,KEN,630.0,Kenya
9877,1982,KEN,630.0,Kenya
9878,1981,KEN,630.0,Kenya
9879,1980,KEN,630.0,Kenya
9880,1979,KEN,630.0,Kenya
9881,1978,KEN,630.0,Kenya
9882,1977,KEN,630.0,Kenya
9883,1976,KEN,630.0,Kenya
9884,1975,KEN,630.0,Kenya
9885,1974,KEN,630.0,Kenya
9886,1973,KEN,630.0,Kenya
9887,1972,KEN,630.0,Kenya
9888,1971,KEN,630.0,Kenya
9889,1970,KEN,630.0,Kenya
9890,1969,KEN,630.0,Kenya
9891,1968,KEN,630.0,Kenya
9892,1967,KEN,630.0,Kenya
9893,1966,KEN,630.0,Kenya
9894,1965,KEN,630.0,Kenya
9895,1964,KEN,630.0,Kenya
9896,1963,KEN,630.0,Kenya
9897,1962,KEN,630.0,Kenya
9898,1961,KEN,630.0,Kenya
9899,1960,KEN,,Kenya
9900,2025,KIR,,Kiribati
9901,2024,KIR,,Kiribati
9902,2023,KIR,,Kiribati
9903,2022,KIR,,Kiribati
9904,2021,KIR,,Kiribati
9905,2020,KIR,,Kiribati
9906,2019,KIR,,Kiribati
9907,2018,KIR,,Kiribati
9908,2017,KIR,,Kiribati
9909,2016,KIR,,Kiribati
9910,2015,KIR,,Kiribati
9911,2014,KIR,,Kiribati
9912,2013,KIR,,Kiribati
9913,2012,KIR,,Kiribati
9914,2011,KIR,,Kiribati
9915,2010,KIR,,Kiribati
9916,2009,KIR,,Kiribati
9917,2008,KIR,,Kiribati
9918,2007,KIR,,Kiribati
9919,2006,KIR,,Kiribati
9920,2005,KIR,,Kiribati
9921,2004,KIR,,Kiribati
9922,2003,KIR,,Kiribati
9923,2002,KIR,,Kiribati
9924,2001,KIR,,Kiribati
9925,2000,KIR,,Kiribati
9926,1999,KIR,,Kiribati
9927,1998,KIR,,Kiribati
9928,1997,KIR,,Kiribati
9929,1996,KIR,,Kiribati
9930,1995,KIR,,Kiribati
9931,1994,KIR,,Kiribati
9932,1993,KIR,,Kiribati
9933,1992,KIR,,Kiribati
9934,1991,KIR,,Kiribati
9935,1990,KIR,,Kiribati
9936,1989,KIR,,Kiribati
9937,1988,KIR,,Kiribati
9938,1987,KIR,,Kiribati
9939,1986,KIR,,Kiribati
9940,1985,KIR,,Kiribati
9941,1984,KIR,,Kiribati
9942,1983,KIR,,Kiribati
9943,1982,KIR,,Kiribati
9944,1981,KIR,,Kiribati
9945,1980,KIR,,Kiribati
9946,1979,KIR,,Kiribati
9947,1978,KIR,,Kiribati
9948,1977,KIR,,Kiribati
9949,1976,KIR,,Kiribati
9950,1975,KIR,,Kiribati
9951,1974,KIR,,Kiribati
9952,1973,KIR,,Kiribati
9953,1972,KIR,,Kiribati
9954,1971,KIR,,Kiribati
9955,1970,KIR,,Kiribati
9956,1969,KIR,,Kiribati
9957,1968,KIR,,Kiribati
9958,1967,KIR,,Kiribati
9959,1966,KIR,,Kiribati
9960,1965,KIR,,Kiribati
9961,1964,KIR,,Kiribati
9962,1963,KIR,,Kiribati
9963,1962,KIR,,Kiribati
9964,1961,KIR,,Kiribati
9965,1960,KIR,,Kiribati
9966,2025,PRK,,"Korea, Dem. People's Rep."
9967,2024,PRK,,"Korea, Dem. People's Rep."
9968,2023,PRK,,"Korea, Dem. People's Rep."
9969,2022,PRK,1054.0,"Korea, Dem. People's Rep."
9970,2021,PRK,1054.0,"Korea, Dem. People's Rep."
9971,2020,PRK,1054.0,"Korea, Dem. People's Rep."
9972,2019,PRK,1054.0,"Korea, Dem. People's Rep."
9973,2018,PRK,1054.0,"Korea, Dem. People's Rep."
9974,2017,PRK,1054.0,"Korea, Dem. People's Rep."
9975,2016,PRK,1054.0,"Korea, Dem. People's Rep."
9976,2015,PRK,1054.0,"Korea, Dem. People's Rep."
9977,2014,PRK,1054.0,"Korea, Dem. People's Rep."
9978,2013,PRK,1054.0,"Korea, Dem. People's Rep."
9979,2012,PRK,1054.0,"Korea, Dem. People's Rep."
9980,2011,PRK,1054.0,"Korea, Dem. People's Rep."
9981,2010,PRK,1054.0,"Korea, Dem. People's Rep."
9982,2009,PRK,1054.0,"Korea, Dem. People's Rep."
9983,2008,PRK,1054.0,"Korea, Dem. People's Rep."
9984,2007,PRK,1054.0,"Korea, Dem. People's Rep."
9985,2006,PRK,1054.0,"Korea, Dem. People's Rep."
9986,2005,PRK,1054.0,"Korea, Dem. People's Rep."
9987,2004,PRK,1054.0,"Korea, Dem. People's Rep."
9988,2003,PRK,1054.0,"Korea, Dem. People's Rep."
9989,2002,PRK,1054.0,"Korea, Dem. People's Rep."
9990,2001,PRK,1054.0,"Korea, Dem. People's Rep."
9991,2000,PRK,1054.0,"Korea, Dem. People's Rep."
9992,1999,PRK,1054.0,"Korea, Dem. People's Rep."
9993,1998,PRK,1054.0,"Korea, Dem. People's Rep."
9994,1997,PRK,1054.0,"Korea, Dem. People's Rep."
9995,1996,PRK,1054.0,"Korea, Dem. People's Rep."
9996,1995,PRK,1054.0,"Korea, Dem. People's Rep."
9997,1994,PRK,1054.0,"Korea, Dem. People's Rep."
9998,1993,PRK,1054.0,"Korea, Dem. People's Rep."
9999,1992,PRK,1054.0,"Korea, Dem. People's Rep."
10000,1991,PRK,1054.0,"Korea, Dem. People's Rep."
10001,1990,PRK,1054.0,"Korea, Dem. People's Rep."
10002,1989,PRK,1054.0,"Korea, Dem. People's Rep."
10003,1988,PRK,1054.0,"Korea, Dem. People's Rep."
10004,1987,PRK,1054.0,"Korea, Dem. People's Rep."
10005,1986,PRK,1054.0,"Korea, Dem. People's Rep."
10006,1985,PRK,1054.0,"Korea, Dem. People's Rep."
10007,1984,PRK,1054.0,"Korea, Dem. People's Rep."
10008,1983,PRK,1054.0,"Korea, Dem. People's Rep."
10009,1982,PRK,1054.0,"Korea, Dem. People's Rep."
10010,1981,PRK,1054.0,"Korea, Dem. People's Rep."
10011,1980,PRK,1054.0,"Korea, Dem. People's Rep."
10012,1979,PRK,1054.0,"Korea, Dem. People's Rep."
10013,1978,PRK,1054.0,"Korea, Dem. People's Rep."
10014,1977,PRK,1054.0,"Korea, Dem. People's Rep."
10015,1976,PRK,1054.0,"Korea, Dem. People's Rep."
10016,1975,PRK,1054.0,"Korea, Dem. People's Rep."
10017,1974,PRK,1054.0,"Korea, Dem. People's Rep."
10018,1973,PRK,1054.0,"Korea, Dem. People's Rep."
10019,1972,PRK,1054.0,"Korea, Dem. People's Rep."
10020,1971,PRK,1054.0,"Korea, Dem. People's Rep."
10021,1970,PRK,1054.0,"Korea, Dem. People's Rep."
10022,1969,PRK,1054.0,"Korea, Dem. People's Rep."
10023,1968,PRK,1054.0,"Korea, Dem. People's Rep."
10024,1967,PRK,1054.0,"Korea, Dem. People's Rep."
10025,1966,PRK,1054.0,"Korea, Dem. People's Rep."
10026,1965,PRK,1054.0,"Korea, Dem. People's Rep."
10027,1964,PRK,1054.0,"Korea, Dem. People's Rep."
10028,1963,PRK,1054.0,"Korea, Dem. People's Rep."
10029,1962,PRK,1054.0,"Korea, Dem. People's Rep."
10030,1961,PRK,1054.0,"Korea, Dem. People's Rep."
10031,1960,PRK,,"Korea, Dem. People's Rep."
10032,2025,KOR,,"Korea, Rep."
10033,2024,KOR,,"Korea, Rep."
10034,2023,KOR,,"Korea, Rep."
10035,2022,KOR,1274.0,"Korea, Rep."
10036,2021,KOR,1274.0,"Korea, Rep."
10037,2020,KOR,1274.0,"Korea, Rep."
10038,2019,KOR,1274.0,"Korea, Rep."
10039,2018,KOR,1274.0,"Korea, Rep."
10040,2017,KOR,1274.0,"Korea, Rep."
10041,2016,KOR,1274.0,"Korea, Rep."
10042,2015,KOR,1274.0,"Korea, Rep."
10043,2014,KOR,1274.0,"Korea, Rep."
10044,2013,KOR,1274.0,"Korea, Rep."
10045,2012,KOR,1274.0,"Korea, Rep."
10046,2011,KOR,1274.0,"Korea, Rep."
10047,2010,KOR,1274.0,"Korea, Rep."
10048,2009,KOR,1274.0,"Korea, Rep."
10049,2008,KOR,1274.0,"Korea, Rep."
10050,2007,KOR,1274.0,"Korea, Rep."
10051,2006,KOR,1274.0,"Korea, Rep."
10052,2005,KOR,1274.0,"Korea, Rep."
10053,2004,KOR,1274.0,"Korea, Rep."
10054,2003,KOR,1274.0,"Korea, Rep."
10055,2002,KOR,1274.0,"Korea, Rep."
10056,2001,KOR,1274.0,"Korea, Rep."
10057,2000,KOR,1274.0,"Korea, Rep."
10058,1999,KOR,1274.0,"Korea, Rep."
10059,1998,KOR,1274.0,"Korea, Rep."
10060,1997,KOR,1274.0,"Korea, Rep."
10061,1996,KOR,1274.0,"Korea, Rep."
10062,1995,KOR,1274.0,"Korea, Rep."
10063,1994,KOR,1274.0,"Korea, Rep."
10064,1993,KOR,1274.0,"Korea, Rep."
10065,1992,KOR,1274.0,"Korea, Rep."
10066,1991,KOR,1274.0,"Korea, Rep."
10067,1990,KOR,1274.0,"Korea, Rep."
10068,1989,KOR,1274.0,"Korea, Rep."
10069,1988,KOR,1274.0,"Korea, Rep."
10070,1987,KOR,1274.0,"Korea, Rep."
10071,1986,KOR,1274.0,"Korea, Rep."
10072,1985,KOR,1274.0,"Korea, Rep."
10073,1984,KOR,1274.0,"Korea, Rep."
10074,1983,KOR,1274.0,"Korea, Rep."
10075,1982,KOR,1274.0,"Korea, Rep."
10076,1981,KOR,1274.0,"Korea, Rep."
10077,1980,KOR,1274.0,"Korea, Rep."
10078,1979,KOR,1274.0,"Korea, Rep."
10079,1978,KOR,1274.0,"Korea, Rep."
10080,1977,KOR,1274.0,"Korea, Rep."
10081,1976,KOR,1274.0,"Korea, Rep."
10082,1975,KOR,1274.0,"Korea, Rep."
10083,1974,KOR,1274.0,"Korea, Rep."
10084,1973,KOR,1274.0,"Korea, Rep."
10085,1972,KOR,1274.0,"Korea, Rep."
10086,1971,KOR,1274.0,"Korea, Rep."
10087,1970,KOR,1274.0,"Korea, Rep."
10088,1969,KOR,1274.0,"Korea, Rep."
10089,1968,KOR,1274.0,"Korea, Rep."
10090,1967,KOR,1274.0,"Korea, Rep."
10091,1966,KOR,1274.0,"Korea, Rep."
10092,1965,KOR,1274.0,"Korea, Rep."
10093,1964,KOR,1274.0,"Korea, Rep."
10094,1963,KOR,1274.0,"Korea, Rep."
10095,1962,KOR,1274.0,"Korea, Rep."
10096,1961,KOR,1274.0,"Korea, Rep."
10097,1960,KOR,,"Korea, Rep."
10098,2025,XKX,,Kosovo
10099,2024,XKX,,Kosovo
10100,2023,XKX,,Kosovo
10101,2022,XKX,,Kosovo
10102,2021,XKX,,Kosovo
10103,2020,XKX,,Kosovo
10104,2019,XKX,,Kosovo
10105,2018,XKX,,Kosovo
10106,2017,XKX,,Kosovo
10107,2016,XKX,,Kosovo
10108,2015,XKX,,Kosovo
10109,2014,XKX,,Kosovo
10110,2013,XKX,,Kosovo
10111,2012,XKX,,Kosovo
10112,2011,XKX,,Kosovo
10113,2010,XKX,,Kosovo
10114,2009,XKX,,Kosovo
10115,2008,XKX,,Kosovo
10116,2007,XKX,,Kosovo
10117,2006,XKX,,Kosovo
10118,2005,XKX,,Kosovo
10119,2004,XKX,,Kosovo
10120,2003,XKX,,Kosovo
10121,2002,XKX,,Kosovo
10122,2001,XKX,,Kosovo
10123,2000,XKX,,Kosovo
10124,1999,XKX,,Kosovo
10125,1998,XKX,,Kosovo
10126,1997,XKX,,Kosovo
10127,1996,XKX,,Kosovo
10128,1995,XKX,,Kosovo
10129,1994,XKX,,Kosovo
10130,1993,XKX,,Kosovo
10131,1992,XKX,,Kosovo
10132,1991,XKX,,Kosovo
10133,1990,XKX,,Kosovo
10134,1989,XKX,,Kosovo
10135,1988,XKX,,Kosovo
10136,1987,XKX,,Kosovo
10137,1986,XKX,,Kosovo
10138,1985,XKX,,Kosovo
10139,1984,XKX,,Kosovo
10140,1983,XKX,,Kosovo
10141,1982,XKX,,Kosovo
10142,1981,XKX,,Kosovo
10143,1980,XKX,,Kosovo
10144,1979,XKX,,Kosovo
10145,1978,XKX,,Kosovo
10146,1977,XKX,,Kosovo
10147,1976,XKX,,Kosovo
10148,1975,XKX,,Kosovo
10149,1974,XKX,,Kosovo
10150,1973,XKX,,Kosovo
10151,1972,XKX,,Kosovo
10152,1971,XKX,,Kosovo
10153,1970,XKX,,Kosovo
10154,1969,XKX,,Kosovo
10155,1968,XKX,,Kosovo
10156,1967,XKX,,Kosovo
10157,1966,XKX,,Kosovo
10158,1965,XKX,,Kosovo
10159,1964,XKX,,Kosovo
10160,1963,XKX,,Kosovo
10161,1962,XKX,,Kosovo
10162,1961,XKX,,Kosovo
10163,1960,XKX,,Kosovo
10164,2025,KWT,,Kuwait
10165,2024,KWT,,Kuwait
10166,2023,KWT,,Kuwait
10167,2022,KWT,121.0,Kuwait
10168,2021,KWT,121.0,Kuwait
10169,2020,KWT,121.0,Kuwait
10170,2019,KWT,121.0,Kuwait
10171,2018,KWT,121.0,Kuwait
10172,2017,KWT,121.0,Kuwait
10173,2016,KWT,121.0,Kuwait
10174,2015,KWT,121.0,Kuwait
10175,2014,KWT,121.0,Kuwait
10176,2013,KWT,121.0,Kuwait
10177,2012,KWT,121.0,Kuwait
10178,2011,KWT,121.0,Kuwait
10179,2010,KWT,121.0,Kuwait
10180,2009,KWT,121.0,Kuwait
10181,2008,KWT,121.0,Kuwait
10182,2007,KWT,121.0,Kuwait
10183,2006,KWT,121.0,Kuwait
10184,2005,KWT,121.0,Kuwait
10185,2004,KWT,121.0,Kuwait
10186,2003,KWT,121.0,Kuwait
10187,2002,KWT,121.0,Kuwait
10188,2001,KWT,121.0,Kuwait
10189,2000,KWT,121.0,Kuwait
10190,1999,KWT,121.0,Kuwait
10191,1998,KWT,121.0,Kuwait
10192,1997,KWT,121.0,Kuwait
10193,1996,KWT,121.0,Kuwait
10194,1995,KWT,121.0,Kuwait
10195,1994,KWT,121.0,Kuwait
10196,1993,KWT,121.0,Kuwait
10197,1992,KWT,121.0,Kuwait
10198,1991,KWT,121.0,Kuwait
10199,1990,KWT,121.0,Kuwait
10200,1989,KWT,121.0,Kuwait
10201,1988,KWT,121.0,Kuwait
10202,1987,KWT,121.0,Kuwait
10203,1986,KWT,121.0,Kuwait
10204,1985,KWT,121.0,Kuwait
10205,1984,KWT,121.0,Kuwait
10206,1983,KWT,121.0,Kuwait
10207,1982,KWT,121.0,Kuwait
10208,1981,KWT,121.0,Kuwait
10209,1980,KWT,121.0,Kuwait
10210,1979,KWT,121.0,Kuwait
10211,1978,KWT,121.0,Kuwait
10212,1977,KWT,121.0,Kuwait
10213,1976,KWT,121.0,Kuwait
10214,1975,KWT,121.0,Kuwait
10215,1974,KWT,121.0,Kuwait
10216,1973,KWT,121.0,Kuwait
10217,1972,KWT,121.0,Kuwait
10218,1971,KWT,121.0,Kuwait
10219,1970,KWT,121.0,Kuwait
10220,1969,KWT,121.0,Kuwait
10221,1968,KWT,121.0,Kuwait
10222,1967,KWT,121.0,Kuwait
10223,1966,KWT,121.0,Kuwait
10224,1965,KWT,121.0,Kuwait
10225,1964,KWT,121.0,Kuwait
10226,1963,KWT,121.0,Kuwait
10227,1962,KWT,121.0,Kuwait
10228,1961,KWT,121.0,Kuwait
10229,1960,KWT,,Kuwait
10230,2025,KGZ,,Kyrgyz Republic
10231,2024,KGZ,,Kyrgyz Republic
10232,2023,KGZ,,Kyrgyz Republic
10233,2022,KGZ,533.0,Kyrgyz Republic
10234,2021,KGZ,533.0,Kyrgyz Republic
10235,2020,KGZ,533.0,Kyrgyz Republic
10236,2019,KGZ,533.0,Kyrgyz Republic
10237,2018,KGZ,533.0,Kyrgyz Republic
10238,2017,KGZ,533.0,Kyrgyz Republic
10239,2016,KGZ,533.0,Kyrgyz Republic
10240,2015,KGZ,533.0,Kyrgyz Republic
10241,2014,KGZ,533.0,Kyrgyz Republic
10242,2013,KGZ,533.0,Kyrgyz Republic
10243,2012,KGZ,533.0,Kyrgyz Republic
10244,2011,KGZ,533.0,Kyrgyz Republic
10245,2010,KGZ,533.0,Kyrgyz Republic
10246,2009,KGZ,533.0,Kyrgyz Republic
10247,2008,KGZ,533.0,Kyrgyz Republic
10248,2007,KGZ,533.0,Kyrgyz Republic
10249,2006,KGZ,533.0,Kyrgyz Republic
10250,2005,KGZ,533.0,Kyrgyz Republic
10251,2004,KGZ,533.0,Kyrgyz Republic
10252,2003,KGZ,533.0,Kyrgyz Republic
10253,2002,KGZ,533.0,Kyrgyz Republic
10254,2001,KGZ,533.0,Kyrgyz Republic
10255,2000,KGZ,533.0,Kyrgyz Republic
10256,1999,KGZ,533.0,Kyrgyz Republic
10257,1998,KGZ,533.0,Kyrgyz Republic
10258,1997,KGZ,533.0,Kyrgyz Republic
10259,1996,KGZ,533.0,Kyrgyz Republic
10260,1995,KGZ,533.0,Kyrgyz Republic
10261,1994,KGZ,533.0,Kyrgyz Republic
10262,1993,KGZ,533.0,Kyrgyz Republic
10263,1992,KGZ,533.0,Kyrgyz Republic
10264,1991,KGZ,,Kyrgyz Republic
10265,1990,KGZ,,Kyrgyz Republic
10266,1989,KGZ,,Kyrgyz Republic
10267,1988,KGZ,,Kyrgyz Republic
10268,1987,KGZ,,Kyrgyz Republic
10269,1986,KGZ,,Kyrgyz Republic
10270,1985,KGZ,,Kyrgyz Republic
10271,1984,KGZ,,Kyrgyz Republic
10272,1983,KGZ,,Kyrgyz Republic
10273,1982,KGZ,,Kyrgyz Republic
10274,1981,KGZ,,Kyrgyz Republic
10275,1980,KGZ,,Kyrgyz Republic
10276,1979,KGZ,,Kyrgyz Republic
10277,1978,KGZ,,Kyrgyz Republic
10278,1977,KGZ,,Kyrgyz Republic
10279,1976,KGZ,,Kyrgyz Republic
10280,1975,KGZ,,Kyrgyz Republic
10281,1974,KGZ,,Kyrgyz Republic
10282,1973,KGZ,,Kyrgyz Republic
10283,1972,KGZ,,Kyrgyz Republic
10284,1971,KGZ,,Kyrgyz Republic
10285,1970,KGZ,,Kyrgyz Republic
10286,1969,KGZ,,Kyrgyz Republic
10287,1968,KGZ,,Kyrgyz Republic
10288,1967,KGZ,,Kyrgyz Republic
10289,1966,KGZ,,Kyrgyz Republic
10290,1965,KGZ,,Kyrgyz Republic
10291,1964,KGZ,,Kyrgyz Republic
10292,1963,KGZ,,Kyrgyz Republic
10293,1962,KGZ,,Kyrgyz Republic
10294,1961,KGZ,,Kyrgyz Republic
10295,1960,KGZ,,Kyrgyz Republic
10296,2025,LAO,,Lao PDR
10297,2024,LAO,,Lao PDR
10298,2023,LAO,,Lao PDR
10299,2022,LAO,1834.0,Lao PDR
10300,2021,LAO,1834.0,Lao PDR
10301,2020,LAO,1834.0,Lao PDR
10302,2019,LAO,1834.0,Lao PDR
10303,2018,LAO,1834.0,Lao PDR
10304,2017,LAO,1834.0,Lao PDR
10305,2016,LAO,1834.0,Lao PDR
10306,2015,LAO,1834.0,Lao PDR
10307,2014,LAO,1834.0,Lao PDR
10308,2013,LAO,1834.0,Lao PDR
10309,2012,LAO,1834.0,Lao PDR
10310,2011,LAO,1834.0,Lao PDR
10311,2010,LAO,1834.0,Lao PDR
10312,2009,LAO,1834.0,Lao PDR
10313,2008,LAO,1834.0,Lao PDR
10314,2007,LAO,1834.0,Lao PDR
10315,2006,LAO,1834.0,Lao PDR
10316,2005,LAO,1834.0,Lao PDR
10317,2004,LAO,1834.0,Lao PDR
10318,2003,LAO,1834.0,Lao PDR
10319,2002,LAO,1834.0,Lao PDR
10320,2001,LAO,1834.0,Lao PDR
10321,2000,LAO,1834.0,Lao PDR
10322,1999,LAO,1834.0,Lao PDR
10323,1998,LAO,1834.0,Lao PDR
10324,1997,LAO,1834.0,Lao PDR
10325,1996,LAO,1834.0,Lao PDR
10326,1995,LAO,1834.0,Lao PDR
10327,1994,LAO,1834.0,Lao PDR
10328,1993,LAO,1834.0,Lao PDR
10329,1992,LAO,1834.0,Lao PDR
10330,1991,LAO,1834.0,Lao PDR
10331,1990,LAO,1834.0,Lao PDR
10332,1989,LAO,1834.0,Lao PDR
10333,1988,LAO,1834.0,Lao PDR
10334,1987,LAO,1834.0,Lao PDR
10335,1986,LAO,1834.0,Lao PDR
10336,1985,LAO,1834.0,Lao PDR
10337,1984,LAO,1834.0,Lao PDR
10338,1983,LAO,1834.0,Lao PDR
10339,1982,LAO,1834.0,Lao PDR
10340,1981,LAO,1834.0,Lao PDR
10341,1980,LAO,1834.0,Lao PDR
10342,1979,LAO,1834.0,Lao PDR
10343,1978,LAO,1834.0,Lao PDR
10344,1977,LAO,1834.0,Lao PDR
10345,1976,LAO,1834.0,Lao PDR
10346,1975,LAO,1834.0,Lao PDR
10347,1974,LAO,1834.0,Lao PDR
10348,1973,LAO,1834.0,Lao PDR
10349,1972,LAO,1834.0,Lao PDR
10350,1971,LAO,1834.0,Lao PDR
10351,1970,LAO,1834.0,Lao PDR
10352,1969,LAO,1834.0,Lao PDR
10353,1968,LAO,1834.0,Lao PDR
10354,1967,LAO,1834.0,Lao PDR
10355,1966,LAO,1834.0,Lao PDR
10356,1965,LAO,1834.0,Lao PDR
10357,1964,LAO,1834.0,Lao PDR
10358,1963,LAO,1834.0,Lao PDR
10359,1962,LAO,1834.0,Lao PDR
10360,1961,LAO,1834.0,Lao PDR
10361,1960,LAO,,Lao PDR
10362,2025,LVA,,Latvia
10363,2024,LVA,,Latvia
10364,2023,LVA,,Latvia
10365,2022,LVA,667.0,Latvia
10366,2021,LVA,667.0,Latvia
10367,2020,LVA,667.0,Latvia
10368,2019,LVA,667.0,Latvia
10369,2018,LVA,667.0,Latvia
10370,2017,LVA,667.0,Latvia
10371,2016,LVA,667.0,Latvia
10372,2015,LVA,667.0,Latvia
10373,2014,LVA,667.0,Latvia
10374,2013,LVA,667.0,Latvia
10375,2012,LVA,667.0,Latvia
10376,2011,LVA,667.0,Latvia
10377,2010,LVA,667.0,Latvia
10378,2009,LVA,667.0,Latvia
10379,2008,LVA,667.0,Latvia
10380,2007,LVA,667.0,Latvia
10381,2006,LVA,667.0,Latvia
10382,2005,LVA,667.0,Latvia
10383,2004,LVA,667.0,Latvia
10384,2003,LVA,667.0,Latvia
10385,2002,LVA,667.0,Latvia
10386,2001,LVA,667.0,Latvia
10387,2000,LVA,667.0,Latvia
10388,1999,LVA,667.0,Latvia
10389,1998,LVA,667.0,Latvia
10390,1997,LVA,667.0,Latvia
10391,1996,LVA,667.0,Latvia
10392,1995,LVA,667.0,Latvia
10393,1994,LVA,667.0,Latvia
10394,1993,LVA,667.0,Latvia
10395,1992,LVA,667.0,Latvia
10396,1991,LVA,,Latvia
10397,1990,LVA,,Latvia
10398,1989,LVA,,Latvia
10399,1988,LVA,,Latvia
10400,1987,LVA,,Latvia
10401,1986,LVA,,Latvia
10402,1985,LVA,,Latvia
10403,1984,LVA,,Latvia
10404,1983,LVA,,Latvia
10405,1982,LVA,,Latvia
10406,1981,LVA,,Latvia
10407,1980,LVA,,Latvia
10408,1979,LVA,,Latvia
10409,1978,LVA,,Latvia
10410,1977,LVA,,Latvia
10411,1976,LVA,,Latvia
10412,1975,LVA,,Latvia
10413,1974,LVA,,Latvia
10414,1973,LVA,,Latvia
10415,1972,LVA,,Latvia
10416,1971,LVA,,Latvia
10417,1970,LVA,,Latvia
10418,1969,LVA,,Latvia
10419,1968,LVA,,Latvia
10420,1967,LVA,,Latvia
10421,1966,LVA,,Latvia
10422,1965,LVA,,Latvia
10423,1964,LVA,,Latvia
10424,1963,LVA,,Latvia
10425,1962,LVA,,Latvia
10426,1961,LVA,,Latvia
10427,1960,LVA,,Latvia
10428,2025,LBN,,Lebanon
10429,2024,LBN,,Lebanon
10430,2023,LBN,,Lebanon
10431,2022,LBN,661.0,Lebanon
10432,2021,LBN,661.0,Lebanon
10433,2020,LBN,661.0,Lebanon
10434,2019,LBN,661.0,Lebanon
10435,2018,LBN,661.0,Lebanon
10436,2017,LBN,661.0,Lebanon
10437,2016,LBN,661.0,Lebanon
10438,2015,LBN,661.0,Lebanon
10439,2014,LBN,661.0,Lebanon
10440,2013,LBN,661.0,Lebanon
10441,2012,LBN,661.0,Lebanon
10442,2011,LBN,661.0,Lebanon
10443,2010,LBN,661.0,Lebanon
10444,2009,LBN,661.0,Lebanon
10445,2008,LBN,661.0,Lebanon
10446,2007,LBN,661.0,Lebanon
10447,2006,LBN,661.0,Lebanon
10448,2005,LBN,661.0,Lebanon
10449,2004,LBN,661.0,Lebanon
10450,2003,LBN,661.0,Lebanon
10451,2002,LBN,661.0,Lebanon
10452,2001,LBN,661.0,Lebanon
10453,2000,LBN,661.0,Lebanon
10454,1999,LBN,661.0,Lebanon
10455,1998,LBN,661.0,Lebanon
10456,1997,LBN,661.0,Lebanon
10457,1996,LBN,661.0,Lebanon
10458,1995,LBN,661.0,Lebanon
10459,1994,LBN,661.0,Lebanon
10460,1993,LBN,661.0,Lebanon
10461,1992,LBN,661.0,Lebanon
10462,1991,LBN,661.0,Lebanon
10463,1990,LBN,661.0,Lebanon
10464,1989,LBN,661.0,Lebanon
10465,1988,LBN,661.0,Lebanon
10466,1987,LBN,661.0,Lebanon
10467,1986,LBN,661.0,Lebanon
10468,1985,LBN,661.0,Lebanon
10469,1984,LBN,661.0,Lebanon
10470,1983,LBN,661.0,Lebanon
10471,1982,LBN,661.0,Lebanon
10472,1981,LBN,661.0,Lebanon
10473,1980,LBN,661.0,Lebanon
10474,1979,LBN,661.0,Lebanon
10475,1978,LBN,661.0,Lebanon
10476,1977,LBN,661.0,Lebanon
10477,1976,LBN,661.0,Lebanon
10478,1975,LBN,661.0,Lebanon
10479,1974,LBN,661.0,Lebanon
10480,1973,LBN,661.0,Lebanon
10481,1972,LBN,661.0,Lebanon
10482,1971,LBN,661.0,Lebanon
10483,1970,LBN,661.0,Lebanon
10484,1969,LBN,661.0,Lebanon
10485,1968,LBN,661.0,Lebanon
10486,1967,LBN,661.0,Lebanon
10487,1966,LBN,661.0,Lebanon
10488,1965,LBN,661.0,Lebanon
10489,1964,LBN,661.0,Lebanon
10490,1963,LBN,661.0,Lebanon
10491,1962,LBN,661.0,Lebanon
10492,1961,LBN,661.0,Lebanon
10493,1960,LBN,,Lebanon
10494,2025,LSO,,Lesotho
10495,2024,LSO,,Lesotho
10496,2023,LSO,,Lesotho
10497,2022,LSO,788.0,Lesotho
10498,2021,LSO,788.0,Lesotho
10499,2020,LSO,788.0,Lesotho
10500,2019,LSO,788.0,Lesotho
10501,2018,LSO,788.0,Lesotho
10502,2017,LSO,788.0,Lesotho
10503,2016,LSO,788.0,Lesotho
10504,2015,LSO,788.0,Lesotho
10505,2014,LSO,788.0,Lesotho
10506,2013,LSO,788.0,Lesotho
10507,2012,LSO,788.0,Lesotho
10508,2011,LSO,788.0,Lesotho
10509,2010,LSO,788.0,Lesotho
10510,2009,LSO,788.0,Lesotho
10511,2008,LSO,788.0,Lesotho
10512,2007,LSO,788.0,Lesotho
10513,2006,LSO,788.0,Lesotho
10514,2005,LSO,788.0,Lesotho
10515,2004,LSO,788.0,Lesotho
10516,2003,LSO,788.0,Lesotho
10517,2002,LSO,788.0,Lesotho
10518,2001,LSO,788.0,Lesotho
10519,2000,LSO,788.0,Lesotho
10520,1999,LSO,788.0,Lesotho
10521,1998,LSO,788.0,Lesotho
10522,1997,LSO,788.0,Lesotho
10523,1996,LSO,788.0,Lesotho
10524,1995,LSO,788.0,Lesotho
10525,1994,LSO,788.0,Lesotho
10526,1993,LSO,788.0,Lesotho
10527,1992,LSO,788.0,Lesotho
10528,1991,LSO,788.0,Lesotho
10529,1990,LSO,788.0,Lesotho
10530,1989,LSO,788.0,Lesotho
10531,1988,LSO,788.0,Lesotho
10532,1987,LSO,788.0,Lesotho
10533,1986,LSO,788.0,Lesotho
10534,1985,LSO,788.0,Lesotho
10535,1984,LSO,788.0,Lesotho
10536,1983,LSO,788.0,Lesotho
10537,1982,LSO,788.0,Lesotho
10538,1981,LSO,788.0,Lesotho
10539,1980,LSO,788.0,Lesotho
10540,1979,LSO,788.0,Lesotho
10541,1978,LSO,788.0,Lesotho
10542,1977,LSO,788.0,Lesotho
10543,1976,LSO,788.0,Lesotho
10544,1975,LSO,788.0,Lesotho
10545,1974,LSO,788.0,Lesotho
10546,1973,LSO,788.0,Lesotho
10547,1972,LSO,788.0,Lesotho
10548,1971,LSO,788.0,Lesotho
10549,1970,LSO,788.0,Lesotho
10550,1969,LSO,788.0,Lesotho
10551,1968,LSO,788.0,Lesotho
10552,1967,LSO,788.0,Lesotho
10553,1966,LSO,788.0,Lesotho
10554,1965,LSO,788.0,Lesotho
10555,1964,LSO,788.0,Lesotho
10556,1963,LSO,788.0,Lesotho
10557,1962,LSO,788.0,Lesotho
10558,1961,LSO,788.0,Lesotho
10559,1960,LSO,,Lesotho
10560,2025,LBR,,Liberia
10561,2024,LBR,,Liberia
10562,2023,LBR,,Liberia
10563,2022,LBR,2391.0,Liberia
10564,2021,LBR,2391.0,Liberia
10565,2020,LBR,2391.0,Liberia
10566,2019,LBR,2391.0,Liberia
10567,2018,LBR,2391.0,Liberia
10568,2017,LBR,2391.0,Liberia
10569,2016,LBR,2391.0,Liberia
10570,2015,LBR,2391.0,Liberia
10571,2014,LBR,2391.0,Liberia
10572,2013,LBR,2391.0,Liberia
10573,2012,LBR,2391.0,Liberia
10574,2011,LBR,2391.0,Liberia
10575,2010,LBR,2391.0,Liberia
10576,2009,LBR,2391.0,Liberia
10577,2008,LBR,2391.0,Liberia
10578,2007,LBR,2391.0,Liberia
10579,2006,LBR,2391.0,Liberia
10580,2005,LBR,2391.0,Liberia
10581,2004,LBR,2391.0,Liberia
10582,2003,LBR,2391.0,Liberia
10583,2002,LBR,2391.0,Liberia
10584,2001,LBR,2391.0,Liberia
10585,2000,LBR,2391.0,Liberia
10586,1999,LBR,2391.0,Liberia
10587,1998,LBR,2391.0,Liberia
10588,1997,LBR,2391.0,Liberia
10589,1996,LBR,2391.0,Liberia
10590,1995,LBR,2391.0,Liberia
10591,1994,LBR,2391.0,Liberia
10592,1993,LBR,2391.0,Liberia
10593,1992,LBR,2391.0,Liberia
10594,1991,LBR,2391.0,Liberia
10595,1990,LBR,2391.0,Liberia
10596,1989,LBR,2391.0,Liberia
10597,1988,LBR,2391.0,Liberia
10598,1987,LBR,2391.0,Liberia
10599,1986,LBR,2391.0,Liberia
10600,1985,LBR,2391.0,Liberia
10601,1984,LBR,2391.0,Liberia
10602,1983,LBR,2391.0,Liberia
10603,1982,LBR,2391.0,Liberia
10604,1981,LBR,2391.0,Liberia
10605,1980,LBR,2391.0,Liberia
10606,1979,LBR,2391.0,Liberia
10607,1978,LBR,2391.0,Liberia
10608,1977,LBR,2391.0,Liberia
10609,1976,LBR,2391.0,Liberia
10610,1975,LBR,2391.0,Liberia
10611,1974,LBR,2391.0,Liberia
10612,1973,LBR,2391.0,Liberia
10613,1972,LBR,2391.0,Liberia
10614,1971,LBR,2391.0,Liberia
10615,1970,LBR,2391.0,Liberia
10616,1969,LBR,2391.0,Liberia
10617,1968,LBR,2391.0,Liberia
10618,1967,LBR,2391.0,Liberia
10619,1966,LBR,2391.0,Liberia
10620,1965,LBR,2391.0,Liberia
10621,1964,LBR,2391.0,Liberia
10622,1963,LBR,2391.0,Liberia
10623,1962,LBR,2391.0,Liberia
10624,1961,LBR,2391.0,Liberia
10625,1960,LBR,,Liberia
10626,2025,LBY,,Libya
10627,2024,LBY,,Libya
10628,2023,LBY,,Libya
10629,2022,LBY,56.0,Libya
10630,2021,LBY,56.0,Libya
10631,2020,LBY,56.0,Libya
10632,2019,LBY,56.0,Libya
10633,2018,LBY,56.0,Libya
10634,2017,LBY,56.0,Libya
10635,2016,LBY,56.0,Libya
10636,2015,LBY,56.0,Libya
10637,2014,LBY,56.0,Libya
10638,2013,LBY,56.0,Libya
10639,2012,LBY,56.0,Libya
10640,2011,LBY,56.0,Libya
10641,2010,LBY,56.0,Libya
10642,2009,LBY,56.0,Libya
10643,2008,LBY,56.0,Libya
10644,2007,LBY,56.0,Libya
10645,2006,LBY,56.0,Libya
10646,2005,LBY,56.0,Libya
10647,2004,LBY,56.0,Libya
10648,2003,LBY,56.0,Libya
10649,2002,LBY,56.0,Libya
10650,2001,LBY,56.0,Libya
10651,2000,LBY,56.0,Libya
10652,1999,LBY,56.0,Libya
10653,1998,LBY,56.0,Libya
10654,1997,LBY,56.0,Libya
10655,1996,LBY,56.0,Libya
10656,1995,LBY,56.0,Libya
10657,1994,LBY,56.0,Libya
10658,1993,LBY,56.0,Libya
10659,1992,LBY,56.0,Libya
10660,1991,LBY,56.0,Libya
10661,1990,LBY,56.0,Libya
10662,1989,LBY,56.0,Libya
10663,1988,LBY,56.0,Libya
10664,1987,LBY,56.0,Libya
10665,1986,LBY,56.0,Libya
10666,1985,LBY,56.0,Libya
10667,1984,LBY,56.0,Libya
10668,1983,LBY,56.0,Libya
10669,1982,LBY,56.0,Libya
10670,1981,LBY,56.0,Libya
10671,1980,LBY,56.0,Libya
10672,1979,LBY,56.0,Libya
10673,1978,LBY,56.0,Libya
10674,1977,LBY,56.0,Libya
10675,1976,LBY,56.0,Libya
10676,1975,LBY,56.0,Libya
10677,1974,LBY,56.0,Libya
10678,1973,LBY,56.0,Libya
10679,1972,LBY,56.0,Libya
10680,1971,LBY,56.0,Libya
10681,1970,LBY,56.0,Libya
10682,1969,LBY,56.0,Libya
10683,1968,LBY,56.0,Libya
10684,1967,LBY,56.0,Libya
10685,1966,LBY,56.0,Libya
10686,1965,LBY,56.0,Libya
10687,1964,LBY,56.0,Libya
10688,1963,LBY,56.0,Libya
10689,1962,LBY,56.0,Libya
10690,1961,LBY,56.0,Libya
10691,1960,LBY,,Libya
10692,2025,LIE,,Liechtenstein
10693,2024,LIE,,Liechtenstein
10694,2023,LIE,,Liechtenstein
10695,2022,LIE,,Liechtenstein
10696,2021,LIE,,Liechtenstein
10697,2020,LIE,,Liechtenstein
10698,2019,LIE,,Liechtenstein
10699,2018,LIE,,Liechtenstein
10700,2017,LIE,,Liechtenstein
10701,2016,LIE,,Liechtenstein
10702,2015,LIE,,Liechtenstein
10703,2014,LIE,,Liechtenstein
10704,2013,LIE,,Liechtenstein
10705,2012,LIE,,Liechtenstein
10706,2011,LIE,,Liechtenstein
10707,2010,LIE,,Liechtenstein
10708,2009,LIE,,Liechtenstein
10709,2008,LIE,,Liechtenstein
10710,2007,LIE,,Liechtenstein
10711,2006,LIE,,Liechtenstein
10712,2005,LIE,,Liechtenstein
10713,2004,LIE,,Liechtenstein
10714,2003,LIE,,Liechtenstein
10715,2002,LIE,,Liechtenstein
10716,2001,LIE,,Liechtenstein
10717,2000,LIE,,Liechtenstein
10718,1999,LIE,,Liechtenstein
10719,1998,LIE,,Liechtenstein
10720,1997,LIE,,Liechtenstein
10721,1996,LIE,,Liechtenstein
10722,1995,LIE,,Liechtenstein
10723,1994,LIE,,Liechtenstein
10724,1993,LIE,,Liechtenstein
10725,1992,LIE,,Liechtenstein
10726,1991,LIE,,Liechtenstein
10727,1990,LIE,,Liechtenstein
10728,1989,LIE,,Liechtenstein
10729,1988,LIE,,Liechtenstein
10730,1987,LIE,,Liechtenstein
10731,1986,LIE,,Liechtenstein
10732,1985,LIE,,Liechtenstein
10733,1984,LIE,,Liechtenstein
10734,1983,LIE,,Liechtenstein
10735,1982,LIE,,Liechtenstein
10736,1981,LIE,,Liechtenstein
10737,1980,LIE,,Liechtenstein
10738,1979,LIE,,Liechtenstein
10739,1978,LIE,,Liechtenstein
10740,1977,LIE,,Liechtenstein
10741,1976,LIE,,Liechtenstein
10742,1975,LIE,,Liechtenstein
10743,1974,LIE,,Liechtenstein
10744,1973,LIE,,Liechtenstein
10745,1972,LIE,,Liechtenstein
10746,1971,LIE,,Liechtenstein
10747,1970,LIE,,Liechtenstein
10748,1969,LIE,,Liechtenstein
10749,1968,LIE,,Liechtenstein
10750,1967,LIE,,Liechtenstein
10751,1966,LIE,,Liechtenstein
10752,1965,LIE,,Liechtenstein
10753,1964,LIE,,Liechtenstein
10754,1963,LIE,,Liechtenstein
10755,1962,LIE,,Liechtenstein
10756,1961,LIE,,Liechtenstein
10757,1960,LIE,,Liechtenstein
10758,2025,LTU,,Lithuania
10759,2024,LTU,,Lithuania
10760,2023,LTU,,Lithuania
10761,2022,LTU,656.0,Lithuania
10762,2021,LTU,656.0,Lithuania
10763,2020,LTU,656.0,Lithuania
10764,2019,LTU,656.0,Lithuania
10765,2018,LTU,656.0,Lithuania
10766,2017,LTU,656.0,Lithuania
10767,2016,LTU,656.0,Lithuania
10768,2015,LTU,656.0,Lithuania
10769,2014,LTU,656.0,Lithuania
10770,2013,LTU,656.0,Lithuania
10771,2012,LTU,656.0,Lithuania
10772,2011,LTU,656.0,Lithuania
10773,2010,LTU,656.0,Lithuania
10774,2009,LTU,656.0,Lithuania
10775,2008,LTU,656.0,Lithuania
10776,2007,LTU,656.0,Lithuania
10777,2006,LTU,656.0,Lithuania
10778,2005,LTU,656.0,Lithuania
10779,2004,LTU,656.0,Lithuania
10780,2003,LTU,656.0,Lithuania
10781,2002,LTU,656.0,Lithuania
10782,2001,LTU,656.0,Lithuania
10783,2000,LTU,656.0,Lithuania
10784,1999,LTU,656.0,Lithuania
10785,1998,LTU,656.0,Lithuania
10786,1997,LTU,656.0,Lithuania
10787,1996,LTU,656.0,Lithuania
10788,1995,LTU,656.0,Lithuania
10789,1994,LTU,656.0,Lithuania
10790,1993,LTU,656.0,Lithuania
10791,1992,LTU,656.0,Lithuania
10792,1991,LTU,,Lithuania
10793,1990,LTU,,Lithuania
10794,1989,LTU,,Lithuania
10795,1988,LTU,,Lithuania
10796,1987,LTU,,Lithuania
10797,1986,LTU,,Lithuania
10798,1985,LTU,,Lithuania
10799,1984,LTU,,Lithuania
10800,1983,LTU,,Lithuania
10801,1982,LTU,,Lithuania
10802,1981,LTU,,Lithuania
10803,1980,LTU,,Lithuania
10804,1979,LTU,,Lithuania
10805,1978,LTU,,Lithuania
10806,1977,LTU,,Lithuania
10807,1976,LTU,,Lithuania
10808,1975,LTU,,Lithuania
10809,1974,LTU,,Lithuania
10810,1973,LTU,,Lithuania
10811,1972,LTU,,Lithuania
10812,1971,LTU,,Lithuania
10813,1970,LTU,,Lithuania
10814,1969,LTU,,Lithuania
10815,1968,LTU,,Lithuania
10816,1967,LTU,,Lithuania
10817,1966,LTU,,Lithuania
10818,1965,LTU,,Lithuania
10819,1964,LTU,,Lithuania
10820,1963,LTU,,Lithuania
10821,1962,LTU,,Lithuania
10822,1961,LTU,,Lithuania
10823,1960,LTU,,Lithuania
10824,2025,LUX,,Luxembourg
10825,2024,LUX,,Luxembourg
10826,2023,LUX,,Luxembourg
10827,2022,LUX,934.0,Luxembourg
10828,2021,LUX,934.0,Luxembourg
10829,2020,LUX,934.0,Luxembourg
10830,2019,LUX,934.0,Luxembourg
10831,2018,LUX,934.0,Luxembourg
10832,2017,LUX,934.0,Luxembourg
10833,2016,LUX,934.0,Luxembourg
10834,2015,LUX,934.0,Luxembourg
10835,2014,LUX,934.0,Luxembourg
10836,2013,LUX,934.0,Luxembourg
10837,2012,LUX,934.0,Luxembourg
10838,2011,LUX,934.0,Luxembourg
10839,2010,LUX,934.0,Luxembourg
10840,2009,LUX,934.0,Luxembourg
10841,2008,LUX,934.0,Luxembourg
10842,2007,LUX,934.0,Luxembourg
10843,2006,LUX,934.0,Luxembourg
10844,2005,LUX,934.0,Luxembourg
10845,2004,LUX,934.0,Luxembourg
10846,2003,LUX,934.0,Luxembourg
10847,2002,LUX,934.0,Luxembourg
10848,2001,LUX,934.0,Luxembourg
10849,2000,LUX,934.0,Luxembourg
10850,1999,LUX,934.0,Luxembourg
10851,1998,LUX,934.0,Luxembourg
10852,1997,LUX,934.0,Luxembourg
10853,1996,LUX,934.0,Luxembourg
10854,1995,LUX,934.0,Luxembourg
10855,1994,LUX,934.0,Luxembourg
10856,1993,LUX,934.0,Luxembourg
10857,1992,LUX,934.0,Luxembourg
10858,1991,LUX,934.0,Luxembourg
10859,1990,LUX,934.0,Luxembourg
10860,1989,LUX,934.0,Luxembourg
10861,1988,LUX,934.0,Luxembourg
10862,1987,LUX,934.0,Luxembourg
10863,1986,LUX,934.0,Luxembourg
10864,1985,LUX,934.0,Luxembourg
10865,1984,LUX,934.0,Luxembourg
10866,1983,LUX,934.0,Luxembourg
10867,1982,LUX,934.0,Luxembourg
10868,1981,LUX,934.0,Luxembourg
10869,1980,LUX,934.0,Luxembourg
10870,1979,LUX,934.0,Luxembourg
10871,1978,LUX,934.0,Luxembourg
10872,1977,LUX,934.0,Luxembourg
10873,1976,LUX,934.0,Luxembourg
10874,1975,LUX,934.0,Luxembourg
10875,1974,LUX,934.0,Luxembourg
10876,1973,LUX,934.0,Luxembourg
10877,1972,LUX,934.0,Luxembourg
10878,1971,LUX,934.0,Luxembourg
10879,1970,LUX,934.0,Luxembourg
10880,1969,LUX,934.0,Luxembourg
10881,1968,LUX,934.0,Luxembourg
10882,1967,LUX,934.0,Luxembourg
10883,1966,LUX,934.0,Luxembourg
10884,1965,LUX,934.0,Luxembourg
10885,1964,LUX,934.0,Luxembourg
10886,1963,LUX,934.0,Luxembourg
10887,1962,LUX,934.0,Luxembourg
10888,1961,LUX,934.0,Luxembourg
10889,1960,LUX,,Luxembourg
10890,2025,MAC,,"Macao SAR, China"
10891,2024,MAC,,"Macao SAR, China"
10892,2023,MAC,,"Macao SAR, China"
10893,2022,MAC,,"Macao SAR, China"
10894,2021,MAC,,"Macao SAR, China"
10895,2020,MAC,,"Macao SAR, China"
10896,2019,MAC,,"Macao SAR, China"
10897,2018,MAC,,"Macao SAR, China"
10898,2017,MAC,,"Macao SAR, China"
10899,2016,MAC,,"Macao SAR, China"
10900,2015,MAC,,"Macao SAR, China"
10901,2014,MAC,,"Macao SAR, China"
10902,2013,MAC,,"Macao SAR, China"
10903,2012,MAC,,"Macao SAR, China"
10904,2011,MAC,,"Macao SAR, China"
10905,2010,MAC,,"Macao SAR, China"
10906,2009,MAC,,"Macao SAR, China"
10907,2008,MAC,,"Macao SAR, China"
10908,2007,MAC,,"Macao SAR, China"
10909,2006,MAC,,"Macao SAR, China"
10910,2005,MAC,,"Macao SAR, China"
10911,2004,MAC,,"Macao SAR, China"
10912,2003,MAC,,"Macao SAR, China"
10913,2002,MAC,,"Macao SAR, China"
10914,2001,MAC,,"Macao SAR, China"
10915,2000,MAC,,"Macao SAR, China"
10916,1999,MAC,,"Macao SAR, China"
10917,1998,MAC,,"Macao SAR, China"
10918,1997,MAC,,"Macao SAR, China"
10919,1996,MAC,,"Macao SAR, China"
10920,1995,MAC,,"Macao SAR, China"
10921,1994,MAC,,"Macao SAR, China"
10922,1993,MAC,,"Macao SAR, China"
10923,1992,MAC,,"Macao SAR, China"
10924,1991,MAC,,"Macao SAR, China"
10925,1990,MAC,,"Macao SAR, China"
10926,1989,MAC,,"Macao SAR, China"
10927,1988,MAC,,"Macao SAR, China"
10928,1987,MAC,,"Macao SAR, China"
10929,1986,MAC,,"Macao SAR, China"
10930,1985,MAC,,"Macao SAR, China"
10931,1984,MAC,,"Macao SAR, China"
10932,1983,MAC,,"Macao SAR, China"
10933,1982,MAC,,"Macao SAR, China"
10934,1981,MAC,,"Macao SAR, China"
10935,1980,MAC,,"Macao SAR, China"
10936,1979,MAC,,"Macao SAR, China"
10937,1978,MAC,,"Macao SAR, China"
10938,1977,MAC,,"Macao SAR, China"
10939,1976,MAC,,"Macao SAR, China"
10940,1975,MAC,,"Macao SAR, China"
10941,1974,MAC,,"Macao SAR, China"
10942,1973,MAC,,"Macao SAR, China"
10943,1972,MAC,,"Macao SAR, China"
10944,1971,MAC,,"Macao SAR, China"
10945,1970,MAC,,"Macao SAR, China"
10946,1969,MAC,,"Macao SAR, China"
10947,1968,MAC,,"Macao SAR, China"
10948,1967,MAC,,"Macao SAR, China"
10949,1966,MAC,,"Macao SAR, China"
10950,1965,MAC,,"Macao SAR, China"
10951,1964,MAC,,"Macao SAR, China"
10952,1963,MAC,,"Macao SAR, China"
10953,1962,MAC,,"Macao SAR, China"
10954,1961,MAC,,"Macao SAR, China"
10955,1960,MAC,,"Macao SAR, China"
10956,2025,MDG,,Madagascar
10957,2024,MDG,,Madagascar
10958,2023,MDG,,Madagascar
10959,2022,MDG,1513.0,Madagascar
10960,2021,MDG,1513.0,Madagascar
10961,2020,MDG,1513.0,Madagascar
10962,2019,MDG,1513.0,Madagascar
10963,2018,MDG,1513.0,Madagascar
10964,2017,MDG,1513.0,Madagascar
10965,2016,MDG,1513.0,Madagascar
10966,2015,MDG,1513.0,Madagascar
10967,2014,MDG,1513.0,Madagascar
10968,2013,MDG,1513.0,Madagascar
10969,2012,MDG,1513.0,Madagascar
10970,2011,MDG,1513.0,Madagascar
10971,2010,MDG,1513.0,Madagascar
10972,2009,MDG,1513.0,Madagascar
10973,2008,MDG,1513.0,Madagascar
10974,2007,MDG,1513.0,Madagascar
10975,2006,MDG,1513.0,Madagascar
10976,2005,MDG,1513.0,Madagascar
10977,2004,MDG,1513.0,Madagascar
10978,2003,MDG,1513.0,Madagascar
10979,2002,MDG,1513.0,Madagascar
10980,2001,MDG,1513.0,Madagascar
10981,2000,MDG,1513.0,Madagascar
10982,1999,MDG,1513.0,Madagascar
10983,1998,MDG,1513.0,Madagascar
10984,1997,MDG,1513.0,Madagascar
10985,1996,MDG,1513.0,Madagascar
10986,1995,MDG,1513.0,Madagascar
10987,1994,MDG,1513.0,Madagascar
10988,1993,MDG,1513.0,Madagascar
10989,1992,MDG,1513.0,Madagascar
10990,1991,MDG,1513.0,Madagascar
10991,1990,MDG,1513.0,Madagascar
10992,1989,MDG,1513.0,Madagascar
10993,1988,MDG,1513.0,Madagascar
10994,1987,MDG,1513.0,Madagascar
10995,1986,MDG,1513.0,Madagascar
10996,1985,MDG,1513.0,Madagascar
10997,1984,MDG,1513.0,Madagascar
10998,1983,MDG,1513.0,Madagascar
10999,1982,MDG,1513.0,Madagascar
11000,1981,MDG,1513.0,Madagascar
11001,1980,MDG,1513.0,Madagascar
11002,1979,MDG,1513.0,Madagascar
11003,1978,MDG,1513.0,Madagascar
11004,1977,MDG,1513.0,Madagascar
11005,1976,MDG,1513.0,Madagascar
11006,1975,MDG,1513.0,Madagascar
11007,1974,MDG,1513.0,Madagascar
11008,1973,MDG,1513.0,Madagascar
11009,1972,MDG,1513.0,Madagascar
11010,1971,MDG,1513.0,Madagascar
11011,1970,MDG,1513.0,Madagascar
11012,1969,MDG,1513.0,Madagascar
11013,1968,MDG,1513.0,Madagascar
11014,1967,MDG,1513.0,Madagascar
11015,1966,MDG,1513.0,Madagascar
11016,1965,MDG,1513.0,Madagascar
11017,1964,MDG,1513.0,Madagascar
11018,1963,MDG,1513.0,Madagascar
11019,1962,MDG,1513.0,Madagascar
11020,1961,MDG,1513.0,Madagascar
11021,1960,MDG,,Madagascar
11022,2025,MWI,,Malawi
11023,2024,MWI,,Malawi
11024,2023,MWI,,Malawi
11025,2022,MWI,1181.0,Malawi
11026,2021,MWI,1181.0,Malawi
11027,2020,MWI,1181.0,Malawi
11028,2019,MWI,1181.0,Malawi
11029,2018,MWI,1181.0,Malawi
11030,2017,MWI,1181.0,Malawi
11031,2016,MWI,1181.0,Malawi
11032,2015,MWI,1181.0,Malawi
11033,2014,MWI,1181.0,Malawi
11034,2013,MWI,1181.0,Malawi
11035,2012,MWI,1181.0,Malawi
11036,2011,MWI,1181.0,Malawi
11037,2010,MWI,1181.0,Malawi
11038,2009,MWI,1181.0,Malawi
11039,2008,MWI,1181.0,Malawi
11040,2007,MWI,1181.0,Malawi
11041,2006,MWI,1181.0,Malawi
11042,2005,MWI,1181.0,Malawi
11043,2004,MWI,1181.0,Malawi
11044,2003,MWI,1181.0,Malawi
11045,2002,MWI,1181.0,Malawi
11046,2001,MWI,1181.0,Malawi
11047,2000,MWI,1181.0,Malawi
11048,1999,MWI,1181.0,Malawi
11049,1998,MWI,1181.0,Malawi
11050,1997,MWI,1181.0,Malawi
11051,1996,MWI,1181.0,Malawi
11052,1995,MWI,1181.0,Malawi
11053,1994,MWI,1181.0,Malawi
11054,1993,MWI,1181.0,Malawi
11055,1992,MWI,1181.0,Malawi
11056,1991,MWI,1181.0,Malawi
11057,1990,MWI,1181.0,Malawi
11058,1989,MWI,1181.0,Malawi
11059,1988,MWI,1181.0,Malawi
11060,1987,MWI,1181.0,Malawi
11061,1986,MWI,1181.0,Malawi
11062,1985,MWI,1181.0,Malawi
11063,1984,MWI,1181.0,Malawi
11064,1983,MWI,1181.0,Malawi
11065,1982,MWI,1181.0,Malawi
11066,1981,MWI,1181.0,Malawi
11067,1980,MWI,1181.0,Malawi
11068,1979,MWI,1181.0,Malawi
11069,1978,MWI,1181.0,Malawi
11070,1977,MWI,1181.0,Malawi
11071,1976,MWI,1181.0,Malawi
11072,1975,MWI,1181.0,Malawi
11073,1974,MWI,1181.0,Malawi
11074,1973,MWI,1181.0,Malawi
11075,1972,MWI,1181.0,Malawi
11076,1971,MWI,1181.0,Malawi
11077,1970,MWI,1181.0,Malawi
11078,1969,MWI,1181.0,Malawi
11079,1968,MWI,1181.0,Malawi
11080,1967,MWI,1181.0,Malawi
11081,1966,MWI,1181.0,Malawi
11082,1965,MWI,1181.0,Malawi
11083,1964,MWI,1181.0,Malawi
11084,1963,MWI,1181.0,Malawi
11085,1962,MWI,1181.0,Malawi
11086,1961,MWI,1181.0,Malawi
11087,1960,MWI,,Malawi
11088,2025,MYS,,Malaysia
11089,2024,MYS,,Malaysia
11090,2023,MYS,,Malaysia
11091,2022,MYS,2875.0,Malaysia
11092,2021,MYS,2875.0,Malaysia
11093,2020,MYS,2875.0,Malaysia
11094,2019,MYS,2875.0,Malaysia
11095,2018,MYS,2875.0,Malaysia
11096,2017,MYS,2875.0,Malaysia
11097,2016,MYS,2875.0,Malaysia
11098,2015,MYS,2875.0,Malaysia
11099,2014,MYS,2875.0,Malaysia
11100,2013,MYS,2875.0,Malaysia
11101,2012,MYS,2875.0,Malaysia
11102,2011,MYS,2875.0,Malaysia
11103,2010,MYS,2875.0,Malaysia
11104,2009,MYS,2875.0,Malaysia
11105,2008,MYS,2875.0,Malaysia
11106,2007,MYS,2875.0,Malaysia
11107,2006,MYS,2875.0,Malaysia
11108,2005,MYS,2875.0,Malaysia
11109,2004,MYS,2875.0,Malaysia
11110,2003,MYS,2875.0,Malaysia
11111,2002,MYS,2875.0,Malaysia
11112,2001,MYS,2875.0,Malaysia
11113,2000,MYS,2875.0,Malaysia
11114,1999,MYS,2875.0,Malaysia
11115,1998,MYS,2875.0,Malaysia
11116,1997,MYS,2875.0,Malaysia
11117,1996,MYS,2875.0,Malaysia
11118,1995,MYS,2875.0,Malaysia
11119,1994,MYS,2875.0,Malaysia
11120,1993,MYS,2875.0,Malaysia
11121,1992,MYS,2875.0,Malaysia
11122,1991,MYS,2875.0,Malaysia
11123,1990,MYS,2875.0,Malaysia
11124,1989,MYS,2875.0,Malaysia
11125,1988,MYS,2875.0,Malaysia
11126,1987,MYS,2875.0,Malaysia
11127,1986,MYS,2875.0,Malaysia
11128,1985,MYS,2875.0,Malaysia
11129,1984,MYS,2875.0,Malaysia
11130,1983,MYS,2875.0,Malaysia
11131,1982,MYS,2875.0,Malaysia
11132,1981,MYS,2875.0,Malaysia
11133,1980,MYS,2875.0,Malaysia
11134,1979,MYS,2875.0,Malaysia
11135,1978,MYS,2875.0,Malaysia
11136,1977,MYS,2875.0,Malaysia
11137,1976,MYS,2875.0,Malaysia
11138,1975,MYS,2875.0,Malaysia
11139,1974,MYS,2875.0,Malaysia
11140,1973,MYS,2875.0,Malaysia
11141,1972,MYS,2875.0,Malaysia
11142,1971,MYS,2875.0,Malaysia
11143,1970,MYS,2875.0,Malaysia
11144,1969,MYS,2875.0,Malaysia
11145,1968,MYS,2875.0,Malaysia
11146,1967,MYS,2875.0,Malaysia
11147,1966,MYS,2875.0,Malaysia
11148,1965,MYS,2875.0,Malaysia
11149,1964,MYS,2875.0,Malaysia
11150,1963,MYS,2875.0,Malaysia
11151,1962,MYS,2875.0,Malaysia
11152,1961,MYS,2875.0,Malaysia
11153,1960,MYS,,Malaysia
11154,2025,MDV,,Maldives
11155,2024,MDV,,Maldives
11156,2023,MDV,,Maldives
11157,2022,MDV,1972.0,Maldives
11158,2021,MDV,1972.0,Maldives
11159,2020,MDV,1972.0,Maldives
11160,2019,MDV,1972.0,Maldives
11161,2018,MDV,1972.0,Maldives
11162,2017,MDV,1972.0,Maldives
11163,2016,MDV,1972.0,Maldives
11164,2015,MDV,1972.0,Maldives
11165,2014,MDV,1972.0,Maldives
11166,2013,MDV,1972.0,Maldives
11167,2012,MDV,1972.0,Maldives
11168,2011,MDV,1972.0,Maldives
11169,2010,MDV,1972.0,Maldives
11170,2009,MDV,1972.0,Maldives
11171,2008,MDV,1972.0,Maldives
11172,2007,MDV,1972.0,Maldives
11173,2006,MDV,1972.0,Maldives
11174,2005,MDV,1972.0,Maldives
11175,2004,MDV,1972.0,Maldives
11176,2003,MDV,1972.0,Maldives
11177,2002,MDV,1972.0,Maldives
11178,2001,MDV,1972.0,Maldives
11179,2000,MDV,1972.0,Maldives
11180,1999,MDV,1972.0,Maldives
11181,1998,MDV,1972.0,Maldives
11182,1997,MDV,1972.0,Maldives
11183,1996,MDV,1972.0,Maldives
11184,1995,MDV,1972.0,Maldives
11185,1994,MDV,1972.0,Maldives
11186,1993,MDV,1972.0,Maldives
11187,1992,MDV,1972.0,Maldives
11188,1991,MDV,1972.0,Maldives
11189,1990,MDV,1972.0,Maldives
11190,1989,MDV,1972.0,Maldives
11191,1988,MDV,1972.0,Maldives
11192,1987,MDV,1972.0,Maldives
11193,1986,MDV,1972.0,Maldives
11194,1985,MDV,1972.0,Maldives
11195,1984,MDV,1972.0,Maldives
11196,1983,MDV,1972.0,Maldives
11197,1982,MDV,1972.0,Maldives
11198,1981,MDV,1972.0,Maldives
11199,1980,MDV,1972.0,Maldives
11200,1979,MDV,1972.0,Maldives
11201,1978,MDV,1972.0,Maldives
11202,1977,MDV,1972.0,Maldives
11203,1976,MDV,1972.0,Maldives
11204,1975,MDV,1972.0,Maldives
11205,1974,MDV,1972.0,Maldives
11206,1973,MDV,1972.0,Maldives
11207,1972,MDV,1972.0,Maldives
11208,1971,MDV,1972.0,Maldives
11209,1970,MDV,1972.0,Maldives
11210,1969,MDV,1972.0,Maldives
11211,1968,MDV,1972.0,Maldives
11212,1967,MDV,1972.0,Maldives
11213,1966,MDV,1972.0,Maldives
11214,1965,MDV,1972.0,Maldives
11215,1964,MDV,1972.0,Maldives
11216,1963,MDV,1972.0,Maldives
11217,1962,MDV,1972.0,Maldives
11218,1961,MDV,1972.0,Maldives
11219,1960,MDV,,Maldives
11220,2025,MLI,,Mali
11221,2024,MLI,,Mali
11222,2023,MLI,,Mali
11223,2022,MLI,282.0,Mali
11224,2021,MLI,282.0,Mali
11225,2020,MLI,282.0,Mali
11226,2019,MLI,282.0,Mali
11227,2018,MLI,282.0,Mali
11228,2017,MLI,282.0,Mali
11229,2016,MLI,282.0,Mali
11230,2015,MLI,282.0,Mali
11231,2014,MLI,282.0,Mali
11232,2013,MLI,282.0,Mali
11233,2012,MLI,282.0,Mali
11234,2011,MLI,282.0,Mali
11235,2010,MLI,282.0,Mali
11236,2009,MLI,282.0,Mali
11237,2008,MLI,282.0,Mali
11238,2007,MLI,282.0,Mali
11239,2006,MLI,282.0,Mali
11240,2005,MLI,282.0,Mali
11241,2004,MLI,282.0,Mali
11242,2003,MLI,282.0,Mali
11243,2002,MLI,282.0,Mali
11244,2001,MLI,282.0,Mali
11245,2000,MLI,282.0,Mali
11246,1999,MLI,282.0,Mali
11247,1998,MLI,282.0,Mali
11248,1997,MLI,282.0,Mali
11249,1996,MLI,282.0,Mali
11250,1995,MLI,282.0,Mali
11251,1994,MLI,282.0,Mali
11252,1993,MLI,282.0,Mali
11253,1992,MLI,282.0,Mali
11254,1991,MLI,282.0,Mali
11255,1990,MLI,282.0,Mali
11256,1989,MLI,282.0,Mali
11257,1988,MLI,282.0,Mali
11258,1987,MLI,282.0,Mali
11259,1986,MLI,282.0,Mali
11260,1985,MLI,282.0,Mali
11261,1984,MLI,282.0,Mali
11262,1983,MLI,282.0,Mali
11263,1982,MLI,282.0,Mali
11264,1981,MLI,282.0,Mali
11265,1980,MLI,282.0,Mali
11266,1979,MLI,282.0,Mali
11267,1978,MLI,282.0,Mali
11268,1977,MLI,282.0,Mali
11269,1976,MLI,282.0,Mali
11270,1975,MLI,282.0,Mali
11271,1974,MLI,282.0,Mali
11272,1973,MLI,282.0,Mali
11273,1972,MLI,282.0,Mali
11274,1971,MLI,282.0,Mali
11275,1970,MLI,282.0,Mali
11276,1969,MLI,282.0,Mali
11277,1968,MLI,282.0,Mali
11278,1967,MLI,282.0,Mali
11279,1966,MLI,282.0,Mali
11280,1965,MLI,282.0,Mali
11281,1964,MLI,282.0,Mali
11282,1963,MLI,282.0,Mali
11283,1962,MLI,282.0,Mali
11284,1961,MLI,282.0,Mali
11285,1960,MLI,,Mali
11286,2025,MLT,,Malta
11287,2024,MLT,,Malta
11288,2023,MLT,,Malta
11289,2022,MLT,560.0,Malta
11290,2021,MLT,560.0,Malta
11291,2020,MLT,560.0,Malta
11292,2019,MLT,560.0,Malta
11293,2018,MLT,560.0,Malta
11294,2017,MLT,560.0,Malta
11295,2016,MLT,560.0,Malta
11296,2015,MLT,560.0,Malta
11297,2014,MLT,560.0,Malta
11298,2013,MLT,560.0,Malta
11299,2012,MLT,560.0,Malta
11300,2011,MLT,560.0,Malta
11301,2010,MLT,560.0,Malta
11302,2009,MLT,560.0,Malta
11303,2008,MLT,560.0,Malta
11304,2007,MLT,560.0,Malta
11305,2006,MLT,560.0,Malta
11306,2005,MLT,560.0,Malta
11307,2004,MLT,560.0,Malta
11308,2003,MLT,560.0,Malta
11309,2002,MLT,560.0,Malta
11310,2001,MLT,560.0,Malta
11311,2000,MLT,560.0,Malta
11312,1999,MLT,560.0,Malta
11313,1998,MLT,560.0,Malta
11314,1997,MLT,560.0,Malta
11315,1996,MLT,560.0,Malta
11316,1995,MLT,560.0,Malta
11317,1994,MLT,560.0,Malta
11318,1993,MLT,560.0,Malta
11319,1992,MLT,560.0,Malta
11320,1991,MLT,560.0,Malta
11321,1990,MLT,560.0,Malta
11322,1989,MLT,560.0,Malta
11323,1988,MLT,560.0,Malta
11324,1987,MLT,560.0,Malta
11325,1986,MLT,560.0,Malta
11326,1985,MLT,560.0,Malta
11327,1984,MLT,560.0,Malta
11328,1983,MLT,560.0,Malta
11329,1982,MLT,560.0,Malta
11330,1981,MLT,560.0,Malta
11331,1980,MLT,560.0,Malta
11332,1979,MLT,560.0,Malta
11333,1978,MLT,560.0,Malta
11334,1977,MLT,560.0,Malta
11335,1976,MLT,560.0,Malta
11336,1975,MLT,560.0,Malta
11337,1974,MLT,560.0,Malta
11338,1973,MLT,560.0,Malta
11339,1972,MLT,560.0,Malta
11340,1971,MLT,560.0,Malta
11341,1970,MLT,560.0,Malta
11342,1969,MLT,560.0,Malta
11343,1968,MLT,560.0,Malta
11344,1967,MLT,560.0,Malta
11345,1966,MLT,560.0,Malta
11346,1965,MLT,560.0,Malta
11347,1964,MLT,560.0,Malta
11348,1963,MLT,560.0,Malta
11349,1962,MLT,560.0,Malta
11350,1961,MLT,560.0,Malta
11351,1960,MLT,,Malta
11352,2025,MHL,,Marshall Islands
11353,2024,MHL,,Marshall Islands
11354,2023,MHL,,Marshall Islands
11355,2022,MHL,,Marshall Islands
11356,2021,MHL,,Marshall Islands
11357,2020,MHL,,Marshall Islands
11358,2019,MHL,,Marshall Islands
11359,2018,MHL,,Marshall Islands
11360,2017,MHL,,Marshall Islands
11361,2016,MHL,,Marshall Islands
11362,2015,MHL,,Marshall Islands
11363,2014,MHL,,Marshall Islands
11364,2013,MHL,,Marshall Islands
11365,2012,MHL,,Marshall Islands
11366,2011,MHL,,Marshall Islands
11367,2010,MHL,,Marshall Islands
11368,2009,MHL,,Marshall Islands
11369,2008,MHL,,Marshall Islands
11370,2007,MHL,,Marshall Islands
11371,2006,MHL,,Marshall Islands
11372,2005,MHL,,Marshall Islands
11373,2004,MHL,,Marshall Islands
11374,2003,MHL,,Marshall Islands
11375,2002,MHL,,Marshall Islands
11376,2001,MHL,,Marshall Islands
11377,2000,MHL,,Marshall Islands
11378,1999,MHL,,Marshall Islands
11379,1998,MHL,,Marshall Islands
11380,1997,MHL,,Marshall Islands
11381,1996,MHL,,Marshall Islands
11382,1995,MHL,,Marshall Islands
11383,1994,MHL,,Marshall Islands
11384,1993,MHL,,Marshall Islands
11385,1992,MHL,,Marshall Islands
11386,1991,MHL,,Marshall Islands
11387,1990,MHL,,Marshall Islands
11388,1989,MHL,,Marshall Islands
11389,1988,MHL,,Marshall Islands
11390,1987,MHL,,Marshall Islands
11391,1986,MHL,,Marshall Islands
11392,1985,MHL,,Marshall Islands
11393,1984,MHL,,Marshall Islands
11394,1983,MHL,,Marshall Islands
11395,1982,MHL,,Marshall Islands
11396,1981,MHL,,Marshall Islands
11397,1980,MHL,,Marshall Islands
11398,1979,MHL,,Marshall Islands
11399,1978,MHL,,Marshall Islands
11400,1977,MHL,,Marshall Islands
11401,1976,MHL,,Marshall Islands
11402,1975,MHL,,Marshall Islands
11403,1974,MHL,,Marshall Islands
11404,1973,MHL,,Marshall Islands
11405,1972,MHL,,Marshall Islands
11406,1971,MHL,,Marshall Islands
11407,1970,MHL,,Marshall Islands
11408,1969,MHL,,Marshall Islands
11409,1968,MHL,,Marshall Islands
11410,1967,MHL,,Marshall Islands
11411,1966,MHL,,Marshall Islands
11412,1965,MHL,,Marshall Islands
11413,1964,MHL,,Marshall Islands
11414,1963,MHL,,Marshall Islands
11415,1962,MHL,,Marshall Islands
11416,1961,MHL,,Marshall Islands
11417,1960,MHL,,Marshall Islands
11418,2025,MRT,,Mauritania
11419,2024,MRT,,Mauritania
11420,2023,MRT,,Mauritania
11421,2022,MRT,92.0,Mauritania
11422,2021,MRT,92.0,Mauritania
11423,2020,MRT,92.0,Mauritania
11424,2019,MRT,92.0,Mauritania
11425,2018,MRT,92.0,Mauritania
11426,2017,MRT,92.0,Mauritania
11427,2016,MRT,92.0,Mauritania
11428,2015,MRT,92.0,Mauritania
11429,2014,MRT,92.0,Mauritania
11430,2013,MRT,92.0,Mauritania
11431,2012,MRT,92.0,Mauritania
11432,2011,MRT,92.0,Mauritania
11433,2010,MRT,92.0,Mauritania
11434,2009,MRT,92.0,Mauritania
11435,2008,MRT,92.0,Mauritania
11436,2007,MRT,92.0,Mauritania
11437,2006,MRT,92.0,Mauritania
11438,2005,MRT,92.0,Mauritania
11439,2004,MRT,92.0,Mauritania
11440,2003,MRT,92.0,Mauritania
11441,2002,MRT,92.0,Mauritania
11442,2001,MRT,92.0,Mauritania
11443,2000,MRT,92.0,Mauritania
11444,1999,MRT,92.0,Mauritania
11445,1998,MRT,92.0,Mauritania
11446,1997,MRT,92.0,Mauritania
11447,1996,MRT,92.0,Mauritania
11448,1995,MRT,92.0,Mauritania
11449,1994,MRT,92.0,Mauritania
11450,1993,MRT,92.0,Mauritania
11451,1992,MRT,92.0,Mauritania
11452,1991,MRT,92.0,Mauritania
11453,1990,MRT,92.0,Mauritania
11454,1989,MRT,92.0,Mauritania
11455,1988,MRT,92.0,Mauritania
11456,1987,MRT,92.0,Mauritania
11457,1986,MRT,92.0,Mauritania
11458,1985,MRT,92.0,Mauritania
11459,1984,MRT,92.0,Mauritania
11460,1983,MRT,92.0,Mauritania
11461,1982,MRT,92.0,Mauritania
11462,1981,MRT,92.0,Mauritania
11463,1980,MRT,92.0,Mauritania
11464,1979,MRT,92.0,Mauritania
11465,1978,MRT,92.0,Mauritania
11466,1977,MRT,92.0,Mauritania
11467,1976,MRT,92.0,Mauritania
11468,1975,MRT,92.0,Mauritania
11469,1974,MRT,92.0,Mauritania
11470,1973,MRT,92.0,Mauritania
11471,1972,MRT,92.0,Mauritania
11472,1971,MRT,92.0,Mauritania
11473,1970,MRT,92.0,Mauritania
11474,1969,MRT,92.0,Mauritania
11475,1968,MRT,92.0,Mauritania
11476,1967,MRT,92.0,Mauritania
11477,1966,MRT,92.0,Mauritania
11478,1965,MRT,92.0,Mauritania
11479,1964,MRT,92.0,Mauritania
11480,1963,MRT,92.0,Mauritania
11481,1962,MRT,92.0,Mauritania
11482,1961,MRT,92.0,Mauritania
11483,1960,MRT,,Mauritania
11484,2025,MUS,,Mauritius
11485,2024,MUS,,Mauritius
11486,2023,MUS,,Mauritius
11487,2022,MUS,2041.0,Mauritius
11488,2021,MUS,2041.0,Mauritius
11489,2020,MUS,2041.0,Mauritius
11490,2019,MUS,2041.0,Mauritius
11491,2018,MUS,2041.0,Mauritius
11492,2017,MUS,2041.0,Mauritius
11493,2016,MUS,2041.0,Mauritius
11494,2015,MUS,2041.0,Mauritius
11495,2014,MUS,2041.0,Mauritius
11496,2013,MUS,2041.0,Mauritius
11497,2012,MUS,2041.0,Mauritius
11498,2011,MUS,2041.0,Mauritius
11499,2010,MUS,2041.0,Mauritius
11500,2009,MUS,2041.0,Mauritius
11501,2008,MUS,2041.0,Mauritius
11502,2007,MUS,2041.0,Mauritius
11503,2006,MUS,2041.0,Mauritius
11504,2005,MUS,2041.0,Mauritius
11505,2004,MUS,2041.0,Mauritius
11506,2003,MUS,2041.0,Mauritius
11507,2002,MUS,2041.0,Mauritius
11508,2001,MUS,2041.0,Mauritius
11509,2000,MUS,2041.0,Mauritius
11510,1999,MUS,2041.0,Mauritius
11511,1998,MUS,2041.0,Mauritius
11512,1997,MUS,2041.0,Mauritius
11513,1996,MUS,2041.0,Mauritius
11514,1995,MUS,2041.0,Mauritius
11515,1994,MUS,2041.0,Mauritius
11516,1993,MUS,2041.0,Mauritius
11517,1992,MUS,2041.0,Mauritius
11518,1991,MUS,2041.0,Mauritius
11519,1990,MUS,2041.0,Mauritius
11520,1989,MUS,2041.0,Mauritius
11521,1988,MUS,2041.0,Mauritius
11522,1987,MUS,2041.0,Mauritius
11523,1986,MUS,2041.0,Mauritius
11524,1985,MUS,2041.0,Mauritius
11525,1984,MUS,2041.0,Mauritius
11526,1983,MUS,2041.0,Mauritius
11527,1982,MUS,2041.0,Mauritius
11528,1981,MUS,2041.0,Mauritius
11529,1980,MUS,2041.0,Mauritius
11530,1979,MUS,2041.0,Mauritius
11531,1978,MUS,2041.0,Mauritius
11532,1977,MUS,2041.0,Mauritius
11533,1976,MUS,2041.0,Mauritius
11534,1975,MUS,2041.0,Mauritius
11535,1974,MUS,2041.0,Mauritius
11536,1973,MUS,2041.0,Mauritius
11537,1972,MUS,2041.0,Mauritius
11538,1971,MUS,2041.0,Mauritius
11539,1970,MUS,2041.0,Mauritius
11540,1969,MUS,2041.0,Mauritius
11541,1968,MUS,2041.0,Mauritius
11542,1967,MUS,2041.0,Mauritius
11543,1966,MUS,2041.0,Mauritius
11544,1965,MUS,2041.0,Mauritius
11545,1964,MUS,2041.0,Mauritius
11546,1963,MUS,2041.0,Mauritius
11547,1962,MUS,2041.0,Mauritius
11548,1961,MUS,2041.0,Mauritius
11549,1960,MUS,,Mauritius
11550,2025,MEX,,Mexico
11551,2024,MEX,,Mexico
11552,2023,MEX,,Mexico
11553,2022,MEX,758.0,Mexico
11554,2021,MEX,758.0,Mexico
11555,2020,MEX,758.0,Mexico
11556,2019,MEX,758.0,Mexico
11557,2018,MEX,758.0,Mexico
11558,2017,MEX,758.0,Mexico
11559,2016,MEX,758.0,Mexico
11560,2015,MEX,758.0,Mexico
11561,2014,MEX,758.0,Mexico
11562,2013,MEX,758.0,Mexico
11563,2012,MEX,758.0,Mexico
11564,2011,MEX,758.0,Mexico
11565,2010,MEX,758.0,Mexico
11566,2009,MEX,758.0,Mexico
11567,2008,MEX,758.0,Mexico
11568,2007,MEX,758.0,Mexico
11569,2006,MEX,758.0,Mexico
11570,2005,MEX,758.0,Mexico
11571,2004,MEX,758.0,Mexico
11572,2003,MEX,758.0,Mexico
11573,2002,MEX,758.0,Mexico
11574,2001,MEX,758.0,Mexico
11575,2000,MEX,752.0,Mexico
11576,1999,MEX,758.0,Mexico
11577,1998,MEX,758.0,Mexico
11578,1997,MEX,758.0,Mexico
11579,1996,MEX,758.0,Mexico
11580,1995,MEX,758.0,Mexico
11581,1994,MEX,758.0,Mexico
11582,1993,MEX,758.0,Mexico
11583,1992,MEX,758.0,Mexico
11584,1991,MEX,758.0,Mexico
11585,1990,MEX,758.0,Mexico
11586,1989,MEX,758.0,Mexico
11587,1988,MEX,758.0,Mexico
11588,1987,MEX,758.0,Mexico
11589,1986,MEX,758.0,Mexico
11590,1985,MEX,758.0,Mexico
11591,1984,MEX,758.0,Mexico
11592,1983,MEX,758.0,Mexico
11593,1982,MEX,758.0,Mexico
11594,1981,MEX,758.0,Mexico
11595,1980,MEX,758.0,Mexico
11596,1979,MEX,758.0,Mexico
11597,1978,MEX,758.0,Mexico
11598,1977,MEX,758.0,Mexico
11599,1976,MEX,758.0,Mexico
11600,1975,MEX,758.0,Mexico
11601,1974,MEX,758.0,Mexico
11602,1973,MEX,758.0,Mexico
11603,1972,MEX,758.0,Mexico
11604,1971,MEX,758.0,Mexico
11605,1970,MEX,758.0,Mexico
11606,1969,MEX,758.0,Mexico
11607,1968,MEX,758.0,Mexico
11608,1967,MEX,758.0,Mexico
11609,1966,MEX,758.0,Mexico
11610,1965,MEX,758.0,Mexico
11611,1964,MEX,758.0,Mexico
11612,1963,MEX,758.0,Mexico
11613,1962,MEX,758.0,Mexico
11614,1961,MEX,,Mexico
11615,1960,MEX,,Mexico
11616,2025,FSM,,"Micronesia, Fed. Sts."
11617,2024,FSM,,"Micronesia, Fed. Sts."
11618,2023,FSM,,"Micronesia, Fed. Sts."
11619,2022,FSM,,"Micronesia, Fed. Sts."
11620,2021,FSM,,"Micronesia, Fed. Sts."
11621,2020,FSM,,"Micronesia, Fed. Sts."
11622,2019,FSM,,"Micronesia, Fed. Sts."
11623,2018,FSM,,"Micronesia, Fed. Sts."
11624,2017,FSM,,"Micronesia, Fed. Sts."
11625,2016,FSM,,"Micronesia, Fed. Sts."
11626,2015,FSM,,"Micronesia, Fed. Sts."
11627,2014,FSM,,"Micronesia, Fed. Sts."
11628,2013,FSM,,"Micronesia, Fed. Sts."
11629,2012,FSM,,"Micronesia, Fed. Sts."
11630,2011,FSM,,"Micronesia, Fed. Sts."
11631,2010,FSM,,"Micronesia, Fed. Sts."
11632,2009,FSM,,"Micronesia, Fed. Sts."
11633,2008,FSM,,"Micronesia, Fed. Sts."
11634,2007,FSM,,"Micronesia, Fed. Sts."
11635,2006,FSM,,"Micronesia, Fed. Sts."
11636,2005,FSM,,"Micronesia, Fed. Sts."
11637,2004,FSM,,"Micronesia, Fed. Sts."
11638,2003,FSM,,"Micronesia, Fed. Sts."
11639,2002,FSM,,"Micronesia, Fed. Sts."
11640,2001,FSM,,"Micronesia, Fed. Sts."
11641,2000,FSM,,"Micronesia, Fed. Sts."
11642,1999,FSM,,"Micronesia, Fed. Sts."
11643,1998,FSM,,"Micronesia, Fed. Sts."
11644,1997,FSM,,"Micronesia, Fed. Sts."
11645,1996,FSM,,"Micronesia, Fed. Sts."
11646,1995,FSM,,"Micronesia, Fed. Sts."
11647,1994,FSM,,"Micronesia, Fed. Sts."
11648,1993,FSM,,"Micronesia, Fed. Sts."
11649,1992,FSM,,"Micronesia, Fed. Sts."
11650,1991,FSM,,"Micronesia, Fed. Sts."
11651,1990,FSM,,"Micronesia, Fed. Sts."
11652,1989,FSM,,"Micronesia, Fed. Sts."
11653,1988,FSM,,"Micronesia, Fed. Sts."
11654,1987,FSM,,"Micronesia, Fed. Sts."
11655,1986,FSM,,"Micronesia, Fed. Sts."
11656,1985,FSM,,"Micronesia, Fed. Sts."
11657,1984,FSM,,"Micronesia, Fed. Sts."
11658,1983,FSM,,"Micronesia, Fed. Sts."
11659,1982,FSM,,"Micronesia, Fed. Sts."
11660,1981,FSM,,"Micronesia, Fed. Sts."
11661,1980,FSM,,"Micronesia, Fed. Sts."
11662,1979,FSM,,"Micronesia, Fed. Sts."
11663,1978,FSM,,"Micronesia, Fed. Sts."
11664,1977,FSM,,"Micronesia, Fed. Sts."
11665,1976,FSM,,"Micronesia, Fed. Sts."
11666,1975,FSM,,"Micronesia, Fed. Sts."
11667,1974,FSM,,"Micronesia, Fed. Sts."
11668,1973,FSM,,"Micronesia, Fed. Sts."
11669,1972,FSM,,"Micronesia, Fed. Sts."
11670,1971,FSM,,"Micronesia, Fed. Sts."
11671,1970,FSM,,"Micronesia, Fed. Sts."
11672,1969,FSM,,"Micronesia, Fed. Sts."
11673,1968,FSM,,"Micronesia, Fed. Sts."
11674,1967,FSM,,"Micronesia, Fed. Sts."
11675,1966,FSM,,"Micronesia, Fed. Sts."
11676,1965,FSM,,"Micronesia, Fed. Sts."
11677,1964,FSM,,"Micronesia, Fed. Sts."
11678,1963,FSM,,"Micronesia, Fed. Sts."
11679,1962,FSM,,"Micronesia, Fed. Sts."
11680,1961,FSM,,"Micronesia, Fed. Sts."
11681,1960,FSM,,"Micronesia, Fed. Sts."
11682,2025,MDA,,Moldova
11683,2024,MDA,,Moldova
11684,2023,MDA,,Moldova
11685,2022,MDA,450.0,Moldova
11686,2021,MDA,450.0,Moldova
11687,2020,MDA,450.0,Moldova
11688,2019,MDA,450.0,Moldova
11689,2018,MDA,450.0,Moldova
11690,2017,MDA,450.0,Moldova
11691,2016,MDA,450.0,Moldova
11692,2015,MDA,450.0,Moldova
11693,2014,MDA,450.0,Moldova
11694,2013,MDA,450.0,Moldova
11695,2012,MDA,450.0,Moldova
11696,2011,MDA,450.0,Moldova
11697,2010,MDA,450.0,Moldova
11698,2009,MDA,450.0,Moldova
11699,2008,MDA,450.0,Moldova
11700,2007,MDA,450.0,Moldova
11701,2006,MDA,450.0,Moldova
11702,2005,MDA,450.0,Moldova
11703,2004,MDA,450.0,Moldova
11704,2003,MDA,450.0,Moldova
11705,2002,MDA,450.0,Moldova
11706,2001,MDA,450.0,Moldova
11707,2000,MDA,450.0,Moldova
11708,1999,MDA,450.0,Moldova
11709,1998,MDA,450.0,Moldova
11710,1997,MDA,450.0,Moldova
11711,1996,MDA,450.0,Moldova
11712,1995,MDA,450.0,Moldova
11713,1994,MDA,450.0,Moldova
11714,1993,MDA,450.0,Moldova
11715,1992,MDA,450.0,Moldova
11716,1991,MDA,,Moldova
11717,1990,MDA,,Moldova
11718,1989,MDA,,Moldova
11719,1988,MDA,,Moldova
11720,1987,MDA,,Moldova
11721,1986,MDA,,Moldova
11722,1985,MDA,,Moldova
11723,1984,MDA,,Moldova
11724,1983,MDA,,Moldova
11725,1982,MDA,,Moldova
11726,1981,MDA,,Moldova
11727,1980,MDA,,Moldova
11728,1979,MDA,,Moldova
11729,1978,MDA,,Moldova
11730,1977,MDA,,Moldova
11731,1976,MDA,,Moldova
11732,1975,MDA,,Moldova
11733,1974,MDA,,Moldova
11734,1973,MDA,,Moldova
11735,1972,MDA,,Moldova
11736,1971,MDA,,Moldova
11737,1970,MDA,,Moldova
11738,1969,MDA,,Moldova
11739,1968,MDA,,Moldova
11740,1967,MDA,,Moldova
11741,1966,MDA,,Moldova
11742,1965,MDA,,Moldova
11743,1964,MDA,,Moldova
11744,1963,MDA,,Moldova
11745,1962,MDA,,Moldova
11746,1961,MDA,,Moldova
11747,1960,MDA,,Moldova
11748,2025,MCO,,Monaco
11749,2024,MCO,,Monaco
11750,2023,MCO,,Monaco
11751,2022,MCO,,Monaco
11752,2021,MCO,,Monaco
11753,2020,MCO,,Monaco
11754,2019,MCO,,Monaco
11755,2018,MCO,,Monaco
11756,2017,MCO,,Monaco
11757,2016,MCO,,Monaco
11758,2015,MCO,,Monaco
11759,2014,MCO,,Monaco
11760,2013,MCO,,Monaco
11761,2012,MCO,,Monaco
11762,2011,MCO,,Monaco
11763,2010,MCO,,Monaco
11764,2009,MCO,,Monaco
11765,2008,MCO,,Monaco
11766,2007,MCO,,Monaco
11767,2006,MCO,,Monaco
11768,2005,MCO,,Monaco
11769,2004,MCO,,Monaco
11770,2003,MCO,,Monaco
11771,2002,MCO,,Monaco
11772,2001,MCO,,Monaco
11773,2000,MCO,,Monaco
11774,1999,MCO,,Monaco
11775,1998,MCO,,Monaco
11776,1997,MCO,,Monaco
11777,1996,MCO,,Monaco
11778,1995,MCO,,Monaco
11779,1994,MCO,,Monaco
11780,1993,MCO,,Monaco
11781,1992,MCO,,Monaco
11782,1991,MCO,,Monaco
11783,1990,MCO,,Monaco
11784,1989,MCO,,Monaco
11785,1988,MCO,,Monaco
11786,1987,MCO,,Monaco
11787,1986,MCO,,Monaco
11788,1985,MCO,,Monaco
11789,1984,MCO,,Monaco
11790,1983,MCO,,Monaco
11791,1982,MCO,,Monaco
11792,1981,MCO,,Monaco
11793,1980,MCO,,Monaco
11794,1979,MCO,,Monaco
11795,1978,MCO,,Monaco
11796,1977,MCO,,Monaco
11797,1976,MCO,,Monaco
11798,1975,MCO,,Monaco
11799,1974,MCO,,Monaco
11800,1973,MCO,,Monaco
11801,1972,MCO,,Monaco
11802,1971,MCO,,Monaco
11803,1970,MCO,,Monaco
11804,1969,MCO,,Monaco
11805,1968,MCO,,Monaco
11806,1967,MCO,,Monaco
11807,1966,MCO,,Monaco
11808,1965,MCO,,Monaco
11809,1964,MCO,,Monaco
11810,1963,MCO,,Monaco
11811,1962,MCO,,Monaco
11812,1961,MCO,,Monaco
11813,1960,MCO,,Monaco
11814,2025,MNG,,Mongolia
11815,2024,MNG,,Mongolia
11816,2023,MNG,,Mongolia
11817,2022,MNG,241.0,Mongolia
11818,2021,MNG,241.0,Mongolia
11819,2020,MNG,241.0,Mongolia
11820,2019,MNG,241.0,Mongolia
11821,2018,MNG,241.0,Mongolia
11822,2017,MNG,241.0,Mongolia
11823,2016,MNG,241.0,Mongolia
11824,2015,MNG,241.0,Mongolia
11825,2014,MNG,241.0,Mongolia
11826,2013,MNG,241.0,Mongolia
11827,2012,MNG,241.0,Mongolia
11828,2011,MNG,241.0,Mongolia
11829,2010,MNG,241.0,Mongolia
11830,2009,MNG,241.0,Mongolia
11831,2008,MNG,241.0,Mongolia
11832,2007,MNG,241.0,Mongolia
11833,2006,MNG,241.0,Mongolia
11834,2005,MNG,241.0,Mongolia
11835,2004,MNG,241.0,Mongolia
11836,2003,MNG,241.0,Mongolia
11837,2002,MNG,241.0,Mongolia
11838,2001,MNG,241.0,Mongolia
11839,2000,MNG,241.0,Mongolia
11840,1999,MNG,241.0,Mongolia
11841,1998,MNG,241.0,Mongolia
11842,1997,MNG,241.0,Mongolia
11843,1996,MNG,241.0,Mongolia
11844,1995,MNG,241.0,Mongolia
11845,1994,MNG,241.0,Mongolia
11846,1993,MNG,241.0,Mongolia
11847,1992,MNG,241.0,Mongolia
11848,1991,MNG,241.0,Mongolia
11849,1990,MNG,241.0,Mongolia
11850,1989,MNG,241.0,Mongolia
11851,1988,MNG,241.0,Mongolia
11852,1987,MNG,241.0,Mongolia
11853,1986,MNG,241.0,Mongolia
11854,1985,MNG,241.0,Mongolia
11855,1984,MNG,241.0,Mongolia
11856,1983,MNG,241.0,Mongolia
11857,1982,MNG,241.0,Mongolia
11858,1981,MNG,241.0,Mongolia
11859,1980,MNG,241.0,Mongolia
11860,1979,MNG,241.0,Mongolia
11861,1978,MNG,241.0,Mongolia
11862,1977,MNG,241.0,Mongolia
11863,1976,MNG,241.0,Mongolia
11864,1975,MNG,241.0,Mongolia
11865,1974,MNG,241.0,Mongolia
11866,1973,MNG,241.0,Mongolia
11867,1972,MNG,241.0,Mongolia
11868,1971,MNG,241.0,Mongolia
11869,1970,MNG,241.0,Mongolia
11870,1969,MNG,241.0,Mongolia
11871,1968,MNG,241.0,Mongolia
11872,1967,MNG,241.0,Mongolia
11873,1966,MNG,241.0,Mongolia
11874,1965,MNG,241.0,Mongolia
11875,1964,MNG,241.0,Mongolia
11876,1963,MNG,241.0,Mongolia
11877,1962,MNG,241.0,Mongolia
11878,1961,MNG,241.0,Mongolia
11879,1960,MNG,,Mongolia
11880,2025,MNE,,Montenegro
11881,2024,MNE,,Montenegro
11882,2023,MNE,,Montenegro
11883,2022,MNE,,Montenegro
11884,2021,MNE,,Montenegro
11885,2020,MNE,,Montenegro
11886,2019,MNE,,Montenegro
11887,2018,MNE,,Montenegro
11888,2017,MNE,,Montenegro
11889,2016,MNE,,Montenegro
11890,2015,MNE,,Montenegro
11891,2014,MNE,,Montenegro
11892,2013,MNE,,Montenegro
11893,2012,MNE,,Montenegro
11894,2011,MNE,,Montenegro
11895,2010,MNE,,Montenegro
11896,2009,MNE,,Montenegro
11897,2008,MNE,,Montenegro
11898,2007,MNE,,Montenegro
11899,2006,MNE,,Montenegro
11900,2005,MNE,,Montenegro
11901,2004,MNE,,Montenegro
11902,2003,MNE,,Montenegro
11903,2002,MNE,,Montenegro
11904,2001,MNE,,Montenegro
11905,2000,MNE,,Montenegro
11906,1999,MNE,,Montenegro
11907,1998,MNE,,Montenegro
11908,1997,MNE,,Montenegro
11909,1996,MNE,,Montenegro
11910,1995,MNE,,Montenegro
11911,1994,MNE,,Montenegro
11912,1993,MNE,,Montenegro
11913,1992,MNE,,Montenegro
11914,1991,MNE,,Montenegro
11915,1990,MNE,,Montenegro
11916,1989,MNE,,Montenegro
11917,1988,MNE,,Montenegro
11918,1987,MNE,,Montenegro
11919,1986,MNE,,Montenegro
11920,1985,MNE,,Montenegro
11921,1984,MNE,,Montenegro
11922,1983,MNE,,Montenegro
11923,1982,MNE,,Montenegro
11924,1981,MNE,,Montenegro
11925,1980,MNE,,Montenegro
11926,1979,MNE,,Montenegro
11927,1978,MNE,,Montenegro
11928,1977,MNE,,Montenegro
11929,1976,MNE,,Montenegro
11930,1975,MNE,,Montenegro
11931,1974,MNE,,Montenegro
11932,1973,MNE,,Montenegro
11933,1972,MNE,,Montenegro
11934,1971,MNE,,Montenegro
11935,1970,MNE,,Montenegro
11936,1969,MNE,,Montenegro
11937,1968,MNE,,Montenegro
11938,1967,MNE,,Montenegro
11939,1966,MNE,,Montenegro
11940,1965,MNE,,Montenegro
11941,1964,MNE,,Montenegro
11942,1963,MNE,,Montenegro
11943,1962,MNE,,Montenegro
11944,1961,MNE,,Montenegro
11945,1960,MNE,,Montenegro
11946,2025,MAR,,Morocco
11947,2024,MAR,,Morocco
11948,2023,MAR,,Morocco
11949,2022,MAR,346.0,Morocco
11950,2021,MAR,346.0,Morocco
11951,2020,MAR,346.0,Morocco
11952,2019,MAR,346.0,Morocco
11953,2018,MAR,346.0,Morocco
11954,2017,MAR,346.0,Morocco
11955,2016,MAR,346.0,Morocco
11956,2015,MAR,346.0,Morocco
11957,2014,MAR,346.0,Morocco
11958,2013,MAR,346.0,Morocco
11959,2012,MAR,346.0,Morocco
11960,2011,MAR,346.0,Morocco
11961,2010,MAR,346.0,Morocco
11962,2009,MAR,346.0,Morocco
11963,2008,MAR,346.0,Morocco
11964,2007,MAR,346.0,Morocco
11965,2006,MAR,346.0,Morocco
11966,2005,MAR,346.0,Morocco
11967,2004,MAR,346.0,Morocco
11968,2003,MAR,346.0,Morocco
11969,2002,MAR,346.0,Morocco
11970,2001,MAR,346.0,Morocco
11971,2000,MAR,346.0,Morocco
11972,1999,MAR,346.0,Morocco
11973,1998,MAR,346.0,Morocco
11974,1997,MAR,346.0,Morocco
11975,1996,MAR,346.0,Morocco
11976,1995,MAR,346.0,Morocco
11977,1994,MAR,346.0,Morocco
11978,1993,MAR,346.0,Morocco
11979,1992,MAR,346.0,Morocco
11980,1991,MAR,346.0,Morocco
11981,1990,MAR,346.0,Morocco
11982,1989,MAR,346.0,Morocco
11983,1988,MAR,346.0,Morocco
11984,1987,MAR,346.0,Morocco
11985,1986,MAR,346.0,Morocco
11986,1985,MAR,346.0,Morocco
11987,1984,MAR,346.0,Morocco
11988,1983,MAR,346.0,Morocco
11989,1982,MAR,346.0,Morocco
11990,1981,MAR,346.0,Morocco
11991,1980,MAR,346.0,Morocco
11992,1979,MAR,346.0,Morocco
11993,1978,MAR,346.0,Morocco
11994,1977,MAR,346.0,Morocco
11995,1976,MAR,346.0,Morocco
11996,1975,MAR,346.0,Morocco
11997,1974,MAR,346.0,Morocco
11998,1973,MAR,346.0,Morocco
11999,1972,MAR,346.0,Morocco
12000,1971,MAR,346.0,Morocco
12001,1970,MAR,346.0,Morocco
12002,1969,MAR,346.0,Morocco
12003,1968,MAR,346.0,Morocco
12004,1967,MAR,346.0,Morocco
12005,1966,MAR,346.0,Morocco
12006,1965,MAR,346.0,Morocco
12007,1964,MAR,346.0,Morocco
12008,1963,MAR,346.0,Morocco
12009,1962,MAR,346.0,Morocco
12010,1961,MAR,346.0,Morocco
12011,1960,MAR,,Morocco
12012,2025,MOZ,,Mozambique
12013,2024,MOZ,,Mozambique
12014,2023,MOZ,,Mozambique
12015,2022,MOZ,1032.0,Mozambique
12016,2021,MOZ,1032.0,Mozambique
12017,2020,MOZ,1032.0,Mozambique
12018,2019,MOZ,1032.0,Mozambique
12019,2018,MOZ,1032.0,Mozambique
12020,2017,MOZ,1032.0,Mozambique
12021,2016,MOZ,1032.0,Mozambique
12022,2015,MOZ,1032.0,Mozambique
12023,2014,MOZ,1032.0,Mozambique
12024,2013,MOZ,1032.0,Mozambique
12025,2012,MOZ,1032.0,Mozambique
12026,2011,MOZ,1032.0,Mozambique
12027,2010,MOZ,1032.0,Mozambique
12028,2009,MOZ,1032.0,Mozambique
12029,2008,MOZ,1032.0,Mozambique
12030,2007,MOZ,1032.0,Mozambique
12031,2006,MOZ,1032.0,Mozambique
12032,2005,MOZ,1032.0,Mozambique
12033,2004,MOZ,1032.0,Mozambique
12034,2003,MOZ,1032.0,Mozambique
12035,2002,MOZ,1032.0,Mozambique
12036,2001,MOZ,1032.0,Mozambique
12037,2000,MOZ,1032.0,Mozambique
12038,1999,MOZ,1032.0,Mozambique
12039,1998,MOZ,1032.0,Mozambique
12040,1997,MOZ,1032.0,Mozambique
12041,1996,MOZ,1032.0,Mozambique
12042,1995,MOZ,1032.0,Mozambique
12043,1994,MOZ,1032.0,Mozambique
12044,1993,MOZ,1032.0,Mozambique
12045,1992,MOZ,1032.0,Mozambique
12046,1991,MOZ,1032.0,Mozambique
12047,1990,MOZ,1032.0,Mozambique
12048,1989,MOZ,1032.0,Mozambique
12049,1988,MOZ,1032.0,Mozambique
12050,1987,MOZ,1032.0,Mozambique
12051,1986,MOZ,1032.0,Mozambique
12052,1985,MOZ,1032.0,Mozambique
12053,1984,MOZ,1032.0,Mozambique
12054,1983,MOZ,1032.0,Mozambique
12055,1982,MOZ,1032.0,Mozambique
12056,1981,MOZ,1032.0,Mozambique
12057,1980,MOZ,1032.0,Mozambique
12058,1979,MOZ,1032.0,Mozambique
12059,1978,MOZ,1032.0,Mozambique
12060,1977,MOZ,1032.0,Mozambique
12061,1976,MOZ,1032.0,Mozambique
12062,1975,MOZ,1032.0,Mozambique
12063,1974,MOZ,1032.0,Mozambique
12064,1973,MOZ,1032.0,Mozambique
12065,1972,MOZ,1032.0,Mozambique
12066,1971,MOZ,1032.0,Mozambique
12067,1970,MOZ,1032.0,Mozambique
12068,1969,MOZ,1032.0,Mozambique
12069,1968,MOZ,1032.0,Mozambique
12070,1967,MOZ,1032.0,Mozambique
12071,1966,MOZ,1032.0,Mozambique
12072,1965,MOZ,1032.0,Mozambique
12073,1964,MOZ,1032.0,Mozambique
12074,1963,MOZ,1032.0,Mozambique
12075,1962,MOZ,1032.0,Mozambique
12076,1961,MOZ,1032.0,Mozambique
12077,1960,MOZ,,Mozambique
12078,2025,MMR,,Myanmar
12079,2024,MMR,,Myanmar
12080,2023,MMR,,Myanmar
12081,2022,MMR,2091.0,Myanmar
12082,2021,MMR,2091.0,Myanmar
12083,2020,MMR,2091.0,Myanmar
12084,2019,MMR,2091.0,Myanmar
12085,2018,MMR,2091.0,Myanmar
12086,2017,MMR,2091.0,Myanmar
12087,2016,MMR,2091.0,Myanmar
12088,2015,MMR,2091.0,Myanmar
12089,2014,MMR,2091.0,Myanmar
12090,2013,MMR,2091.0,Myanmar
12091,2012,MMR,2091.0,Myanmar
12092,2011,MMR,2091.0,Myanmar
12093,2010,MMR,2091.0,Myanmar
12094,2009,MMR,2091.0,Myanmar
12095,2008,MMR,2091.0,Myanmar
12096,2007,MMR,2091.0,Myanmar
12097,2006,MMR,2091.0,Myanmar
12098,2005,MMR,2091.0,Myanmar
12099,2004,MMR,2091.0,Myanmar
12100,2003,MMR,2091.0,Myanmar
12101,2002,MMR,2091.0,Myanmar
12102,2001,MMR,2091.0,Myanmar
12103,2000,MMR,2091.0,Myanmar
12104,1999,MMR,2091.0,Myanmar
12105,1998,MMR,2091.0,Myanmar
12106,1997,MMR,2091.0,Myanmar
12107,1996,MMR,2091.0,Myanmar
12108,1995,MMR,2091.0,Myanmar
12109,1994,MMR,2091.0,Myanmar
12110,1993,MMR,2091.0,Myanmar
12111,1992,MMR,2091.0,Myanmar
12112,1991,MMR,2091.0,Myanmar
12113,1990,MMR,2091.0,Myanmar
12114,1989,MMR,2091.0,Myanmar
12115,1988,MMR,2091.0,Myanmar
12116,1987,MMR,2091.0,Myanmar
12117,1986,MMR,2091.0,Myanmar
12118,1985,MMR,2091.0,Myanmar
12119,1984,MMR,2091.0,Myanmar
12120,1983,MMR,2091.0,Myanmar
12121,1982,MMR,2091.0,Myanmar
12122,1981,MMR,2091.0,Myanmar
12123,1980,MMR,2091.0,Myanmar
12124,1979,MMR,2091.0,Myanmar
12125,1978,MMR,2091.0,Myanmar
12126,1977,MMR,2091.0,Myanmar
12127,1976,MMR,2091.0,Myanmar
12128,1975,MMR,2091.0,Myanmar
12129,1974,MMR,2091.0,Myanmar
12130,1973,MMR,2091.0,Myanmar
12131,1972,MMR,2091.0,Myanmar
12132,1971,MMR,2091.0,Myanmar
12133,1970,MMR,2091.0,Myanmar
12134,1969,MMR,2091.0,Myanmar
12135,1968,MMR,2091.0,Myanmar
12136,1967,MMR,2091.0,Myanmar
12137,1966,MMR,2091.0,Myanmar
12138,1965,MMR,2091.0,Myanmar
12139,1964,MMR,2091.0,Myanmar
12140,1963,MMR,2091.0,Myanmar
12141,1962,MMR,2091.0,Myanmar
12142,1961,MMR,2091.0,Myanmar
12143,1960,MMR,,Myanmar
12144,2025,NAM,,Namibia
12145,2024,NAM,,Namibia
12146,2023,NAM,,Namibia
12147,2022,NAM,285.0,Namibia
12148,2021,NAM,285.0,Namibia
12149,2020,NAM,285.0,Namibia
12150,2019,NAM,285.0,Namibia
12151,2018,NAM,285.0,Namibia
12152,2017,NAM,285.0,Namibia
12153,2016,NAM,285.0,Namibia
12154,2015,NAM,285.0,Namibia
12155,2014,NAM,285.0,Namibia
12156,2013,NAM,285.0,Namibia
12157,2012,NAM,285.0,Namibia
12158,2011,NAM,285.0,Namibia
12159,2010,NAM,285.0,Namibia
12160,2009,NAM,285.0,Namibia
12161,2008,NAM,285.0,Namibia
12162,2007,NAM,285.0,Namibia
12163,2006,NAM,285.0,Namibia
12164,2005,NAM,285.0,Namibia
12165,2004,NAM,285.0,Namibia
12166,2003,NAM,285.0,Namibia
12167,2002,NAM,285.0,Namibia
12168,2001,NAM,285.0,Namibia
12169,2000,NAM,285.0,Namibia
12170,1999,NAM,285.0,Namibia
12171,1998,NAM,285.0,Namibia
12172,1997,NAM,285.0,Namibia
12173,1996,NAM,285.0,Namibia
12174,1995,NAM,285.0,Namibia
12175,1994,NAM,285.0,Namibia
12176,1993,NAM,285.0,Namibia
12177,1992,NAM,285.0,Namibia
12178,1991,NAM,285.0,Namibia
12179,1990,NAM,285.0,Namibia
12180,1989,NAM,285.0,Namibia
12181,1988,NAM,285.0,Namibia
12182,1987,NAM,285.0,Namibia
12183,1986,NAM,285.0,Namibia
12184,1985,NAM,285.0,Namibia
12185,1984,NAM,285.0,Namibia
12186,1983,NAM,285.0,Namibia
12187,1982,NAM,285.0,Namibia
12188,1981,NAM,285.0,Namibia
12189,1980,NAM,285.0,Namibia
12190,1979,NAM,285.0,Namibia
12191,1978,NAM,285.0,Namibia
12192,1977,NAM,285.0,Namibia
12193,1976,NAM,285.0,Namibia
12194,1975,NAM,285.0,Namibia
12195,1974,NAM,285.0,Namibia
12196,1973,NAM,285.0,Namibia
12197,1972,NAM,285.0,Namibia
12198,1971,NAM,285.0,Namibia
12199,1970,NAM,285.0,Namibia
12200,1969,NAM,285.0,Namibia
12201,1968,NAM,285.0,Namibia
12202,1967,NAM,285.0,Namibia
12203,1966,NAM,285.0,Namibia
12204,1965,NAM,285.0,Namibia
12205,1964,NAM,285.0,Namibia
12206,1963,NAM,285.0,Namibia
12207,1962,NAM,285.0,Namibia
12208,1961,NAM,285.0,Namibia
12209,1960,NAM,,Namibia
12210,2025,NRU,,Naoero
12211,2024,NRU,,Naoero
12212,2023,NRU,,Naoero
12213,2022,NRU,,Naoero
12214,2021,NRU,,Naoero
12215,2020,NRU,,Naoero
12216,2019,NRU,,Naoero
12217,2018,NRU,,Naoero
12218,2017,NRU,,Naoero
12219,2016,NRU,,Naoero
12220,2015,NRU,,Naoero
12221,2014,NRU,,Naoero
12222,2013,NRU,,Naoero
12223,2012,NRU,,Naoero
12224,2011,NRU,,Naoero
12225,2010,NRU,,Naoero
12226,2009,NRU,,Naoero
12227,2008,NRU,,Naoero
12228,2007,NRU,,Naoero
12229,2006,NRU,,Naoero
12230,2005,NRU,,Naoero
12231,2004,NRU,,Naoero
12232,2003,NRU,,Naoero
12233,2002,NRU,,Naoero
12234,2001,NRU,,Naoero
12235,2000,NRU,,Naoero
12236,1999,NRU,,Naoero
12237,1998,NRU,,Naoero
12238,1997,NRU,,Naoero
12239,1996,NRU,,Naoero
12240,1995,NRU,,Naoero
12241,1994,NRU,,Naoero
12242,1993,NRU,,Naoero
12243,1992,NRU,,Naoero
12244,1991,NRU,,Naoero
12245,1990,NRU,,Naoero
12246,1989,NRU,,Naoero
12247,1988,NRU,,Naoero
12248,1987,NRU,,Naoero
12249,1986,NRU,,Naoero
12250,1985,NRU,,Naoero
12251,1984,NRU,,Naoero
12252,1983,NRU,,Naoero
12253,1982,NRU,,Naoero
12254,1981,NRU,,Naoero
12255,1980,NRU,,Naoero
12256,1979,NRU,,Naoero
12257,1978,NRU,,Naoero
12258,1977,NRU,,Naoero
12259,1976,NRU,,Naoero
12260,1975,NRU,,Naoero
12261,1974,NRU,,Naoero
12262,1973,NRU,,Naoero
12263,1972,NRU,,Naoero
12264,1971,NRU,,Naoero
12265,1970,NRU,,Naoero
12266,1969,NRU,,Naoero
12267,1968,NRU,,Naoero
12268,1967,NRU,,Naoero
12269,1966,NRU,,Naoero
12270,1965,NRU,,Naoero
12271,1964,NRU,,Naoero
12272,1963,NRU,,Naoero
12273,1962,NRU,,Naoero
12274,1961,NRU,,Naoero
12275,1960,NRU,,Naoero
12276,2025,NPL,,Nepal
12277,2024,NPL,,Nepal
12278,2023,NPL,,Nepal
12279,2022,NPL,1500.0,Nepal
12280,2021,NPL,1500.0,Nepal
12281,2020,NPL,1500.0,Nepal
12282,2019,NPL,1500.0,Nepal
12283,2018,NPL,1500.0,Nepal
12284,2017,NPL,1500.0,Nepal
12285,2016,NPL,1500.0,Nepal
12286,2015,NPL,1500.0,Nepal
12287,2014,NPL,1500.0,Nepal
12288,2013,NPL,1500.0,Nepal
12289,2012,NPL,1500.0,Nepal
12290,2011,NPL,1500.0,Nepal
12291,2010,NPL,1500.0,Nepal
12292,2009,NPL,1500.0,Nepal
12293,2008,NPL,1500.0,Nepal
12294,2007,NPL,1500.0,Nepal
12295,2006,NPL,1500.0,Nepal
12296,2005,NPL,1500.0,Nepal
12297,2004,NPL,1500.0,Nepal
12298,2003,NPL,1500.0,Nepal
12299,2002,NPL,1500.0,Nepal
12300,2001,NPL,1500.0,Nepal
12301,2000,NPL,1500.0,Nepal
12302,1999,NPL,1500.0,Nepal
12303,1998,NPL,1500.0,Nepal
12304,1997,NPL,1500.0,Nepal
12305,1996,NPL,1500.0,Nepal
12306,1995,NPL,1500.0,Nepal
12307,1994,NPL,1500.0,Nepal
12308,1993,NPL,1500.0,Nepal
12309,1992,NPL,1500.0,Nepal
12310,1991,NPL,1500.0,Nepal
12311,1990,NPL,1500.0,Nepal
12312,1989,NPL,1500.0,Nepal
12313,1988,NPL,1500.0,Nepal
12314,1987,NPL,1500.0,Nepal
12315,1986,NPL,1500.0,Nepal
12316,1985,NPL,1500.0,Nepal
12317,1984,NPL,1500.0,Nepal
12318,1983,NPL,1500.0,Nepal
12319,1982,NPL,1500.0,Nepal
12320,1981,NPL,1500.0,Nepal
12321,1980,NPL,1500.0,Nepal
12322,1979,NPL,1500.0,Nepal
12323,1978,NPL,1500.0,Nepal
12324,1977,NPL,1500.0,Nepal
12325,1976,NPL,1500.0,Nepal
12326,1975,NPL,1500.0,Nepal
12327,1974,NPL,1500.0,Nepal
12328,1973,NPL,1500.0,Nepal
12329,1972,NPL,1500.0,Nepal
12330,1971,NPL,1500.0,Nepal
12331,1970,NPL,1500.0,Nepal
12332,1969,NPL,1500.0,Nepal
12333,1968,NPL,1500.0,Nepal
12334,1967,NPL,1500.0,Nepal
12335,1966,NPL,1500.0,Nepal
12336,1965,NPL,1500.0,Nepal
12337,1964,NPL,1500.0,Nepal
12338,1963,NPL,1500.0,Nepal
12339,1962,NPL,1500.0,Nepal
12340,1961,NPL,1500.0,Nepal
12341,1960,NPL,,Nepal
12342,2025,NLD,,Netherlands
12343,2024,NLD,,Netherlands
12344,2023,NLD,,Netherlands
12345,2022,NLD,778.0,Netherlands
12346,2021,NLD,778.0,Netherlands
12347,2020,NLD,778.0,Netherlands
12348,2019,NLD,778.0,Netherlands
12349,2018,NLD,778.0,Netherlands
12350,2017,NLD,778.0,Netherlands
12351,2016,NLD,778.0,Netherlands
12352,2015,NLD,778.0,Netherlands
12353,2014,NLD,778.0,Netherlands
12354,2013,NLD,778.0,Netherlands
12355,2012,NLD,778.0,Netherlands
12356,2011,NLD,778.0,Netherlands
12357,2010,NLD,778.0,Netherlands
12358,2009,NLD,778.0,Netherlands
12359,2008,NLD,778.0,Netherlands
12360,2007,NLD,778.0,Netherlands
12361,2006,NLD,778.0,Netherlands
12362,2005,NLD,778.0,Netherlands
12363,2004,NLD,778.0,Netherlands
12364,2003,NLD,778.0,Netherlands
12365,2002,NLD,778.0,Netherlands
12366,2001,NLD,778.0,Netherlands
12367,2000,NLD,778.0,Netherlands
12368,1999,NLD,778.0,Netherlands
12369,1998,NLD,778.0,Netherlands
12370,1997,NLD,778.0,Netherlands
12371,1996,NLD,778.0,Netherlands
12372,1995,NLD,778.0,Netherlands
12373,1994,NLD,778.0,Netherlands
12374,1993,NLD,778.0,Netherlands
12375,1992,NLD,778.0,Netherlands
12376,1991,NLD,778.0,Netherlands
12377,1990,NLD,778.0,Netherlands
12378,1989,NLD,778.0,Netherlands
12379,1988,NLD,778.0,Netherlands
12380,1987,NLD,778.0,Netherlands
12381,1986,NLD,778.0,Netherlands
12382,1985,NLD,778.0,Netherlands
12383,1984,NLD,778.0,Netherlands
12384,1983,NLD,778.0,Netherlands
12385,1982,NLD,778.0,Netherlands
12386,1981,NLD,778.0,Netherlands
12387,1980,NLD,778.0,Netherlands
12388,1979,NLD,778.0,Netherlands
12389,1978,NLD,778.0,Netherlands
12390,1977,NLD,778.0,Netherlands
12391,1976,NLD,778.0,Netherlands
12392,1975,NLD,778.0,Netherlands
12393,1974,NLD,778.0,Netherlands
12394,1973,NLD,778.0,Netherlands
12395,1972,NLD,778.0,Netherlands
12396,1971,NLD,778.0,Netherlands
12397,1970,NLD,778.0,Netherlands
12398,1969,NLD,778.0,Netherlands
12399,1968,NLD,778.0,Netherlands
12400,1967,NLD,778.0,Netherlands
12401,1966,NLD,778.0,Netherlands
12402,1965,NLD,778.0,Netherlands
12403,1964,NLD,778.0,Netherlands
12404,1963,NLD,778.0,Netherlands
12405,1962,NLD,778.0,Netherlands
12406,1961,NLD,778.0,Netherlands
12407,1960,NLD,,Netherlands
12408,2025,NCL,,New Caledonia
12409,2024,NCL,,New Caledonia
12410,2023,NCL,,New Caledonia
12411,2022,NCL,,New Caledonia
12412,2021,NCL,,New Caledonia
12413,2020,NCL,,New Caledonia
12414,2019,NCL,,New Caledonia
12415,2018,NCL,,New Caledonia
12416,2017,NCL,,New Caledonia
12417,2016,NCL,,New Caledonia
12418,2015,NCL,,New Caledonia
12419,2014,NCL,,New Caledonia
12420,2013,NCL,,New Caledonia
12421,2012,NCL,,New Caledonia
12422,2011,NCL,,New Caledonia
12423,2010,NCL,,New Caledonia
12424,2009,NCL,,New Caledonia
12425,2008,NCL,,New Caledonia
12426,2007,NCL,,New Caledonia
12427,2006,NCL,,New Caledonia
12428,2005,NCL,,New Caledonia
12429,2004,NCL,,New Caledonia
12430,2003,NCL,,New Caledonia
12431,2002,NCL,,New Caledonia
12432,2001,NCL,,New Caledonia
12433,2000,NCL,,New Caledonia
12434,1999,NCL,,New Caledonia
12435,1998,NCL,,New Caledonia
12436,1997,NCL,,New Caledonia
12437,1996,NCL,,New Caledonia
12438,1995,NCL,,New Caledonia
12439,1994,NCL,,New Caledonia
12440,1993,NCL,,New Caledonia
12441,1992,NCL,,New Caledonia
12442,1991,NCL,,New Caledonia
12443,1990,NCL,,New Caledonia
12444,1989,NCL,,New Caledonia
12445,1988,NCL,,New Caledonia
12446,1987,NCL,,New Caledonia
12447,1986,NCL,,New Caledonia
12448,1985,NCL,,New Caledonia
12449,1984,NCL,,New Caledonia
12450,1983,NCL,,New Caledonia
12451,1982,NCL,,New Caledonia
12452,1981,NCL,,New Caledonia
12453,1980,NCL,,New Caledonia
12454,1979,NCL,,New Caledonia
12455,1978,NCL,,New Caledonia
12456,1977,NCL,,New Caledonia
12457,1976,NCL,,New Caledonia
12458,1975,NCL,,New Caledonia
12459,1974,NCL,,New Caledonia
12460,1973,NCL,,New Caledonia
12461,1972,NCL,,New Caledonia
12462,1971,NCL,,New Caledonia
12463,1970,NCL,,New Caledonia
12464,1969,NCL,,New Caledonia
12465,1968,NCL,,New Caledonia
12466,1967,NCL,,New Caledonia
12467,1966,NCL,,New Caledonia
12468,1965,NCL,,New Caledonia
12469,1964,NCL,,New Caledonia
12470,1963,NCL,,New Caledonia
12471,1962,NCL,,New Caledonia
12472,1961,NCL,,New Caledonia
12473,1960,NCL,,New Caledonia
12474,2025,NZL,,New Zealand
12475,2024,NZL,,New Zealand
12476,2023,NZL,,New Zealand
12477,2022,NZL,1732.0,New Zealand
12478,2021,NZL,1732.0,New Zealand
12479,2020,NZL,1732.0,New Zealand
12480,2019,NZL,1732.0,New Zealand
12481,2018,NZL,1732.0,New Zealand
12482,2017,NZL,1732.0,New Zealand
12483,2016,NZL,1732.0,New Zealand
12484,2015,NZL,1732.0,New Zealand
12485,2014,NZL,1732.0,New Zealand
12486,2013,NZL,1732.0,New Zealand
12487,2012,NZL,1732.0,New Zealand
12488,2011,NZL,1732.0,New Zealand
12489,2010,NZL,1732.0,New Zealand
12490,2009,NZL,1732.0,New Zealand
12491,2008,NZL,1732.0,New Zealand
12492,2007,NZL,1732.0,New Zealand
12493,2006,NZL,1732.0,New Zealand
12494,2005,NZL,1732.0,New Zealand
12495,2004,NZL,1732.0,New Zealand
12496,2003,NZL,1732.0,New Zealand
12497,2002,NZL,1732.0,New Zealand
12498,2001,NZL,1732.0,New Zealand
12499,2000,NZL,1732.0,New Zealand
12500,1999,NZL,1732.0,New Zealand
12501,1998,NZL,1732.0,New Zealand
12502,1997,NZL,1732.0,New Zealand
12503,1996,NZL,1732.0,New Zealand
12504,1995,NZL,1732.0,New Zealand
12505,1994,NZL,1732.0,New Zealand
12506,1993,NZL,1732.0,New Zealand
12507,1992,NZL,1732.0,New Zealand
12508,1991,NZL,1732.0,New Zealand
12509,1990,NZL,1732.0,New Zealand
12510,1989,NZL,1732.0,New Zealand
12511,1988,NZL,1732.0,New Zealand
12512,1987,NZL,1732.0,New Zealand
12513,1986,NZL,1732.0,New Zealand
12514,1985,NZL,1732.0,New Zealand
12515,1984,NZL,1732.0,New Zealand
12516,1983,NZL,1732.0,New Zealand
12517,1982,NZL,1732.0,New Zealand
12518,1981,NZL,1732.0,New Zealand
12519,1980,NZL,1732.0,New Zealand
12520,1979,NZL,1732.0,New Zealand
12521,1978,NZL,1732.0,New Zealand
12522,1977,NZL,1732.0,New Zealand
12523,1976,NZL,1732.0,New Zealand
12524,1975,NZL,1732.0,New Zealand
12525,1974,NZL,1732.0,New Zealand
12526,1973,NZL,1732.0,New Zealand
12527,1972,NZL,1732.0,New Zealand
12528,1971,NZL,1732.0,New Zealand
12529,1970,NZL,1732.0,New Zealand
12530,1969,NZL,1732.0,New Zealand
12531,1968,NZL,1732.0,New Zealand
12532,1967,NZL,1732.0,New Zealand
12533,1966,NZL,1732.0,New Zealand
12534,1965,NZL,1732.0,New Zealand
12535,1964,NZL,1732.0,New Zealand
12536,1963,NZL,1732.0,New Zealand
12537,1962,NZL,1732.0,New Zealand
12538,1961,NZL,1732.0,New Zealand
12539,1960,NZL,,New Zealand
12540,2025,NIC,,Nicaragua
12541,2024,NIC,,Nicaragua
12542,2023,NIC,,Nicaragua
12543,2022,NIC,2280.0,Nicaragua
12544,2021,NIC,2280.0,Nicaragua
12545,2020,NIC,2280.0,Nicaragua
12546,2019,NIC,2280.0,Nicaragua
12547,2018,NIC,2280.0,Nicaragua
12548,2017,NIC,2280.0,Nicaragua
12549,2016,NIC,2280.0,Nicaragua
12550,2015,NIC,2280.0,Nicaragua
12551,2014,NIC,2280.0,Nicaragua
12552,2013,NIC,2280.0,Nicaragua
12553,2012,NIC,2280.0,Nicaragua
12554,2011,NIC,2280.0,Nicaragua
12555,2010,NIC,2280.0,Nicaragua
12556,2009,NIC,2280.0,Nicaragua
12557,2008,NIC,2280.0,Nicaragua
12558,2007,NIC,2280.0,Nicaragua
12559,2006,NIC,2280.0,Nicaragua
12560,2005,NIC,2280.0,Nicaragua
12561,2004,NIC,2280.0,Nicaragua
12562,2003,NIC,2280.0,Nicaragua
12563,2002,NIC,2280.0,Nicaragua
12564,2001,NIC,2280.0,Nicaragua
12565,2000,NIC,2280.0,Nicaragua
12566,1999,NIC,2280.0,Nicaragua
12567,1998,NIC,2280.0,Nicaragua
12568,1997,NIC,2280.0,Nicaragua
12569,1996,NIC,2280.0,Nicaragua
12570,1995,NIC,2280.0,Nicaragua
12571,1994,NIC,2280.0,Nicaragua
12572,1993,NIC,2280.0,Nicaragua
12573,1992,NIC,2280.0,Nicaragua
12574,1991,NIC,2280.0,Nicaragua
12575,1990,NIC,2280.0,Nicaragua
12576,1989,NIC,2280.0,Nicaragua
12577,1988,NIC,2280.0,Nicaragua
12578,1987,NIC,2280.0,Nicaragua
12579,1986,NIC,2280.0,Nicaragua
12580,1985,NIC,2280.0,Nicaragua
12581,1984,NIC,2280.0,Nicaragua
12582,1983,NIC,2280.0,Nicaragua
12583,1982,NIC,2280.0,Nicaragua
12584,1981,NIC,2280.0,Nicaragua
12585,1980,NIC,2280.0,Nicaragua
12586,1979,NIC,2280.0,Nicaragua
12587,1978,NIC,2280.0,Nicaragua
12588,1977,NIC,2280.0,Nicaragua
12589,1976,NIC,2280.0,Nicaragua
12590,1975,NIC,2280.0,Nicaragua
12591,1974,NIC,2280.0,Nicaragua
12592,1973,NIC,2280.0,Nicaragua
12593,1972,NIC,2280.0,Nicaragua
12594,1971,NIC,2280.0,Nicaragua
12595,1970,NIC,2280.0,Nicaragua
12596,1969,NIC,2280.0,Nicaragua
12597,1968,NIC,2280.0,Nicaragua
12598,1967,NIC,2280.0,Nicaragua
12599,1966,NIC,2280.0,Nicaragua
12600,1965,NIC,2280.0,Nicaragua
12601,1964,NIC,2280.0,Nicaragua
12602,1963,NIC,2280.0,Nicaragua
12603,1962,NIC,2280.0,Nicaragua
12604,1961,NIC,2280.0,Nicaragua
12605,1960,NIC,,Nicaragua
12606,2025,NER,,Niger
12607,2024,NER,,Niger
12608,2023,NER,,Niger
12609,2022,NER,151.0,Niger
12610,2021,NER,151.0,Niger
12611,2020,NER,151.0,Niger
12612,2019,NER,151.0,Niger
12613,2018,NER,151.0,Niger
12614,2017,NER,151.0,Niger
12615,2016,NER,151.0,Niger
12616,2015,NER,151.0,Niger
12617,2014,NER,151.0,Niger
12618,2013,NER,151.0,Niger
12619,2012,NER,151.0,Niger
12620,2011,NER,151.0,Niger
12621,2010,NER,151.0,Niger
12622,2009,NER,151.0,Niger
12623,2008,NER,151.0,Niger
12624,2007,NER,151.0,Niger
12625,2006,NER,151.0,Niger
12626,2005,NER,151.0,Niger
12627,2004,NER,151.0,Niger
12628,2003,NER,151.0,Niger
12629,2002,NER,151.0,Niger
12630,2001,NER,151.0,Niger
12631,2000,NER,151.0,Niger
12632,1999,NER,151.0,Niger
12633,1998,NER,151.0,Niger
12634,1997,NER,151.0,Niger
12635,1996,NER,151.0,Niger
12636,1995,NER,151.0,Niger
12637,1994,NER,151.0,Niger
12638,1993,NER,151.0,Niger
12639,1992,NER,151.0,Niger
12640,1991,NER,151.0,Niger
12641,1990,NER,151.0,Niger
12642,1989,NER,151.0,Niger
12643,1988,NER,151.0,Niger
12644,1987,NER,151.0,Niger
12645,1986,NER,151.0,Niger
12646,1985,NER,151.0,Niger
12647,1984,NER,151.0,Niger
12648,1983,NER,151.0,Niger
12649,1982,NER,151.0,Niger
12650,1981,NER,151.0,Niger
12651,1980,NER,151.0,Niger
12652,1979,NER,151.0,Niger
12653,1978,NER,151.0,Niger
12654,1977,NER,151.0,Niger
12655,1976,NER,151.0,Niger
12656,1975,NER,151.0,Niger
12657,1974,NER,151.0,Niger
12658,1973,NER,151.0,Niger
12659,1972,NER,151.0,Niger
12660,1971,NER,151.0,Niger
12661,1970,NER,151.0,Niger
12662,1969,NER,151.0,Niger
12663,1968,NER,151.0,Niger
12664,1967,NER,151.0,Niger
12665,1966,NER,151.0,Niger
12666,1965,NER,151.0,Niger
12667,1964,NER,151.0,Niger
12668,1963,NER,151.0,Niger
12669,1962,NER,151.0,Niger
12670,1961,NER,151.0,Niger
12671,1960,NER,,Niger
12672,2025,NGA,,Nigeria
12673,2024,NGA,,Nigeria
12674,2023,NGA,,Nigeria
12675,2022,NGA,1150.0,Nigeria
12676,2021,NGA,1150.0,Nigeria
12677,2020,NGA,1150.0,Nigeria
12678,2019,NGA,1150.0,Nigeria
12679,2018,NGA,1150.0,Nigeria
12680,2017,NGA,1150.0,Nigeria
12681,2016,NGA,1150.0,Nigeria
12682,2015,NGA,1150.0,Nigeria
12683,2014,NGA,1150.0,Nigeria
12684,2013,NGA,1150.0,Nigeria
12685,2012,NGA,1150.0,Nigeria
12686,2011,NGA,1150.0,Nigeria
12687,2010,NGA,1150.0,Nigeria
12688,2009,NGA,1150.0,Nigeria
12689,2008,NGA,1150.0,Nigeria
12690,2007,NGA,1150.0,Nigeria
12691,2006,NGA,1150.0,Nigeria
12692,2005,NGA,1150.0,Nigeria
12693,2004,NGA,1150.0,Nigeria
12694,2003,NGA,1150.0,Nigeria
12695,2002,NGA,1150.0,Nigeria
12696,2001,NGA,1150.0,Nigeria
12697,2000,NGA,1150.0,Nigeria
12698,1999,NGA,1150.0,Nigeria
12699,1998,NGA,1150.0,Nigeria
12700,1997,NGA,1150.0,Nigeria
12701,1996,NGA,1150.0,Nigeria
12702,1995,NGA,1150.0,Nigeria
12703,1994,NGA,1150.0,Nigeria
12704,1993,NGA,1150.0,Nigeria
12705,1992,NGA,1150.0,Nigeria
12706,1991,NGA,1150.0,Nigeria
12707,1990,NGA,1150.0,Nigeria
12708,1989,NGA,1150.0,Nigeria
12709,1988,NGA,1150.0,Nigeria
12710,1987,NGA,1150.0,Nigeria
12711,1986,NGA,1150.0,Nigeria
12712,1985,NGA,1150.0,Nigeria
12713,1984,NGA,1150.0,Nigeria
12714,1983,NGA,1150.0,Nigeria
12715,1982,NGA,1150.0,Nigeria
12716,1981,NGA,1150.0,Nigeria
12717,1980,NGA,1150.0,Nigeria
12718,1979,NGA,1150.0,Nigeria
12719,1978,NGA,1150.0,Nigeria
12720,1977,NGA,1150.0,Nigeria
12721,1976,NGA,1150.0,Nigeria
12722,1975,NGA,1150.0,Nigeria
12723,1974,NGA,1150.0,Nigeria
12724,1973,NGA,1150.0,Nigeria
12725,1972,NGA,1150.0,Nigeria
12726,1971,NGA,1150.0,Nigeria
12727,1970,NGA,1150.0,Nigeria
12728,1969,NGA,1150.0,Nigeria
12729,1968,NGA,1150.0,Nigeria
12730,1967,NGA,1150.0,Nigeria
12731,1966,NGA,1150.0,Nigeria
12732,1965,NGA,1150.0,Nigeria
12733,1964,NGA,1150.0,Nigeria
12734,1963,NGA,1150.0,Nigeria
12735,1962,NGA,1150.0,Nigeria
12736,1961,NGA,1150.0,Nigeria
12737,1960,NGA,,Nigeria
12738,2025,MKD,,North Macedonia
12739,2024,MKD,,North Macedonia
12740,2023,MKD,,North Macedonia
12741,2022,MKD,619.0,North Macedonia
12742,2021,MKD,619.0,North Macedonia
12743,2020,MKD,619.0,North Macedonia
12744,2019,MKD,619.0,North Macedonia
12745,2018,MKD,619.0,North Macedonia
12746,2017,MKD,619.0,North Macedonia
12747,2016,MKD,619.0,North Macedonia
12748,2015,MKD,619.0,North Macedonia
12749,2014,MKD,619.0,North Macedonia
12750,2013,MKD,619.0,North Macedonia
12751,2012,MKD,619.0,North Macedonia
12752,2011,MKD,619.0,North Macedonia
12753,2010,MKD,619.0,North Macedonia
12754,2009,MKD,619.0,North Macedonia
12755,2008,MKD,619.0,North Macedonia
12756,2007,MKD,619.0,North Macedonia
12757,2006,MKD,619.0,North Macedonia
12758,2005,MKD,619.0,North Macedonia
12759,2004,MKD,619.0,North Macedonia
12760,2003,MKD,619.0,North Macedonia
12761,2002,MKD,619.0,North Macedonia
12762,2001,MKD,619.0,North Macedonia
12763,2000,MKD,619.0,North Macedonia
12764,1999,MKD,619.0,North Macedonia
12765,1998,MKD,619.0,North Macedonia
12766,1997,MKD,619.0,North Macedonia
12767,1996,MKD,619.0,North Macedonia
12768,1995,MKD,619.0,North Macedonia
12769,1994,MKD,619.0,North Macedonia
12770,1993,MKD,619.0,North Macedonia
12771,1992,MKD,619.0,North Macedonia
12772,1991,MKD,,North Macedonia
12773,1990,MKD,,North Macedonia
12774,1989,MKD,,North Macedonia
12775,1988,MKD,,North Macedonia
12776,1987,MKD,,North Macedonia
12777,1986,MKD,,North Macedonia
12778,1985,MKD,,North Macedonia
12779,1984,MKD,,North Macedonia
12780,1983,MKD,,North Macedonia
12781,1982,MKD,,North Macedonia
12782,1981,MKD,,North Macedonia
12783,1980,MKD,,North Macedonia
12784,1979,MKD,,North Macedonia
12785,1978,MKD,,North Macedonia
12786,1977,MKD,,North Macedonia
12787,1976,MKD,,North Macedonia
12788,1975,MKD,,North Macedonia
12789,1974,MKD,,North Macedonia
12790,1973,MKD,,North Macedonia
12791,1972,MKD,,North Macedonia
12792,1971,MKD,,North Macedonia
12793,1970,MKD,,North Macedonia
12794,1969,MKD,,North Macedonia
12795,1968,MKD,,North Macedonia
12796,1967,MKD,,North Macedonia
12797,1966,MKD,,North Macedonia
12798,1965,MKD,,North Macedonia
12799,1964,MKD,,North Macedonia
12800,1963,MKD,,North Macedonia
12801,1962,MKD,,North Macedonia
12802,1961,MKD,,North Macedonia
12803,1960,MKD,,North Macedonia
12804,2025,MNP,,Northern Mariana Islands
12805,2024,MNP,,Northern Mariana Islands
12806,2023,MNP,,Northern Mariana Islands
12807,2022,MNP,,Northern Mariana Islands
12808,2021,MNP,,Northern Mariana Islands
12809,2020,MNP,,Northern Mariana Islands
12810,2019,MNP,,Northern Mariana Islands
12811,2018,MNP,,Northern Mariana Islands
12812,2017,MNP,,Northern Mariana Islands
12813,2016,MNP,,Northern Mariana Islands
12814,2015,MNP,,Northern Mariana Islands
12815,2014,MNP,,Northern Mariana Islands
12816,2013,MNP,,Northern Mariana Islands
12817,2012,MNP,,Northern Mariana Islands
12818,2011,MNP,,Northern Mariana Islands
12819,2010,MNP,,Northern Mariana Islands
12820,2009,MNP,,Northern Mariana Islands
12821,2008,MNP,,Northern Mariana Islands
12822,2007,MNP,,Northern Mariana Islands
12823,2006,MNP,,Northern Mariana Islands
12824,2005,MNP,,Northern Mariana Islands
12825,2004,MNP,,Northern Mariana Islands
12826,2003,MNP,,Northern Mariana Islands
12827,2002,MNP,,Northern Mariana Islands
12828,2001,MNP,,Northern Mariana Islands
12829,2000,MNP,,Northern Mariana Islands
12830,1999,MNP,,Northern Mariana Islands
12831,1998,MNP,,Northern Mariana Islands
12832,1997,MNP,,Northern Mariana Islands
12833,1996,MNP,,Northern Mariana Islands
12834,1995,MNP,,Northern Mariana Islands
12835,1994,MNP,,Northern Mariana Islands
12836,1993,MNP,,Northern Mariana Islands
12837,1992,MNP,,Northern Mariana Islands
12838,1991,MNP,,Northern Mariana Islands
12839,1990,MNP,,Northern Mariana Islands
12840,1989,MNP,,Northern Mariana Islands
12841,1988,MNP,,Northern Mariana Islands
12842,1987,MNP,,Northern Mariana Islands
12843,1986,MNP,,Northern Mariana Islands
12844,1985,MNP,,Northern Mariana Islands
12845,1984,MNP,,Northern Mariana Islands
12846,1983,MNP,,Northern Mariana Islands
12847,1982,MNP,,Northern Mariana Islands
12848,1981,MNP,,Northern Mariana Islands
12849,1980,MNP,,Northern Mariana Islands
12850,1979,MNP,,Northern Mariana Islands
12851,1978,MNP,,Northern Mariana Islands
12852,1977,MNP,,Northern Mariana Islands
12853,1976,MNP,,Northern Mariana Islands
12854,1975,MNP,,Northern Mariana Islands
12855,1974,MNP,,Northern Mariana Islands
12856,1973,MNP,,Northern Mariana Islands
12857,1972,MNP,,Northern Mariana Islands
12858,1971,MNP,,Northern Mariana Islands
12859,1970,MNP,,Northern Mariana Islands
12860,1969,MNP,,Northern Mariana Islands
12861,1968,MNP,,Northern Mariana Islands
12862,1967,MNP,,Northern Mariana Islands
12863,1966,MNP,,Northern Mariana Islands
12864,1965,MNP,,Northern Mariana Islands
12865,1964,MNP,,Northern Mariana Islands
12866,1963,MNP,,Northern Mariana Islands
12867,1962,MNP,,Northern Mariana Islands
12868,1961,MNP,,Northern Mariana Islands
12869,1960,MNP,,Northern Mariana Islands
12870,2025,NOR,,Norway
12871,2024,NOR,,Norway
12872,2023,NOR,,Norway
12873,2022,NOR,1414.0,Norway
12874,2021,NOR,1414.0,Norway
12875,2020,NOR,1414.0,Norway
12876,2019,NOR,1414.0,Norway
12877,2018,NOR,1414.0,Norway
12878,2017,NOR,1414.0,Norway
12879,2016,NOR,1414.0,Norway
12880,2015,NOR,1414.0,Norway
12881,2014,NOR,1414.0,Norway
12882,2013,NOR,1414.0,Norway
12883,2012,NOR,1414.0,Norway
12884,2011,NOR,1414.0,Norway
12885,2010,NOR,1414.0,Norway
12886,2009,NOR,1414.0,Norway
12887,2008,NOR,1414.0,Norway
12888,2007,NOR,1414.0,Norway
12889,2006,NOR,1414.0,Norway
12890,2005,NOR,1414.0,Norway
12891,2004,NOR,1414.0,Norway
12892,2003,NOR,1414.0,Norway
12893,2002,NOR,1414.0,Norway
12894,2001,NOR,1414.0,Norway
12895,2000,NOR,1414.0,Norway
12896,1999,NOR,1414.0,Norway
12897,1998,NOR,1414.0,Norway
12898,1997,NOR,1414.0,Norway
12899,1996,NOR,1414.0,Norway
12900,1995,NOR,1414.0,Norway
12901,1994,NOR,1414.0,Norway
12902,1993,NOR,1414.0,Norway
12903,1992,NOR,1414.0,Norway
12904,1991,NOR,1414.0,Norway
12905,1990,NOR,1414.0,Norway
12906,1989,NOR,1414.0,Norway
12907,1988,NOR,1414.0,Norway
12908,1987,NOR,1414.0,Norway
12909,1986,NOR,1414.0,Norway
12910,1985,NOR,1414.0,Norway
12911,1984,NOR,1414.0,Norway
12912,1983,NOR,1414.0,Norway
12913,1982,NOR,1414.0,Norway
12914,1981,NOR,1414.0,Norway
12915,1980,NOR,1414.0,Norway
12916,1979,NOR,1414.0,Norway
12917,1978,NOR,1414.0,Norway
12918,1977,NOR,1414.0,Norway
12919,1976,NOR,1414.0,Norway
12920,1975,NOR,1414.0,Norway
12921,1974,NOR,1414.0,Norway
12922,1973,NOR,1414.0,Norway
12923,1972,NOR,1414.0,Norway
12924,1971,NOR,1414.0,Norway
12925,1970,NOR,1414.0,Norway
12926,1969,NOR,1414.0,Norway
12927,1968,NOR,1414.0,Norway
12928,1967,NOR,1414.0,Norway
12929,1966,NOR,1414.0,Norway
12930,1965,NOR,1414.0,Norway
12931,1964,NOR,1414.0,Norway
12932,1963,NOR,1414.0,Norway
12933,1962,NOR,1414.0,Norway
12934,1961,NOR,1414.0,Norway
12935,1960,NOR,,Norway
12936,2025,OMN,,Oman
12937,2024,OMN,,Oman
12938,2023,OMN,,Oman
12939,2022,OMN,125.0,Oman
12940,2021,OMN,125.0,Oman
12941,2020,OMN,125.0,Oman
12942,2019,OMN,125.0,Oman
12943,2018,OMN,125.0,Oman
12944,2017,OMN,125.0,Oman
12945,2016,OMN,125.0,Oman
12946,2015,OMN,125.0,Oman
12947,2014,OMN,125.0,Oman
12948,2013,OMN,125.0,Oman
12949,2012,OMN,125.0,Oman
12950,2011,OMN,125.0,Oman
12951,2010,OMN,125.0,Oman
12952,2009,OMN,125.0,Oman
12953,2008,OMN,125.0,Oman
12954,2007,OMN,125.0,Oman
12955,2006,OMN,125.0,Oman
12956,2005,OMN,125.0,Oman
12957,2004,OMN,125.0,Oman
12958,2003,OMN,125.0,Oman
12959,2002,OMN,125.0,Oman
12960,2001,OMN,125.0,Oman
12961,2000,OMN,125.0,Oman
12962,1999,OMN,125.0,Oman
12963,1998,OMN,125.0,Oman
12964,1997,OMN,125.0,Oman
12965,1996,OMN,125.0,Oman
12966,1995,OMN,125.0,Oman
12967,1994,OMN,125.0,Oman
12968,1993,OMN,125.0,Oman
12969,1992,OMN,125.0,Oman
12970,1991,OMN,125.0,Oman
12971,1990,OMN,125.0,Oman
12972,1989,OMN,125.0,Oman
12973,1988,OMN,125.0,Oman
12974,1987,OMN,125.0,Oman
12975,1986,OMN,125.0,Oman
12976,1985,OMN,125.0,Oman
12977,1984,OMN,125.0,Oman
12978,1983,OMN,125.0,Oman
12979,1982,OMN,125.0,Oman
12980,1981,OMN,125.0,Oman
12981,1980,OMN,125.0,Oman
12982,1979,OMN,125.0,Oman
12983,1978,OMN,125.0,Oman
12984,1977,OMN,125.0,Oman
12985,1976,OMN,125.0,Oman
12986,1975,OMN,125.0,Oman
12987,1974,OMN,125.0,Oman
12988,1973,OMN,125.0,Oman
12989,1972,OMN,125.0,Oman
12990,1971,OMN,125.0,Oman
12991,1970,OMN,125.0,Oman
12992,1969,OMN,125.0,Oman
12993,1968,OMN,125.0,Oman
12994,1967,OMN,125.0,Oman
12995,1966,OMN,125.0,Oman
12996,1965,OMN,125.0,Oman
12997,1964,OMN,125.0,Oman
12998,1963,OMN,125.0,Oman
12999,1962,OMN,125.0,Oman
13000,1961,OMN,125.0,Oman
13001,1960,OMN,,Oman
13002,2025,PAK,,Pakistan
13003,2024,PAK,,Pakistan
13004,2023,PAK,,Pakistan
13005,2022,PAK,494.0,Pakistan
13006,2021,PAK,494.0,Pakistan
13007,2020,PAK,494.0,Pakistan
13008,2019,PAK,494.0,Pakistan
13009,2018,PAK,494.0,Pakistan
13010,2017,PAK,494.0,Pakistan
13011,2016,PAK,494.0,Pakistan
13012,2015,PAK,494.0,Pakistan
13013,2014,PAK,494.0,Pakistan
13014,2013,PAK,494.0,Pakistan
13015,2012,PAK,494.0,Pakistan
13016,2011,PAK,494.0,Pakistan
13017,2010,PAK,494.0,Pakistan
13018,2009,PAK,494.0,Pakistan
13019,2008,PAK,494.0,Pakistan
13020,2007,PAK,494.0,Pakistan
13021,2006,PAK,494.0,Pakistan
13022,2005,PAK,494.0,Pakistan
13023,2004,PAK,494.0,Pakistan
13024,2003,PAK,494.0,Pakistan
13025,2002,PAK,494.0,Pakistan
13026,2001,PAK,494.0,Pakistan
13027,2000,PAK,494.0,Pakistan
13028,1999,PAK,494.0,Pakistan
13029,1998,PAK,494.0,Pakistan
13030,1997,PAK,494.0,Pakistan
13031,1996,PAK,494.0,Pakistan
13032,1995,PAK,494.0,Pakistan
13033,1994,PAK,494.0,Pakistan
13034,1993,PAK,494.0,Pakistan
13035,1992,PAK,494.0,Pakistan
13036,1991,PAK,494.0,Pakistan
13037,1990,PAK,494.0,Pakistan
13038,1989,PAK,494.0,Pakistan
13039,1988,PAK,494.0,Pakistan
13040,1987,PAK,494.0,Pakistan
13041,1986,PAK,494.0,Pakistan
13042,1985,PAK,494.0,Pakistan
13043,1984,PAK,494.0,Pakistan
13044,1983,PAK,494.0,Pakistan
13045,1982,PAK,494.0,Pakistan
13046,1981,PAK,494.0,Pakistan
13047,1980,PAK,494.0,Pakistan
13048,1979,PAK,494.0,Pakistan
13049,1978,PAK,494.0,Pakistan
13050,1977,PAK,494.0,Pakistan
13051,1976,PAK,494.0,Pakistan
13052,1975,PAK,494.0,Pakistan
13053,1974,PAK,494.0,Pakistan
13054,1973,PAK,494.0,Pakistan
13055,1972,PAK,494.0,Pakistan
13056,1971,PAK,494.0,Pakistan
13057,1970,PAK,494.0,Pakistan
13058,1969,PAK,494.0,Pakistan
13059,1968,PAK,494.0,Pakistan
13060,1967,PAK,494.0,Pakistan
13061,1966,PAK,494.0,Pakistan
13062,1965,PAK,494.0,Pakistan
13063,1964,PAK,494.0,Pakistan
13064,1963,PAK,494.0,Pakistan
13065,1962,PAK,494.0,Pakistan
13066,1961,PAK,494.0,Pakistan
13067,1960,PAK,,Pakistan
13068,2025,PLW,,Palau
13069,2024,PLW,,Palau
13070,2023,PLW,,Palau
13071,2022,PLW,,Palau
13072,2021,PLW,,Palau
13073,2020,PLW,,Palau
13074,2019,PLW,,Palau
13075,2018,PLW,,Palau
13076,2017,PLW,,Palau
13077,2016,PLW,,Palau
13078,2015,PLW,,Palau
13079,2014,PLW,,Palau
13080,2013,PLW,,Palau
13081,2012,PLW,,Palau
13082,2011,PLW,,Palau
13083,2010,PLW,,Palau
13084,2009,PLW,,Palau
13085,2008,PLW,,Palau
13086,2007,PLW,,Palau
13087,2006,PLW,,Palau
13088,2005,PLW,,Palau
13089,2004,PLW,,Palau
13090,2003,PLW,,Palau
13091,2002,PLW,,Palau
13092,2001,PLW,,Palau
13093,2000,PLW,,Palau
13094,1999,PLW,,Palau
13095,1998,PLW,,Palau
13096,1997,PLW,,Palau
13097,1996,PLW,,Palau
13098,1995,PLW,,Palau
13099,1994,PLW,,Palau
13100,1993,PLW,,Palau
13101,1992,PLW,,Palau
13102,1991,PLW,,Palau
13103,1990,PLW,,Palau
13104,1989,PLW,,Palau
13105,1988,PLW,,Palau
13106,1987,PLW,,Palau
13107,1986,PLW,,Palau
13108,1985,PLW,,Palau
13109,1984,PLW,,Palau
13110,1983,PLW,,Palau
13111,1982,PLW,,Palau
13112,1981,PLW,,Palau
13113,1980,PLW,,Palau
13114,1979,PLW,,Palau
13115,1978,PLW,,Palau
13116,1977,PLW,,Palau
13117,1976,PLW,,Palau
13118,1975,PLW,,Palau
13119,1974,PLW,,Palau
13120,1973,PLW,,Palau
13121,1972,PLW,,Palau
13122,1971,PLW,,Palau
13123,1970,PLW,,Palau
13124,1969,PLW,,Palau
13125,1968,PLW,,Palau
13126,1967,PLW,,Palau
13127,1966,PLW,,Palau
13128,1965,PLW,,Palau
13129,1964,PLW,,Palau
13130,1963,PLW,,Palau
13131,1962,PLW,,Palau
13132,1961,PLW,,Palau
13133,1960,PLW,,Palau
13134,2025,PAN,,Panama
13135,2024,PAN,,Panama
13136,2023,PAN,,Panama
13137,2022,PAN,2928.0,Panama
13138,2021,PAN,2928.0,Panama
13139,2020,PAN,2928.0,Panama
13140,2019,PAN,2928.0,Panama
13141,2018,PAN,2928.0,Panama
13142,2017,PAN,2928.0,Panama
13143,2016,PAN,2928.0,Panama
13144,2015,PAN,2928.0,Panama
13145,2014,PAN,2928.0,Panama
13146,2013,PAN,2928.0,Panama
13147,2012,PAN,2928.0,Panama
13148,2011,PAN,2928.0,Panama
13149,2010,PAN,2928.0,Panama
13150,2009,PAN,2928.0,Panama
13151,2008,PAN,2928.0,Panama
13152,2007,PAN,2928.0,Panama
13153,2006,PAN,2928.0,Panama
13154,2005,PAN,2928.0,Panama
13155,2004,PAN,2928.0,Panama
13156,2003,PAN,2928.0,Panama
13157,2002,PAN,2928.0,Panama
13158,2001,PAN,2928.0,Panama
13159,2000,PAN,2928.0,Panama
13160,1999,PAN,2928.0,Panama
13161,1998,PAN,2928.0,Panama
13162,1997,PAN,2928.0,Panama
13163,1996,PAN,2928.0,Panama
13164,1995,PAN,2928.0,Panama
13165,1994,PAN,2928.0,Panama
13166,1993,PAN,2928.0,Panama
13167,1992,PAN,2928.0,Panama
13168,1991,PAN,2928.0,Panama
13169,1990,PAN,2928.0,Panama
13170,1989,PAN,2928.0,Panama
13171,1988,PAN,2928.0,Panama
13172,1987,PAN,2928.0,Panama
13173,1986,PAN,2928.0,Panama
13174,1985,PAN,2928.0,Panama
13175,1984,PAN,2928.0,Panama
13176,1983,PAN,2928.0,Panama
13177,1982,PAN,2928.0,Panama
13178,1981,PAN,2928.0,Panama
13179,1980,PAN,2928.0,Panama
13180,1979,PAN,2928.0,Panama
13181,1978,PAN,2928.0,Panama
13182,1977,PAN,2928.0,Panama
13183,1976,PAN,2928.0,Panama
13184,1975,PAN,2928.0,Panama
13185,1974,PAN,2928.0,Panama
13186,1973,PAN,2928.0,Panama
13187,1972,PAN,2928.0,Panama
13188,1971,PAN,2928.0,Panama
13189,1970,PAN,2928.0,Panama
13190,1969,PAN,2928.0,Panama
13191,1968,PAN,2928.0,Panama
13192,1967,PAN,2928.0,Panama
13193,1966,PAN,2928.0,Panama
13194,1965,PAN,2928.0,Panama
13195,1964,PAN,2928.0,Panama
13196,1963,PAN,2928.0,Panama
13197,1962,PAN,2928.0,Panama
13198,1961,PAN,2928.0,Panama
13199,1960,PAN,,Panama
13200,2025,PNG,,Papua New Guinea
13201,2024,PNG,,Papua New Guinea
13202,2023,PNG,,Papua New Guinea
13203,2022,PNG,3142.0,Papua New Guinea
13204,2021,PNG,3142.0,Papua New Guinea
13205,2020,PNG,3142.0,Papua New Guinea
13206,2019,PNG,3142.0,Papua New Guinea
13207,2018,PNG,3142.0,Papua New Guinea
13208,2017,PNG,3142.0,Papua New Guinea
13209,2016,PNG,3142.0,Papua New Guinea
13210,2015,PNG,3142.0,Papua New Guinea
13211,2014,PNG,3142.0,Papua New Guinea
13212,2013,PNG,3142.0,Papua New Guinea
13213,2012,PNG,3142.0,Papua New Guinea
13214,2011,PNG,3142.0,Papua New Guinea
13215,2010,PNG,3142.0,Papua New Guinea
13216,2009,PNG,3142.0,Papua New Guinea
13217,2008,PNG,3142.0,Papua New Guinea
13218,2007,PNG,3142.0,Papua New Guinea
13219,2006,PNG,3142.0,Papua New Guinea
13220,2005,PNG,3142.0,Papua New Guinea
13221,2004,PNG,3142.0,Papua New Guinea
13222,2003,PNG,3142.0,Papua New Guinea
13223,2002,PNG,3142.0,Papua New Guinea
13224,2001,PNG,3142.0,Papua New Guinea
13225,2000,PNG,3142.0,Papua New Guinea
13226,1999,PNG,3142.0,Papua New Guinea
13227,1998,PNG,3142.0,Papua New Guinea
13228,1997,PNG,3142.0,Papua New Guinea
13229,1996,PNG,3142.0,Papua New Guinea
13230,1995,PNG,3142.0,Papua New Guinea
13231,1994,PNG,3142.0,Papua New Guinea
13232,1993,PNG,3142.0,Papua New Guinea
13233,1992,PNG,3142.0,Papua New Guinea
13234,1991,PNG,3142.0,Papua New Guinea
13235,1990,PNG,3142.0,Papua New Guinea
13236,1989,PNG,3142.0,Papua New Guinea
13237,1988,PNG,3142.0,Papua New Guinea
13238,1987,PNG,3142.0,Papua New Guinea
13239,1986,PNG,3142.0,Papua New Guinea
13240,1985,PNG,3142.0,Papua New Guinea
13241,1984,PNG,3142.0,Papua New Guinea
13242,1983,PNG,3142.0,Papua New Guinea
13243,1982,PNG,3142.0,Papua New Guinea
13244,1981,PNG,3142.0,Papua New Guinea
13245,1980,PNG,3142.0,Papua New Guinea
13246,1979,PNG,3142.0,Papua New Guinea
13247,1978,PNG,3142.0,Papua New Guinea
13248,1977,PNG,3142.0,Papua New Guinea
13249,1976,PNG,3142.0,Papua New Guinea
13250,1975,PNG,3142.0,Papua New Guinea
13251,1974,PNG,3142.0,Papua New Guinea
13252,1973,PNG,3142.0,Papua New Guinea
13253,1972,PNG,3142.0,Papua New Guinea
13254,1971,PNG,3142.0,Papua New Guinea
13255,1970,PNG,3142.0,Papua New Guinea
13256,1969,PNG,3142.0,Papua New Guinea
13257,1968,PNG,3142.0,Papua New Guinea
13258,1967,PNG,3142.0,Papua New Guinea
13259,1966,PNG,3142.0,Papua New Guinea
13260,1965,PNG,3142.0,Papua New Guinea
13261,1964,PNG,3142.0,Papua New Guinea
13262,1963,PNG,3142.0,Papua New Guinea
13263,1962,PNG,3142.0,Papua New Guinea
13264,1961,PNG,3142.0,Papua New Guinea
13265,1960,PNG,,Papua New Guinea
13266,2025,PRY,,Paraguay
13267,2024,PRY,,Paraguay
13268,2023,PRY,,Paraguay
13269,2022,PRY,1130.0,Paraguay
13270,2021,PRY,1130.0,Paraguay
13271,2020,PRY,1130.0,Paraguay
13272,2019,PRY,1130.0,Paraguay
13273,2018,PRY,1130.0,Paraguay
13274,2017,PRY,1130.0,Paraguay
13275,2016,PRY,1130.0,Paraguay
13276,2015,PRY,1130.0,Paraguay
13277,2014,PRY,1130.0,Paraguay
13278,2013,PRY,1130.0,Paraguay
13279,2012,PRY,1130.0,Paraguay
13280,2011,PRY,1130.0,Paraguay
13281,2010,PRY,1130.0,Paraguay
13282,2009,PRY,1130.0,Paraguay
13283,2008,PRY,1130.0,Paraguay
13284,2007,PRY,1130.0,Paraguay
13285,2006,PRY,1130.0,Paraguay
13286,2005,PRY,1130.0,Paraguay
13287,2004,PRY,1130.0,Paraguay
13288,2003,PRY,1130.0,Paraguay
13289,2002,PRY,1130.0,Paraguay
13290,2001,PRY,1130.0,Paraguay
13291,2000,PRY,1130.0,Paraguay
13292,1999,PRY,1130.0,Paraguay
13293,1998,PRY,1130.0,Paraguay
13294,1997,PRY,1130.0,Paraguay
13295,1996,PRY,1130.0,Paraguay
13296,1995,PRY,1130.0,Paraguay
13297,1994,PRY,1130.0,Paraguay
13298,1993,PRY,1130.0,Paraguay
13299,1992,PRY,1130.0,Paraguay
13300,1991,PRY,1130.0,Paraguay
13301,1990,PRY,1130.0,Paraguay
13302,1989,PRY,1130.0,Paraguay
13303,1988,PRY,1130.0,Paraguay
13304,1987,PRY,1130.0,Paraguay
13305,1986,PRY,1130.0,Paraguay
13306,1985,PRY,1130.0,Paraguay
13307,1984,PRY,1130.0,Paraguay
13308,1983,PRY,1130.0,Paraguay
13309,1982,PRY,1130.0,Paraguay
13310,1981,PRY,1130.0,Paraguay
13311,1980,PRY,1130.0,Paraguay
13312,1979,PRY,1130.0,Paraguay
13313,1978,PRY,1130.0,Paraguay
13314,1977,PRY,1130.0,Paraguay
13315,1976,PRY,1130.0,Paraguay
13316,1975,PRY,1130.0,Paraguay
13317,1974,PRY,1130.0,Paraguay
13318,1973,PRY,1130.0,Paraguay
13319,1972,PRY,1130.0,Paraguay
13320,1971,PRY,1130.0,Paraguay
13321,1970,PRY,1130.0,Paraguay
13322,1969,PRY,1130.0,Paraguay
13323,1968,PRY,1130.0,Paraguay
13324,1967,PRY,1130.0,Paraguay
13325,1966,PRY,1130.0,Paraguay
13326,1965,PRY,1130.0,Paraguay
13327,1964,PRY,1130.0,Paraguay
13328,1963,PRY,1130.0,Paraguay
13329,1962,PRY,1130.0,Paraguay
13330,1961,PRY,,Paraguay
13331,1960,PRY,,Paraguay
13332,2025,PER,,Peru
13333,2024,PER,,Peru
13334,2023,PER,,Peru
13335,2022,PER,1738.0,Peru
13336,2021,PER,1738.0,Peru
13337,2020,PER,1738.0,Peru
13338,2019,PER,1738.0,Peru
13339,2018,PER,1738.0,Peru
13340,2017,PER,1738.0,Peru
13341,2016,PER,1738.0,Peru
13342,2015,PER,1738.0,Peru
13343,2014,PER,1738.0,Peru
13344,2013,PER,1738.0,Peru
13345,2012,PER,1738.0,Peru
13346,2011,PER,1738.0,Peru
13347,2010,PER,1738.0,Peru
13348,2009,PER,1738.0,Peru
13349,2008,PER,1738.0,Peru
13350,2007,PER,1738.0,Peru
13351,2006,PER,1738.0,Peru
13352,2005,PER,1738.0,Peru
13353,2004,PER,1738.0,Peru
13354,2003,PER,1738.0,Peru
13355,2002,PER,1738.0,Peru
13356,2001,PER,1738.0,Peru
13357,2000,PER,1738.0,Peru
13358,1999,PER,1738.0,Peru
13359,1998,PER,1738.0,Peru
13360,1997,PER,1738.0,Peru
13361,1996,PER,1738.0,Peru
13362,1995,PER,1738.0,Peru
13363,1994,PER,1738.0,Peru
13364,1993,PER,1738.0,Peru
13365,1992,PER,1738.0,Peru
13366,1991,PER,1738.0,Peru
13367,1990,PER,1738.0,Peru
13368,1989,PER,1738.0,Peru
13369,1988,PER,1738.0,Peru
13370,1987,PER,1738.0,Peru
13371,1986,PER,1738.0,Peru
13372,1985,PER,1738.0,Peru
13373,1984,PER,1738.0,Peru
13374,1983,PER,1738.0,Peru
13375,1982,PER,1738.0,Peru
13376,1981,PER,1738.0,Peru
13377,1980,PER,1738.0,Peru
13378,1979,PER,1738.0,Peru
13379,1978,PER,1738.0,Peru
13380,1977,PER,1738.0,Peru
13381,1976,PER,1738.0,Peru
13382,1975,PER,1738.0,Peru
13383,1974,PER,1738.0,Peru
13384,1973,PER,1738.0,Peru
13385,1972,PER,1738.0,Peru
13386,1971,PER,1738.0,Peru
13387,1970,PER,1738.0,Peru
13388,1969,PER,1738.0,Peru
13389,1968,PER,1738.0,Peru
13390,1967,PER,1738.0,Peru
13391,1966,PER,1738.0,Peru
13392,1965,PER,1738.0,Peru
13393,1964,PER,1738.0,Peru
13394,1963,PER,1738.0,Peru
13395,1962,PER,1738.0,Peru
13396,1961,PER,,Peru
13397,1960,PER,,Peru
13398,2025,PHL,,Philippines
13399,2024,PHL,,Philippines
13400,2023,PHL,,Philippines
13401,2022,PHL,2348.0,Philippines
13402,2021,PHL,2348.0,Philippines
13403,2020,PHL,2348.0,Philippines
13404,2019,PHL,2348.0,Philippines
13405,2018,PHL,2348.0,Philippines
13406,2017,PHL,2348.0,Philippines
13407,2016,PHL,2348.0,Philippines
13408,2015,PHL,2348.0,Philippines
13409,2014,PHL,2348.0,Philippines
13410,2013,PHL,2348.0,Philippines
13411,2012,PHL,2348.0,Philippines
13412,2011,PHL,2348.0,Philippines
13413,2010,PHL,2348.0,Philippines
13414,2009,PHL,2348.0,Philippines
13415,2008,PHL,2348.0,Philippines
13416,2007,PHL,2348.0,Philippines
13417,2006,PHL,2348.0,Philippines
13418,2005,PHL,2348.0,Philippines
13419,2004,PHL,2348.0,Philippines
13420,2003,PHL,2348.0,Philippines
13421,2002,PHL,2348.0,Philippines
13422,2001,PHL,2348.0,Philippines
13423,2000,PHL,2348.0,Philippines
13424,1999,PHL,2348.0,Philippines
13425,1998,PHL,2348.0,Philippines
13426,1997,PHL,2348.0,Philippines
13427,1996,PHL,2348.0,Philippines
13428,1995,PHL,2348.0,Philippines
13429,1994,PHL,2348.0,Philippines
13430,1993,PHL,2348.0,Philippines
13431,1992,PHL,2348.0,Philippines
13432,1991,PHL,2348.0,Philippines
13433,1990,PHL,2348.0,Philippines
13434,1989,PHL,2348.0,Philippines
13435,1988,PHL,2348.0,Philippines
13436,1987,PHL,2348.0,Philippines
13437,1986,PHL,2348.0,Philippines
13438,1985,PHL,2348.0,Philippines
13439,1984,PHL,2348.0,Philippines
13440,1983,PHL,2348.0,Philippines
13441,1982,PHL,2348.0,Philippines
13442,1981,PHL,2348.0,Philippines
13443,1980,PHL,2348.0,Philippines
13444,1979,PHL,2348.0,Philippines
13445,1978,PHL,2348.0,Philippines
13446,1977,PHL,2348.0,Philippines
13447,1976,PHL,2348.0,Philippines
13448,1975,PHL,2348.0,Philippines
13449,1974,PHL,2348.0,Philippines
13450,1973,PHL,2348.0,Philippines
13451,1972,PHL,2348.0,Philippines
13452,1971,PHL,2348.0,Philippines
13453,1970,PHL,2348.0,Philippines
13454,1969,PHL,2348.0,Philippines
13455,1968,PHL,2348.0,Philippines
13456,1967,PHL,2348.0,Philippines
13457,1966,PHL,2348.0,Philippines
13458,1965,PHL,2348.0,Philippines
13459,1964,PHL,2348.0,Philippines
13460,1963,PHL,2348.0,Philippines
13461,1962,PHL,2348.0,Philippines
13462,1961,PHL,2348.0,Philippines
13463,1960,PHL,,Philippines
13464,2025,POL,,Poland
13465,2024,POL,,Poland
13466,2023,POL,,Poland
13467,2022,POL,600.0,Poland
13468,2021,POL,600.0,Poland
13469,2020,POL,600.0,Poland
13470,2019,POL,600.0,Poland
13471,2018,POL,600.0,Poland
13472,2017,POL,600.0,Poland
13473,2016,POL,600.0,Poland
13474,2015,POL,600.0,Poland
13475,2014,POL,600.0,Poland
13476,2013,POL,600.0,Poland
13477,2012,POL,600.0,Poland
13478,2011,POL,600.0,Poland
13479,2010,POL,600.0,Poland
13480,2009,POL,600.0,Poland
13481,2008,POL,600.0,Poland
13482,2007,POL,600.0,Poland
13483,2006,POL,600.0,Poland
13484,2005,POL,600.0,Poland
13485,2004,POL,600.0,Poland
13486,2003,POL,600.0,Poland
13487,2002,POL,600.0,Poland
13488,2001,POL,600.0,Poland
13489,2000,POL,600.0,Poland
13490,1999,POL,600.0,Poland
13491,1998,POL,600.0,Poland
13492,1997,POL,600.0,Poland
13493,1996,POL,600.0,Poland
13494,1995,POL,600.0,Poland
13495,1994,POL,600.0,Poland
13496,1993,POL,600.0,Poland
13497,1992,POL,600.0,Poland
13498,1991,POL,600.0,Poland
13499,1990,POL,600.0,Poland
13500,1989,POL,600.0,Poland
13501,1988,POL,600.0,Poland
13502,1987,POL,600.0,Poland
13503,1986,POL,600.0,Poland
13504,1985,POL,600.0,Poland
13505,1984,POL,600.0,Poland
13506,1983,POL,600.0,Poland
13507,1982,POL,600.0,Poland
13508,1981,POL,600.0,Poland
13509,1980,POL,600.0,Poland
13510,1979,POL,600.0,Poland
13511,1978,POL,600.0,Poland
13512,1977,POL,600.0,Poland
13513,1976,POL,600.0,Poland
13514,1975,POL,600.0,Poland
13515,1974,POL,600.0,Poland
13516,1973,POL,600.0,Poland
13517,1972,POL,600.0,Poland
13518,1971,POL,600.0,Poland
13519,1970,POL,600.0,Poland
13520,1969,POL,600.0,Poland
13521,1968,POL,600.0,Poland
13522,1967,POL,600.0,Poland
13523,1966,POL,600.0,Poland
13524,1965,POL,600.0,Poland
13525,1964,POL,600.0,Poland
13526,1963,POL,600.0,Poland
13527,1962,POL,600.0,Poland
13528,1961,POL,600.0,Poland
13529,1960,POL,,Poland
13530,2025,PRT,,Portugal
13531,2024,PRT,,Portugal
13532,2023,PRT,,Portugal
13533,2022,PRT,854.0,Portugal
13534,2021,PRT,854.0,Portugal
13535,2020,PRT,854.0,Portugal
13536,2019,PRT,854.0,Portugal
13537,2018,PRT,854.0,Portugal
13538,2017,PRT,854.0,Portugal
13539,2016,PRT,854.0,Portugal
13540,2015,PRT,854.0,Portugal
13541,2014,PRT,854.0,Portugal
13542,2013,PRT,854.0,Portugal
13543,2012,PRT,854.0,Portugal
13544,2011,PRT,854.0,Portugal
13545,2010,PRT,854.0,Portugal
13546,2009,PRT,854.0,Portugal
13547,2008,PRT,854.0,Portugal
13548,2007,PRT,854.0,Portugal
13549,2006,PRT,854.0,Portugal
13550,2005,PRT,854.0,Portugal
13551,2004,PRT,854.0,Portugal
13552,2003,PRT,854.0,Portugal
13553,2002,PRT,854.0,Portugal
13554,2001,PRT,854.0,Portugal
13555,2000,PRT,854.0,Portugal
13556,1999,PRT,854.0,Portugal
13557,1998,PRT,854.0,Portugal
13558,1997,PRT,854.0,Portugal
13559,1996,PRT,854.0,Portugal
13560,1995,PRT,854.0,Portugal
13561,1994,PRT,854.0,Portugal
13562,1993,PRT,854.0,Portugal
13563,1992,PRT,854.0,Portugal
13564,1991,PRT,854.0,Portugal
13565,1990,PRT,854.0,Portugal
13566,1989,PRT,854.0,Portugal
13567,1988,PRT,854.0,Portugal
13568,1987,PRT,854.0,Portugal
13569,1986,PRT,854.0,Portugal
13570,1985,PRT,854.0,Portugal
13571,1984,PRT,854.0,Portugal
13572,1983,PRT,854.0,Portugal
13573,1982,PRT,854.0,Portugal
13574,1981,PRT,854.0,Portugal
13575,1980,PRT,854.0,Portugal
13576,1979,PRT,854.0,Portugal
13577,1978,PRT,854.0,Portugal
13578,1977,PRT,854.0,Portugal
13579,1976,PRT,854.0,Portugal
13580,1975,PRT,854.0,Portugal
13581,1974,PRT,854.0,Portugal
13582,1973,PRT,854.0,Portugal
13583,1972,PRT,854.0,Portugal
13584,1971,PRT,854.0,Portugal
13585,1970,PRT,854.0,Portugal
13586,1969,PRT,854.0,Portugal
13587,1968,PRT,854.0,Portugal
13588,1967,PRT,854.0,Portugal
13589,1966,PRT,854.0,Portugal
13590,1965,PRT,854.0,Portugal
13591,1964,PRT,854.0,Portugal
13592,1963,PRT,854.0,Portugal
13593,1962,PRT,854.0,Portugal
13594,1961,PRT,854.0,Portugal
13595,1960,PRT,,Portugal
13596,2025,PRI,,Puerto Rico (US)
13597,2024,PRI,,Puerto Rico (US)
13598,2023,PRI,,Puerto Rico (US)
13599,2022,PRI,2054.0,Puerto Rico (US)
13600,2021,PRI,2054.0,Puerto Rico (US)
13601,2020,PRI,2054.0,Puerto Rico (US)
13602,2019,PRI,2054.0,Puerto Rico (US)
13603,2018,PRI,2054.0,Puerto Rico (US)
13604,2017,PRI,2054.0,Puerto Rico (US)
13605,2016,PRI,2054.0,Puerto Rico (US)
13606,2015,PRI,2054.0,Puerto Rico (US)
13607,2014,PRI,2054.0,Puerto Rico (US)
13608,2013,PRI,2054.0,Puerto Rico (US)
13609,2012,PRI,2054.0,Puerto Rico (US)
13610,2011,PRI,2054.0,Puerto Rico (US)
13611,2010,PRI,2054.0,Puerto Rico (US)
13612,2009,PRI,2054.0,Puerto Rico (US)
13613,2008,PRI,2054.0,Puerto Rico (US)
13614,2007,PRI,2054.0,Puerto Rico (US)
13615,2006,PRI,2054.0,Puerto Rico (US)
13616,2005,PRI,2054.0,Puerto Rico (US)
13617,2004,PRI,2054.0,Puerto Rico (US)
13618,2003,PRI,2054.0,Puerto Rico (US)
13619,2002,PRI,2054.0,Puerto Rico (US)
13620,2001,PRI,2054.0,Puerto Rico (US)
13621,2000,PRI,2054.0,Puerto Rico (US)
13622,1999,PRI,2054.0,Puerto Rico (US)
13623,1998,PRI,2054.0,Puerto Rico (US)
13624,1997,PRI,2054.0,Puerto Rico (US)
13625,1996,PRI,2054.0,Puerto Rico (US)
13626,1995,PRI,2054.0,Puerto Rico (US)
13627,1994,PRI,2054.0,Puerto Rico (US)
13628,1993,PRI,2054.0,Puerto Rico (US)
13629,1992,PRI,2054.0,Puerto Rico (US)
13630,1991,PRI,2054.0,Puerto Rico (US)
13631,1990,PRI,2054.0,Puerto Rico (US)
13632,1989,PRI,2054.0,Puerto Rico (US)
13633,1988,PRI,2054.0,Puerto Rico (US)
13634,1987,PRI,2054.0,Puerto Rico (US)
13635,1986,PRI,2054.0,Puerto Rico (US)
13636,1985,PRI,2054.0,Puerto Rico (US)
13637,1984,PRI,2054.0,Puerto Rico (US)
13638,1983,PRI,2054.0,Puerto Rico (US)
13639,1982,PRI,2054.0,Puerto Rico (US)
13640,1981,PRI,2054.0,Puerto Rico (US)
13641,1980,PRI,2054.0,Puerto Rico (US)
13642,1979,PRI,2054.0,Puerto Rico (US)
13643,1978,PRI,2054.0,Puerto Rico (US)
13644,1977,PRI,2054.0,Puerto Rico (US)
13645,1976,PRI,2054.0,Puerto Rico (US)
13646,1975,PRI,2054.0,Puerto Rico (US)
13647,1974,PRI,2054.0,Puerto Rico (US)
13648,1973,PRI,2054.0,Puerto Rico (US)
13649,1972,PRI,2054.0,Puerto Rico (US)
13650,1971,PRI,2054.0,Puerto Rico (US)
13651,1970,PRI,2054.0,Puerto Rico (US)
13652,1969,PRI,2054.0,Puerto Rico (US)
13653,1968,PRI,2054.0,Puerto Rico (US)
13654,1967,PRI,2054.0,Puerto Rico (US)
13655,1966,PRI,2054.0,Puerto Rico (US)
13656,1965,PRI,2054.0,Puerto Rico (US)
13657,1964,PRI,2054.0,Puerto Rico (US)
13658,1963,PRI,2054.0,Puerto Rico (US)
13659,1962,PRI,2054.0,Puerto Rico (US)
13660,1961,PRI,2054.0,Puerto Rico (US)
13661,1960,PRI,,Puerto Rico (US)
13662,2025,QAT,,Qatar
13663,2024,QAT,,Qatar
13664,2023,QAT,,Qatar
13665,2022,QAT,74.0,Qatar
13666,2021,QAT,74.0,Qatar
13667,2020,QAT,74.0,Qatar
13668,2019,QAT,74.0,Qatar
13669,2018,QAT,74.0,Qatar
13670,2017,QAT,74.0,Qatar
13671,2016,QAT,74.0,Qatar
13672,2015,QAT,74.0,Qatar
13673,2014,QAT,74.0,Qatar
13674,2013,QAT,74.0,Qatar
13675,2012,QAT,74.0,Qatar
13676,2011,QAT,74.0,Qatar
13677,2010,QAT,74.0,Qatar
13678,2009,QAT,74.0,Qatar
13679,2008,QAT,74.0,Qatar
13680,2007,QAT,74.0,Qatar
13681,2006,QAT,74.0,Qatar
13682,2005,QAT,74.0,Qatar
13683,2004,QAT,74.0,Qatar
13684,2003,QAT,74.0,Qatar
13685,2002,QAT,74.0,Qatar
13686,2001,QAT,74.0,Qatar
13687,2000,QAT,74.0,Qatar
13688,1999,QAT,74.0,Qatar
13689,1998,QAT,74.0,Qatar
13690,1997,QAT,74.0,Qatar
13691,1996,QAT,74.0,Qatar
13692,1995,QAT,74.0,Qatar
13693,1994,QAT,74.0,Qatar
13694,1993,QAT,74.0,Qatar
13695,1992,QAT,74.0,Qatar
13696,1991,QAT,74.0,Qatar
13697,1990,QAT,74.0,Qatar
13698,1989,QAT,74.0,Qatar
13699,1988,QAT,74.0,Qatar
13700,1987,QAT,74.0,Qatar
13701,1986,QAT,74.0,Qatar
13702,1985,QAT,74.0,Qatar
13703,1984,QAT,74.0,Qatar
13704,1983,QAT,74.0,Qatar
13705,1982,QAT,74.0,Qatar
13706,1981,QAT,74.0,Qatar
13707,1980,QAT,74.0,Qatar
13708,1979,QAT,74.0,Qatar
13709,1978,QAT,74.0,Qatar
13710,1977,QAT,74.0,Qatar
13711,1976,QAT,74.0,Qatar
13712,1975,QAT,74.0,Qatar
13713,1974,QAT,74.0,Qatar
13714,1973,QAT,74.0,Qatar
13715,1972,QAT,74.0,Qatar
13716,1971,QAT,74.0,Qatar
13717,1970,QAT,74.0,Qatar
13718,1969,QAT,74.0,Qatar
13719,1968,QAT,74.0,Qatar
13720,1967,QAT,74.0,Qatar
13721,1966,QAT,74.0,Qatar
13722,1965,QAT,74.0,Qatar
13723,1964,QAT,74.0,Qatar
13724,1963,QAT,74.0,Qatar
13725,1962,QAT,74.0,Qatar
13726,1961,QAT,74.0,Qatar
13727,1960,QAT,,Qatar
13728,2025,ROU,,Romania
13729,2024,ROU,,Romania
13730,2023,ROU,,Romania
13731,2022,ROU,637.0,Romania
13732,2021,ROU,637.0,Romania
13733,2020,ROU,637.0,Romania
13734,2019,ROU,637.0,Romania
13735,2018,ROU,637.0,Romania
13736,2017,ROU,637.0,Romania
13737,2016,ROU,637.0,Romania
13738,2015,ROU,637.0,Romania
13739,2014,ROU,637.0,Romania
13740,2013,ROU,637.0,Romania
13741,2012,ROU,637.0,Romania
13742,2011,ROU,637.0,Romania
13743,2010,ROU,637.0,Romania
13744,2009,ROU,637.0,Romania
13745,2008,ROU,637.0,Romania
13746,2007,ROU,637.0,Romania
13747,2006,ROU,637.0,Romania
13748,2005,ROU,637.0,Romania
13749,2004,ROU,637.0,Romania
13750,2003,ROU,637.0,Romania
13751,2002,ROU,637.0,Romania
13752,2001,ROU,637.0,Romania
13753,2000,ROU,637.0,Romania
13754,1999,ROU,637.0,Romania
13755,1998,ROU,637.0,Romania
13756,1997,ROU,637.0,Romania
13757,1996,ROU,637.0,Romania
13758,1995,ROU,637.0,Romania
13759,1994,ROU,637.0,Romania
13760,1993,ROU,637.0,Romania
13761,1992,ROU,637.0,Romania
13762,1991,ROU,637.0,Romania
13763,1990,ROU,637.0,Romania
13764,1989,ROU,637.0,Romania
13765,1988,ROU,637.0,Romania
13766,1987,ROU,637.0,Romania
13767,1986,ROU,637.0,Romania
13768,1985,ROU,637.0,Romania
13769,1984,ROU,637.0,Romania
13770,1983,ROU,637.0,Romania
13771,1982,ROU,637.0,Romania
13772,1981,ROU,637.0,Romania
13773,1980,ROU,637.0,Romania
13774,1979,ROU,637.0,Romania
13775,1978,ROU,637.0,Romania
13776,1977,ROU,637.0,Romania
13777,1976,ROU,637.0,Romania
13778,1975,ROU,637.0,Romania
13779,1974,ROU,637.0,Romania
13780,1973,ROU,637.0,Romania
13781,1972,ROU,637.0,Romania
13782,1971,ROU,637.0,Romania
13783,1970,ROU,637.0,Romania
13784,1969,ROU,637.0,Romania
13785,1968,ROU,637.0,Romania
13786,1967,ROU,637.0,Romania
13787,1966,ROU,637.0,Romania
13788,1965,ROU,637.0,Romania
13789,1964,ROU,637.0,Romania
13790,1963,ROU,637.0,Romania
13791,1962,ROU,637.0,Romania
13792,1961,ROU,637.0,Romania
13793,1960,ROU,,Romania
13794,2025,RUS,,Russian Federation
13795,2024,RUS,,Russian Federation
13796,2023,RUS,,Russian Federation
13797,2022,RUS,460.0,Russian Federation
13798,2021,RUS,460.0,Russian Federation
13799,2020,RUS,460.0,Russian Federation
13800,2019,RUS,460.0,Russian Federation
13801,2018,RUS,460.0,Russian Federation
13802,2017,RUS,460.0,Russian Federation
13803,2016,RUS,460.0,Russian Federation
13804,2015,RUS,460.0,Russian Federation
13805,2014,RUS,460.0,Russian Federation
13806,2013,RUS,460.0,Russian Federation
13807,2012,RUS,460.0,Russian Federation
13808,2011,RUS,460.0,Russian Federation
13809,2010,RUS,460.0,Russian Federation
13810,2009,RUS,460.0,Russian Federation
13811,2008,RUS,460.0,Russian Federation
13812,2007,RUS,460.0,Russian Federation
13813,2006,RUS,460.0,Russian Federation
13814,2005,RUS,460.0,Russian Federation
13815,2004,RUS,460.0,Russian Federation
13816,2003,RUS,460.0,Russian Federation
13817,2002,RUS,460.0,Russian Federation
13818,2001,RUS,460.0,Russian Federation
13819,2000,RUS,460.0,Russian Federation
13820,1999,RUS,460.0,Russian Federation
13821,1998,RUS,460.0,Russian Federation
13822,1997,RUS,460.0,Russian Federation
13823,1996,RUS,460.0,Russian Federation
13824,1995,RUS,460.0,Russian Federation
13825,1994,RUS,460.0,Russian Federation
13826,1993,RUS,460.0,Russian Federation
13827,1992,RUS,460.0,Russian Federation
13828,1991,RUS,,Russian Federation
13829,1990,RUS,,Russian Federation
13830,1989,RUS,,Russian Federation
13831,1988,RUS,,Russian Federation
13832,1987,RUS,,Russian Federation
13833,1986,RUS,,Russian Federation
13834,1985,RUS,,Russian Federation
13835,1984,RUS,,Russian Federation
13836,1983,RUS,,Russian Federation
13837,1982,RUS,,Russian Federation
13838,1981,RUS,,Russian Federation
13839,1980,RUS,,Russian Federation
13840,1979,RUS,,Russian Federation
13841,1978,RUS,,Russian Federation
13842,1977,RUS,,Russian Federation
13843,1976,RUS,,Russian Federation
13844,1975,RUS,,Russian Federation
13845,1974,RUS,,Russian Federation
13846,1973,RUS,,Russian Federation
13847,1972,RUS,,Russian Federation
13848,1971,RUS,,Russian Federation
13849,1970,RUS,,Russian Federation
13850,1969,RUS,,Russian Federation
13851,1968,RUS,,Russian Federation
13852,1967,RUS,,Russian Federation
13853,1966,RUS,,Russian Federation
13854,1965,RUS,,Russian Federation
13855,1964,RUS,,Russian Federation
13856,1963,RUS,,Russian Federation
13857,1962,RUS,,Russian Federation
13858,1961,RUS,,Russian Federation
13859,1960,RUS,,Russian Federation
13860,2025,RWA,,Rwanda
13861,2024,RWA,,Rwanda
13862,2023,RWA,,Rwanda
13863,2022,RWA,1212.0,Rwanda
13864,2021,RWA,1212.0,Rwanda
13865,2020,RWA,1212.0,Rwanda
13866,2019,RWA,1212.0,Rwanda
13867,2018,RWA,1212.0,Rwanda
13868,2017,RWA,1212.0,Rwanda
13869,2016,RWA,1212.0,Rwanda
13870,2015,RWA,1212.0,Rwanda
13871,2014,RWA,1212.0,Rwanda
13872,2013,RWA,1212.0,Rwanda
13873,2012,RWA,1212.0,Rwanda
13874,2011,RWA,1212.0,Rwanda
13875,2010,RWA,1212.0,Rwanda
13876,2009,RWA,1212.0,Rwanda
13877,2008,RWA,1212.0,Rwanda
13878,2007,RWA,1212.0,Rwanda
13879,2006,RWA,1212.0,Rwanda
13880,2005,RWA,1212.0,Rwanda
13881,2004,RWA,1212.0,Rwanda
13882,2003,RWA,1212.0,Rwanda
13883,2002,RWA,1212.0,Rwanda
13884,2001,RWA,1212.0,Rwanda
13885,2000,RWA,1212.0,Rwanda
13886,1999,RWA,1212.0,Rwanda
13887,1998,RWA,1212.0,Rwanda
13888,1997,RWA,1212.0,Rwanda
13889,1996,RWA,1212.0,Rwanda
13890,1995,RWA,1212.0,Rwanda
13891,1994,RWA,1212.0,Rwanda
13892,1993,RWA,1212.0,Rwanda
13893,1992,RWA,1212.0,Rwanda
13894,1991,RWA,1212.0,Rwanda
13895,1990,RWA,1212.0,Rwanda
13896,1989,RWA,1212.0,Rwanda
13897,1988,RWA,1212.0,Rwanda
13898,1987,RWA,1212.0,Rwanda
13899,1986,RWA,1212.0,Rwanda
13900,1985,RWA,1212.0,Rwanda
13901,1984,RWA,1212.0,Rwanda
13902,1983,RWA,1212.0,Rwanda
13903,1982,RWA,1212.0,Rwanda
13904,1981,RWA,1212.0,Rwanda
13905,1980,RWA,1212.0,Rwanda
13906,1979,RWA,1212.0,Rwanda
13907,1978,RWA,1212.0,Rwanda
13908,1977,RWA,1212.0,Rwanda
13909,1976,RWA,1212.0,Rwanda
13910,1975,RWA,1212.0,Rwanda
13911,1974,RWA,1212.0,Rwanda
13912,1973,RWA,1212.0,Rwanda
13913,1972,RWA,1212.0,Rwanda
13914,1971,RWA,1212.0,Rwanda
13915,1970,RWA,1212.0,Rwanda
13916,1969,RWA,1212.0,Rwanda
13917,1968,RWA,1212.0,Rwanda
13918,1967,RWA,1212.0,Rwanda
13919,1966,RWA,1212.0,Rwanda
13920,1965,RWA,1212.0,Rwanda
13921,1964,RWA,1212.0,Rwanda
13922,1963,RWA,1212.0,Rwanda
13923,1962,RWA,1212.0,Rwanda
13924,1961,RWA,1212.0,Rwanda
13925,1960,RWA,,Rwanda
13926,2025,WSM,,Samoa
13927,2024,WSM,,Samoa
13928,2023,WSM,,Samoa
13929,2022,WSM,2880.0,Samoa
13930,2021,WSM,2880.0,Samoa
13931,2020,WSM,2880.0,Samoa
13932,2019,WSM,2880.0,Samoa
13933,2018,WSM,2880.0,Samoa
13934,2017,WSM,2880.0,Samoa
13935,2016,WSM,2880.0,Samoa
13936,2015,WSM,2880.0,Samoa
13937,2014,WSM,2880.0,Samoa
13938,2013,WSM,2880.0,Samoa
13939,2012,WSM,2880.0,Samoa
13940,2011,WSM,2880.0,Samoa
13941,2010,WSM,2880.0,Samoa
13942,2009,WSM,2880.0,Samoa
13943,2008,WSM,2880.0,Samoa
13944,2007,WSM,2880.0,Samoa
13945,2006,WSM,2880.0,Samoa
13946,2005,WSM,2880.0,Samoa
13947,2004,WSM,2880.0,Samoa
13948,2003,WSM,2880.0,Samoa
13949,2002,WSM,2880.0,Samoa
13950,2001,WSM,2880.0,Samoa
13951,2000,WSM,2880.0,Samoa
13952,1999,WSM,2880.0,Samoa
13953,1998,WSM,2880.0,Samoa
13954,1997,WSM,2880.0,Samoa
13955,1996,WSM,2880.0,Samoa
13956,1995,WSM,2880.0,Samoa
13957,1994,WSM,2880.0,Samoa
13958,1993,WSM,2880.0,Samoa
13959,1992,WSM,2880.0,Samoa
13960,1991,WSM,2880.0,Samoa
13961,1990,WSM,2880.0,Samoa
13962,1989,WSM,2880.0,Samoa
13963,1988,WSM,2880.0,Samoa
13964,1987,WSM,2880.0,Samoa
13965,1986,WSM,2880.0,Samoa
13966,1985,WSM,2880.0,Samoa
13967,1984,WSM,2880.0,Samoa
13968,1983,WSM,2880.0,Samoa
13969,1982,WSM,2880.0,Samoa
13970,1981,WSM,2880.0,Samoa
13971,1980,WSM,2880.0,Samoa
13972,1979,WSM,2880.0,Samoa
13973,1978,WSM,2880.0,Samoa
13974,1977,WSM,2880.0,Samoa
13975,1976,WSM,2880.0,Samoa
13976,1975,WSM,2880.0,Samoa
13977,1974,WSM,2880.0,Samoa
13978,1973,WSM,2880.0,Samoa
13979,1972,WSM,2880.0,Samoa
13980,1971,WSM,2880.0,Samoa
13981,1970,WSM,2880.0,Samoa
13982,1969,WSM,2880.0,Samoa
13983,1968,WSM,2880.0,Samoa
13984,1967,WSM,2880.0,Samoa
13985,1966,WSM,2880.0,Samoa
13986,1965,WSM,2880.0,Samoa
13987,1964,WSM,2880.0,Samoa
13988,1963,WSM,2880.0,Samoa
13989,1962,WSM,2880.0,Samoa
13990,1961,WSM,,Samoa
13991,1960,WSM,,Samoa
13992,2025,SMR,,San Marino
13993,2024,SMR,,San Marino
13994,2023,SMR,,San Marino
13995,2022,SMR,,San Marino
13996,2021,SMR,,San Marino
13997,2020,SMR,,San Marino
13998,2019,SMR,,San Marino
13999,2018,SMR,,San Marino
14000,2017,SMR,,San Marino
14001,2016,SMR,,San Marino
14002,2015,SMR,,San Marino
14003,2014,SMR,,San Marino
14004,2013,SMR,,San Marino
14005,2012,SMR,,San Marino
14006,2011,SMR,,San Marino
14007,2010,SMR,,San Marino
14008,2009,SMR,,San Marino
14009,2008,SMR,,San Marino
14010,2007,SMR,,San Marino
14011,2006,SMR,,San Marino
14012,2005,SMR,,San Marino
14013,2004,SMR,,San Marino
14014,2003,SMR,,San Marino
14015,2002,SMR,,San Marino
14016,2001,SMR,,San Marino
14017,2000,SMR,,San Marino
14018,1999,SMR,,San Marino
14019,1998,SMR,,San Marino
14020,1997,SMR,,San Marino
14021,1996,SMR,,San Marino
14022,1995,SMR,,San Marino
14023,1994,SMR,,San Marino
14024,1993,SMR,,San Marino
14025,1992,SMR,,San Marino
14026,1991,SMR,,San Marino
14027,1990,SMR,,San Marino
14028,1989,SMR,,San Marino
14029,1988,SMR,,San Marino
14030,1987,SMR,,San Marino
14031,1986,SMR,,San Marino
14032,1985,SMR,,San Marino
14033,1984,SMR,,San Marino
14034,1983,SMR,,San Marino
14035,1982,SMR,,San Marino
14036,1981,SMR,,San Marino
14037,1980,SMR,,San Marino
14038,1979,SMR,,San Marino
14039,1978,SMR,,San Marino
14040,1977,SMR,,San Marino
14041,1976,SMR,,San Marino
14042,1975,SMR,,San Marino
14043,1974,SMR,,San Marino
14044,1973,SMR,,San Marino
14045,1972,SMR,,San Marino
14046,1971,SMR,,San Marino
14047,1970,SMR,,San Marino
14048,1969,SMR,,San Marino
14049,1968,SMR,,San Marino
14050,1967,SMR,,San Marino
14051,1966,SMR,,San Marino
14052,1965,SMR,,San Marino
14053,1964,SMR,,San Marino
14054,1963,SMR,,San Marino
14055,1962,SMR,,San Marino
14056,1961,SMR,,San Marino
14057,1960,SMR,,San Marino
14058,2025,STP,,Sao Tome and Principe
14059,2024,STP,,Sao Tome and Principe
14060,2023,STP,,Sao Tome and Principe
14061,2022,STP,3200.0,Sao Tome and Principe
14062,2021,STP,3200.0,Sao Tome and Principe
14063,2020,STP,3200.0,Sao Tome and Principe
14064,2019,STP,3200.0,Sao Tome and Principe
14065,2018,STP,3200.0,Sao Tome and Principe
14066,2017,STP,3200.0,Sao Tome and Principe
14067,2016,STP,3200.0,Sao Tome and Principe
14068,2015,STP,3200.0,Sao Tome and Principe
14069,2014,STP,3200.0,Sao Tome and Principe
14070,2013,STP,3200.0,Sao Tome and Principe
14071,2012,STP,3200.0,Sao Tome and Principe
14072,2011,STP,3200.0,Sao Tome and Principe
14073,2010,STP,3200.0,Sao Tome and Principe
14074,2009,STP,3200.0,Sao Tome and Principe
14075,2008,STP,3200.0,Sao Tome and Principe
14076,2007,STP,3200.0,Sao Tome and Principe
14077,2006,STP,3200.0,Sao Tome and Principe
14078,2005,STP,3200.0,Sao Tome and Principe
14079,2004,STP,3200.0,Sao Tome and Principe
14080,2003,STP,3200.0,Sao Tome and Principe
14081,2002,STP,3200.0,Sao Tome and Principe
14082,2001,STP,3200.0,Sao Tome and Principe
14083,2000,STP,3200.0,Sao Tome and Principe
14084,1999,STP,3200.0,Sao Tome and Principe
14085,1998,STP,3200.0,Sao Tome and Principe
14086,1997,STP,3200.0,Sao Tome and Principe
14087,1996,STP,3200.0,Sao Tome and Principe
14088,1995,STP,3200.0,Sao Tome and Principe
14089,1994,STP,3200.0,Sao Tome and Principe
14090,1993,STP,3200.0,Sao Tome and Principe
14091,1992,STP,3200.0,Sao Tome and Principe
14092,1991,STP,3200.0,Sao Tome and Principe
14093,1990,STP,3200.0,Sao Tome and Principe
14094,1989,STP,3200.0,Sao Tome and Principe
14095,1988,STP,3200.0,Sao Tome and Principe
14096,1987,STP,3200.0,Sao Tome and Principe
14097,1986,STP,3200.0,Sao Tome and Principe
14098,1985,STP,3200.0,Sao Tome and Principe
14099,1984,STP,3200.0,Sao Tome and Principe
14100,1983,STP,3200.0,Sao Tome and Principe
14101,1982,STP,3200.0,Sao Tome and Principe
14102,1981,STP,3200.0,Sao Tome and Principe
14103,1980,STP,3200.0,Sao Tome and Principe
14104,1979,STP,3200.0,Sao Tome and Principe
14105,1978,STP,3200.0,Sao Tome and Principe
14106,1977,STP,3200.0,Sao Tome and Principe
14107,1976,STP,3200.0,Sao Tome and Principe
14108,1975,STP,3200.0,Sao Tome and Principe
14109,1974,STP,3200.0,Sao Tome and Principe
14110,1973,STP,3200.0,Sao Tome and Principe
14111,1972,STP,3200.0,Sao Tome and Principe
14112,1971,STP,3200.0,Sao Tome and Principe
14113,1970,STP,3200.0,Sao Tome and Principe
14114,1969,STP,3200.0,Sao Tome and Principe
14115,1968,STP,3200.0,Sao Tome and Principe
14116,1967,STP,3200.0,Sao Tome and Principe
14117,1966,STP,3200.0,Sao Tome and Principe
14118,1965,STP,3200.0,Sao Tome and Principe
14119,1964,STP,3200.0,Sao Tome and Principe
14120,1963,STP,3200.0,Sao Tome and Principe
14121,1962,STP,3200.0,Sao Tome and Principe
14122,1961,STP,3200.0,Sao Tome and Principe
14123,1960,STP,,Sao Tome and Principe
14124,2025,SAU,,Saudi Arabia
14125,2024,SAU,,Saudi Arabia
14126,2023,SAU,,Saudi Arabia
14127,2022,SAU,59.0,Saudi Arabia
14128,2021,SAU,59.0,Saudi Arabia
14129,2020,SAU,59.0,Saudi Arabia
14130,2019,SAU,59.0,Saudi Arabia
14131,2018,SAU,59.0,Saudi Arabia
14132,2017,SAU,59.0,Saudi Arabia
14133,2016,SAU,59.0,Saudi Arabia
14134,2015,SAU,59.0,Saudi Arabia
14135,2014,SAU,59.0,Saudi Arabia
14136,2013,SAU,59.0,Saudi Arabia
14137,2012,SAU,59.0,Saudi Arabia
14138,2011,SAU,59.0,Saudi Arabia
14139,2010,SAU,59.0,Saudi Arabia
14140,2009,SAU,59.0,Saudi Arabia
14141,2008,SAU,59.0,Saudi Arabia
14142,2007,SAU,59.0,Saudi Arabia
14143,2006,SAU,59.0,Saudi Arabia
14144,2005,SAU,59.0,Saudi Arabia
14145,2004,SAU,59.0,Saudi Arabia
14146,2003,SAU,59.0,Saudi Arabia
14147,2002,SAU,59.0,Saudi Arabia
14148,2001,SAU,59.0,Saudi Arabia
14149,2000,SAU,59.0,Saudi Arabia
14150,1999,SAU,59.0,Saudi Arabia
14151,1998,SAU,59.0,Saudi Arabia
14152,1997,SAU,59.0,Saudi Arabia
14153,1996,SAU,59.0,Saudi Arabia
14154,1995,SAU,59.0,Saudi Arabia
14155,1994,SAU,59.0,Saudi Arabia
14156,1993,SAU,59.0,Saudi Arabia
14157,1992,SAU,59.0,Saudi Arabia
14158,1991,SAU,59.0,Saudi Arabia
14159,1990,SAU,59.0,Saudi Arabia
14160,1989,SAU,59.0,Saudi Arabia
14161,1988,SAU,59.0,Saudi Arabia
14162,1987,SAU,59.0,Saudi Arabia
14163,1986,SAU,59.0,Saudi Arabia
14164,1985,SAU,59.0,Saudi Arabia
14165,1984,SAU,59.0,Saudi Arabia
14166,1983,SAU,59.0,Saudi Arabia
14167,1982,SAU,59.0,Saudi Arabia
14168,1981,SAU,59.0,Saudi Arabia
14169,1980,SAU,59.0,Saudi Arabia
14170,1979,SAU,59.0,Saudi Arabia
14171,1978,SAU,59.0,Saudi Arabia
14172,1977,SAU,59.0,Saudi Arabia
14173,1976,SAU,59.0,Saudi Arabia
14174,1975,SAU,59.0,Saudi Arabia
14175,1974,SAU,59.0,Saudi Arabia
14176,1973,SAU,59.0,Saudi Arabia
14177,1972,SAU,59.0,Saudi Arabia
14178,1971,SAU,59.0,Saudi Arabia
14179,1970,SAU,59.0,Saudi Arabia
14180,1969,SAU,59.0,Saudi Arabia
14181,1968,SAU,59.0,Saudi Arabia
14182,1967,SAU,59.0,Saudi Arabia
14183,1966,SAU,59.0,Saudi Arabia
14184,1965,SAU,59.0,Saudi Arabia
14185,1964,SAU,59.0,Saudi Arabia
14186,1963,SAU,59.0,Saudi Arabia
14187,1962,SAU,59.0,Saudi Arabia
14188,1961,SAU,59.0,Saudi Arabia
14189,1960,SAU,,Saudi Arabia
14190,2025,SEN,,Senegal
14191,2024,SEN,,Senegal
14192,2023,SEN,,Senegal
14193,2022,SEN,686.0,Senegal
14194,2021,SEN,686.0,Senegal
14195,2020,SEN,686.0,Senegal
14196,2019,SEN,686.0,Senegal
14197,2018,SEN,686.0,Senegal
14198,2017,SEN,686.0,Senegal
14199,2016,SEN,686.0,Senegal
14200,2015,SEN,686.0,Senegal
14201,2014,SEN,686.0,Senegal
14202,2013,SEN,686.0,Senegal
14203,2012,SEN,686.0,Senegal
14204,2011,SEN,686.0,Senegal
14205,2010,SEN,686.0,Senegal
14206,2009,SEN,686.0,Senegal
14207,2008,SEN,686.0,Senegal
14208,2007,SEN,686.0,Senegal
14209,2006,SEN,686.0,Senegal
14210,2005,SEN,686.0,Senegal
14211,2004,SEN,686.0,Senegal
14212,2003,SEN,686.0,Senegal
14213,2002,SEN,686.0,Senegal
14214,2001,SEN,686.0,Senegal
14215,2000,SEN,686.0,Senegal
14216,1999,SEN,686.0,Senegal
14217,1998,SEN,686.0,Senegal
14218,1997,SEN,686.0,Senegal
14219,1996,SEN,686.0,Senegal
14220,1995,SEN,686.0,Senegal
14221,1994,SEN,686.0,Senegal
14222,1993,SEN,686.0,Senegal
14223,1992,SEN,686.0,Senegal
14224,1991,SEN,686.0,Senegal
14225,1990,SEN,686.0,Senegal
14226,1989,SEN,686.0,Senegal
14227,1988,SEN,686.0,Senegal
14228,1987,SEN,686.0,Senegal
14229,1986,SEN,686.0,Senegal
14230,1985,SEN,686.0,Senegal
14231,1984,SEN,686.0,Senegal
14232,1983,SEN,686.0,Senegal
14233,1982,SEN,686.0,Senegal
14234,1981,SEN,686.0,Senegal
14235,1980,SEN,686.0,Senegal
14236,1979,SEN,686.0,Senegal
14237,1978,SEN,686.0,Senegal
14238,1977,SEN,686.0,Senegal
14239,1976,SEN,686.0,Senegal
14240,1975,SEN,686.0,Senegal
14241,1974,SEN,686.0,Senegal
14242,1973,SEN,686.0,Senegal
14243,1972,SEN,686.0,Senegal
14244,1971,SEN,686.0,Senegal
14245,1970,SEN,686.0,Senegal
14246,1969,SEN,686.0,Senegal
14247,1968,SEN,686.0,Senegal
14248,1967,SEN,686.0,Senegal
14249,1966,SEN,686.0,Senegal
14250,1965,SEN,686.0,Senegal
14251,1964,SEN,686.0,Senegal
14252,1963,SEN,686.0,Senegal
14253,1962,SEN,686.0,Senegal
14254,1961,SEN,686.0,Senegal
14255,1960,SEN,,Senegal
14256,2025,SRB,,Serbia
14257,2024,SRB,,Serbia
14258,2023,SRB,,Serbia
14259,2022,SRB,,Serbia
14260,2021,SRB,,Serbia
14261,2020,SRB,,Serbia
14262,2019,SRB,,Serbia
14263,2018,SRB,,Serbia
14264,2017,SRB,,Serbia
14265,2016,SRB,,Serbia
14266,2015,SRB,,Serbia
14267,2014,SRB,,Serbia
14268,2013,SRB,,Serbia
14269,2012,SRB,,Serbia
14270,2011,SRB,,Serbia
14271,2010,SRB,,Serbia
14272,2009,SRB,,Serbia
14273,2008,SRB,,Serbia
14274,2007,SRB,,Serbia
14275,2006,SRB,,Serbia
14276,2005,SRB,,Serbia
14277,2004,SRB,,Serbia
14278,2003,SRB,,Serbia
14279,2002,SRB,,Serbia
14280,2001,SRB,,Serbia
14281,2000,SRB,,Serbia
14282,1999,SRB,,Serbia
14283,1998,SRB,,Serbia
14284,1997,SRB,,Serbia
14285,1996,SRB,,Serbia
14286,1995,SRB,,Serbia
14287,1994,SRB,,Serbia
14288,1993,SRB,,Serbia
14289,1992,SRB,,Serbia
14290,1991,SRB,,Serbia
14291,1990,SRB,,Serbia
14292,1989,SRB,,Serbia
14293,1988,SRB,,Serbia
14294,1987,SRB,,Serbia
14295,1986,SRB,,Serbia
14296,1985,SRB,,Serbia
14297,1984,SRB,,Serbia
14298,1983,SRB,,Serbia
14299,1982,SRB,,Serbia
14300,1981,SRB,,Serbia
14301,1980,SRB,,Serbia
14302,1979,SRB,,Serbia
14303,1978,SRB,,Serbia
14304,1977,SRB,,Serbia
14305,1976,SRB,,Serbia
14306,1975,SRB,,Serbia
14307,1974,SRB,,Serbia
14308,1973,SRB,,Serbia
14309,1972,SRB,,Serbia
14310,1971,SRB,,Serbia
14311,1970,SRB,,Serbia
14312,1969,SRB,,Serbia
14313,1968,SRB,,Serbia
14314,1967,SRB,,Serbia
14315,1966,SRB,,Serbia
14316,1965,SRB,,Serbia
14317,1964,SRB,,Serbia
14318,1963,SRB,,Serbia
14319,1962,SRB,,Serbia
14320,1961,SRB,,Serbia
14321,1960,SRB,,Serbia
14322,2025,SYC,,Seychelles
14323,2024,SYC,,Seychelles
14324,2023,SYC,,Seychelles
14325,2022,SYC,2330.0,Seychelles
14326,2021,SYC,2330.0,Seychelles
14327,2020,SYC,2330.0,Seychelles
14328,2019,SYC,2330.0,Seychelles
14329,2018,SYC,2330.0,Seychelles
14330,2017,SYC,2330.0,Seychelles
14331,2016,SYC,2330.0,Seychelles
14332,2015,SYC,2330.0,Seychelles
14333,2014,SYC,2330.0,Seychelles
14334,2013,SYC,2330.0,Seychelles
14335,2012,SYC,2330.0,Seychelles
14336,2011,SYC,2330.0,Seychelles
14337,2010,SYC,2330.0,Seychelles
14338,2009,SYC,2330.0,Seychelles
14339,2008,SYC,2330.0,Seychelles
14340,2007,SYC,2330.0,Seychelles
14341,2006,SYC,2330.0,Seychelles
14342,2005,SYC,2330.0,Seychelles
14343,2004,SYC,2330.0,Seychelles
14344,2003,SYC,2330.0,Seychelles
14345,2002,SYC,2330.0,Seychelles
14346,2001,SYC,2330.0,Seychelles
14347,2000,SYC,1970.0,Seychelles
14348,1999,SYC,2330.0,Seychelles
14349,1998,SYC,2330.0,Seychelles
14350,1997,SYC,2330.0,Seychelles
14351,1996,SYC,2330.0,Seychelles
14352,1995,SYC,2330.0,Seychelles
14353,1994,SYC,2330.0,Seychelles
14354,1993,SYC,2330.0,Seychelles
14355,1992,SYC,2330.0,Seychelles
14356,1991,SYC,2330.0,Seychelles
14357,1990,SYC,2330.0,Seychelles
14358,1989,SYC,2330.0,Seychelles
14359,1988,SYC,2330.0,Seychelles
14360,1987,SYC,2330.0,Seychelles
14361,1986,SYC,2330.0,Seychelles
14362,1985,SYC,2330.0,Seychelles
14363,1984,SYC,2330.0,Seychelles
14364,1983,SYC,2330.0,Seychelles
14365,1982,SYC,2330.0,Seychelles
14366,1981,SYC,2330.0,Seychelles
14367,1980,SYC,2330.0,Seychelles
14368,1979,SYC,2330.0,Seychelles
14369,1978,SYC,2330.0,Seychelles
14370,1977,SYC,2330.0,Seychelles
14371,1976,SYC,2330.0,Seychelles
14372,1975,SYC,2330.0,Seychelles
14373,1974,SYC,2330.0,Seychelles
14374,1973,SYC,2330.0,Seychelles
14375,1972,SYC,2330.0,Seychelles
14376,1971,SYC,2330.0,Seychelles
14377,1970,SYC,2330.0,Seychelles
14378,1969,SYC,2330.0,Seychelles
14379,1968,SYC,2330.0,Seychelles
14380,1967,SYC,2330.0,Seychelles
14381,1966,SYC,2330.0,Seychelles
14382,1965,SYC,2330.0,Seychelles
14383,1964,SYC,2330.0,Seychelles
14384,1963,SYC,2330.0,Seychelles
14385,1962,SYC,2330.0,Seychelles
14386,1961,SYC,2330.0,Seychelles
14387,1960,SYC,,Seychelles
14388,2025,SLE,,Sierra Leone
14389,2024,SLE,,Sierra Leone
14390,2023,SLE,,Sierra Leone
14391,2022,SLE,2526.0,Sierra Leone
14392,2021,SLE,2526.0,Sierra Leone
14393,2020,SLE,2526.0,Sierra Leone
14394,2019,SLE,2526.0,Sierra Leone
14395,2018,SLE,2526.0,Sierra Leone
14396,2017,SLE,2526.0,Sierra Leone
14397,2016,SLE,2526.0,Sierra Leone
14398,2015,SLE,2526.0,Sierra Leone
14399,2014,SLE,2526.0,Sierra Leone
14400,2013,SLE,2526.0,Sierra Leone
14401,2012,SLE,2526.0,Sierra Leone
14402,2011,SLE,2526.0,Sierra Leone
14403,2010,SLE,2526.0,Sierra Leone
14404,2009,SLE,2526.0,Sierra Leone
14405,2008,SLE,2526.0,Sierra Leone
14406,2007,SLE,2526.0,Sierra Leone
14407,2006,SLE,2526.0,Sierra Leone
14408,2005,SLE,2526.0,Sierra Leone
14409,2004,SLE,2526.0,Sierra Leone
14410,2003,SLE,2526.0,Sierra Leone
14411,2002,SLE,2526.0,Sierra Leone
14412,2001,SLE,2526.0,Sierra Leone
14413,2000,SLE,2526.0,Sierra Leone
14414,1999,SLE,2526.0,Sierra Leone
14415,1998,SLE,2526.0,Sierra Leone
14416,1997,SLE,2526.0,Sierra Leone
14417,1996,SLE,2526.0,Sierra Leone
14418,1995,SLE,2526.0,Sierra Leone
14419,1994,SLE,2526.0,Sierra Leone
14420,1993,SLE,2526.0,Sierra Leone
14421,1992,SLE,2526.0,Sierra Leone
14422,1991,SLE,2526.0,Sierra Leone
14423,1990,SLE,2526.0,Sierra Leone
14424,1989,SLE,2526.0,Sierra Leone
14425,1988,SLE,2526.0,Sierra Leone
14426,1987,SLE,2526.0,Sierra Leone
14427,1986,SLE,2526.0,Sierra Leone
14428,1985,SLE,2526.0,Sierra Leone
14429,1984,SLE,2526.0,Sierra Leone
14430,1983,SLE,2526.0,Sierra Leone
14431,1982,SLE,2526.0,Sierra Leone
14432,1981,SLE,2526.0,Sierra Leone
14433,1980,SLE,2526.0,Sierra Leone
14434,1979,SLE,2526.0,Sierra Leone
14435,1978,SLE,2526.0,Sierra Leone
14436,1977,SLE,2526.0,Sierra Leone
14437,1976,SLE,2526.0,Sierra Leone
14438,1975,SLE,2526.0,Sierra Leone
14439,1974,SLE,2526.0,Sierra Leone
14440,1973,SLE,2526.0,Sierra Leone
14441,1972,SLE,2526.0,Sierra Leone
14442,1971,SLE,2526.0,Sierra Leone
14443,1970,SLE,2526.0,Sierra Leone
14444,1969,SLE,2526.0,Sierra Leone
14445,1968,SLE,2526.0,Sierra Leone
14446,1967,SLE,2526.0,Sierra Leone
14447,1966,SLE,2526.0,Sierra Leone
14448,1965,SLE,2526.0,Sierra Leone
14449,1964,SLE,2526.0,Sierra Leone
14450,1963,SLE,2526.0,Sierra Leone
14451,1962,SLE,2526.0,Sierra Leone
14452,1961,SLE,2526.0,Sierra Leone
14453,1960,SLE,,Sierra Leone
14454,2025,SGP,,Singapore
14455,2024,SGP,,Singapore
14456,2023,SGP,,Singapore
14457,2022,SGP,2497.0,Singapore
14458,2021,SGP,2497.0,Singapore
14459,2020,SGP,2497.0,Singapore
14460,2019,SGP,2497.0,Singapore
14461,2018,SGP,2497.0,Singapore
14462,2017,SGP,2497.0,Singapore
14463,2016,SGP,2497.0,Singapore
14464,2015,SGP,2497.0,Singapore
14465,2014,SGP,2497.0,Singapore
14466,2013,SGP,2497.0,Singapore
14467,2012,SGP,2497.0,Singapore
14468,2011,SGP,2497.0,Singapore
14469,2010,SGP,2497.0,Singapore
14470,2009,SGP,2497.0,Singapore
14471,2008,SGP,2497.0,Singapore
14472,2007,SGP,2497.0,Singapore
14473,2006,SGP,2497.0,Singapore
14474,2005,SGP,2497.0,Singapore
14475,2004,SGP,2497.0,Singapore
14476,2003,SGP,2497.0,Singapore
14477,2002,SGP,2497.0,Singapore
14478,2001,SGP,2497.0,Singapore
14479,2000,SGP,2497.0,Singapore
14480,1999,SGP,2497.0,Singapore
14481,1998,SGP,2497.0,Singapore
14482,1997,SGP,2497.0,Singapore
14483,1996,SGP,2497.0,Singapore
14484,1995,SGP,2497.0,Singapore
14485,1994,SGP,2497.0,Singapore
14486,1993,SGP,2497.0,Singapore
14487,1992,SGP,2497.0,Singapore
14488,1991,SGP,2497.0,Singapore
14489,1990,SGP,2497.0,Singapore
14490,1989,SGP,2497.0,Singapore
14491,1988,SGP,2497.0,Singapore
14492,1987,SGP,2497.0,Singapore
14493,1986,SGP,2497.0,Singapore
14494,1985,SGP,2497.0,Singapore
14495,1984,SGP,2497.0,Singapore
14496,1983,SGP,2497.0,Singapore
14497,1982,SGP,2497.0,Singapore
14498,1981,SGP,2497.0,Singapore
14499,1980,SGP,2497.0,Singapore
14500,1979,SGP,2497.0,Singapore
14501,1978,SGP,2497.0,Singapore
14502,1977,SGP,2497.0,Singapore
14503,1976,SGP,2497.0,Singapore
14504,1975,SGP,2497.0,Singapore
14505,1974,SGP,2497.0,Singapore
14506,1973,SGP,2497.0,Singapore
14507,1972,SGP,2497.0,Singapore
14508,1971,SGP,2497.0,Singapore
14509,1970,SGP,2497.0,Singapore
14510,1969,SGP,2497.0,Singapore
14511,1968,SGP,2497.0,Singapore
14512,1967,SGP,2497.0,Singapore
14513,1966,SGP,2497.0,Singapore
14514,1965,SGP,2497.0,Singapore
14515,1964,SGP,2497.0,Singapore
14516,1963,SGP,2497.0,Singapore
14517,1962,SGP,2497.0,Singapore
14518,1961,SGP,2497.0,Singapore
14519,1960,SGP,,Singapore
14520,2025,SXM,,Sint Maarten (Dutch part)
14521,2024,SXM,,Sint Maarten (Dutch part)
14522,2023,SXM,,Sint Maarten (Dutch part)
14523,2022,SXM,,Sint Maarten (Dutch part)
14524,2021,SXM,,Sint Maarten (Dutch part)
14525,2020,SXM,,Sint Maarten (Dutch part)
14526,2019,SXM,,Sint Maarten (Dutch part)
14527,2018,SXM,,Sint Maarten (Dutch part)
14528,2017,SXM,,Sint Maarten (Dutch part)
14529,2016,SXM,,Sint Maarten (Dutch part)
14530,2015,SXM,,Sint Maarten (Dutch part)
14531,2014,SXM,,Sint Maarten (Dutch part)
14532,2013,SXM,,Sint Maarten (Dutch part)
14533,2012,SXM,,Sint Maarten (Dutch part)
14534,2011,SXM,,Sint Maarten (Dutch part)
14535,2010,SXM,,Sint Maarten (Dutch part)
14536,2009,SXM,,Sint Maarten (Dutch part)
14537,2008,SXM,,Sint Maarten (Dutch part)
14538,2007,SXM,,Sint Maarten (Dutch part)
14539,2006,SXM,,Sint Maarten (Dutch part)
14540,2005,SXM,,Sint Maarten (Dutch part)
14541,2004,SXM,,Sint Maarten (Dutch part)
14542,2003,SXM,,Sint Maarten (Dutch part)
14543,2002,SXM,,Sint Maarten (Dutch part)
14544,2001,SXM,,Sint Maarten (Dutch part)
14545,2000,SXM,,Sint Maarten (Dutch part)
14546,1999,SXM,,Sint Maarten (Dutch part)
14547,1998,SXM,,Sint Maarten (Dutch part)
14548,1997,SXM,,Sint Maarten (Dutch part)
14549,1996,SXM,,Sint Maarten (Dutch part)
14550,1995,SXM,,Sint Maarten (Dutch part)
14551,1994,SXM,,Sint Maarten (Dutch part)
14552,1993,SXM,,Sint Maarten (Dutch part)
14553,1992,SXM,,Sint Maarten (Dutch part)
14554,1991,SXM,,Sint Maarten (Dutch part)
14555,1990,SXM,,Sint Maarten (Dutch part)
14556,1989,SXM,,Sint Maarten (Dutch part)
14557,1988,SXM,,Sint Maarten (Dutch part)
14558,1987,SXM,,Sint Maarten (Dutch part)
14559,1986,SXM,,Sint Maarten (Dutch part)
14560,1985,SXM,,Sint Maarten (Dutch part)
14561,1984,SXM,,Sint Maarten (Dutch part)
14562,1983,SXM,,Sint Maarten (Dutch part)
14563,1982,SXM,,Sint Maarten (Dutch part)
14564,1981,SXM,,Sint Maarten (Dutch part)
14565,1980,SXM,,Sint Maarten (Dutch part)
14566,1979,SXM,,Sint Maarten (Dutch part)
14567,1978,SXM,,Sint Maarten (Dutch part)
14568,1977,SXM,,Sint Maarten (Dutch part)
14569,1976,SXM,,Sint Maarten (Dutch part)
14570,1975,SXM,,Sint Maarten (Dutch part)
14571,1974,SXM,,Sint Maarten (Dutch part)
14572,1973,SXM,,Sint Maarten (Dutch part)
14573,1972,SXM,,Sint Maarten (Dutch part)
14574,1971,SXM,,Sint Maarten (Dutch part)
14575,1970,SXM,,Sint Maarten (Dutch part)
14576,1969,SXM,,Sint Maarten (Dutch part)
14577,1968,SXM,,Sint Maarten (Dutch part)
14578,1967,SXM,,Sint Maarten (Dutch part)
14579,1966,SXM,,Sint Maarten (Dutch part)
14580,1965,SXM,,Sint Maarten (Dutch part)
14581,1964,SXM,,Sint Maarten (Dutch part)
14582,1963,SXM,,Sint Maarten (Dutch part)
14583,1962,SXM,,Sint Maarten (Dutch part)
14584,1961,SXM,,Sint Maarten (Dutch part)
14585,1960,SXM,,Sint Maarten (Dutch part)
14586,2025,SVK,,Slovak Republic
14587,2024,SVK,,Slovak Republic
14588,2023,SVK,,Slovak Republic
14589,2022,SVK,824.0,Slovak Republic
14590,2021,SVK,824.0,Slovak Republic
14591,2020,SVK,824.0,Slovak Republic
14592,2019,SVK,824.0,Slovak Republic
14593,2018,SVK,824.0,Slovak Republic
14594,2017,SVK,824.0,Slovak Republic
14595,2016,SVK,824.0,Slovak Republic
14596,2015,SVK,824.0,Slovak Republic
14597,2014,SVK,824.0,Slovak Republic
14598,2013,SVK,824.0,Slovak Republic
14599,2012,SVK,824.0,Slovak Republic
14600,2011,SVK,824.0,Slovak Republic
14601,2010,SVK,824.0,Slovak Republic
14602,2009,SVK,824.0,Slovak Republic
14603,2008,SVK,824.0,Slovak Republic
14604,2007,SVK,824.0,Slovak Republic
14605,2006,SVK,824.0,Slovak Republic
14606,2005,SVK,824.0,Slovak Republic
14607,2004,SVK,824.0,Slovak Republic
14608,2003,SVK,824.0,Slovak Republic
14609,2002,SVK,824.0,Slovak Republic
14610,2001,SVK,824.0,Slovak Republic
14611,2000,SVK,824.0,Slovak Republic
14612,1999,SVK,824.0,Slovak Republic
14613,1998,SVK,824.0,Slovak Republic
14614,1997,SVK,824.0,Slovak Republic
14615,1996,SVK,824.0,Slovak Republic
14616,1995,SVK,824.0,Slovak Republic
14617,1994,SVK,824.0,Slovak Republic
14618,1993,SVK,824.0,Slovak Republic
14619,1992,SVK,,Slovak Republic
14620,1991,SVK,,Slovak Republic
14621,1990,SVK,,Slovak Republic
14622,1989,SVK,,Slovak Republic
14623,1988,SVK,,Slovak Republic
14624,1987,SVK,,Slovak Republic
14625,1986,SVK,,Slovak Republic
14626,1985,SVK,,Slovak Republic
14627,1984,SVK,,Slovak Republic
14628,1983,SVK,,Slovak Republic
14629,1982,SVK,,Slovak Republic
14630,1981,SVK,,Slovak Republic
14631,1980,SVK,,Slovak Republic
14632,1979,SVK,,Slovak Republic
14633,1978,SVK,,Slovak Republic
14634,1977,SVK,,Slovak Republic
14635,1976,SVK,,Slovak Republic
14636,1975,SVK,,Slovak Republic
14637,1974,SVK,,Slovak Republic
14638,1973,SVK,,Slovak Republic
14639,1972,SVK,,Slovak Republic
14640,1971,SVK,,Slovak Republic
14641,1970,SVK,,Slovak Republic
14642,1969,SVK,,Slovak Republic
14643,1968,SVK,,Slovak Republic
14644,1967,SVK,,Slovak Republic
14645,1966,SVK,,Slovak Republic
14646,1965,SVK,,Slovak Republic
14647,1964,SVK,,Slovak Republic
14648,1963,SVK,,Slovak Republic
14649,1962,SVK,,Slovak Republic
14650,1961,SVK,,Slovak Republic
14651,1960,SVK,,Slovak Republic
14652,2025,SVN,,Slovenia
14653,2024,SVN,,Slovenia
14654,2023,SVN,,Slovenia
14655,2022,SVN,1162.0,Slovenia
14656,2021,SVN,1162.0,Slovenia
14657,2020,SVN,1162.0,Slovenia
14658,2019,SVN,1162.0,Slovenia
14659,2018,SVN,1162.0,Slovenia
14660,2017,SVN,1162.0,Slovenia
14661,2016,SVN,1162.0,Slovenia
14662,2015,SVN,1162.0,Slovenia
14663,2014,SVN,1162.0,Slovenia
14664,2013,SVN,1162.0,Slovenia
14665,2012,SVN,1162.0,Slovenia
14666,2011,SVN,1162.0,Slovenia
14667,2010,SVN,1162.0,Slovenia
14668,2009,SVN,1162.0,Slovenia
14669,2008,SVN,1162.0,Slovenia
14670,2007,SVN,1162.0,Slovenia
14671,2006,SVN,1162.0,Slovenia
14672,2005,SVN,1162.0,Slovenia
14673,2004,SVN,1162.0,Slovenia
14674,2003,SVN,1162.0,Slovenia
14675,2002,SVN,1162.0,Slovenia
14676,2001,SVN,1162.0,Slovenia
14677,2000,SVN,1162.0,Slovenia
14678,1999,SVN,1162.0,Slovenia
14679,1998,SVN,1162.0,Slovenia
14680,1997,SVN,1162.0,Slovenia
14681,1996,SVN,1162.0,Slovenia
14682,1995,SVN,1162.0,Slovenia
14683,1994,SVN,1162.0,Slovenia
14684,1993,SVN,1162.0,Slovenia
14685,1992,SVN,1162.0,Slovenia
14686,1991,SVN,,Slovenia
14687,1990,SVN,,Slovenia
14688,1989,SVN,,Slovenia
14689,1988,SVN,,Slovenia
14690,1987,SVN,,Slovenia
14691,1986,SVN,,Slovenia
14692,1985,SVN,,Slovenia
14693,1984,SVN,,Slovenia
14694,1983,SVN,,Slovenia
14695,1982,SVN,,Slovenia
14696,1981,SVN,,Slovenia
14697,1980,SVN,,Slovenia
14698,1979,SVN,,Slovenia
14699,1978,SVN,,Slovenia
14700,1977,SVN,,Slovenia
14701,1976,SVN,,Slovenia
14702,1975,SVN,,Slovenia
14703,1974,SVN,,Slovenia
14704,1973,SVN,,Slovenia
14705,1972,SVN,,Slovenia
14706,1971,SVN,,Slovenia
14707,1970,SVN,,Slovenia
14708,1969,SVN,,Slovenia
14709,1968,SVN,,Slovenia
14710,1967,SVN,,Slovenia
14711,1966,SVN,,Slovenia
14712,1965,SVN,,Slovenia
14713,1964,SVN,,Slovenia
14714,1963,SVN,,Slovenia
14715,1962,SVN,,Slovenia
14716,1961,SVN,,Slovenia
14717,1960,SVN,,Slovenia
14718,2025,SLB,,Solomon Islands
14719,2024,SLB,,Solomon Islands
14720,2023,SLB,,Solomon Islands
14721,2022,SLB,3028.0,Solomon Islands
14722,2021,SLB,3028.0,Solomon Islands
14723,2020,SLB,3028.0,Solomon Islands
14724,2019,SLB,3028.0,Solomon Islands
14725,2018,SLB,3028.0,Solomon Islands
14726,2017,SLB,3028.0,Solomon Islands
14727,2016,SLB,3028.0,Solomon Islands
14728,2015,SLB,3028.0,Solomon Islands
14729,2014,SLB,3028.0,Solomon Islands
14730,2013,SLB,3028.0,Solomon Islands
14731,2012,SLB,3028.0,Solomon Islands
14732,2011,SLB,3028.0,Solomon Islands
14733,2010,SLB,3028.0,Solomon Islands
14734,2009,SLB,3028.0,Solomon Islands
14735,2008,SLB,3028.0,Solomon Islands
14736,2007,SLB,3028.0,Solomon Islands
14737,2006,SLB,3028.0,Solomon Islands
14738,2005,SLB,3028.0,Solomon Islands
14739,2004,SLB,3028.0,Solomon Islands
14740,2003,SLB,3028.0,Solomon Islands
14741,2002,SLB,3028.0,Solomon Islands
14742,2001,SLB,3028.0,Solomon Islands
14743,2000,SLB,3028.0,Solomon Islands
14744,1999,SLB,3028.0,Solomon Islands
14745,1998,SLB,3028.0,Solomon Islands
14746,1997,SLB,3028.0,Solomon Islands
14747,1996,SLB,3028.0,Solomon Islands
14748,1995,SLB,3028.0,Solomon Islands
14749,1994,SLB,3028.0,Solomon Islands
14750,1993,SLB,3028.0,Solomon Islands
14751,1992,SLB,3028.0,Solomon Islands
14752,1991,SLB,3028.0,Solomon Islands
14753,1990,SLB,3028.0,Solomon Islands
14754,1989,SLB,3028.0,Solomon Islands
14755,1988,SLB,3028.0,Solomon Islands
14756,1987,SLB,3028.0,Solomon Islands
14757,1986,SLB,3028.0,Solomon Islands
14758,1985,SLB,3028.0,Solomon Islands
14759,1984,SLB,3028.0,Solomon Islands
14760,1983,SLB,3028.0,Solomon Islands
14761,1982,SLB,3028.0,Solomon Islands
14762,1981,SLB,3028.0,Solomon Islands
14763,1980,SLB,3028.0,Solomon Islands
14764,1979,SLB,3028.0,Solomon Islands
14765,1978,SLB,3028.0,Solomon Islands
14766,1977,SLB,3028.0,Solomon Islands
14767,1976,SLB,3028.0,Solomon Islands
14768,1975,SLB,3028.0,Solomon Islands
14769,1974,SLB,3028.0,Solomon Islands
14770,1973,SLB,3028.0,Solomon Islands
14771,1972,SLB,3028.0,Solomon Islands
14772,1971,SLB,3028.0,Solomon Islands
14773,1970,SLB,3028.0,Solomon Islands
14774,1969,SLB,3028.0,Solomon Islands
14775,1968,SLB,3028.0,Solomon Islands
14776,1967,SLB,3028.0,Solomon Islands
14777,1966,SLB,3028.0,Solomon Islands
14778,1965,SLB,3028.0,Solomon Islands
14779,1964,SLB,3028.0,Solomon Islands
14780,1963,SLB,3028.0,Solomon Islands
14781,1962,SLB,3028.0,Solomon Islands
14782,1961,SLB,3028.0,Solomon Islands
14783,1960,SLB,,Solomon Islands
14784,2025,SOM,,"Somalia, Fed. Rep."
14785,2024,SOM,,"Somalia, Fed. Rep."
14786,2023,SOM,,"Somalia, Fed. Rep."
14787,2022,SOM,282.0,"Somalia, Fed. Rep."
14788,2021,SOM,282.0,"Somalia, Fed. Rep."
14789,2020,SOM,282.0,"Somalia, Fed. Rep."
14790,2019,SOM,282.0,"Somalia, Fed. Rep."
14791,2018,SOM,282.0,"Somalia, Fed. Rep."
14792,2017,SOM,282.0,"Somalia, Fed. Rep."
14793,2016,SOM,282.0,"Somalia, Fed. Rep."
14794,2015,SOM,282.0,"Somalia, Fed. Rep."
14795,2014,SOM,282.0,"Somalia, Fed. Rep."
14796,2013,SOM,282.0,"Somalia, Fed. Rep."
14797,2012,SOM,282.0,"Somalia, Fed. Rep."
14798,2011,SOM,282.0,"Somalia, Fed. Rep."
14799,2010,SOM,282.0,"Somalia, Fed. Rep."
14800,2009,SOM,282.0,"Somalia, Fed. Rep."
14801,2008,SOM,282.0,"Somalia, Fed. Rep."
14802,2007,SOM,282.0,"Somalia, Fed. Rep."
14803,2006,SOM,282.0,"Somalia, Fed. Rep."
14804,2005,SOM,282.0,"Somalia, Fed. Rep."
14805,2004,SOM,282.0,"Somalia, Fed. Rep."
14806,2003,SOM,282.0,"Somalia, Fed. Rep."
14807,2002,SOM,282.0,"Somalia, Fed. Rep."
14808,2001,SOM,282.0,"Somalia, Fed. Rep."
14809,2000,SOM,282.0,"Somalia, Fed. Rep."
14810,1999,SOM,282.0,"Somalia, Fed. Rep."
14811,1998,SOM,282.0,"Somalia, Fed. Rep."
14812,1997,SOM,282.0,"Somalia, Fed. Rep."
14813,1996,SOM,282.0,"Somalia, Fed. Rep."
14814,1995,SOM,282.0,"Somalia, Fed. Rep."
14815,1994,SOM,282.0,"Somalia, Fed. Rep."
14816,1993,SOM,282.0,"Somalia, Fed. Rep."
14817,1992,SOM,282.0,"Somalia, Fed. Rep."
14818,1991,SOM,282.0,"Somalia, Fed. Rep."
14819,1990,SOM,282.0,"Somalia, Fed. Rep."
14820,1989,SOM,282.0,"Somalia, Fed. Rep."
14821,1988,SOM,282.0,"Somalia, Fed. Rep."
14822,1987,SOM,282.0,"Somalia, Fed. Rep."
14823,1986,SOM,282.0,"Somalia, Fed. Rep."
14824,1985,SOM,282.0,"Somalia, Fed. Rep."
14825,1984,SOM,282.0,"Somalia, Fed. Rep."
14826,1983,SOM,282.0,"Somalia, Fed. Rep."
14827,1982,SOM,282.0,"Somalia, Fed. Rep."
14828,1981,SOM,282.0,"Somalia, Fed. Rep."
14829,1980,SOM,282.0,"Somalia, Fed. Rep."
14830,1979,SOM,282.0,"Somalia, Fed. Rep."
14831,1978,SOM,282.0,"Somalia, Fed. Rep."
14832,1977,SOM,282.0,"Somalia, Fed. Rep."
14833,1976,SOM,282.0,"Somalia, Fed. Rep."
14834,1975,SOM,282.0,"Somalia, Fed. Rep."
14835,1974,SOM,282.0,"Somalia, Fed. Rep."
14836,1973,SOM,282.0,"Somalia, Fed. Rep."
14837,1972,SOM,282.0,"Somalia, Fed. Rep."
14838,1971,SOM,282.0,"Somalia, Fed. Rep."
14839,1970,SOM,282.0,"Somalia, Fed. Rep."
14840,1969,SOM,282.0,"Somalia, Fed. Rep."
14841,1968,SOM,282.0,"Somalia, Fed. Rep."
14842,1967,SOM,282.0,"Somalia, Fed. Rep."
14843,1966,SOM,282.0,"Somalia, Fed. Rep."
14844,1965,SOM,282.0,"Somalia, Fed. Rep."
14845,1964,SOM,282.0,"Somalia, Fed. Rep."
14846,1963,SOM,282.0,"Somalia, Fed. Rep."
14847,1962,SOM,282.0,"Somalia, Fed. Rep."
14848,1961,SOM,282.0,"Somalia, Fed. Rep."
14849,1960,SOM,,"Somalia, Fed. Rep."
14850,2025,ZAF,,South Africa
14851,2024,ZAF,,South Africa
14852,2023,ZAF,,South Africa
14853,2022,ZAF,495.0,South Africa
14854,2021,ZAF,495.0,South Africa
14855,2020,ZAF,495.0,South Africa
14856,2019,ZAF,495.0,South Africa
14857,2018,ZAF,495.0,South Africa
14858,2017,ZAF,495.0,South Africa
14859,2016,ZAF,495.0,South Africa
14860,2015,ZAF,495.0,South Africa
14861,2014,ZAF,495.0,South Africa
14862,2013,ZAF,495.0,South Africa
14863,2012,ZAF,495.0,South Africa
14864,2011,ZAF,495.0,South Africa
14865,2010,ZAF,495.0,South Africa
14866,2009,ZAF,495.0,South Africa
14867,2008,ZAF,495.0,South Africa
14868,2007,ZAF,495.0,South Africa
14869,2006,ZAF,495.0,South Africa
14870,2005,ZAF,495.0,South Africa
14871,2004,ZAF,495.0,South Africa
14872,2003,ZAF,495.0,South Africa
14873,2002,ZAF,495.0,South Africa
14874,2001,ZAF,495.0,South Africa
14875,2000,ZAF,495.0,South Africa
14876,1999,ZAF,495.0,South Africa
14877,1998,ZAF,495.0,South Africa
14878,1997,ZAF,495.0,South Africa
14879,1996,ZAF,495.0,South Africa
14880,1995,ZAF,495.0,South Africa
14881,1994,ZAF,495.0,South Africa
14882,1993,ZAF,495.0,South Africa
14883,1992,ZAF,495.0,South Africa
14884,1991,ZAF,495.0,South Africa
14885,1990,ZAF,495.0,South Africa
14886,1989,ZAF,495.0,South Africa
14887,1988,ZAF,495.0,South Africa
14888,1987,ZAF,495.0,South Africa
14889,1986,ZAF,495.0,South Africa
14890,1985,ZAF,495.0,South Africa
14891,1984,ZAF,495.0,South Africa
14892,1983,ZAF,495.0,South Africa
14893,1982,ZAF,495.0,South Africa
14894,1981,ZAF,495.0,South Africa
14895,1980,ZAF,495.0,South Africa
14896,1979,ZAF,495.0,South Africa
14897,1978,ZAF,495.0,South Africa
14898,1977,ZAF,495.0,South Africa
14899,1976,ZAF,495.0,South Africa
14900,1975,ZAF,495.0,South Africa
14901,1974,ZAF,495.0,South Africa
14902,1973,ZAF,495.0,South Africa
14903,1972,ZAF,495.0,South Africa
14904,1971,ZAF,495.0,South Africa
14905,1970,ZAF,495.0,South Africa
14906,1969,ZAF,495.0,South Africa
14907,1968,ZAF,495.0,South Africa
14908,1967,ZAF,495.0,South Africa
14909,1966,ZAF,495.0,South Africa
14910,1965,ZAF,495.0,South Africa
14911,1964,ZAF,495.0,South Africa
14912,1963,ZAF,495.0,South Africa
14913,1962,ZAF,495.0,South Africa
14914,1961,ZAF,495.0,South Africa
14915,1960,ZAF,,South Africa
14916,2025,SSD,,South Sudan
14917,2024,SSD,,South Sudan
14918,2023,SSD,,South Sudan
14919,2022,SSD,900.0,South Sudan
14920,2021,SSD,900.0,South Sudan
14921,2020,SSD,900.0,South Sudan
14922,2019,SSD,900.0,South Sudan
14923,2018,SSD,900.0,South Sudan
14924,2017,SSD,900.0,South Sudan
14925,2016,SSD,900.0,South Sudan
14926,2015,SSD,900.0,South Sudan
14927,2014,SSD,900.0,South Sudan
14928,2013,SSD,900.0,South Sudan
14929,2012,SSD,900.0,South Sudan
14930,2011,SSD,,South Sudan
14931,2010,SSD,,South Sudan
14932,2009,SSD,,South Sudan
14933,2008,SSD,,South Sudan
14934,2007,SSD,,South Sudan
14935,2006,SSD,,South Sudan
14936,2005,SSD,,South Sudan
14937,2004,SSD,,South Sudan
14938,2003,SSD,,South Sudan
14939,2002,SSD,,South Sudan
14940,2001,SSD,,South Sudan
14941,2000,SSD,,South Sudan
14942,1999,SSD,,South Sudan
14943,1998,SSD,,South Sudan
14944,1997,SSD,,South Sudan
14945,1996,SSD,,South Sudan
14946,1995,SSD,,South Sudan
14947,1994,SSD,,South Sudan
14948,1993,SSD,,South Sudan
14949,1992,SSD,,South Sudan
14950,1991,SSD,,South Sudan
14951,1990,SSD,,South Sudan
14952,1989,SSD,,South Sudan
14953,1988,SSD,,South Sudan
14954,1987,SSD,,South Sudan
14955,1986,SSD,,South Sudan
14956,1985,SSD,,South Sudan
14957,1984,SSD,,South Sudan
14958,1983,SSD,,South Sudan
14959,1982,SSD,,South Sudan
14960,1981,SSD,,South Sudan
14961,1980,SSD,,South Sudan
14962,1979,SSD,,South Sudan
14963,1978,SSD,,South Sudan
14964,1977,SSD,,South Sudan
14965,1976,SSD,,South Sudan
14966,1975,SSD,,South Sudan
14967,1974,SSD,,South Sudan
14968,1973,SSD,,South Sudan
14969,1972,SSD,,South Sudan
14970,1971,SSD,,South Sudan
14971,1970,SSD,,South Sudan
14972,1969,SSD,,South Sudan
14973,1968,SSD,,South Sudan
14974,1967,SSD,,South Sudan
14975,1966,SSD,,South Sudan
14976,1965,SSD,,South Sudan
14977,1964,SSD,,South Sudan
14978,1963,SSD,,South Sudan
14979,1962,SSD,,South Sudan
14980,1961,SSD,,South Sudan
14981,1960,SSD,,South Sudan
14982,2025,ESP,,Spain
14983,2024,ESP,,Spain
14984,2023,ESP,,Spain
14985,2022,ESP,636.0,Spain
14986,2021,ESP,636.0,Spain
14987,2020,ESP,636.0,Spain
14988,2019,ESP,636.0,Spain
14989,2018,ESP,636.0,Spain
14990,2017,ESP,636.0,Spain
14991,2016,ESP,636.0,Spain
14992,2015,ESP,636.0,Spain
14993,2014,ESP,636.0,Spain
14994,2013,ESP,636.0,Spain
14995,2012,ESP,636.0,Spain
14996,2011,ESP,636.0,Spain
14997,2010,ESP,636.0,Spain
14998,2009,ESP,636.0,Spain
14999,2008,ESP,636.0,Spain
15000,2007,ESP,636.0,Spain
15001,2006,ESP,636.0,Spain
15002,2005,ESP,636.0,Spain
15003,2004,ESP,636.0,Spain
15004,2003,ESP,636.0,Spain
15005,2002,ESP,636.0,Spain
15006,2001,ESP,636.0,Spain
15007,2000,ESP,636.0,Spain
15008,1999,ESP,636.0,Spain
15009,1998,ESP,636.0,Spain
15010,1997,ESP,636.0,Spain
15011,1996,ESP,636.0,Spain
15012,1995,ESP,636.0,Spain
15013,1994,ESP,636.0,Spain
15014,1993,ESP,636.0,Spain
15015,1992,ESP,636.0,Spain
15016,1991,ESP,636.0,Spain
15017,1990,ESP,636.0,Spain
15018,1989,ESP,636.0,Spain
15019,1988,ESP,636.0,Spain
15020,1987,ESP,636.0,Spain
15021,1986,ESP,636.0,Spain
15022,1985,ESP,636.0,Spain
15023,1984,ESP,636.0,Spain
15024,1983,ESP,636.0,Spain
15025,1982,ESP,636.0,Spain
15026,1981,ESP,636.0,Spain
15027,1980,ESP,636.0,Spain
15028,1979,ESP,636.0,Spain
15029,1978,ESP,636.0,Spain
15030,1977,ESP,636.0,Spain
15031,1976,ESP,636.0,Spain
15032,1975,ESP,636.0,Spain
15033,1974,ESP,636.0,Spain
15034,1973,ESP,636.0,Spain
15035,1972,ESP,636.0,Spain
15036,1971,ESP,636.0,Spain
15037,1970,ESP,636.0,Spain
15038,1969,ESP,636.0,Spain
15039,1968,ESP,636.0,Spain
15040,1967,ESP,636.0,Spain
15041,1966,ESP,636.0,Spain
15042,1965,ESP,636.0,Spain
15043,1964,ESP,636.0,Spain
15044,1963,ESP,636.0,Spain
15045,1962,ESP,636.0,Spain
15046,1961,ESP,636.0,Spain
15047,1960,ESP,,Spain
15048,2025,LKA,,Sri Lanka
15049,2024,LKA,,Sri Lanka
15050,2023,LKA,,Sri Lanka
15051,2022,LKA,1712.0,Sri Lanka
15052,2021,LKA,1712.0,Sri Lanka
15053,2020,LKA,1712.0,Sri Lanka
15054,2019,LKA,1712.0,Sri Lanka
15055,2018,LKA,1712.0,Sri Lanka
15056,2017,LKA,1712.0,Sri Lanka
15057,2016,LKA,1712.0,Sri Lanka
15058,2015,LKA,1712.0,Sri Lanka
15059,2014,LKA,1712.0,Sri Lanka
15060,2013,LKA,1712.0,Sri Lanka
15061,2012,LKA,1712.0,Sri Lanka
15062,2011,LKA,1712.0,Sri Lanka
15063,2010,LKA,1712.0,Sri Lanka
15064,2009,LKA,1712.0,Sri Lanka
15065,2008,LKA,1712.0,Sri Lanka
15066,2007,LKA,1712.0,Sri Lanka
15067,2006,LKA,1712.0,Sri Lanka
15068,2005,LKA,1712.0,Sri Lanka
15069,2004,LKA,1712.0,Sri Lanka
15070,2003,LKA,1712.0,Sri Lanka
15071,2002,LKA,1712.0,Sri Lanka
15072,2001,LKA,1712.0,Sri Lanka
15073,2000,LKA,1712.0,Sri Lanka
15074,1999,LKA,1712.0,Sri Lanka
15075,1998,LKA,1712.0,Sri Lanka
15076,1997,LKA,1712.0,Sri Lanka
15077,1996,LKA,1712.0,Sri Lanka
15078,1995,LKA,1712.0,Sri Lanka
15079,1994,LKA,1712.0,Sri Lanka
15080,1993,LKA,1712.0,Sri Lanka
15081,1992,LKA,1712.0,Sri Lanka
15082,1991,LKA,1712.0,Sri Lanka
15083,1990,LKA,1712.0,Sri Lanka
15084,1989,LKA,1712.0,Sri Lanka
15085,1988,LKA,1712.0,Sri Lanka
15086,1987,LKA,1712.0,Sri Lanka
15087,1986,LKA,1712.0,Sri Lanka
15088,1985,LKA,1712.0,Sri Lanka
15089,1984,LKA,1712.0,Sri Lanka
15090,1983,LKA,1712.0,Sri Lanka
15091,1982,LKA,1712.0,Sri Lanka
15092,1981,LKA,1712.0,Sri Lanka
15093,1980,LKA,1712.0,Sri Lanka
15094,1979,LKA,1712.0,Sri Lanka
15095,1978,LKA,1712.0,Sri Lanka
15096,1977,LKA,1712.0,Sri Lanka
15097,1976,LKA,1712.0,Sri Lanka
15098,1975,LKA,1712.0,Sri Lanka
15099,1974,LKA,1712.0,Sri Lanka
15100,1973,LKA,1712.0,Sri Lanka
15101,1972,LKA,1712.0,Sri Lanka
15102,1971,LKA,1712.0,Sri Lanka
15103,1970,LKA,1712.0,Sri Lanka
15104,1969,LKA,1712.0,Sri Lanka
15105,1968,LKA,1712.0,Sri Lanka
15106,1967,LKA,1712.0,Sri Lanka
15107,1966,LKA,1712.0,Sri Lanka
15108,1965,LKA,1712.0,Sri Lanka
15109,1964,LKA,1712.0,Sri Lanka
15110,1963,LKA,1712.0,Sri Lanka
15111,1962,LKA,1712.0,Sri Lanka
15112,1961,LKA,1712.0,Sri Lanka
15113,1960,LKA,,Sri Lanka
15114,2025,KNA,,St. Kitts and Nevis
15115,2024,KNA,,St. Kitts and Nevis
15116,2023,KNA,,St. Kitts and Nevis
15117,2022,KNA,1427.0,St. Kitts and Nevis
15118,2021,KNA,1427.0,St. Kitts and Nevis
15119,2020,KNA,1427.0,St. Kitts and Nevis
15120,2019,KNA,1427.0,St. Kitts and Nevis
15121,2018,KNA,1427.0,St. Kitts and Nevis
15122,2017,KNA,1427.0,St. Kitts and Nevis
15123,2016,KNA,1427.0,St. Kitts and Nevis
15124,2015,KNA,1427.0,St. Kitts and Nevis
15125,2014,KNA,1427.0,St. Kitts and Nevis
15126,2013,KNA,1427.0,St. Kitts and Nevis
15127,2012,KNA,1427.0,St. Kitts and Nevis
15128,2011,KNA,1427.0,St. Kitts and Nevis
15129,2010,KNA,1427.0,St. Kitts and Nevis
15130,2009,KNA,1427.0,St. Kitts and Nevis
15131,2008,KNA,1427.0,St. Kitts and Nevis
15132,2007,KNA,1427.0,St. Kitts and Nevis
15133,2006,KNA,1427.0,St. Kitts and Nevis
15134,2005,KNA,1427.0,St. Kitts and Nevis
15135,2004,KNA,1427.0,St. Kitts and Nevis
15136,2003,KNA,1427.0,St. Kitts and Nevis
15137,2002,KNA,1427.0,St. Kitts and Nevis
15138,2001,KNA,1427.0,St. Kitts and Nevis
15139,2000,KNA,1427.0,St. Kitts and Nevis
15140,1999,KNA,1427.0,St. Kitts and Nevis
15141,1998,KNA,1427.0,St. Kitts and Nevis
15142,1997,KNA,1427.0,St. Kitts and Nevis
15143,1996,KNA,1427.0,St. Kitts and Nevis
15144,1995,KNA,1427.0,St. Kitts and Nevis
15145,1994,KNA,1427.0,St. Kitts and Nevis
15146,1993,KNA,1427.0,St. Kitts and Nevis
15147,1992,KNA,1427.0,St. Kitts and Nevis
15148,1991,KNA,1427.0,St. Kitts and Nevis
15149,1990,KNA,1427.0,St. Kitts and Nevis
15150,1989,KNA,1427.0,St. Kitts and Nevis
15151,1988,KNA,1427.0,St. Kitts and Nevis
15152,1987,KNA,1427.0,St. Kitts and Nevis
15153,1986,KNA,1427.0,St. Kitts and Nevis
15154,1985,KNA,1427.0,St. Kitts and Nevis
15155,1984,KNA,1427.0,St. Kitts and Nevis
15156,1983,KNA,1427.0,St. Kitts and Nevis
15157,1982,KNA,1427.0,St. Kitts and Nevis
15158,1981,KNA,1427.0,St. Kitts and Nevis
15159,1980,KNA,1427.0,St. Kitts and Nevis
15160,1979,KNA,1427.0,St. Kitts and Nevis
15161,1978,KNA,1427.0,St. Kitts and Nevis
15162,1977,KNA,1427.0,St. Kitts and Nevis
15163,1976,KNA,1427.0,St. Kitts and Nevis
15164,1975,KNA,1427.0,St. Kitts and Nevis
15165,1974,KNA,1427.0,St. Kitts and Nevis
15166,1973,KNA,1427.0,St. Kitts and Nevis
15167,1972,KNA,1427.0,St. Kitts and Nevis
15168,1971,KNA,1427.0,St. Kitts and Nevis
15169,1970,KNA,1427.0,St. Kitts and Nevis
15170,1969,KNA,1427.0,St. Kitts and Nevis
15171,1968,KNA,1427.0,St. Kitts and Nevis
15172,1967,KNA,1427.0,St. Kitts and Nevis
15173,1966,KNA,1427.0,St. Kitts and Nevis
15174,1965,KNA,1427.0,St. Kitts and Nevis
15175,1964,KNA,1427.0,St. Kitts and Nevis
15176,1963,KNA,1427.0,St. Kitts and Nevis
15177,1962,KNA,1427.0,St. Kitts and Nevis
15178,1961,KNA,1427.0,St. Kitts and Nevis
15179,1960,KNA,,St. Kitts and Nevis
15180,2025,LCA,,St. Lucia
15181,2024,LCA,,St. Lucia
15182,2023,LCA,,St. Lucia
15183,2022,LCA,2301.0,St. Lucia
15184,2021,LCA,2301.0,St. Lucia
15185,2020,LCA,2301.0,St. Lucia
15186,2019,LCA,2301.0,St. Lucia
15187,2018,LCA,2301.0,St. Lucia
15188,2017,LCA,2301.0,St. Lucia
15189,2016,LCA,2301.0,St. Lucia
15190,2015,LCA,2301.0,St. Lucia
15191,2014,LCA,2301.0,St. Lucia
15192,2013,LCA,2301.0,St. Lucia
15193,2012,LCA,2301.0,St. Lucia
15194,2011,LCA,2301.0,St. Lucia
15195,2010,LCA,2301.0,St. Lucia
15196,2009,LCA,2301.0,St. Lucia
15197,2008,LCA,2301.0,St. Lucia
15198,2007,LCA,2301.0,St. Lucia
15199,2006,LCA,2301.0,St. Lucia
15200,2005,LCA,2301.0,St. Lucia
15201,2004,LCA,2301.0,St. Lucia
15202,2003,LCA,2301.0,St. Lucia
15203,2002,LCA,2301.0,St. Lucia
15204,2001,LCA,2301.0,St. Lucia
15205,2000,LCA,2301.0,St. Lucia
15206,1999,LCA,2301.0,St. Lucia
15207,1998,LCA,2301.0,St. Lucia
15208,1997,LCA,2301.0,St. Lucia
15209,1996,LCA,2301.0,St. Lucia
15210,1995,LCA,2301.0,St. Lucia
15211,1994,LCA,2301.0,St. Lucia
15212,1993,LCA,2301.0,St. Lucia
15213,1992,LCA,2301.0,St. Lucia
15214,1991,LCA,2301.0,St. Lucia
15215,1990,LCA,2301.0,St. Lucia
15216,1989,LCA,2301.0,St. Lucia
15217,1988,LCA,2301.0,St. Lucia
15218,1987,LCA,2301.0,St. Lucia
15219,1986,LCA,2301.0,St. Lucia
15220,1985,LCA,2301.0,St. Lucia
15221,1984,LCA,2301.0,St. Lucia
15222,1983,LCA,2301.0,St. Lucia
15223,1982,LCA,2301.0,St. Lucia
15224,1981,LCA,2301.0,St. Lucia
15225,1980,LCA,2301.0,St. Lucia
15226,1979,LCA,2301.0,St. Lucia
15227,1978,LCA,2301.0,St. Lucia
15228,1977,LCA,2301.0,St. Lucia
15229,1976,LCA,2301.0,St. Lucia
15230,1975,LCA,2301.0,St. Lucia
15231,1974,LCA,2301.0,St. Lucia
15232,1973,LCA,2301.0,St. Lucia
15233,1972,LCA,2301.0,St. Lucia
15234,1971,LCA,2301.0,St. Lucia
15235,1970,LCA,2301.0,St. Lucia
15236,1969,LCA,2301.0,St. Lucia
15237,1968,LCA,2301.0,St. Lucia
15238,1967,LCA,2301.0,St. Lucia
15239,1966,LCA,2301.0,St. Lucia
15240,1965,LCA,2301.0,St. Lucia
15241,1964,LCA,2301.0,St. Lucia
15242,1963,LCA,2301.0,St. Lucia
15243,1962,LCA,2301.0,St. Lucia
15244,1961,LCA,2301.0,St. Lucia
15245,1960,LCA,,St. Lucia
15246,2025,MAF,,St. Martin (French part)
15247,2024,MAF,,St. Martin (French part)
15248,2023,MAF,,St. Martin (French part)
15249,2022,MAF,,St. Martin (French part)
15250,2021,MAF,,St. Martin (French part)
15251,2020,MAF,,St. Martin (French part)
15252,2019,MAF,,St. Martin (French part)
15253,2018,MAF,,St. Martin (French part)
15254,2017,MAF,,St. Martin (French part)
15255,2016,MAF,,St. Martin (French part)
15256,2015,MAF,,St. Martin (French part)
15257,2014,MAF,,St. Martin (French part)
15258,2013,MAF,,St. Martin (French part)
15259,2012,MAF,,St. Martin (French part)
15260,2011,MAF,,St. Martin (French part)
15261,2010,MAF,,St. Martin (French part)
15262,2009,MAF,,St. Martin (French part)
15263,2008,MAF,,St. Martin (French part)
15264,2007,MAF,,St. Martin (French part)
15265,2006,MAF,,St. Martin (French part)
15266,2005,MAF,,St. Martin (French part)
15267,2004,MAF,,St. Martin (French part)
15268,2003,MAF,,St. Martin (French part)
15269,2002,MAF,,St. Martin (French part)
15270,2001,MAF,,St. Martin (French part)
15271,2000,MAF,,St. Martin (French part)
15272,1999,MAF,,St. Martin (French part)
15273,1998,MAF,,St. Martin (French part)
15274,1997,MAF,,St. Martin (French part)
15275,1996,MAF,,St. Martin (French part)
15276,1995,MAF,,St. Martin (French part)
15277,1994,MAF,,St. Martin (French part)
15278,1993,MAF,,St. Martin (French part)
15279,1992,MAF,,St. Martin (French part)
15280,1991,MAF,,St. Martin (French part)
15281,1990,MAF,,St. Martin (French part)
15282,1989,MAF,,St. Martin (French part)
15283,1988,MAF,,St. Martin (French part)
15284,1987,MAF,,St. Martin (French part)
15285,1986,MAF,,St. Martin (French part)
15286,1985,MAF,,St. Martin (French part)
15287,1984,MAF,,St. Martin (French part)
15288,1983,MAF,,St. Martin (French part)
15289,1982,MAF,,St. Martin (French part)
15290,1981,MAF,,St. Martin (French part)
15291,1980,MAF,,St. Martin (French part)
15292,1979,MAF,,St. Martin (French part)
15293,1978,MAF,,St. Martin (French part)
15294,1977,MAF,,St. Martin (French part)
15295,1976,MAF,,St. Martin (French part)
15296,1975,MAF,,St. Martin (French part)
15297,1974,MAF,,St. Martin (French part)
15298,1973,MAF,,St. Martin (French part)
15299,1972,MAF,,St. Martin (French part)
15300,1971,MAF,,St. Martin (French part)
15301,1970,MAF,,St. Martin (French part)
15302,1969,MAF,,St. Martin (French part)
15303,1968,MAF,,St. Martin (French part)
15304,1967,MAF,,St. Martin (French part)
15305,1966,MAF,,St. Martin (French part)
15306,1965,MAF,,St. Martin (French part)
15307,1964,MAF,,St. Martin (French part)
15308,1963,MAF,,St. Martin (French part)
15309,1962,MAF,,St. Martin (French part)
15310,1961,MAF,,St. Martin (French part)
15311,1960,MAF,,St. Martin (French part)
15312,2025,VCT,,St. Vincent and the Grenadines
15313,2024,VCT,,St. Vincent and the Grenadines
15314,2023,VCT,,St. Vincent and the Grenadines
15315,2022,VCT,1583.0,St. Vincent and the Grenadines
15316,2021,VCT,1583.0,St. Vincent and the Grenadines
15317,2020,VCT,1583.0,St. Vincent and the Grenadines
15318,2019,VCT,1583.0,St. Vincent and the Grenadines
15319,2018,VCT,1583.0,St. Vincent and the Grenadines
15320,2017,VCT,1583.0,St. Vincent and the Grenadines
15321,2016,VCT,1583.0,St. Vincent and the Grenadines
15322,2015,VCT,1583.0,St. Vincent and the Grenadines
15323,2014,VCT,1583.0,St. Vincent and the Grenadines
15324,2013,VCT,1583.0,St. Vincent and the Grenadines
15325,2012,VCT,1583.0,St. Vincent and the Grenadines
15326,2011,VCT,1583.0,St. Vincent and the Grenadines
15327,2010,VCT,1583.0,St. Vincent and the Grenadines
15328,2009,VCT,1583.0,St. Vincent and the Grenadines
15329,2008,VCT,1583.0,St. Vincent and the Grenadines
15330,2007,VCT,1583.0,St. Vincent and the Grenadines
15331,2006,VCT,1583.0,St. Vincent and the Grenadines
15332,2005,VCT,1583.0,St. Vincent and the Grenadines
15333,2004,VCT,1583.0,St. Vincent and the Grenadines
15334,2003,VCT,1583.0,St. Vincent and the Grenadines
15335,2002,VCT,1583.0,St. Vincent and the Grenadines
15336,2001,VCT,1583.0,St. Vincent and the Grenadines
15337,2000,VCT,1583.0,St. Vincent and the Grenadines
15338,1999,VCT,1583.0,St. Vincent and the Grenadines
15339,1998,VCT,1583.0,St. Vincent and the Grenadines
15340,1997,VCT,1583.0,St. Vincent and the Grenadines
15341,1996,VCT,1583.0,St. Vincent and the Grenadines
15342,1995,VCT,1583.0,St. Vincent and the Grenadines
15343,1994,VCT,1583.0,St. Vincent and the Grenadines
15344,1993,VCT,1583.0,St. Vincent and the Grenadines
15345,1992,VCT,1583.0,St. Vincent and the Grenadines
15346,1991,VCT,1583.0,St. Vincent and the Grenadines
15347,1990,VCT,1583.0,St. Vincent and the Grenadines
15348,1989,VCT,1583.0,St. Vincent and the Grenadines
15349,1988,VCT,1583.0,St. Vincent and the Grenadines
15350,1987,VCT,1583.0,St. Vincent and the Grenadines
15351,1986,VCT,1583.0,St. Vincent and the Grenadines
15352,1985,VCT,1583.0,St. Vincent and the Grenadines
15353,1984,VCT,1583.0,St. Vincent and the Grenadines
15354,1983,VCT,1583.0,St. Vincent and the Grenadines
15355,1982,VCT,1583.0,St. Vincent and the Grenadines
15356,1981,VCT,1583.0,St. Vincent and the Grenadines
15357,1980,VCT,1583.0,St. Vincent and the Grenadines
15358,1979,VCT,1583.0,St. Vincent and the Grenadines
15359,1978,VCT,1583.0,St. Vincent and the Grenadines
15360,1977,VCT,1583.0,St. Vincent and the Grenadines
15361,1976,VCT,1583.0,St. Vincent and the Grenadines
15362,1975,VCT,1583.0,St. Vincent and the Grenadines
15363,1974,VCT,1583.0,St. Vincent and the Grenadines
15364,1973,VCT,1583.0,St. Vincent and the Grenadines
15365,1972,VCT,1583.0,St. Vincent and the Grenadines
15366,1971,VCT,1583.0,St. Vincent and the Grenadines
15367,1970,VCT,1583.0,St. Vincent and the Grenadines
15368,1969,VCT,1583.0,St. Vincent and the Grenadines
15369,1968,VCT,1583.0,St. Vincent and the Grenadines
15370,1967,VCT,1583.0,St. Vincent and the Grenadines
15371,1966,VCT,1583.0,St. Vincent and the Grenadines
15372,1965,VCT,1583.0,St. Vincent and the Grenadines
15373,1964,VCT,1583.0,St. Vincent and the Grenadines
15374,1963,VCT,1583.0,St. Vincent and the Grenadines
15375,1962,VCT,1583.0,St. Vincent and the Grenadines
15376,1961,VCT,1583.0,St. Vincent and the Grenadines
15377,1960,VCT,,St. Vincent and the Grenadines
15378,2025,SDN,,Sudan
15379,2024,SDN,,Sudan
15380,2023,SDN,,Sudan
15381,2022,SDN,250.0,Sudan
15382,2021,SDN,250.0,Sudan
15383,2020,SDN,250.0,Sudan
15384,2019,SDN,250.0,Sudan
15385,2018,SDN,250.0,Sudan
15386,2017,SDN,250.0,Sudan
15387,2016,SDN,250.0,Sudan
15388,2015,SDN,250.0,Sudan
15389,2014,SDN,250.0,Sudan
15390,2013,SDN,250.0,Sudan
15391,2012,SDN,250.0,Sudan
15392,2011,SDN,,Sudan
15393,2010,SDN,,Sudan
15394,2009,SDN,,Sudan
15395,2008,SDN,,Sudan
15396,2007,SDN,,Sudan
15397,2006,SDN,,Sudan
15398,2005,SDN,,Sudan
15399,2004,SDN,,Sudan
15400,2003,SDN,,Sudan
15401,2002,SDN,,Sudan
15402,2001,SDN,,Sudan
15403,2000,SDN,,Sudan
15404,1999,SDN,,Sudan
15405,1998,SDN,,Sudan
15406,1997,SDN,,Sudan
15407,1996,SDN,,Sudan
15408,1995,SDN,,Sudan
15409,1994,SDN,,Sudan
15410,1993,SDN,,Sudan
15411,1992,SDN,,Sudan
15412,1991,SDN,,Sudan
15413,1990,SDN,,Sudan
15414,1989,SDN,,Sudan
15415,1988,SDN,,Sudan
15416,1987,SDN,,Sudan
15417,1986,SDN,,Sudan
15418,1985,SDN,,Sudan
15419,1984,SDN,,Sudan
15420,1983,SDN,,Sudan
15421,1982,SDN,,Sudan
15422,1981,SDN,,Sudan
15423,1980,SDN,,Sudan
15424,1979,SDN,,Sudan
15425,1978,SDN,,Sudan
15426,1977,SDN,,Sudan
15427,1976,SDN,,Sudan
15428,1975,SDN,,Sudan
15429,1974,SDN,,Sudan
15430,1973,SDN,,Sudan
15431,1972,SDN,,Sudan
15432,1971,SDN,,Sudan
15433,1970,SDN,,Sudan
15434,1969,SDN,,Sudan
15435,1968,SDN,,Sudan
15436,1967,SDN,,Sudan
15437,1966,SDN,,Sudan
15438,1965,SDN,,Sudan
15439,1964,SDN,,Sudan
15440,1963,SDN,,Sudan
15441,1962,SDN,,Sudan
15442,1961,SDN,,Sudan
15443,1960,SDN,,Sudan
15444,2025,SUR,,Suriname
15445,2024,SUR,,Suriname
15446,2023,SUR,,Suriname
15447,2022,SUR,2331.0,Suriname
15448,2021,SUR,2331.0,Suriname
15449,2020,SUR,2331.0,Suriname
15450,2019,SUR,2331.0,Suriname
15451,2018,SUR,2331.0,Suriname
15452,2017,SUR,2331.0,Suriname
15453,2016,SUR,2331.0,Suriname
15454,2015,SUR,2331.0,Suriname
15455,2014,SUR,2331.0,Suriname
15456,2013,SUR,2331.0,Suriname
15457,2012,SUR,2331.0,Suriname
15458,2011,SUR,2331.0,Suriname
15459,2010,SUR,2331.0,Suriname
15460,2009,SUR,2331.0,Suriname
15461,2008,SUR,2331.0,Suriname
15462,2007,SUR,2331.0,Suriname
15463,2006,SUR,2331.0,Suriname
15464,2005,SUR,2331.0,Suriname
15465,2004,SUR,2331.0,Suriname
15466,2003,SUR,2331.0,Suriname
15467,2002,SUR,2331.0,Suriname
15468,2001,SUR,2331.0,Suriname
15469,2000,SUR,2331.0,Suriname
15470,1999,SUR,2331.0,Suriname
15471,1998,SUR,2331.0,Suriname
15472,1997,SUR,2331.0,Suriname
15473,1996,SUR,2331.0,Suriname
15474,1995,SUR,2331.0,Suriname
15475,1994,SUR,2331.0,Suriname
15476,1993,SUR,2331.0,Suriname
15477,1992,SUR,2331.0,Suriname
15478,1991,SUR,2331.0,Suriname
15479,1990,SUR,2331.0,Suriname
15480,1989,SUR,2331.0,Suriname
15481,1988,SUR,2331.0,Suriname
15482,1987,SUR,2331.0,Suriname
15483,1986,SUR,2331.0,Suriname
15484,1985,SUR,2331.0,Suriname
15485,1984,SUR,2331.0,Suriname
15486,1983,SUR,2331.0,Suriname
15487,1982,SUR,2331.0,Suriname
15488,1981,SUR,2331.0,Suriname
15489,1980,SUR,2331.0,Suriname
15490,1979,SUR,2331.0,Suriname
15491,1978,SUR,2331.0,Suriname
15492,1977,SUR,2331.0,Suriname
15493,1976,SUR,2331.0,Suriname
15494,1975,SUR,2331.0,Suriname
15495,1974,SUR,2331.0,Suriname
15496,1973,SUR,2331.0,Suriname
15497,1972,SUR,2331.0,Suriname
15498,1971,SUR,2331.0,Suriname
15499,1970,SUR,2331.0,Suriname
15500,1969,SUR,2331.0,Suriname
15501,1968,SUR,2331.0,Suriname
15502,1967,SUR,2331.0,Suriname
15503,1966,SUR,2331.0,Suriname
15504,1965,SUR,2331.0,Suriname
15505,1964,SUR,2331.0,Suriname
15506,1963,SUR,2331.0,Suriname
15507,1962,SUR,2331.0,Suriname
15508,1961,SUR,,Suriname
15509,1960,SUR,,Suriname
15510,2025,SWE,,Sweden
15511,2024,SWE,,Sweden
15512,2023,SWE,,Sweden
15513,2022,SWE,624.0,Sweden
15514,2021,SWE,624.0,Sweden
15515,2020,SWE,624.0,Sweden
15516,2019,SWE,624.0,Sweden
15517,2018,SWE,624.0,Sweden
15518,2017,SWE,624.0,Sweden
15519,2016,SWE,624.0,Sweden
15520,2015,SWE,624.0,Sweden
15521,2014,SWE,624.0,Sweden
15522,2013,SWE,624.0,Sweden
15523,2012,SWE,624.0,Sweden
15524,2011,SWE,624.0,Sweden
15525,2010,SWE,624.0,Sweden
15526,2009,SWE,624.0,Sweden
15527,2008,SWE,624.0,Sweden
15528,2007,SWE,624.0,Sweden
15529,2006,SWE,624.0,Sweden
15530,2005,SWE,624.0,Sweden
15531,2004,SWE,624.0,Sweden
15532,2003,SWE,624.0,Sweden
15533,2002,SWE,624.0,Sweden
15534,2001,SWE,624.0,Sweden
15535,2000,SWE,624.0,Sweden
15536,1999,SWE,624.0,Sweden
15537,1998,SWE,624.0,Sweden
15538,1997,SWE,624.0,Sweden
15539,1996,SWE,624.0,Sweden
15540,1995,SWE,624.0,Sweden
15541,1994,SWE,624.0,Sweden
15542,1993,SWE,624.0,Sweden
15543,1992,SWE,624.0,Sweden
15544,1991,SWE,624.0,Sweden
15545,1990,SWE,624.0,Sweden
15546,1989,SWE,624.0,Sweden
15547,1988,SWE,624.0,Sweden
15548,1987,SWE,624.0,Sweden
15549,1986,SWE,624.0,Sweden
15550,1985,SWE,624.0,Sweden
15551,1984,SWE,624.0,Sweden
15552,1983,SWE,624.0,Sweden
15553,1982,SWE,624.0,Sweden
15554,1981,SWE,624.0,Sweden
15555,1980,SWE,624.0,Sweden
15556,1979,SWE,624.0,Sweden
15557,1978,SWE,624.0,Sweden
15558,1977,SWE,624.0,Sweden
15559,1976,SWE,624.0,Sweden
15560,1975,SWE,624.0,Sweden
15561,1974,SWE,624.0,Sweden
15562,1973,SWE,624.0,Sweden
15563,1972,SWE,624.0,Sweden
15564,1971,SWE,624.0,Sweden
15565,1970,SWE,624.0,Sweden
15566,1969,SWE,624.0,Sweden
15567,1968,SWE,624.0,Sweden
15568,1967,SWE,624.0,Sweden
15569,1966,SWE,624.0,Sweden
15570,1965,SWE,624.0,Sweden
15571,1964,SWE,624.0,Sweden
15572,1963,SWE,624.0,Sweden
15573,1962,SWE,624.0,Sweden
15574,1961,SWE,624.0,Sweden
15575,1960,SWE,,Sweden
15576,2025,CHE,,Switzerland
15577,2024,CHE,,Switzerland
15578,2023,CHE,,Switzerland
15579,2022,CHE,1537.0,Switzerland
15580,2021,CHE,1537.0,Switzerland
15581,2020,CHE,1537.0,Switzerland
15582,2019,CHE,1537.0,Switzerland
15583,2018,CHE,1537.0,Switzerland
15584,2017,CHE,1537.0,Switzerland
15585,2016,CHE,1537.0,Switzerland
15586,2015,CHE,1537.0,Switzerland
15587,2014,CHE,1537.0,Switzerland
15588,2013,CHE,1537.0,Switzerland
15589,2012,CHE,1537.0,Switzerland
15590,2011,CHE,1537.0,Switzerland
15591,2010,CHE,1537.0,Switzerland
15592,2009,CHE,1537.0,Switzerland
15593,2008,CHE,1537.0,Switzerland
15594,2007,CHE,1537.0,Switzerland
15595,2006,CHE,1537.0,Switzerland
15596,2005,CHE,1537.0,Switzerland
15597,2004,CHE,1537.0,Switzerland
15598,2003,CHE,1537.0,Switzerland
15599,2002,CHE,1537.0,Switzerland
15600,2001,CHE,1537.0,Switzerland
15601,2000,CHE,1537.0,Switzerland
15602,1999,CHE,1537.0,Switzerland
15603,1998,CHE,1537.0,Switzerland
15604,1997,CHE,1537.0,Switzerland
15605,1996,CHE,1537.0,Switzerland
15606,1995,CHE,1537.0,Switzerland
15607,1994,CHE,1537.0,Switzerland
15608,1993,CHE,1537.0,Switzerland
15609,1992,CHE,1537.0,Switzerland
15610,1991,CHE,1537.0,Switzerland
15611,1990,CHE,1537.0,Switzerland
15612,1989,CHE,1537.0,Switzerland
15613,1988,CHE,1537.0,Switzerland
15614,1987,CHE,1537.0,Switzerland
15615,1986,CHE,1537.0,Switzerland
15616,1985,CHE,1537.0,Switzerland
15617,1984,CHE,1537.0,Switzerland
15618,1983,CHE,1537.0,Switzerland
15619,1982,CHE,1537.0,Switzerland
15620,1981,CHE,1537.0,Switzerland
15621,1980,CHE,1537.0,Switzerland
15622,1979,CHE,1537.0,Switzerland
15623,1978,CHE,1537.0,Switzerland
15624,1977,CHE,1537.0,Switzerland
15625,1976,CHE,1537.0,Switzerland
15626,1975,CHE,1537.0,Switzerland
15627,1974,CHE,1537.0,Switzerland
15628,1973,CHE,1537.0,Switzerland
15629,1972,CHE,1537.0,Switzerland
15630,1971,CHE,1537.0,Switzerland
15631,1970,CHE,1537.0,Switzerland
15632,1969,CHE,1537.0,Switzerland
15633,1968,CHE,1537.0,Switzerland
15634,1967,CHE,1537.0,Switzerland
15635,1966,CHE,1537.0,Switzerland
15636,1965,CHE,1537.0,Switzerland
15637,1964,CHE,1537.0,Switzerland
15638,1963,CHE,1537.0,Switzerland
15639,1962,CHE,1537.0,Switzerland
15640,1961,CHE,1537.0,Switzerland
15641,1960,CHE,,Switzerland
15642,2025,SYR,,Syrian Arab Republic
15643,2024,SYR,,Syrian Arab Republic
15644,2023,SYR,,Syrian Arab Republic
15645,2022,SYR,252.0,Syrian Arab Republic
15646,2021,SYR,252.0,Syrian Arab Republic
15647,2020,SYR,252.0,Syrian Arab Republic
15648,2019,SYR,252.0,Syrian Arab Republic
15649,2018,SYR,252.0,Syrian Arab Republic
15650,2017,SYR,252.0,Syrian Arab Republic
15651,2016,SYR,252.0,Syrian Arab Republic
15652,2015,SYR,252.0,Syrian Arab Republic
15653,2014,SYR,252.0,Syrian Arab Republic
15654,2013,SYR,252.0,Syrian Arab Republic
15655,2012,SYR,252.0,Syrian Arab Republic
15656,2011,SYR,252.0,Syrian Arab Republic
15657,2010,SYR,252.0,Syrian Arab Republic
15658,2009,SYR,252.0,Syrian Arab Republic
15659,2008,SYR,252.0,Syrian Arab Republic
15660,2007,SYR,252.0,Syrian Arab Republic
15661,2006,SYR,252.0,Syrian Arab Republic
15662,2005,SYR,252.0,Syrian Arab Republic
15663,2004,SYR,252.0,Syrian Arab Republic
15664,2003,SYR,252.0,Syrian Arab Republic
15665,2002,SYR,252.0,Syrian Arab Republic
15666,2001,SYR,252.0,Syrian Arab Republic
15667,2000,SYR,252.0,Syrian Arab Republic
15668,1999,SYR,252.0,Syrian Arab Republic
15669,1998,SYR,252.0,Syrian Arab Republic
15670,1997,SYR,252.0,Syrian Arab Republic
15671,1996,SYR,252.0,Syrian Arab Republic
15672,1995,SYR,252.0,Syrian Arab Republic
15673,1994,SYR,252.0,Syrian Arab Republic
15674,1993,SYR,252.0,Syrian Arab Republic
15675,1992,SYR,252.0,Syrian Arab Republic
15676,1991,SYR,252.0,Syrian Arab Republic
15677,1990,SYR,252.0,Syrian Arab Republic
15678,1989,SYR,252.0,Syrian Arab Republic
15679,1988,SYR,252.0,Syrian Arab Republic
15680,1987,SYR,252.0,Syrian Arab Republic
15681,1986,SYR,252.0,Syrian Arab Republic
15682,1985,SYR,252.0,Syrian Arab Republic
15683,1984,SYR,252.0,Syrian Arab Republic
15684,1983,SYR,252.0,Syrian Arab Republic
15685,1982,SYR,252.0,Syrian Arab Republic
15686,1981,SYR,252.0,Syrian Arab Republic
15687,1980,SYR,252.0,Syrian Arab Republic
15688,1979,SYR,252.0,Syrian Arab Republic
15689,1978,SYR,252.0,Syrian Arab Republic
15690,1977,SYR,252.0,Syrian Arab Republic
15691,1976,SYR,252.0,Syrian Arab Republic
15692,1975,SYR,252.0,Syrian Arab Republic
15693,1974,SYR,252.0,Syrian Arab Republic
15694,1973,SYR,252.0,Syrian Arab Republic
15695,1972,SYR,252.0,Syrian Arab Republic
15696,1971,SYR,252.0,Syrian Arab Republic
15697,1970,SYR,252.0,Syrian Arab Republic
15698,1969,SYR,252.0,Syrian Arab Republic
15699,1968,SYR,252.0,Syrian Arab Republic
15700,1967,SYR,252.0,Syrian Arab Republic
15701,1966,SYR,252.0,Syrian Arab Republic
15702,1965,SYR,252.0,Syrian Arab Republic
15703,1964,SYR,252.0,Syrian Arab Republic
15704,1963,SYR,252.0,Syrian Arab Republic
15705,1962,SYR,252.0,Syrian Arab Republic
15706,1961,SYR,252.0,Syrian Arab Republic
15707,1960,SYR,,Syrian Arab Republic
15708,2025,TJK,,Tajikistan
15709,2024,TJK,,Tajikistan
15710,2023,TJK,,Tajikistan
15711,2022,TJK,691.0,Tajikistan
15712,2021,TJK,691.0,Tajikistan
15713,2020,TJK,691.0,Tajikistan
15714,2019,TJK,691.0,Tajikistan
15715,2018,TJK,691.0,Tajikistan
15716,2017,TJK,691.0,Tajikistan
15717,2016,TJK,691.0,Tajikistan
15718,2015,TJK,691.0,Tajikistan
15719,2014,TJK,691.0,Tajikistan
15720,2013,TJK,691.0,Tajikistan
15721,2012,TJK,691.0,Tajikistan
15722,2011,TJK,691.0,Tajikistan
15723,2010,TJK,691.0,Tajikistan
15724,2009,TJK,691.0,Tajikistan
15725,2008,TJK,691.0,Tajikistan
15726,2007,TJK,691.0,Tajikistan
15727,2006,TJK,691.0,Tajikistan
15728,2005,TJK,691.0,Tajikistan
15729,2004,TJK,691.0,Tajikistan
15730,2003,TJK,691.0,Tajikistan
15731,2002,TJK,691.0,Tajikistan
15732,2001,TJK,691.0,Tajikistan
15733,2000,TJK,691.0,Tajikistan
15734,1999,TJK,691.0,Tajikistan
15735,1998,TJK,691.0,Tajikistan
15736,1997,TJK,691.0,Tajikistan
15737,1996,TJK,691.0,Tajikistan
15738,1995,TJK,691.0,Tajikistan
15739,1994,TJK,691.0,Tajikistan
15740,1993,TJK,691.0,Tajikistan
15741,1992,TJK,691.0,Tajikistan
15742,1991,TJK,,Tajikistan
15743,1990,TJK,,Tajikistan
15744,1989,TJK,,Tajikistan
15745,1988,TJK,,Tajikistan
15746,1987,TJK,,Tajikistan
15747,1986,TJK,,Tajikistan
15748,1985,TJK,,Tajikistan
15749,1984,TJK,,Tajikistan
15750,1983,TJK,,Tajikistan
15751,1982,TJK,,Tajikistan
15752,1981,TJK,,Tajikistan
15753,1980,TJK,,Tajikistan
15754,1979,TJK,,Tajikistan
15755,1978,TJK,,Tajikistan
15756,1977,TJK,,Tajikistan
15757,1976,TJK,,Tajikistan
15758,1975,TJK,,Tajikistan
15759,1974,TJK,,Tajikistan
15760,1973,TJK,,Tajikistan
15761,1972,TJK,,Tajikistan
15762,1971,TJK,,Tajikistan
15763,1970,TJK,,Tajikistan
15764,1969,TJK,,Tajikistan
15765,1968,TJK,,Tajikistan
15766,1967,TJK,,Tajikistan
15767,1966,TJK,,Tajikistan
15768,1965,TJK,,Tajikistan
15769,1964,TJK,,Tajikistan
15770,1963,TJK,,Tajikistan
15771,1962,TJK,,Tajikistan
15772,1961,TJK,,Tajikistan
15773,1960,TJK,,Tajikistan
15774,2025,TZA,,Tanzania
15775,2024,TZA,,Tanzania
15776,2023,TZA,,Tanzania
15777,2022,TZA,1071.0,Tanzania
15778,2021,TZA,1071.0,Tanzania
15779,2020,TZA,1071.0,Tanzania
15780,2019,TZA,1071.0,Tanzania
15781,2018,TZA,1071.0,Tanzania
15782,2017,TZA,1071.0,Tanzania
15783,2016,TZA,1071.0,Tanzania
15784,2015,TZA,1071.0,Tanzania
15785,2014,TZA,1071.0,Tanzania
15786,2013,TZA,1071.0,Tanzania
15787,2012,TZA,1071.0,Tanzania
15788,2011,TZA,1071.0,Tanzania
15789,2010,TZA,1071.0,Tanzania
15790,2009,TZA,1071.0,Tanzania
15791,2008,TZA,1071.0,Tanzania
15792,2007,TZA,1071.0,Tanzania
15793,2006,TZA,1071.0,Tanzania
15794,2005,TZA,1071.0,Tanzania
15795,2004,TZA,1071.0,Tanzania
15796,2003,TZA,1071.0,Tanzania
15797,2002,TZA,1071.0,Tanzania
15798,2001,TZA,1071.0,Tanzania
15799,2000,TZA,1071.0,Tanzania
15800,1999,TZA,1071.0,Tanzania
15801,1998,TZA,1071.0,Tanzania
15802,1997,TZA,1071.0,Tanzania
15803,1996,TZA,1071.0,Tanzania
15804,1995,TZA,1071.0,Tanzania
15805,1994,TZA,1071.0,Tanzania
15806,1993,TZA,1071.0,Tanzania
15807,1992,TZA,1071.0,Tanzania
15808,1991,TZA,1071.0,Tanzania
15809,1990,TZA,1071.0,Tanzania
15810,1989,TZA,1071.0,Tanzania
15811,1988,TZA,1071.0,Tanzania
15812,1987,TZA,1071.0,Tanzania
15813,1986,TZA,1071.0,Tanzania
15814,1985,TZA,1071.0,Tanzania
15815,1984,TZA,1071.0,Tanzania
15816,1983,TZA,1071.0,Tanzania
15817,1982,TZA,1071.0,Tanzania
15818,1981,TZA,1071.0,Tanzania
15819,1980,TZA,1071.0,Tanzania
15820,1979,TZA,1071.0,Tanzania
15821,1978,TZA,1071.0,Tanzania
15822,1977,TZA,1071.0,Tanzania
15823,1976,TZA,1071.0,Tanzania
15824,1975,TZA,1071.0,Tanzania
15825,1974,TZA,1071.0,Tanzania
15826,1973,TZA,1071.0,Tanzania
15827,1972,TZA,1071.0,Tanzania
15828,1971,TZA,1071.0,Tanzania
15829,1970,TZA,1071.0,Tanzania
15830,1969,TZA,1071.0,Tanzania
15831,1968,TZA,1071.0,Tanzania
15832,1967,TZA,1071.0,Tanzania
15833,1966,TZA,1071.0,Tanzania
15834,1965,TZA,1071.0,Tanzania
15835,1964,TZA,1071.0,Tanzania
15836,1963,TZA,1071.0,Tanzania
15837,1962,TZA,1071.0,Tanzania
15838,1961,TZA,1071.0,Tanzania
15839,1960,TZA,,Tanzania
15840,2025,THA,,Thailand
15841,2024,THA,,Thailand
15842,2023,THA,,Thailand
15843,2022,THA,1622.0,Thailand
15844,2021,THA,1622.0,Thailand
15845,2020,THA,1622.0,Thailand
15846,2019,THA,1622.0,Thailand
15847,2018,THA,1622.0,Thailand
15848,2017,THA,1622.0,Thailand
15849,2016,THA,1622.0,Thailand
15850,2015,THA,1622.0,Thailand
15851,2014,THA,1622.0,Thailand
15852,2013,THA,1622.0,Thailand
15853,2012,THA,1622.0,Thailand
15854,2011,THA,1622.0,Thailand
15855,2010,THA,1622.0,Thailand
15856,2009,THA,1622.0,Thailand
15857,2008,THA,1622.0,Thailand
15858,2007,THA,1622.0,Thailand
15859,2006,THA,1622.0,Thailand
15860,2005,THA,1622.0,Thailand
15861,2004,THA,1622.0,Thailand
15862,2003,THA,1622.0,Thailand
15863,2002,THA,1622.0,Thailand
15864,2001,THA,1622.0,Thailand
15865,2000,THA,1622.0,Thailand
15866,1999,THA,1622.0,Thailand
15867,1998,THA,1622.0,Thailand
15868,1997,THA,1622.0,Thailand
15869,1996,THA,1622.0,Thailand
15870,1995,THA,1622.0,Thailand
15871,1994,THA,1622.0,Thailand
15872,1993,THA,1622.0,Thailand
15873,1992,THA,1622.0,Thailand
15874,1991,THA,1622.0,Thailand
15875,1990,THA,1622.0,Thailand
15876,1989,THA,1622.0,Thailand
15877,1988,THA,1622.0,Thailand
15878,1987,THA,1622.0,Thailand
15879,1986,THA,1622.0,Thailand
15880,1985,THA,1622.0,Thailand
15881,1984,THA,1622.0,Thailand
15882,1983,THA,1622.0,Thailand
15883,1982,THA,1622.0,Thailand
15884,1981,THA,1622.0,Thailand
15885,1980,THA,1622.0,Thailand
15886,1979,THA,1622.0,Thailand
15887,1978,THA,1622.0,Thailand
15888,1977,THA,1622.0,Thailand
15889,1976,THA,1622.0,Thailand
15890,1975,THA,1622.0,Thailand
15891,1974,THA,1622.0,Thailand
15892,1973,THA,1622.0,Thailand
15893,1972,THA,1622.0,Thailand
15894,1971,THA,1622.0,Thailand
15895,1970,THA,1622.0,Thailand
15896,1969,THA,1622.0,Thailand
15897,1968,THA,1622.0,Thailand
15898,1967,THA,1622.0,Thailand
15899,1966,THA,1622.0,Thailand
15900,1965,THA,1622.0,Thailand
15901,1964,THA,1622.0,Thailand
15902,1963,THA,1622.0,Thailand
15903,1962,THA,1622.0,Thailand
15904,1961,THA,1622.0,Thailand
15905,1960,THA,,Thailand
15906,2025,TLS,,Timor-Leste
15907,2024,TLS,,Timor-Leste
15908,2023,TLS,,Timor-Leste
15909,2022,TLS,1500.0,Timor-Leste
15910,2021,TLS,1500.0,Timor-Leste
15911,2020,TLS,1500.0,Timor-Leste
15912,2019,TLS,1500.0,Timor-Leste
15913,2018,TLS,1500.0,Timor-Leste
15914,2017,TLS,1500.0,Timor-Leste
15915,2016,TLS,1500.0,Timor-Leste
15916,2015,TLS,1500.0,Timor-Leste
15917,2014,TLS,1500.0,Timor-Leste
15918,2013,TLS,1500.0,Timor-Leste
15919,2012,TLS,1500.0,Timor-Leste
15920,2011,TLS,1500.0,Timor-Leste
15921,2010,TLS,1500.0,Timor-Leste
15922,2009,TLS,1500.0,Timor-Leste
15923,2008,TLS,1500.0,Timor-Leste
15924,2007,TLS,1500.0,Timor-Leste
15925,2006,TLS,1500.0,Timor-Leste
15926,2005,TLS,1500.0,Timor-Leste
15927,2004,TLS,1500.0,Timor-Leste
15928,2003,TLS,1500.0,Timor-Leste
15929,2002,TLS,1500.0,Timor-Leste
15930,2001,TLS,1500.0,Timor-Leste
15931,2000,TLS,1500.0,Timor-Leste
15932,1999,TLS,1500.0,Timor-Leste
15933,1998,TLS,1500.0,Timor-Leste
15934,1997,TLS,1500.0,Timor-Leste
15935,1996,TLS,1500.0,Timor-Leste
15936,1995,TLS,1500.0,Timor-Leste
15937,1994,TLS,1500.0,Timor-Leste
15938,1993,TLS,1500.0,Timor-Leste
15939,1992,TLS,1500.0,Timor-Leste
15940,1991,TLS,1500.0,Timor-Leste
15941,1990,TLS,1500.0,Timor-Leste
15942,1989,TLS,1500.0,Timor-Leste
15943,1988,TLS,1500.0,Timor-Leste
15944,1987,TLS,1500.0,Timor-Leste
15945,1986,TLS,1500.0,Timor-Leste
15946,1985,TLS,1500.0,Timor-Leste
15947,1984,TLS,1500.0,Timor-Leste
15948,1983,TLS,1500.0,Timor-Leste
15949,1982,TLS,1500.0,Timor-Leste
15950,1981,TLS,1500.0,Timor-Leste
15951,1980,TLS,1500.0,Timor-Leste
15952,1979,TLS,1500.0,Timor-Leste
15953,1978,TLS,1500.0,Timor-Leste
15954,1977,TLS,1500.0,Timor-Leste
15955,1976,TLS,1500.0,Timor-Leste
15956,1975,TLS,1500.0,Timor-Leste
15957,1974,TLS,1500.0,Timor-Leste
15958,1973,TLS,1500.0,Timor-Leste
15959,1972,TLS,1500.0,Timor-Leste
15960,1971,TLS,1500.0,Timor-Leste
15961,1970,TLS,1500.0,Timor-Leste
15962,1969,TLS,1500.0,Timor-Leste
15963,1968,TLS,1500.0,Timor-Leste
15964,1967,TLS,1500.0,Timor-Leste
15965,1966,TLS,1500.0,Timor-Leste
15966,1965,TLS,1500.0,Timor-Leste
15967,1964,TLS,1500.0,Timor-Leste
15968,1963,TLS,1500.0,Timor-Leste
15969,1962,TLS,1500.0,Timor-Leste
15970,1961,TLS,,Timor-Leste
15971,1960,TLS,,Timor-Leste
15972,2025,TGO,,Togo
15973,2024,TGO,,Togo
15974,2023,TGO,,Togo
15975,2022,TGO,1168.0,Togo
15976,2021,TGO,1168.0,Togo
15977,2020,TGO,1168.0,Togo
15978,2019,TGO,1168.0,Togo
15979,2018,TGO,1168.0,Togo
15980,2017,TGO,1168.0,Togo
15981,2016,TGO,1168.0,Togo
15982,2015,TGO,1168.0,Togo
15983,2014,TGO,1168.0,Togo
15984,2013,TGO,1168.0,Togo
15985,2012,TGO,1168.0,Togo
15986,2011,TGO,1168.0,Togo
15987,2010,TGO,1168.0,Togo
15988,2009,TGO,1168.0,Togo
15989,2008,TGO,1168.0,Togo
15990,2007,TGO,1168.0,Togo
15991,2006,TGO,1168.0,Togo
15992,2005,TGO,1168.0,Togo
15993,2004,TGO,1168.0,Togo
15994,2003,TGO,1168.0,Togo
15995,2002,TGO,1168.0,Togo
15996,2001,TGO,1168.0,Togo
15997,2000,TGO,1168.0,Togo
15998,1999,TGO,1168.0,Togo
15999,1998,TGO,1168.0,Togo
16000,1997,TGO,1168.0,Togo
16001,1996,TGO,1168.0,Togo
16002,1995,TGO,1168.0,Togo
16003,1994,TGO,1168.0,Togo
16004,1993,TGO,1168.0,Togo
16005,1992,TGO,1168.0,Togo
16006,1991,TGO,1168.0,Togo
16007,1990,TGO,1168.0,Togo
16008,1989,TGO,1168.0,Togo
16009,1988,TGO,1168.0,Togo
16010,1987,TGO,1168.0,Togo
16011,1986,TGO,1168.0,Togo
16012,1985,TGO,1168.0,Togo
16013,1984,TGO,1168.0,Togo
16014,1983,TGO,1168.0,Togo
16015,1982,TGO,1168.0,Togo
16016,1981,TGO,1168.0,Togo
16017,1980,TGO,1168.0,Togo
16018,1979,TGO,1168.0,Togo
16019,1978,TGO,1168.0,Togo
16020,1977,TGO,1168.0,Togo
16021,1976,TGO,1168.0,Togo
16022,1975,TGO,1168.0,Togo
16023,1974,TGO,1168.0,Togo
16024,1973,TGO,1168.0,Togo
16025,1972,TGO,1168.0,Togo
16026,1971,TGO,1168.0,Togo
16027,1970,TGO,1168.0,Togo
16028,1969,TGO,1168.0,Togo
16029,1968,TGO,1168.0,Togo
16030,1967,TGO,1168.0,Togo
16031,1966,TGO,1168.0,Togo
16032,1965,TGO,1168.0,Togo
16033,1964,TGO,1168.0,Togo
16034,1963,TGO,1168.0,Togo
16035,1962,TGO,1168.0,Togo
16036,1961,TGO,1168.0,Togo
16037,1960,TGO,,Togo
16038,2025,TON,,Tonga
16039,2024,TON,,Tonga
16040,2023,TON,,Tonga
16041,2022,TON,,Tonga
16042,2021,TON,,Tonga
16043,2020,TON,,Tonga
16044,2019,TON,,Tonga
16045,2018,TON,,Tonga
16046,2017,TON,,Tonga
16047,2016,TON,,Tonga
16048,2015,TON,,Tonga
16049,2014,TON,,Tonga
16050,2013,TON,,Tonga
16051,2012,TON,,Tonga
16052,2011,TON,,Tonga
16053,2010,TON,,Tonga
16054,2009,TON,,Tonga
16055,2008,TON,,Tonga
16056,2007,TON,,Tonga
16057,2006,TON,,Tonga
16058,2005,TON,,Tonga
16059,2004,TON,,Tonga
16060,2003,TON,,Tonga
16061,2002,TON,,Tonga
16062,2001,TON,,Tonga
16063,2000,TON,,Tonga
16064,1999,TON,,Tonga
16065,1998,TON,,Tonga
16066,1997,TON,,Tonga
16067,1996,TON,,Tonga
16068,1995,TON,,Tonga
16069,1994,TON,,Tonga
16070,1993,TON,,Tonga
16071,1992,TON,,Tonga
16072,1991,TON,,Tonga
16073,1990,TON,,Tonga
16074,1989,TON,,Tonga
16075,1988,TON,,Tonga
16076,1987,TON,,Tonga
16077,1986,TON,,Tonga
16078,1985,TON,,Tonga
16079,1984,TON,,Tonga
16080,1983,TON,,Tonga
16081,1982,TON,,Tonga
16082,1981,TON,,Tonga
16083,1980,TON,,Tonga
16084,1979,TON,,Tonga
16085,1978,TON,,Tonga
16086,1977,TON,,Tonga
16087,1976,TON,,Tonga
16088,1975,TON,,Tonga
16089,1974,TON,,Tonga
16090,1973,TON,,Tonga
16091,1972,TON,,Tonga
16092,1971,TON,,Tonga
16093,1970,TON,,Tonga
16094,1969,TON,,Tonga
16095,1968,TON,,Tonga
16096,1967,TON,,Tonga
16097,1966,TON,,Tonga
16098,1965,TON,,Tonga
16099,1964,TON,,Tonga
16100,1963,TON,,Tonga
16101,1962,TON,,Tonga
16102,1961,TON,,Tonga
16103,1960,TON,,Tonga
16104,2025,TTO,,Trinidad and Tobago
16105,2024,TTO,,Trinidad and Tobago
16106,2023,TTO,,Trinidad and Tobago
16107,2022,TTO,2200.0,Trinidad and Tobago
16108,2021,TTO,2200.0,Trinidad and Tobago
16109,2020,TTO,2200.0,Trinidad and Tobago
16110,2019,TTO,2200.0,Trinidad and Tobago
16111,2018,TTO,2200.0,Trinidad and Tobago
16112,2017,TTO,2200.0,Trinidad and Tobago
16113,2016,TTO,2200.0,Trinidad and Tobago
16114,2015,TTO,2200.0,Trinidad and Tobago
16115,2014,TTO,2200.0,Trinidad and Tobago
16116,2013,TTO,2200.0,Trinidad and Tobago
16117,2012,TTO,2200.0,Trinidad and Tobago
16118,2011,TTO,2200.0,Trinidad and Tobago
16119,2010,TTO,2200.0,Trinidad and Tobago
16120,2009,TTO,2200.0,Trinidad and Tobago
16121,2008,TTO,2200.0,Trinidad and Tobago
16122,2007,TTO,2200.0,Trinidad and Tobago
16123,2006,TTO,2200.0,Trinidad and Tobago
16124,2005,TTO,2200.0,Trinidad and Tobago
16125,2004,TTO,2200.0,Trinidad and Tobago
16126,2003,TTO,2200.0,Trinidad and Tobago
16127,2002,TTO,2200.0,Trinidad and Tobago
16128,2001,TTO,2200.0,Trinidad and Tobago
16129,2000,TTO,2200.0,Trinidad and Tobago
16130,1999,TTO,2200.0,Trinidad and Tobago
16131,1998,TTO,2200.0,Trinidad and Tobago
16132,1997,TTO,2200.0,Trinidad and Tobago
16133,1996,TTO,2200.0,Trinidad and Tobago
16134,1995,TTO,2200.0,Trinidad and Tobago
16135,1994,TTO,2200.0,Trinidad and Tobago
16136,1993,TTO,2200.0,Trinidad and Tobago
16137,1992,TTO,2200.0,Trinidad and Tobago
16138,1991,TTO,2200.0,Trinidad and Tobago
16139,1990,TTO,2200.0,Trinidad and Tobago
16140,1989,TTO,2200.0,Trinidad and Tobago
16141,1988,TTO,2200.0,Trinidad and Tobago
16142,1987,TTO,2200.0,Trinidad and Tobago
16143,1986,TTO,2200.0,Trinidad and Tobago
16144,1985,TTO,2200.0,Trinidad and Tobago
16145,1984,TTO,2200.0,Trinidad and Tobago
16146,1983,TTO,2200.0,Trinidad and Tobago
16147,1982,TTO,2200.0,Trinidad and Tobago
16148,1981,TTO,2200.0,Trinidad and Tobago
16149,1980,TTO,2200.0,Trinidad and Tobago
16150,1979,TTO,2200.0,Trinidad and Tobago
16151,1978,TTO,2200.0,Trinidad and Tobago
16152,1977,TTO,2200.0,Trinidad and Tobago
16153,1976,TTO,2200.0,Trinidad and Tobago
16154,1975,TTO,2200.0,Trinidad and Tobago
16155,1974,TTO,2200.0,Trinidad and Tobago
16156,1973,TTO,2200.0,Trinidad and Tobago
16157,1972,TTO,2200.0,Trinidad and Tobago
16158,1971,TTO,2200.0,Trinidad and Tobago
16159,1970,TTO,2200.0,Trinidad and Tobago
16160,1969,TTO,2200.0,Trinidad and Tobago
16161,1968,TTO,2200.0,Trinidad and Tobago
16162,1967,TTO,2200.0,Trinidad and Tobago
16163,1966,TTO,2200.0,Trinidad and Tobago
16164,1965,TTO,2200.0,Trinidad and Tobago
16165,1964,TTO,2200.0,Trinidad and Tobago
16166,1963,TTO,2200.0,Trinidad and Tobago
16167,1962,TTO,2200.0,Trinidad and Tobago
16168,1961,TTO,2200.0,Trinidad and Tobago
16169,1960,TTO,,Trinidad and Tobago
16170,2025,TUN,,Tunisia
16171,2024,TUN,,Tunisia
16172,2023,TUN,,Tunisia
16173,2022,TUN,207.0,Tunisia
16174,2021,TUN,207.0,Tunisia
16175,2020,TUN,207.0,Tunisia
16176,2019,TUN,207.0,Tunisia
16177,2018,TUN,207.0,Tunisia
16178,2017,TUN,207.0,Tunisia
16179,2016,TUN,207.0,Tunisia
16180,2015,TUN,207.0,Tunisia
16181,2014,TUN,207.0,Tunisia
16182,2013,TUN,207.0,Tunisia
16183,2012,TUN,207.0,Tunisia
16184,2011,TUN,207.0,Tunisia
16185,2010,TUN,207.0,Tunisia
16186,2009,TUN,207.0,Tunisia
16187,2008,TUN,207.0,Tunisia
16188,2007,TUN,207.0,Tunisia
16189,2006,TUN,207.0,Tunisia
16190,2005,TUN,207.0,Tunisia
16191,2004,TUN,207.0,Tunisia
16192,2003,TUN,207.0,Tunisia
16193,2002,TUN,207.0,Tunisia
16194,2001,TUN,207.0,Tunisia
16195,2000,TUN,207.0,Tunisia
16196,1999,TUN,207.0,Tunisia
16197,1998,TUN,207.0,Tunisia
16198,1997,TUN,207.0,Tunisia
16199,1996,TUN,207.0,Tunisia
16200,1995,TUN,207.0,Tunisia
16201,1994,TUN,207.0,Tunisia
16202,1993,TUN,207.0,Tunisia
16203,1992,TUN,207.0,Tunisia
16204,1991,TUN,207.0,Tunisia
16205,1990,TUN,207.0,Tunisia
16206,1989,TUN,207.0,Tunisia
16207,1988,TUN,207.0,Tunisia
16208,1987,TUN,207.0,Tunisia
16209,1986,TUN,207.0,Tunisia
16210,1985,TUN,207.0,Tunisia
16211,1984,TUN,207.0,Tunisia
16212,1983,TUN,207.0,Tunisia
16213,1982,TUN,207.0,Tunisia
16214,1981,TUN,207.0,Tunisia
16215,1980,TUN,207.0,Tunisia
16216,1979,TUN,207.0,Tunisia
16217,1978,TUN,207.0,Tunisia
16218,1977,TUN,207.0,Tunisia
16219,1976,TUN,207.0,Tunisia
16220,1975,TUN,207.0,Tunisia
16221,1974,TUN,207.0,Tunisia
16222,1973,TUN,207.0,Tunisia
16223,1972,TUN,207.0,Tunisia
16224,1971,TUN,207.0,Tunisia
16225,1970,TUN,207.0,Tunisia
16226,1969,TUN,207.0,Tunisia
16227,1968,TUN,207.0,Tunisia
16228,1967,TUN,207.0,Tunisia
16229,1966,TUN,207.0,Tunisia
16230,1965,TUN,207.0,Tunisia
16231,1964,TUN,207.0,Tunisia
16232,1963,TUN,207.0,Tunisia
16233,1962,TUN,207.0,Tunisia
16234,1961,TUN,207.0,Tunisia
16235,1960,TUN,,Tunisia
16236,2025,TUR,,Turkiye
16237,2024,TUR,,Turkiye
16238,2023,TUR,,Turkiye
16239,2022,TUR,593.0,Turkiye
16240,2021,TUR,593.0,Turkiye
16241,2020,TUR,593.0,Turkiye
16242,2019,TUR,593.0,Turkiye
16243,2018,TUR,593.0,Turkiye
16244,2017,TUR,593.0,Turkiye
16245,2016,TUR,593.0,Turkiye
16246,2015,TUR,593.0,Turkiye
16247,2014,TUR,593.0,Turkiye
16248,2013,TUR,593.0,Turkiye
16249,2012,TUR,593.0,Turkiye
16250,2011,TUR,593.0,Turkiye
16251,2010,TUR,593.0,Turkiye
16252,2009,TUR,593.0,Turkiye
16253,2008,TUR,593.0,Turkiye
16254,2007,TUR,593.0,Turkiye
16255,2006,TUR,593.0,Turkiye
16256,2005,TUR,593.0,Turkiye
16257,2004,TUR,593.0,Turkiye
16258,2003,TUR,593.0,Turkiye
16259,2002,TUR,593.0,Turkiye
16260,2001,TUR,593.0,Turkiye
16261,2000,TUR,593.0,Turkiye
16262,1999,TUR,593.0,Turkiye
16263,1998,TUR,593.0,Turkiye
16264,1997,TUR,593.0,Turkiye
16265,1996,TUR,593.0,Turkiye
16266,1995,TUR,593.0,Turkiye
16267,1994,TUR,593.0,Turkiye
16268,1993,TUR,593.0,Turkiye
16269,1992,TUR,593.0,Turkiye
16270,1991,TUR,593.0,Turkiye
16271,1990,TUR,593.0,Turkiye
16272,1989,TUR,593.0,Turkiye
16273,1988,TUR,593.0,Turkiye
16274,1987,TUR,593.0,Turkiye
16275,1986,TUR,593.0,Turkiye
16276,1985,TUR,593.0,Turkiye
16277,1984,TUR,593.0,Turkiye
16278,1983,TUR,593.0,Turkiye
16279,1982,TUR,593.0,Turkiye
16280,1981,TUR,593.0,Turkiye
16281,1980,TUR,593.0,Turkiye
16282,1979,TUR,593.0,Turkiye
16283,1978,TUR,593.0,Turkiye
16284,1977,TUR,593.0,Turkiye
16285,1976,TUR,593.0,Turkiye
16286,1975,TUR,593.0,Turkiye
16287,1974,TUR,593.0,Turkiye
16288,1973,TUR,593.0,Turkiye
16289,1972,TUR,593.0,Turkiye
16290,1971,TUR,593.0,Turkiye
16291,1970,TUR,593.0,Turkiye
16292,1969,TUR,593.0,Turkiye
16293,1968,TUR,593.0,Turkiye
16294,1967,TUR,593.0,Turkiye
16295,1966,TUR,593.0,Turkiye
16296,1965,TUR,593.0,Turkiye
16297,1964,TUR,593.0,Turkiye
16298,1963,TUR,593.0,Turkiye
16299,1962,TUR,593.0,Turkiye
16300,1961,TUR,593.0,Turkiye
16301,1960,TUR,,Turkiye
16302,2025,TKM,,Turkmenistan
16303,2024,TKM,,Turkmenistan
16304,2023,TKM,,Turkmenistan
16305,2022,TKM,161.0,Turkmenistan
16306,2021,TKM,161.0,Turkmenistan
16307,2020,TKM,161.0,Turkmenistan
16308,2019,TKM,161.0,Turkmenistan
16309,2018,TKM,161.0,Turkmenistan
16310,2017,TKM,161.0,Turkmenistan
16311,2016,TKM,161.0,Turkmenistan
16312,2015,TKM,161.0,Turkmenistan
16313,2014,TKM,161.0,Turkmenistan
16314,2013,TKM,161.0,Turkmenistan
16315,2012,TKM,161.0,Turkmenistan
16316,2011,TKM,161.0,Turkmenistan
16317,2010,TKM,161.0,Turkmenistan
16318,2009,TKM,161.0,Turkmenistan
16319,2008,TKM,161.0,Turkmenistan
16320,2007,TKM,161.0,Turkmenistan
16321,2006,TKM,161.0,Turkmenistan
16322,2005,TKM,161.0,Turkmenistan
16323,2004,TKM,161.0,Turkmenistan
16324,2003,TKM,161.0,Turkmenistan
16325,2002,TKM,161.0,Turkmenistan
16326,2001,TKM,161.0,Turkmenistan
16327,2000,TKM,161.0,Turkmenistan
16328,1999,TKM,161.0,Turkmenistan
16329,1998,TKM,161.0,Turkmenistan
16330,1997,TKM,161.0,Turkmenistan
16331,1996,TKM,161.0,Turkmenistan
16332,1995,TKM,161.0,Turkmenistan
16333,1994,TKM,161.0,Turkmenistan
16334,1993,TKM,161.0,Turkmenistan
16335,1992,TKM,161.0,Turkmenistan
16336,1991,TKM,,Turkmenistan
16337,1990,TKM,,Turkmenistan
16338,1989,TKM,,Turkmenistan
16339,1988,TKM,,Turkmenistan
16340,1987,TKM,,Turkmenistan
16341,1986,TKM,,Turkmenistan
16342,1985,TKM,,Turkmenistan
16343,1984,TKM,,Turkmenistan
16344,1983,TKM,,Turkmenistan
16345,1982,TKM,,Turkmenistan
16346,1981,TKM,,Turkmenistan
16347,1980,TKM,,Turkmenistan
16348,1979,TKM,,Turkmenistan
16349,1978,TKM,,Turkmenistan
16350,1977,TKM,,Turkmenistan
16351,1976,TKM,,Turkmenistan
16352,1975,TKM,,Turkmenistan
16353,1974,TKM,,Turkmenistan
16354,1973,TKM,,Turkmenistan
16355,1972,TKM,,Turkmenistan
16356,1971,TKM,,Turkmenistan
16357,1970,TKM,,Turkmenistan
16358,1969,TKM,,Turkmenistan
16359,1968,TKM,,Turkmenistan
16360,1967,TKM,,Turkmenistan
16361,1966,TKM,,Turkmenistan
16362,1965,TKM,,Turkmenistan
16363,1964,TKM,,Turkmenistan
16364,1963,TKM,,Turkmenistan
16365,1962,TKM,,Turkmenistan
16366,1961,TKM,,Turkmenistan
16367,1960,TKM,,Turkmenistan
16368,2025,TCA,,Turks and Caicos Islands
16369,2024,TCA,,Turks and Caicos Islands
16370,2023,TCA,,Turks and Caicos Islands
16371,2022,TCA,,Turks and Caicos Islands
16372,2021,TCA,,Turks and Caicos Islands
16373,2020,TCA,,Turks and Caicos Islands
16374,2019,TCA,,Turks and Caicos Islands
16375,2018,TCA,,Turks and Caicos Islands
16376,2017,TCA,,Turks and Caicos Islands
16377,2016,TCA,,Turks and Caicos Islands
16378,2015,TCA,,Turks and Caicos Islands
16379,2014,TCA,,Turks and Caicos Islands
16380,2013,TCA,,Turks and Caicos Islands
16381,2012,TCA,,Turks and Caicos Islands
16382,2011,TCA,,Turks and Caicos Islands
16383,2010,TCA,,Turks and Caicos Islands
16384,2009,TCA,,Turks and Caicos Islands
16385,2008,TCA,,Turks and Caicos Islands
16386,2007,TCA,,Turks and Caicos Islands
16387,2006,TCA,,Turks and Caicos Islands
16388,2005,TCA,,Turks and Caicos Islands
16389,2004,TCA,,Turks and Caicos Islands
16390,2003,TCA,,Turks and Caicos Islands
16391,2002,TCA,,Turks and Caicos Islands
16392,2001,TCA,,Turks and Caicos Islands
16393,2000,TCA,,Turks and Caicos Islands
16394,1999,TCA,,Turks and Caicos Islands
16395,1998,TCA,,Turks and Caicos Islands
16396,1997,TCA,,Turks and Caicos Islands
16397,1996,TCA,,Turks and Caicos Islands
16398,1995,TCA,,Turks and Caicos Islands
16399,1994,TCA,,Turks and Caicos Islands
16400,1993,TCA,,Turks and Caicos Islands
16401,1992,TCA,,Turks and Caicos Islands
16402,1991,TCA,,Turks and Caicos Islands
16403,1990,TCA,,Turks and Caicos Islands
16404,1989,TCA,,Turks and Caicos Islands
16405,1988,TCA,,Turks and Caicos Islands
16406,1987,TCA,,Turks and Caicos Islands
16407,1986,TCA,,Turks and Caicos Islands
16408,1985,TCA,,Turks and Caicos Islands
16409,1984,TCA,,Turks and Caicos Islands
16410,1983,TCA,,Turks and Caicos Islands
16411,1982,TCA,,Turks and Caicos Islands
16412,1981,TCA,,Turks and Caicos Islands
16413,1980,TCA,,Turks and Caicos Islands
16414,1979,TCA,,Turks and Caicos Islands
16415,1978,TCA,,Turks and Caicos Islands
16416,1977,TCA,,Turks and Caicos Islands
16417,1976,TCA,,Turks and Caicos Islands
16418,1975,TCA,,Turks and Caicos Islands
16419,1974,TCA,,Turks and Caicos Islands
16420,1973,TCA,,Turks and Caicos Islands
16421,1972,TCA,,Turks and Caicos Islands
16422,1971,TCA,,Turks and Caicos Islands
16423,1970,TCA,,Turks and Caicos Islands
16424,1969,TCA,,Turks and Caicos Islands
16425,1968,TCA,,Turks and Caicos Islands
16426,1967,TCA,,Turks and Caicos Islands
16427,1966,TCA,,Turks and Caicos Islands
16428,1965,TCA,,Turks and Caicos Islands
16429,1964,TCA,,Turks and Caicos Islands
16430,1963,TCA,,Turks and Caicos Islands
16431,1962,TCA,,Turks and Caicos Islands
16432,1961,TCA,,Turks and Caicos Islands
16433,1960,TCA,,Turks and Caicos Islands
16434,2025,TUV,,Tuvalu
16435,2024,TUV,,Tuvalu
16436,2023,TUV,,Tuvalu
16437,2022,TUV,,Tuvalu
16438,2021,TUV,,Tuvalu
16439,2020,TUV,,Tuvalu
16440,2019,TUV,,Tuvalu
16441,2018,TUV,,Tuvalu
16442,2017,TUV,,Tuvalu
16443,2016,TUV,,Tuvalu
16444,2015,TUV,,Tuvalu
16445,2014,TUV,,Tuvalu
16446,2013,TUV,,Tuvalu
16447,2012,TUV,,Tuvalu
16448,2011,TUV,,Tuvalu
16449,2010,TUV,,Tuvalu
16450,2009,TUV,,Tuvalu
16451,2008,TUV,,Tuvalu
16452,2007,TUV,,Tuvalu
16453,2006,TUV,,Tuvalu
16454,2005,TUV,,Tuvalu
16455,2004,TUV,,Tuvalu
16456,2003,TUV,,Tuvalu
16457,2002,TUV,,Tuvalu
16458,2001,TUV,,Tuvalu
16459,2000,TUV,,Tuvalu
16460,1999,TUV,,Tuvalu
16461,1998,TUV,,Tuvalu
16462,1997,TUV,,Tuvalu
16463,1996,TUV,,Tuvalu
16464,1995,TUV,,Tuvalu
16465,1994,TUV,,Tuvalu
16466,1993,TUV,,Tuvalu
16467,1992,TUV,,Tuvalu
16468,1991,TUV,,Tuvalu
16469,1990,TUV,,Tuvalu
16470,1989,TUV,,Tuvalu
16471,1988,TUV,,Tuvalu
16472,1987,TUV,,Tuvalu
16473,1986,TUV,,Tuvalu
16474,1985,TUV,,Tuvalu
16475,1984,TUV,,Tuvalu
16476,1983,TUV,,Tuvalu
16477,1982,TUV,,Tuvalu
16478,1981,TUV,,Tuvalu
16479,1980,TUV,,Tuvalu
16480,1979,TUV,,Tuvalu
16481,1978,TUV,,Tuvalu
16482,1977,TUV,,Tuvalu
16483,1976,TUV,,Tuvalu
16484,1975,TUV,,Tuvalu
16485,1974,TUV,,Tuvalu
16486,1973,TUV,,Tuvalu
16487,1972,TUV,,Tuvalu
16488,1971,TUV,,Tuvalu
16489,1970,TUV,,Tuvalu
16490,1969,TUV,,Tuvalu
16491,1968,TUV,,Tuvalu
16492,1967,TUV,,Tuvalu
16493,1966,TUV,,Tuvalu
16494,1965,TUV,,Tuvalu
16495,1964,TUV,,Tuvalu
16496,1963,TUV,,Tuvalu
16497,1962,TUV,,Tuvalu
16498,1961,TUV,,Tuvalu
16499,1960,TUV,,Tuvalu
16500,2025,UGA,,Uganda
16501,2024,UGA,,Uganda
16502,2023,UGA,,Uganda
16503,2022,UGA,1180.0,Uganda
16504,2021,UGA,1180.0,Uganda
16505,2020,UGA,1180.0,Uganda
16506,2019,UGA,1180.0,Uganda
16507,2018,UGA,1180.0,Uganda
16508,2017,UGA,1180.0,Uganda
16509,2016,UGA,1180.0,Uganda
16510,2015,UGA,1180.0,Uganda
16511,2014,UGA,1180.0,Uganda
16512,2013,UGA,1180.0,Uganda
16513,2012,UGA,1180.0,Uganda
16514,2011,UGA,1180.0,Uganda
16515,2010,UGA,1180.0,Uganda
16516,2009,UGA,1180.0,Uganda
16517,2008,UGA,1180.0,Uganda
16518,2007,UGA,1180.0,Uganda
16519,2006,UGA,1180.0,Uganda
16520,2005,UGA,1180.0,Uganda
16521,2004,UGA,1180.0,Uganda
16522,2003,UGA,1180.0,Uganda
16523,2002,UGA,1180.0,Uganda
16524,2001,UGA,1180.0,Uganda
16525,2000,UGA,1180.0,Uganda
16526,1999,UGA,1180.0,Uganda
16527,1998,UGA,1180.0,Uganda
16528,1997,UGA,1180.0,Uganda
16529,1996,UGA,1180.0,Uganda
16530,1995,UGA,1180.0,Uganda
16531,1994,UGA,1180.0,Uganda
16532,1993,UGA,1180.0,Uganda
16533,1992,UGA,1180.0,Uganda
16534,1991,UGA,1180.0,Uganda
16535,1990,UGA,1180.0,Uganda
16536,1989,UGA,1180.0,Uganda
16537,1988,UGA,1180.0,Uganda
16538,1987,UGA,1180.0,Uganda
16539,1986,UGA,1180.0,Uganda
16540,1985,UGA,1180.0,Uganda
16541,1984,UGA,1180.0,Uganda
16542,1983,UGA,1180.0,Uganda
16543,1982,UGA,1180.0,Uganda
16544,1981,UGA,1180.0,Uganda
16545,1980,UGA,1180.0,Uganda
16546,1979,UGA,1180.0,Uganda
16547,1978,UGA,1180.0,Uganda
16548,1977,UGA,1180.0,Uganda
16549,1976,UGA,1180.0,Uganda
16550,1975,UGA,1180.0,Uganda
16551,1974,UGA,1180.0,Uganda
16552,1973,UGA,1180.0,Uganda
16553,1972,UGA,1180.0,Uganda
16554,1971,UGA,1180.0,Uganda
16555,1970,UGA,1180.0,Uganda
16556,1969,UGA,1180.0,Uganda
16557,1968,UGA,1180.0,Uganda
16558,1967,UGA,1180.0,Uganda
16559,1966,UGA,1180.0,Uganda
16560,1965,UGA,1180.0,Uganda
16561,1964,UGA,1180.0,Uganda
16562,1963,UGA,1180.0,Uganda
16563,1962,UGA,1180.0,Uganda
16564,1961,UGA,1180.0,Uganda
16565,1960,UGA,,Uganda
16566,2025,UKR,,Ukraine
16567,2024,UKR,,Ukraine
16568,2023,UKR,,Ukraine
16569,2022,UKR,565.0,Ukraine
16570,2021,UKR,565.0,Ukraine
16571,2020,UKR,565.0,Ukraine
16572,2019,UKR,565.0,Ukraine
16573,2018,UKR,565.0,Ukraine
16574,2017,UKR,565.0,Ukraine
16575,2016,UKR,565.0,Ukraine
16576,2015,UKR,565.0,Ukraine
16577,2014,UKR,565.0,Ukraine
16578,2013,UKR,565.0,Ukraine
16579,2012,UKR,565.0,Ukraine
16580,2011,UKR,565.0,Ukraine
16581,2010,UKR,565.0,Ukraine
16582,2009,UKR,565.0,Ukraine
16583,2008,UKR,565.0,Ukraine
16584,2007,UKR,565.0,Ukraine
16585,2006,UKR,565.0,Ukraine
16586,2005,UKR,565.0,Ukraine
16587,2004,UKR,565.0,Ukraine
16588,2003,UKR,565.0,Ukraine
16589,2002,UKR,565.0,Ukraine
16590,2001,UKR,565.0,Ukraine
16591,2000,UKR,565.0,Ukraine
16592,1999,UKR,565.0,Ukraine
16593,1998,UKR,565.0,Ukraine
16594,1997,UKR,565.0,Ukraine
16595,1996,UKR,565.0,Ukraine
16596,1995,UKR,565.0,Ukraine
16597,1994,UKR,565.0,Ukraine
16598,1993,UKR,565.0,Ukraine
16599,1992,UKR,565.0,Ukraine
16600,1991,UKR,,Ukraine
16601,1990,UKR,,Ukraine
16602,1989,UKR,,Ukraine
16603,1988,UKR,,Ukraine
16604,1987,UKR,,Ukraine
16605,1986,UKR,,Ukraine
16606,1985,UKR,,Ukraine
16607,1984,UKR,,Ukraine
16608,1983,UKR,,Ukraine
16609,1982,UKR,,Ukraine
16610,1981,UKR,,Ukraine
16611,1980,UKR,,Ukraine
16612,1979,UKR,,Ukraine
16613,1978,UKR,,Ukraine
16614,1977,UKR,,Ukraine
16615,1976,UKR,,Ukraine
16616,1975,UKR,,Ukraine
16617,1974,UKR,,Ukraine
16618,1973,UKR,,Ukraine
16619,1972,UKR,,Ukraine
16620,1971,UKR,,Ukraine
16621,1970,UKR,,Ukraine
16622,1969,UKR,,Ukraine
16623,1968,UKR,,Ukraine
16624,1967,UKR,,Ukraine
16625,1966,UKR,,Ukraine
16626,1965,UKR,,Ukraine
16627,1964,UKR,,Ukraine
16628,1963,UKR,,Ukraine
16629,1962,UKR,,Ukraine
16630,1961,UKR,,Ukraine
16631,1960,UKR,,Ukraine
16632,2025,ARE,,United Arab Emirates
16633,2024,ARE,,United Arab Emirates
16634,2023,ARE,,United Arab Emirates
16635,2022,ARE,78.0,United Arab Emirates
16636,2021,ARE,78.0,United Arab Emirates
16637,2020,ARE,78.0,United Arab Emirates
16638,2019,ARE,78.0,United Arab Emirates
16639,2018,ARE,78.0,United Arab Emirates
16640,2017,ARE,78.0,United Arab Emirates
16641,2016,ARE,78.0,United Arab Emirates
16642,2015,ARE,78.0,United Arab Emirates
16643,2014,ARE,78.0,United Arab Emirates
16644,2013,ARE,78.0,United Arab Emirates
16645,2012,ARE,78.0,United Arab Emirates
16646,2011,ARE,78.0,United Arab Emirates
16647,2010,ARE,78.0,United Arab Emirates
16648,2009,ARE,78.0,United Arab Emirates
16649,2008,ARE,78.0,United Arab Emirates
16650,2007,ARE,78.0,United Arab Emirates
16651,2006,ARE,78.0,United Arab Emirates
16652,2005,ARE,78.0,United Arab Emirates
16653,2004,ARE,78.0,United Arab Emirates
16654,2003,ARE,78.0,United Arab Emirates
16655,2002,ARE,78.0,United Arab Emirates
16656,2001,ARE,78.0,United Arab Emirates
16657,2000,ARE,78.0,United Arab Emirates
16658,1999,ARE,78.0,United Arab Emirates
16659,1998,ARE,78.0,United Arab Emirates
16660,1997,ARE,78.0,United Arab Emirates
16661,1996,ARE,78.0,United Arab Emirates
16662,1995,ARE,78.0,United Arab Emirates
16663,1994,ARE,78.0,United Arab Emirates
16664,1993,ARE,78.0,United Arab Emirates
16665,1992,ARE,78.0,United Arab Emirates
16666,1991,ARE,78.0,United Arab Emirates
16667,1990,ARE,78.0,United Arab Emirates
16668,1989,ARE,78.0,United Arab Emirates
16669,1988,ARE,78.0,United Arab Emirates
16670,1987,ARE,78.0,United Arab Emirates
16671,1986,ARE,78.0,United Arab Emirates
16672,1985,ARE,78.0,United Arab Emirates
16673,1984,ARE,78.0,United Arab Emirates
16674,1983,ARE,78.0,United Arab Emirates
16675,1982,ARE,78.0,United Arab Emirates
16676,1981,ARE,78.0,United Arab Emirates
16677,1980,ARE,78.0,United Arab Emirates
16678,1979,ARE,78.0,United Arab Emirates
16679,1978,ARE,78.0,United Arab Emirates
16680,1977,ARE,78.0,United Arab Emirates
16681,1976,ARE,78.0,United Arab Emirates
16682,1975,ARE,78.0,United Arab Emirates
16683,1974,ARE,78.0,United Arab Emirates
16684,1973,ARE,78.0,United Arab Emirates
16685,1972,ARE,78.0,United Arab Emirates
16686,1971,ARE,78.0,United Arab Emirates
16687,1970,ARE,78.0,United Arab Emirates
16688,1969,ARE,78.0,United Arab Emirates
16689,1968,ARE,78.0,United Arab Emirates
16690,1967,ARE,78.0,United Arab Emirates
16691,1966,ARE,78.0,United Arab Emirates
16692,1965,ARE,78.0,United Arab Emirates
16693,1964,ARE,78.0,United Arab Emirates
16694,1963,ARE,78.0,United Arab Emirates
16695,1962,ARE,78.0,United Arab Emirates
16696,1961,ARE,78.0,United Arab Emirates
16697,1960,ARE,,United Arab Emirates
16698,2025,GBR,,United Kingdom
16699,2024,GBR,,United Kingdom
16700,2023,GBR,,United Kingdom
16701,2022,GBR,1220.0,United Kingdom
16702,2021,GBR,1220.0,United Kingdom
16703,2020,GBR,1220.0,United Kingdom
16704,2019,GBR,1220.0,United Kingdom
16705,2018,GBR,1220.0,United Kingdom
16706,2017,GBR,1220.0,United Kingdom
16707,2016,GBR,1220.0,United Kingdom
16708,2015,GBR,1220.0,United Kingdom
16709,2014,GBR,1220.0,United Kingdom
16710,2013,GBR,1220.0,United Kingdom
16711,2012,GBR,1220.0,United Kingdom
16712,2011,GBR,1220.0,United Kingdom
16713,2010,GBR,1220.0,United Kingdom
16714,2009,GBR,1220.0,United Kingdom
16715,2008,GBR,1220.0,United Kingdom
16716,2007,GBR,1220.0,United Kingdom
16717,2006,GBR,1220.0,United Kingdom
16718,2005,GBR,1220.0,United Kingdom
16719,2004,GBR,1220.0,United Kingdom
16720,2003,GBR,1220.0,United Kingdom
16721,2002,GBR,1220.0,United Kingdom
16722,2001,GBR,1220.0,United Kingdom
16723,2000,GBR,1220.0,United Kingdom
16724,1999,GBR,1220.0,United Kingdom
16725,1998,GBR,1220.0,United Kingdom
16726,1997,GBR,1220.0,United Kingdom
16727,1996,GBR,1220.0,United Kingdom
16728,1995,GBR,1220.0,United Kingdom
16729,1994,GBR,1220.0,United Kingdom
16730,1993,GBR,1220.0,United Kingdom
16731,1992,GBR,1220.0,United Kingdom
16732,1991,GBR,1220.0,United Kingdom
16733,1990,GBR,1220.0,United Kingdom
16734,1989,GBR,1220.0,United Kingdom
16735,1988,GBR,1220.0,United Kingdom
16736,1987,GBR,1220.0,United Kingdom
16737,1986,GBR,1220.0,United Kingdom
16738,1985,GBR,1220.0,United Kingdom
16739,1984,GBR,1220.0,United Kingdom
16740,1983,GBR,1220.0,United Kingdom
16741,1982,GBR,1220.0,United Kingdom
16742,1981,GBR,1220.0,United Kingdom
16743,1980,GBR,1220.0,United Kingdom
16744,1979,GBR,1220.0,United Kingdom
16745,1978,GBR,1220.0,United Kingdom
16746,1977,GBR,1220.0,United Kingdom
16747,1976,GBR,1220.0,United Kingdom
16748,1975,GBR,1220.0,United Kingdom
16749,1974,GBR,1220.0,United Kingdom
16750,1973,GBR,1220.0,United Kingdom
16751,1972,GBR,1220.0,United Kingdom
16752,1971,GBR,1220.0,United Kingdom
16753,1970,GBR,1220.0,United Kingdom
16754,1969,GBR,1220.0,United Kingdom
16755,1968,GBR,1220.0,United Kingdom
16756,1967,GBR,1220.0,United Kingdom
16757,1966,GBR,1220.0,United Kingdom
16758,1965,GBR,1220.0,United Kingdom
16759,1964,GBR,1220.0,United Kingdom
16760,1963,GBR,1220.0,United Kingdom
16761,1962,GBR,1220.0,United Kingdom
16762,1961,GBR,1220.0,United Kingdom
16763,1960,GBR,,United Kingdom
16764,2025,USA,,United States
16765,2024,USA,,United States
16766,2023,USA,,United States
16767,2022,USA,715.0,United States
16768,2021,USA,715.0,United States
16769,2020,USA,715.0,United States
16770,2019,USA,715.0,United States
16771,2018,USA,715.0,United States
16772,2017,USA,715.0,United States
16773,2016,USA,715.0,United States
16774,2015,USA,715.0,United States
16775,2014,USA,715.0,United States
16776,2013,USA,715.0,United States
16777,2012,USA,715.0,United States
16778,2011,USA,715.0,United States
16779,2010,USA,715.0,United States
16780,2009,USA,715.0,United States
16781,2008,USA,715.0,United States
16782,2007,USA,715.0,United States
16783,2006,USA,715.0,United States
16784,2005,USA,715.0,United States
16785,2004,USA,715.0,United States
16786,2003,USA,715.0,United States
16787,2002,USA,715.0,United States
16788,2001,USA,715.0,United States
16789,2000,USA,715.0,United States
16790,1999,USA,715.0,United States
16791,1998,USA,715.0,United States
16792,1997,USA,715.0,United States
16793,1996,USA,715.0,United States
16794,1995,USA,715.0,United States
16795,1994,USA,715.0,United States
16796,1993,USA,715.0,United States
16797,1992,USA,715.0,United States
16798,1991,USA,715.0,United States
16799,1990,USA,715.0,United States
16800,1989,USA,715.0,United States
16801,1988,USA,715.0,United States
16802,1987,USA,715.0,United States
16803,1986,USA,715.0,United States
16804,1985,USA,715.0,United States
16805,1984,USA,715.0,United States
16806,1983,USA,715.0,United States
16807,1982,USA,715.0,United States
16808,1981,USA,715.0,United States
16809,1980,USA,715.0,United States
16810,1979,USA,715.0,United States
16811,1978,USA,715.0,United States
16812,1977,USA,715.0,United States
16813,1976,USA,715.0,United States
16814,1975,USA,715.0,United States
16815,1974,USA,715.0,United States
16816,1973,USA,715.0,United States
16817,1972,USA,715.0,United States
16818,1971,USA,715.0,United States
16819,1970,USA,715.0,United States
16820,1969,USA,715.0,United States
16821,1968,USA,715.0,United States
16822,1967,USA,715.0,United States
16823,1966,USA,715.0,United States
16824,1965,USA,715.0,United States
16825,1964,USA,715.0,United States
16826,1963,USA,715.0,United States
16827,1962,USA,715.0,United States
16828,1961,USA,715.0,United States
16829,1960,USA,,United States
16830,2025,URY,,Uruguay
16831,2024,URY,,Uruguay
16832,2023,URY,,Uruguay
16833,2022,URY,1300.0,Uruguay
16834,2021,URY,1300.0,Uruguay
16835,2020,URY,1300.0,Uruguay
16836,2019,URY,1300.0,Uruguay
16837,2018,URY,1300.0,Uruguay
16838,2017,URY,1300.0,Uruguay
16839,2016,URY,1300.0,Uruguay
16840,2015,URY,1300.0,Uruguay
16841,2014,URY,1300.0,Uruguay
16842,2013,URY,1300.0,Uruguay
16843,2012,URY,1300.0,Uruguay
16844,2011,URY,1300.0,Uruguay
16845,2010,URY,1300.0,Uruguay
16846,2009,URY,1300.0,Uruguay
16847,2008,URY,1300.0,Uruguay
16848,2007,URY,1300.0,Uruguay
16849,2006,URY,1300.0,Uruguay
16850,2005,URY,1300.0,Uruguay
16851,2004,URY,1300.0,Uruguay
16852,2003,URY,1300.0,Uruguay
16853,2002,URY,1300.0,Uruguay
16854,2001,URY,1300.0,Uruguay
16855,2000,URY,1265.0,Uruguay
16856,1999,URY,1300.0,Uruguay
16857,1998,URY,1300.0,Uruguay
16858,1997,URY,1300.0,Uruguay
16859,1996,URY,1300.0,Uruguay
16860,1995,URY,1300.0,Uruguay
16861,1994,URY,1300.0,Uruguay
16862,1993,URY,1300.0,Uruguay
16863,1992,URY,1300.0,Uruguay
16864,1991,URY,1300.0,Uruguay
16865,1990,URY,1300.0,Uruguay
16866,1989,URY,1300.0,Uruguay
16867,1988,URY,1300.0,Uruguay
16868,1987,URY,1300.0,Uruguay
16869,1986,URY,1300.0,Uruguay
16870,1985,URY,1300.0,Uruguay
16871,1984,URY,1300.0,Uruguay
16872,1983,URY,1300.0,Uruguay
16873,1982,URY,1300.0,Uruguay
16874,1981,URY,1300.0,Uruguay
16875,1980,URY,1300.0,Uruguay
16876,1979,URY,1300.0,Uruguay
16877,1978,URY,1300.0,Uruguay
16878,1977,URY,1300.0,Uruguay
16879,1976,URY,1300.0,Uruguay
16880,1975,URY,1300.0,Uruguay
16881,1974,URY,1300.0,Uruguay
16882,1973,URY,1300.0,Uruguay
16883,1972,URY,1300.0,Uruguay
16884,1971,URY,1300.0,Uruguay
16885,1970,URY,1300.0,Uruguay
16886,1969,URY,1300.0,Uruguay
16887,1968,URY,1300.0,Uruguay
16888,1967,URY,1300.0,Uruguay
16889,1966,URY,1300.0,Uruguay
16890,1965,URY,1300.0,Uruguay
16891,1964,URY,1300.0,Uruguay
16892,1963,URY,1300.0,Uruguay
16893,1962,URY,1300.0,Uruguay
16894,1961,URY,,Uruguay
16895,1960,URY,,Uruguay
16896,2025,UZB,,Uzbekistan
16897,2024,UZB,,Uzbekistan
16898,2023,UZB,,Uzbekistan
16899,2022,UZB,206.0,Uzbekistan
16900,2021,UZB,206.0,Uzbekistan
16901,2020,UZB,206.0,Uzbekistan
16902,2019,UZB,206.0,Uzbekistan
16903,2018,UZB,206.0,Uzbekistan
16904,2017,UZB,206.0,Uzbekistan
16905,2016,UZB,206.0,Uzbekistan
16906,2015,UZB,206.0,Uzbekistan
16907,2014,UZB,206.0,Uzbekistan
16908,2013,UZB,206.0,Uzbekistan
16909,2012,UZB,206.0,Uzbekistan
16910,2011,UZB,206.0,Uzbekistan
16911,2010,UZB,206.0,Uzbekistan
16912,2009,UZB,206.0,Uzbekistan
16913,2008,UZB,206.0,Uzbekistan
16914,2007,UZB,206.0,Uzbekistan
16915,2006,UZB,206.0,Uzbekistan
16916,2005,UZB,206.0,Uzbekistan
16917,2004,UZB,206.0,Uzbekistan
16918,2003,UZB,206.0,Uzbekistan
16919,2002,UZB,206.0,Uzbekistan
16920,2001,UZB,206.0,Uzbekistan
16921,2000,UZB,206.0,Uzbekistan
16922,1999,UZB,206.0,Uzbekistan
16923,1998,UZB,206.0,Uzbekistan
16924,1997,UZB,206.0,Uzbekistan
16925,1996,UZB,206.0,Uzbekistan
16926,1995,UZB,206.0,Uzbekistan
16927,1994,UZB,206.0,Uzbekistan
16928,1993,UZB,206.0,Uzbekistan
16929,1992,UZB,206.0,Uzbekistan
16930,1991,UZB,,Uzbekistan
16931,1990,UZB,,Uzbekistan
16932,1989,UZB,,Uzbekistan
16933,1988,UZB,,Uzbekistan
16934,1987,UZB,,Uzbekistan
16935,1986,UZB,,Uzbekistan
16936,1985,UZB,,Uzbekistan
16937,1984,UZB,,Uzbekistan
16938,1983,UZB,,Uzbekistan
16939,1982,UZB,,Uzbekistan
16940,1981,UZB,,Uzbekistan
16941,1980,UZB,,Uzbekistan
16942,1979,UZB,,Uzbekistan
16943,1978,UZB,,Uzbekistan
16944,1977,UZB,,Uzbekistan
16945,1976,UZB,,Uzbekistan
16946,1975,UZB,,Uzbekistan
16947,1974,UZB,,Uzbekistan
16948,1973,UZB,,Uzbekistan
16949,1972,UZB,,Uzbekistan
16950,1971,UZB,,Uzbekistan
16951,1970,UZB,,Uzbekistan
16952,1969,UZB,,Uzbekistan
16953,1968,UZB,,Uzbekistan
16954,1967,UZB,,Uzbekistan
16955,1966,UZB,,Uzbekistan
16956,1965,UZB,,Uzbekistan
16957,1964,UZB,,Uzbekistan
16958,1963,UZB,,Uzbekistan
16959,1962,UZB,,Uzbekistan
16960,1961,UZB,,Uzbekistan
16961,1960,UZB,,Uzbekistan
16962,2025,VUT,,Vanuatu
16963,2024,VUT,,Vanuatu
16964,2023,VUT,,Vanuatu
16965,2022,VUT,2000.0,Vanuatu
16966,2021,VUT,2000.0,Vanuatu
16967,2020,VUT,2000.0,Vanuatu
16968,2019,VUT,2000.0,Vanuatu
16969,2018,VUT,2000.0,Vanuatu
16970,2017,VUT,2000.0,Vanuatu
16971,2016,VUT,2000.0,Vanuatu
16972,2015,VUT,2000.0,Vanuatu
16973,2014,VUT,2000.0,Vanuatu
16974,2013,VUT,2000.0,Vanuatu
16975,2012,VUT,2000.0,Vanuatu
16976,2011,VUT,2000.0,Vanuatu
16977,2010,VUT,2000.0,Vanuatu
16978,2009,VUT,2000.0,Vanuatu
16979,2008,VUT,2000.0,Vanuatu
16980,2007,VUT,2000.0,Vanuatu
16981,2006,VUT,2000.0,Vanuatu
16982,2005,VUT,2000.0,Vanuatu
16983,2004,VUT,2000.0,Vanuatu
16984,2003,VUT,2000.0,Vanuatu
16985,2002,VUT,2000.0,Vanuatu
16986,2001,VUT,2000.0,Vanuatu
16987,2000,VUT,2000.0,Vanuatu
16988,1999,VUT,2000.0,Vanuatu
16989,1998,VUT,2000.0,Vanuatu
16990,1997,VUT,2000.0,Vanuatu
16991,1996,VUT,2000.0,Vanuatu
16992,1995,VUT,2000.0,Vanuatu
16993,1994,VUT,2000.0,Vanuatu
16994,1993,VUT,2000.0,Vanuatu
16995,1992,VUT,2000.0,Vanuatu
16996,1991,VUT,2000.0,Vanuatu
16997,1990,VUT,2000.0,Vanuatu
16998,1989,VUT,2000.0,Vanuatu
16999,1988,VUT,2000.0,Vanuatu
17000,1987,VUT,2000.0,Vanuatu
17001,1986,VUT,2000.0,Vanuatu
17002,1985,VUT,2000.0,Vanuatu
17003,1984,VUT,2000.0,Vanuatu
17004,1983,VUT,2000.0,Vanuatu
17005,1982,VUT,2000.0,Vanuatu
17006,1981,VUT,2000.0,Vanuatu
17007,1980,VUT,2000.0,Vanuatu
17008,1979,VUT,2000.0,Vanuatu
17009,1978,VUT,2000.0,Vanuatu
17010,1977,VUT,2000.0,Vanuatu
17011,1976,VUT,2000.0,Vanuatu
17012,1975,VUT,2000.0,Vanuatu
17013,1974,VUT,2000.0,Vanuatu
17014,1973,VUT,2000.0,Vanuatu
17015,1972,VUT,2000.0,Vanuatu
17016,1971,VUT,2000.0,Vanuatu
17017,1970,VUT,2000.0,Vanuatu
17018,1969,VUT,2000.0,Vanuatu
17019,1968,VUT,2000.0,Vanuatu
17020,1967,VUT,2000.0,Vanuatu
17021,1966,VUT,2000.0,Vanuatu
17022,1965,VUT,2000.0,Vanuatu
17023,1964,VUT,2000.0,Vanuatu
17024,1963,VUT,2000.0,Vanuatu
17025,1962,VUT,2000.0,Vanuatu
17026,1961,VUT,,Vanuatu
17027,1960,VUT,,Vanuatu
17028,2025,VEN,,"Venezuela, RB"
17029,2024,VEN,,"Venezuela, RB"
17030,2023,VEN,,"Venezuela, RB"
17031,2022,VEN,2044.0,"Venezuela, RB"
17032,2021,VEN,2044.0,"Venezuela, RB"
17033,2020,VEN,2044.0,"Venezuela, RB"
17034,2019,VEN,2044.0,"Venezuela, RB"
17035,2018,VEN,2044.0,"Venezuela, RB"
17036,2017,VEN,2044.0,"Venezuela, RB"
17037,2016,VEN,2044.0,"Venezuela, RB"
17038,2015,VEN,2044.0,"Venezuela, RB"
17039,2014,VEN,2044.0,"Venezuela, RB"
17040,2013,VEN,2044.0,"Venezuela, RB"
17041,2012,VEN,2044.0,"Venezuela, RB"
17042,2011,VEN,2044.0,"Venezuela, RB"
17043,2010,VEN,2044.0,"Venezuela, RB"
17044,2009,VEN,2044.0,"Venezuela, RB"
17045,2008,VEN,2044.0,"Venezuela, RB"
17046,2007,VEN,2044.0,"Venezuela, RB"
17047,2006,VEN,2044.0,"Venezuela, RB"
17048,2005,VEN,2044.0,"Venezuela, RB"
17049,2004,VEN,2044.0,"Venezuela, RB"
17050,2003,VEN,2044.0,"Venezuela, RB"
17051,2002,VEN,2044.0,"Venezuela, RB"
17052,2001,VEN,2044.0,"Venezuela, RB"
17053,2000,VEN,2044.0,"Venezuela, RB"
17054,1999,VEN,2044.0,"Venezuela, RB"
17055,1998,VEN,2044.0,"Venezuela, RB"
17056,1997,VEN,2044.0,"Venezuela, RB"
17057,1996,VEN,2044.0,"Venezuela, RB"
17058,1995,VEN,2044.0,"Venezuela, RB"
17059,1994,VEN,2044.0,"Venezuela, RB"
17060,1993,VEN,2044.0,"Venezuela, RB"
17061,1992,VEN,2044.0,"Venezuela, RB"
17062,1991,VEN,2044.0,"Venezuela, RB"
17063,1990,VEN,2044.0,"Venezuela, RB"
17064,1989,VEN,2044.0,"Venezuela, RB"
17065,1988,VEN,2044.0,"Venezuela, RB"
17066,1987,VEN,2044.0,"Venezuela, RB"
17067,1986,VEN,2044.0,"Venezuela, RB"
17068,1985,VEN,2044.0,"Venezuela, RB"
17069,1984,VEN,2044.0,"Venezuela, RB"
17070,1983,VEN,2044.0,"Venezuela, RB"
17071,1982,VEN,2044.0,"Venezuela, RB"
17072,1981,VEN,2044.0,"Venezuela, RB"
17073,1980,VEN,2044.0,"Venezuela, RB"
17074,1979,VEN,2044.0,"Venezuela, RB"
17075,1978,VEN,2044.0,"Venezuela, RB"
17076,1977,VEN,2044.0,"Venezuela, RB"
17077,1976,VEN,2044.0,"Venezuela, RB"
17078,1975,VEN,2044.0,"Venezuela, RB"
17079,1974,VEN,2044.0,"Venezuela, RB"
17080,1973,VEN,2044.0,"Venezuela, RB"
17081,1972,VEN,2044.0,"Venezuela, RB"
17082,1971,VEN,2044.0,"Venezuela, RB"
17083,1970,VEN,2044.0,"Venezuela, RB"
17084,1969,VEN,2044.0,"Venezuela, RB"
17085,1968,VEN,2044.0,"Venezuela, RB"
17086,1967,VEN,2044.0,"Venezuela, RB"
17087,1966,VEN,2044.0,"Venezuela, RB"
17088,1965,VEN,2044.0,"Venezuela, RB"
17089,1964,VEN,2044.0,"Venezuela, RB"
17090,1963,VEN,2044.0,"Venezuela, RB"
17091,1962,VEN,2044.0,"Venezuela, RB"
17092,1961,VEN,2044.0,"Venezuela, RB"
17093,1960,VEN,,"Venezuela, RB"
17094,2025,VNM,,Viet Nam
17095,2024,VNM,,Viet Nam
17096,2023,VNM,,Viet Nam
17097,2022,VNM,1821.0,Viet Nam
17098,2021,VNM,1821.0,Viet Nam
17099,2020,VNM,1821.0,Viet Nam
17100,2019,VNM,1821.0,Viet Nam
17101,2018,VNM,1821.0,Viet Nam
17102,2017,VNM,1821.0,Viet Nam
17103,2016,VNM,1821.0,Viet Nam
17104,2015,VNM,1821.0,Viet Nam
17105,2014,VNM,1821.0,Viet Nam
17106,2013,VNM,1821.0,Viet Nam
17107,2012,VNM,1821.0,Viet Nam
17108,2011,VNM,1821.0,Viet Nam
17109,2010,VNM,1821.0,Viet Nam
17110,2009,VNM,1821.0,Viet Nam
17111,2008,VNM,1821.0,Viet Nam
17112,2007,VNM,1821.0,Viet Nam
17113,2006,VNM,1821.0,Viet Nam
17114,2005,VNM,1821.0,Viet Nam
17115,2004,VNM,1821.0,Viet Nam
17116,2003,VNM,1821.0,Viet Nam
17117,2002,VNM,1821.0,Viet Nam
17118,2001,VNM,1821.0,Viet Nam
17119,2000,VNM,1821.0,Viet Nam
17120,1999,VNM,1821.0,Viet Nam
17121,1998,VNM,1821.0,Viet Nam
17122,1997,VNM,1821.0,Viet Nam
17123,1996,VNM,1821.0,Viet Nam
17124,1995,VNM,1821.0,Viet Nam
17125,1994,VNM,1821.0,Viet Nam
17126,1993,VNM,1821.0,Viet Nam
17127,1992,VNM,1821.0,Viet Nam
17128,1991,VNM,1821.0,Viet Nam
17129,1990,VNM,1821.0,Viet Nam
17130,1989,VNM,1821.0,Viet Nam
17131,1988,VNM,1821.0,Viet Nam
17132,1987,VNM,1821.0,Viet Nam
17133,1986,VNM,1821.0,Viet Nam
17134,1985,VNM,1821.0,Viet Nam
17135,1984,VNM,1821.0,Viet Nam
17136,1983,VNM,1821.0,Viet Nam
17137,1982,VNM,1821.0,Viet Nam
17138,1981,VNM,1821.0,Viet Nam
17139,1980,VNM,1821.0,Viet Nam
17140,1979,VNM,1821.0,Viet Nam
17141,1978,VNM,1821.0,Viet Nam
17142,1977,VNM,1821.0,Viet Nam
17143,1976,VNM,1821.0,Viet Nam
17144,1975,VNM,1821.0,Viet Nam
17145,1974,VNM,1821.0,Viet Nam
17146,1973,VNM,1821.0,Viet Nam
17147,1972,VNM,1821.0,Viet Nam
17148,1971,VNM,1821.0,Viet Nam
17149,1970,VNM,1821.0,Viet Nam
17150,1969,VNM,1821.0,Viet Nam
17151,1968,VNM,1821.0,Viet Nam
17152,1967,VNM,1821.0,Viet Nam
17153,1966,VNM,1821.0,Viet Nam
17154,1965,VNM,1821.0,Viet Nam
17155,1964,VNM,1821.0,Viet Nam
17156,1963,VNM,1821.0,Viet Nam
17157,1962,VNM,1821.0,Viet Nam
17158,1961,VNM,1821.0,Viet Nam
17159,1960,VNM,,Viet Nam
17160,2025,VIR,,Virgin Islands (U.S.)
17161,2024,VIR,,Virgin Islands (U.S.)
17162,2023,VIR,,Virgin Islands (U.S.)
17163,2022,VIR,,Virgin Islands (U.S.)
17164,2021,VIR,,Virgin Islands (U.S.)
17165,2020,VIR,,Virgin Islands (U.S.)
17166,2019,VIR,,Virgin Islands (U.S.)
17167,2018,VIR,,Virgin Islands (U.S.)
17168,2017,VIR,,Virgin Islands (U.S.)
17169,2016,VIR,,Virgin Islands (U.S.)
17170,2015,VIR,,Virgin Islands (U.S.)
17171,2014,VIR,,Virgin Islands (U.S.)
17172,2013,VIR,,Virgin Islands (U.S.)
17173,2012,VIR,,Virgin Islands (U.S.)
17174,2011,VIR,,Virgin Islands (U.S.)
17175,2010,VIR,,Virgin Islands (U.S.)
17176,2009,VIR,,Virgin Islands (U.S.)
17177,2008,VIR,,Virgin Islands (U.S.)
17178,2007,VIR,,Virgin Islands (U.S.)
17179,2006,VIR,,Virgin Islands (U.S.)
17180,2005,VIR,,Virgin Islands (U.S.)
17181,2004,VIR,,Virgin Islands (U.S.)
17182,2003,VIR,,Virgin Islands (U.S.)
17183,2002,VIR,,Virgin Islands (U.S.)
17184,2001,VIR,,Virgin Islands (U.S.)
17185,2000,VIR,,Virgin Islands (U.S.)
17186,1999,VIR,,Virgin Islands (U.S.)
17187,1998,VIR,,Virgin Islands (U.S.)
17188,1997,VIR,,Virgin Islands (U.S.)
17189,1996,VIR,,Virgin Islands (U.S.)
17190,1995,VIR,,Virgin Islands (U.S.)
17191,1994,VIR,,Virgin Islands (U.S.)
17192,1993,VIR,,Virgin Islands (U.S.)
17193,1992,VIR,,Virgin Islands (U.S.)
17194,1991,VIR,,Virgin Islands (U.S.)
17195,1990,VIR,,Virgin Islands (U.S.)
17196,1989,VIR,,Virgin Islands (U.S.)
17197,1988,VIR,,Virgin Islands (U.S.)
17198,1987,VIR,,Virgin Islands (U.S.)
17199,1986,VIR,,Virgin Islands (U.S.)
17200,1985,VIR,,Virgin Islands (U.S.)
17201,1984,VIR,,Virgin Islands (U.S.)
17202,1983,VIR,,Virgin Islands (U.S.)
17203,1982,VIR,,Virgin Islands (U.S.)
17204,1981,VIR,,Virgin Islands (U.S.)
17205,1980,VIR,,Virgin Islands (U.S.)
17206,1979,VIR,,Virgin Islands (U.S.)
17207,1978,VIR,,Virgin Islands (U.S.)
17208,1977,VIR,,Virgin Islands (U.S.)
17209,1976,VIR,,Virgin Islands (U.S.)
17210,1975,VIR,,Virgin Islands (U.S.)
17211,1974,VIR,,Virgin Islands (U.S.)
17212,1973,VIR,,Virgin Islands (U.S.)
17213,1972,VIR,,Virgin Islands (U.S.)
17214,1971,VIR,,Virgin Islands (U.S.)
17215,1970,VIR,,Virgin Islands (U.S.)
17216,1969,VIR,,Virgin Islands (U.S.)
17217,1968,VIR,,Virgin Islands (U.S.)
17218,1967,VIR,,Virgin Islands (U.S.)
17219,1966,VIR,,Virgin Islands (U.S.)
17220,1965,VIR,,Virgin Islands (U.S.)
17221,1964,VIR,,Virgin Islands (U.S.)
17222,1963,VIR,,Virgin Islands (U.S.)
17223,1962,VIR,,Virgin Islands (U.S.)
17224,1961,VIR,,Virgin Islands (U.S.)
17225,1960,VIR,,Virgin Islands (U.S.)
17226,2025,PSE,,West Bank and Gaza
17227,2024,PSE,,West Bank and Gaza
17228,2023,PSE,,West Bank and Gaza
17229,2022,PSE,,West Bank and Gaza
17230,2021,PSE,402.0,West Bank and Gaza
17231,2020,PSE,402.0,West Bank and Gaza
17232,2019,PSE,402.0,West Bank and Gaza
17233,2018,PSE,402.0,West Bank and Gaza
17234,2017,PSE,402.0,West Bank and Gaza
17235,2016,PSE,402.0,West Bank and Gaza
17236,2015,PSE,402.0,West Bank and Gaza
17237,2014,PSE,402.0,West Bank and Gaza
17238,2013,PSE,402.0,West Bank and Gaza
17239,2012,PSE,402.0,West Bank and Gaza
17240,2011,PSE,402.0,West Bank and Gaza
17241,2010,PSE,402.0,West Bank and Gaza
17242,2009,PSE,402.0,West Bank and Gaza
17243,2008,PSE,402.0,West Bank and Gaza
17244,2007,PSE,402.0,West Bank and Gaza
17245,2006,PSE,402.0,West Bank and Gaza
17246,2005,PSE,402.0,West Bank and Gaza
17247,2004,PSE,402.0,West Bank and Gaza
17248,2003,PSE,402.0,West Bank and Gaza
17249,2002,PSE,402.0,West Bank and Gaza
17250,2001,PSE,402.0,West Bank and Gaza
17251,2000,PSE,402.0,West Bank and Gaza
17252,1999,PSE,402.0,West Bank and Gaza
17253,1998,PSE,402.0,West Bank and Gaza
17254,1997,PSE,402.0,West Bank and Gaza
17255,1996,PSE,402.0,West Bank and Gaza
17256,1995,PSE,402.0,West Bank and Gaza
17257,1994,PSE,402.0,West Bank and Gaza
17258,1993,PSE,402.0,West Bank and Gaza
17259,1992,PSE,402.0,West Bank and Gaza
17260,1991,PSE,402.0,West Bank and Gaza
17261,1990,PSE,402.0,West Bank and Gaza
17262,1989,PSE,402.0,West Bank and Gaza
17263,1988,PSE,402.0,West Bank and Gaza
17264,1987,PSE,402.0,West Bank and Gaza
17265,1986,PSE,402.0,West Bank and Gaza
17266,1985,PSE,402.0,West Bank and Gaza
17267,1984,PSE,402.0,West Bank and Gaza
17268,1983,PSE,402.0,West Bank and Gaza
17269,1982,PSE,402.0,West Bank and Gaza
17270,1981,PSE,402.0,West Bank and Gaza
17271,1980,PSE,402.0,West Bank and Gaza
17272,1979,PSE,402.0,West Bank and Gaza
17273,1978,PSE,402.0,West Bank and Gaza
17274,1977,PSE,402.0,West Bank and Gaza
17275,1976,PSE,402.0,West Bank and Gaza
17276,1975,PSE,402.0,West Bank and Gaza
17277,1974,PSE,402.0,West Bank and Gaza
17278,1973,PSE,402.0,West Bank and Gaza
17279,1972,PSE,402.0,West Bank and Gaza
17280,1971,PSE,402.0,West Bank and Gaza
17281,1970,PSE,402.0,West Bank and Gaza
17282,1969,PSE,402.0,West Bank and Gaza
17283,1968,PSE,402.0,West Bank and Gaza
17284,1967,PSE,402.0,West Bank and Gaza
17285,1966,PSE,402.0,West Bank and Gaza
17286,1965,PSE,402.0,West Bank and Gaza
17287,1964,PSE,402.0,West Bank and Gaza
17288,1963,PSE,402.0,West Bank and Gaza
17289,1962,PSE,402.0,West Bank and Gaza
17290,1961,PSE,402.0,West Bank and Gaza
17291,1960,PSE,,West Bank and Gaza
17292,2025,YEM,,"Yemen, Rep."
17293,2024,YEM,,"Yemen, Rep."
17294,2023,YEM,,"Yemen, Rep."
17295,2022,YEM,167.0,"Yemen, Rep."
17296,2021,YEM,167.0,"Yemen, Rep."
17297,2020,YEM,167.0,"Yemen, Rep."
17298,2019,YEM,167.0,"Yemen, Rep."
17299,2018,YEM,167.0,"Yemen, Rep."
17300,2017,YEM,167.0,"Yemen, Rep."
17301,2016,YEM,167.0,"Yemen, Rep."
17302,2015,YEM,167.0,"Yemen, Rep."
17303,2014,YEM,167.0,"Yemen, Rep."
17304,2013,YEM,167.0,"Yemen, Rep."
17305,2012,YEM,167.0,"Yemen, Rep."
17306,2011,YEM,167.0,"Yemen, Rep."
17307,2010,YEM,167.0,"Yemen, Rep."
17308,2009,YEM,167.0,"Yemen, Rep."
17309,2008,YEM,167.0,"Yemen, Rep."
17310,2007,YEM,167.0,"Yemen, Rep."
17311,2006,YEM,167.0,"Yemen, Rep."
17312,2005,YEM,167.0,"Yemen, Rep."
17313,2004,YEM,167.0,"Yemen, Rep."
17314,2003,YEM,167.0,"Yemen, Rep."
17315,2002,YEM,167.0,"Yemen, Rep."
17316,2001,YEM,167.0,"Yemen, Rep."
17317,2000,YEM,167.0,"Yemen, Rep."
17318,1999,YEM,167.0,"Yemen, Rep."
17319,1998,YEM,167.0,"Yemen, Rep."
17320,1997,YEM,167.0,"Yemen, Rep."
17321,1996,YEM,167.0,"Yemen, Rep."
17322,1995,YEM,167.0,"Yemen, Rep."
17323,1994,YEM,167.0,"Yemen, Rep."
17324,1993,YEM,167.0,"Yemen, Rep."
17325,1992,YEM,167.0,"Yemen, Rep."
17326,1991,YEM,167.0,"Yemen, Rep."
17327,1990,YEM,167.0,"Yemen, Rep."
17328,1989,YEM,167.0,"Yemen, Rep."
17329,1988,YEM,167.0,"Yemen, Rep."
17330,1987,YEM,167.0,"Yemen, Rep."
17331,1986,YEM,167.0,"Yemen, Rep."
17332,1985,YEM,167.0,"Yemen, Rep."
17333,1984,YEM,167.0,"Yemen, Rep."
17334,1983,YEM,167.0,"Yemen, Rep."
17335,1982,YEM,167.0,"Yemen, Rep."
17336,1981,YEM,167.0,"Yemen, Rep."
17337,1980,YEM,167.0,"Yemen, Rep."
17338,1979,YEM,167.0,"Yemen, Rep."
17339,1978,YEM,167.0,"Yemen, Rep."
17340,1977,YEM,167.0,"Yemen, Rep."
17341,1976,YEM,167.0,"Yemen, Rep."
17342,1975,YEM,167.0,"Yemen, Rep."
17343,1974,YEM,167.0,"Yemen, Rep."
17344,1973,YEM,167.0,"Yemen, Rep."
17345,1972,YEM,167.0,"Yemen, Rep."
17346,1971,YEM,167.0,"Yemen, Rep."
17347,1970,YEM,167.0,"Yemen, Rep."
17348,1969,YEM,167.0,"Yemen, Rep."
17349,1968,YEM,167.0,"Yemen, Rep."
17350,1967,YEM,167.0,"Yemen, Rep."
17351,1966,YEM,167.0,"Yemen, Rep."
17352,1965,YEM,167.0,"Yemen, Rep."
17353,1964,YEM,167.0,"Yemen, Rep."
17354,1963,YEM,167.0,"Yemen, Rep."
17355,1962,YEM,167.0,"Yemen, Rep."
17356,1961,YEM,167.0,"Yemen, Rep."
17357,1960,YEM,,"Yemen, Rep."
17358,2025,ZMB,,Zambia
17359,2024,ZMB,,Zambia
17360,2023,ZMB,,Zambia
17361,2022,ZMB,1020.0,Zambia
17362,2021,ZMB,1020.0,Zambia
17363,2020,ZMB,1020.0,Zambia
17364,2019,ZMB,1020.0,Zambia
17365,2018,ZMB,1020.0,Zambia
17366,2017,ZMB,1020.0,Zambia
17367,2016,ZMB,1020.0,Zambia
17368,2015,ZMB,1020.0,Zambia
17369,2014,ZMB,1020.0,Zambia
17370,2013,ZMB,1020.0,Zambia
17371,2012,ZMB,1020.0,Zambia
17372,2011,ZMB,1020.0,Zambia
17373,2010,ZMB,1020.0,Zambia
17374,2009,ZMB,1020.0,Zambia
17375,2008,ZMB,1020.0,Zambia
17376,2007,ZMB,1020.0,Zambia
17377,2006,ZMB,1020.0,Zambia
17378,2005,ZMB,1020.0,Zambia
17379,2004,ZMB,1020.0,Zambia
17380,2003,ZMB,1020.0,Zambia
17381,2002,ZMB,1020.0,Zambia
17382,2001,ZMB,1020.0,Zambia
17383,2000,ZMB,1020.0,Zambia
17384,1999,ZMB,1020.0,Zambia
17385,1998,ZMB,1020.0,Zambia
17386,1997,ZMB,1020.0,Zambia
17387,1996,ZMB,1020.0,Zambia
17388,1995,ZMB,1020.0,Zambia
17389,1994,ZMB,1020.0,Zambia
17390,1993,ZMB,1020.0,Zambia
17391,1992,ZMB,1020.0,Zambia
17392,1991,ZMB,1020.0,Zambia
17393,1990,ZMB,1020.0,Zambia
17394,1989,ZMB,1020.0,Zambia
17395,1988,ZMB,1020.0,Zambia
17396,1987,ZMB,1020.0,Zambia
17397,1986,ZMB,1020.0,Zambia
17398,1985,ZMB,1020.0,Zambia
17399,1984,ZMB,1020.0,Zambia
17400,1983,ZMB,1020.0,Zambia
17401,1982,ZMB,1020.0,Zambia
17402,1981,ZMB,1020.0,Zambia
17403,1980,ZMB,1020.0,Zambia
17404,1979,ZMB,1020.0,Zambia
17405,1978,ZMB,1020.0,Zambia
17406,1977,ZMB,1020.0,Zambia
17407,1976,ZMB,1020.0,Zambia
17408,1975,ZMB,1020.0,Zambia
17409,1974,ZMB,1020.0,Zambia
17410,1973,ZMB,1020.0,Zambia
17411,1972,ZMB,1020.0,Zambia
17412,1971,ZMB,1020.0,Zambia
17413,1970,ZMB,1020.0,Zambia
17414,1969,ZMB,1020.0,Zambia
17415,1968,ZMB,1020.0,Zambia
17416,1967,ZMB,1020.0,Zambia
17417,1966,ZMB,1020.0,Zambia
17418,1965,ZMB,1020.0,Zambia
17419,1964,ZMB,1020.0,Zambia
17420,1963,ZMB,1020.0,Zambia
17421,1962,ZMB,1020.0,Zambia
17422,1961,ZMB,1020.0,Zambia
17423,1960,ZMB,,Zambia
17424,2025,ZWE,,Zimbabwe
17425,2024,ZWE,,Zimbabwe
17426,2023,ZWE,,Zimbabwe
17427,2022,ZWE,657.0,Zimbabwe
17428,2021,ZWE,657.0,Zimbabwe
17429,2020,ZWE,657.0,Zimbabwe
17430,2019,ZWE,657.0,Zimbabwe
17431,2018,ZWE,657.0,Zimbabwe
17432,2017,ZWE,657.0,Zimbabwe
17433,2016,ZWE,657.0,Zimbabwe
17434,2015,ZWE,657.0,Zimbabwe
17435,2014,ZWE,657.0,Zimbabwe
17436,2013,ZWE,657.0,Zimbabwe
17437,2012,ZWE,657.0,Zimbabwe
17438,2011,ZWE,657.0,Zimbabwe
17439,2010,ZWE,657.0,Zimbabwe
17440,2009,ZWE,657.0,Zimbabwe
17441,2008,ZWE,657.0,Zimbabwe
17442,2007,ZWE,657.0,Zimbabwe
17443,2006,ZWE,657.0,Zimbabwe
17444,2005,ZWE,657.0,Zimbabwe
17445,2004,ZWE,657.0,Zimbabwe
17446,2003,ZWE,657.0,Zimbabwe
17447,2002,ZWE,657.0,Zimbabwe
17448,2001,ZWE,657.0,Zimbabwe
17449,2000,ZWE,692.0,Zimbabwe
17450,1999,ZWE,657.0,Zimbabwe
17451,1998,ZWE,657.0,Zimbabwe
17452,1997,ZWE,657.0,Zimbabwe
17453,1996,ZWE,657.0,Zimbabwe
17454,1995,ZWE,657.0,Zimbabwe
17455,1994,ZWE,657.0,Zimbabwe
17456,1993,ZWE,657.0,Zimbabwe
17457,1992,ZWE,657.0,Zimbabwe
17458,1991,ZWE,657.0,Zimbabwe
17459,1990,ZWE,657.0,Zimbabwe
17460,1989,ZWE,657.0,Zimbabwe
17461,1988,ZWE,657.0,Zimbabwe
17462,1987,ZWE,657.0,Zimbabwe
17463,1986,ZWE,657.0,Zimbabwe
17464,1985,ZWE,657.0,Zimbabwe
17465,1984,ZWE,657.0,Zimbabwe
17466,1983,ZWE,657.0,Zimbabwe
17467,1982,ZWE,657.0,Zimbabwe
17468,1981,ZWE,657.0,Zimbabwe
17469,1980,ZWE,657.0,Zimbabwe
17470,1979,ZWE,657.0,Zimbabwe
17471,1978,ZWE,657.0,Zimbabwe
17472,1977,ZWE,657.0,Zimbabwe
17473,1976,ZWE,657.0,Zimbabwe
17474,1975,ZWE,657.0,Zimbabwe
17475,1974,ZWE,657.0,Zimbabwe
17476,1973,ZWE,657.0,Zimbabwe
17477,1972,ZWE,657.0,Zimbabwe
17478,1971,ZWE,657.0,Zimbabwe
17479,1970,ZWE,657.0,Zimbabwe
17480,1969,ZWE,657.0,Zimbabwe
17481,1968,ZWE,657.0,Zimbabwe
17482,1967,ZWE,657.0,Zimbabwe
17483,1966,ZWE,657.0,Zimbabwe
17484,1965,ZWE,657.0,Zimbabwe
17485,1964,ZWE,657.0,Zimbabwe
17486,1963,ZWE,657.0,Zimbabwe
17487,1962,ZWE,657.0,Zimbabwe
17488,1961,ZWE,657.0,Zimbabwe
17489,1960,ZWE,,Zimbabwe
