year,total_renewable_energy(%),Country_code,country
2025,,AFE,Africa Eastern and Southern
2024,,AFE,Africa Eastern and Southern
2023,,AFE,Africa Eastern and Southern
2022,,AFE,Africa Eastern and Southern
2021,,AFE,Africa Eastern and Southern
2020,65.7823798017466,AFE,Africa Eastern and Southern
2019,62.6907096127666,AFE,Africa Eastern and Southern
2018,61.5875298317964,AFE,Africa Eastern and Southern
2017,61.4269497576408,AFE,Africa Eastern and Southern
2016,61.8228841937413,AFE,Africa Eastern and Southern
2015,61.6702780479896,AFE,Africa Eastern and Southern
2014,61.2358816947099,AFE,Africa Eastern and Southern
2013,60.8017990466951,AFE,Africa Eastern and Southern
2012,61.4099642987411,AFE,Africa Eastern and Southern
2011,62.8052791594478,AFE,Africa Eastern and Southern
2010,62.8763868126774,AFE,Africa Eastern and Southern
2009,61.3046006287143,AFE,Africa Eastern and Southern
2008,61.9080266133138,AFE,Africa Eastern and Southern
2007,61.5051686589556,AFE,Africa Eastern and Southern
2006,62.7381235737246,AFE,Africa Eastern and Southern
2005,63.1090982683818,AFE,Africa Eastern and Southern
2004,63.6780350675331,AFE,Africa Eastern and Southern
2003,64.6151241962775,AFE,Africa Eastern and Southern
2002,65.0992811815578,AFE,Africa Eastern and Southern
2001,65.8173627780445,AFE,Africa Eastern and Southern
2000,65.3858665294723,AFE,Africa Eastern and Southern
1999,65.058400842755,AFE,Africa Eastern and Southern
1998,63.9620962287123,AFE,Africa Eastern and Southern
1997,63.2412934102344,AFE,Africa Eastern and Southern
1996,63.9292722735762,AFE,Africa Eastern and Southern
1995,64.7215351777626,AFE,Africa Eastern and Southern
1994,65.1450669770894,AFE,Africa Eastern and Southern
1993,64.6519649122807,AFE,Africa Eastern and Southern
1992,63.9407887013287,AFE,Africa Eastern and Southern
1991,62.1332952333327,AFE,Africa Eastern and Southern
1990,60.842404289004,AFE,Africa Eastern and Southern
1989,,AFE,Africa Eastern and Southern
1988,,AFE,Africa Eastern and Southern
1987,,AFE,Africa Eastern and Southern
1986,,AFE,Africa Eastern and Southern
1985,,AFE,Africa Eastern and Southern
1984,,AFE,Africa Eastern and Southern
1983,,AFE,Africa Eastern and Southern
1982,,AFE,Africa Eastern and Southern
1981,,AFE,Africa Eastern and Southern
1980,,AFE,Africa Eastern and Southern
1979,,AFE,Africa Eastern and Southern
1978,,AFE,Africa Eastern and Southern
1977,,AFE,Africa Eastern and Southern
1976,,AFE,Africa Eastern and Southern
1975,,AFE,Africa Eastern and Southern
1974,,AFE,Africa Eastern and Southern
1973,,AFE,Africa Eastern and Southern
1972,,AFE,Africa Eastern and Southern
1971,,AFE,Africa Eastern and Southern
1970,,AFE,Africa Eastern and Southern
1969,,AFE,Africa Eastern and Southern
1968,,AFE,Africa Eastern and Southern
1967,,AFE,Africa Eastern and Southern
1966,,AFE,Africa Eastern and Southern
1965,,AFE,Africa Eastern and Southern
1964,,AFE,Africa Eastern and Southern
1963,,AFE,Africa Eastern and Southern
1962,,AFE,Africa Eastern and Southern
1961,,AFE,Africa Eastern and Southern
1960,,AFE,Africa Eastern and Southern
2025,,AFW,Africa Western and Central
2024,,AFW,Africa Western and Central
2023,,AFW,Africa Western and Central
2022,,AFW,Africa Western and Central
2021,,AFW,Africa Western and Central
2020,75.846980103796,AFW,Africa Western and Central
2019,75.0787881678252,AFW,Africa Western and Central
2018,75.4765777368905,AFW,Africa Western and Central
2017,76.1016805879549,AFW,Africa Western and Central
2016,75.7968398295924,AFW,Africa Western and Central
2015,76.181670524591,AFW,Africa Western and Central
2014,75.7410088804396,AFW,Africa Western and Central
2013,76.7014987422216,AFW,Africa Western and Central
2012,78.4812300030604,AFW,Africa Western and Central
2011,79.282287064176,AFW,Africa Western and Central
2010,80.6878062215966,AFW,Africa Western and Central
2009,82.3902132632194,AFW,Africa Western and Central
2008,81.2111702741465,AFW,Africa Western and Central
2007,82.3300149481968,AFW,Africa Western and Central
2006,81.8733098332193,AFW,Africa Western and Central
2005,80.9340336358309,AFW,Africa Western and Central
2004,80.7905367283385,AFW,Africa Western and Central
2003,80.7104497731199,AFW,Africa Western and Central
2002,81.7355279822687,AFW,Africa Western and Central
2001,81.9392428609391,AFW,Africa Western and Central
2000,83.1015124875548,AFW,Africa Western and Central
1999,84.0050390759189,AFW,Africa Western and Central
1998,84.6345365548379,AFW,Africa Western and Central
1997,83.9110585305106,AFW,Africa Western and Central
1996,85.1186481720936,AFW,Africa Western and Central
1995,86.1480939845959,AFW,Africa Western and Central
1994,86.5576852698994,AFW,Africa Western and Central
1993,85.1032323232323,AFW,Africa Western and Central
1992,83.8183241751154,AFW,Africa Western and Central
1991,85.2620742165585,AFW,Africa Western and Central
1990,85.8954421148587,AFW,Africa Western and Central
1989,,AFW,Africa Western and Central
1988,,AFW,Africa Western and Central
1987,,AFW,Africa Western and Central
1986,,AFW,Africa Western and Central
1985,,AFW,Africa Western and Central
1984,,AFW,Africa Western and Central
1983,,AFW,Africa Western and Central
1982,,AFW,Africa Western and Central
1981,,AFW,Africa Western and Central
1980,,AFW,Africa Western and Central
1979,,AFW,Africa Western and Central
1978,,AFW,Africa Western and Central
1977,,AFW,Africa Western and Central
1976,,AFW,Africa Western and Central
1975,,AFW,Africa Western and Central
1974,,AFW,Africa Western and Central
1973,,AFW,Africa Western and Central
1972,,AFW,Africa Western and Central
1971,,AFW,Africa Western and Central
1970,,AFW,Africa Western and Central
1969,,AFW,Africa Western and Central
1968,,AFW,Africa Western and Central
1967,,AFW,Africa Western and Central
1966,,AFW,Africa Western and Central
1965,,AFW,Africa Western and Central
1964,,AFW,Africa Western and Central
1963,,AFW,Africa Western and Central
1962,,AFW,Africa Western and Central
1961,,AFW,Africa Western and Central
1960,,AFW,Africa Western and Central
2025,,ARB,Arab World
2024,,ARB,Arab World
2023,,ARB,Arab World
2022,,ARB,Arab World
2021,,ARB,Arab World
2020,5.17060073389405,ARB,Arab World
2019,4.70633158020559,ARB,Arab World
2018,4.50425823426351,ARB,Arab World
2017,4.3581617981618,ARB,Arab World
2016,4.29077756155343,ARB,Arab World
2015,4.21496941236506,ARB,Arab World
2014,4.35137245136187,ARB,Arab World
2013,4.48323739439238,ARB,Arab World
2012,4.44428218260031,ARB,Arab World
2011,4.65946283874801,ARB,Arab World
2010,4.83562159152557,ARB,Arab World
2009,5.05522238152558,ARB,Arab World
2008,5.13130870182265,ARB,Arab World
2007,5.60004577861799,ARB,Arab World
2006,6.19564709639159,ARB,Arab World
2005,6.40448670890967,ARB,Arab World
2004,6.74118351399042,ARB,Arab World
2003,6.46595494634639,ARB,Arab World
2002,6.35988226243436,ARB,Arab World
2001,6.51598735228951,ARB,Arab World
2000,6.68620917917034,ARB,Arab World
1999,6.84237456096337,ARB,Arab World
1998,6.85543054731247,ARB,Arab World
1997,7.00524822122692,ARB,Arab World
1996,6.97932720704386,ARB,Arab World
1995,6.91827670984717,ARB,Arab World
1994,7.04010373047707,ARB,Arab World
1993,6.88176292261053,ARB,Arab World
1992,7.13008316970771,ARB,Arab World
1991,7.48136495064073,ARB,Arab World
1990,7.55675254664473,ARB,Arab World
1989,,ARB,Arab World
1988,,ARB,Arab World
1987,,ARB,Arab World
1986,,ARB,Arab World
1985,,ARB,Arab World
1984,,ARB,Arab World
1983,,ARB,Arab World
1982,,ARB,Arab World
1981,,ARB,Arab World
1980,,ARB,Arab World
1979,,ARB,Arab World
1978,,ARB,Arab World
1977,,ARB,Arab World
1976,,ARB,Arab World
1975,,ARB,Arab World
1974,,ARB,Arab World
1973,,ARB,Arab World
1972,,ARB,Arab World
1971,,ARB,Arab World
1970,,ARB,Arab World
1969,,ARB,Arab World
1968,,ARB,Arab World
1967,,ARB,Arab World
1966,,ARB,Arab World
1965,,ARB,Arab World
1964,,ARB,Arab World
1963,,ARB,Arab World
1962,,ARB,Arab World
1961,,ARB,Arab World
1960,,ARB,Arab World
2025,,CSS,Caribbean small states
2024,,CSS,Caribbean small states
2023,,CSS,Caribbean small states
2022,,CSS,Caribbean small states
2021,,CSS,Caribbean small states
2020,6.28843567906768,CSS,Caribbean small states
2019,5.88822815533981,CSS,Caribbean small states
2018,7.1973830973831,CSS,Caribbean small states
2017,7.41293833131802,CSS,Caribbean small states
2016,6.68268450932684,CSS,Caribbean small states
2015,6.1973602484472,CSS,Caribbean small states
2014,6.01613766730402,CSS,Caribbean small states
2013,6.8601581027668,CSS,Caribbean small states
2012,7.93956806787505,CSS,Caribbean small states
2011,8.84632068164214,CSS,Caribbean small states
2010,7.763243873979,CSS,Caribbean small states
2009,8.57920034028073,CSS,Caribbean small states
2008,8.71866048862679,CSS,Caribbean small states
2007,8.52536082474227,CSS,Caribbean small states
2006,9.42070063694267,CSS,Caribbean small states
2005,8.82919141160347,CSS,Caribbean small states
2004,10.0686854460094,CSS,Caribbean small states
2003,10.0274405050996,CSS,Caribbean small states
2002,10.9455765407555,CSS,Caribbean small states
2001,10.4633576642336,CSS,Caribbean small states
2000,11.3438453713123,CSS,Caribbean small states
1999,9.48092307692308,CSS,Caribbean small states
1998,9.6647582697201,CSS,Caribbean small states
1997,10.6310846560847,CSS,Caribbean small states
1996,10.8703004891684,CSS,Caribbean small states
1995,11.130225782957,CSS,Caribbean small states
1994,11.5356101304682,CSS,Caribbean small states
1993,12.5732765957447,CSS,Caribbean small states
1992,12.2946280991736,CSS,Caribbean small states
1991,12.3785656728445,CSS,Caribbean small states
1990,16.2307467057101,CSS,Caribbean small states
1989,,CSS,Caribbean small states
1988,,CSS,Caribbean small states
1987,,CSS,Caribbean small states
1986,,CSS,Caribbean small states
1985,,CSS,Caribbean small states
1984,,CSS,Caribbean small states
1983,,CSS,Caribbean small states
1982,,CSS,Caribbean small states
1981,,CSS,Caribbean small states
1980,,CSS,Caribbean small states
1979,,CSS,Caribbean small states
1978,,CSS,Caribbean small states
1977,,CSS,Caribbean small states
1976,,CSS,Caribbean small states
1975,,CSS,Caribbean small states
1974,,CSS,Caribbean small states
1973,,CSS,Caribbean small states
1972,,CSS,Caribbean small states
1971,,CSS,Caribbean small states
1970,,CSS,Caribbean small states
1969,,CSS,Caribbean small states
1968,,CSS,Caribbean small states
1967,,CSS,Caribbean small states
1966,,CSS,Caribbean small states
1965,,CSS,Caribbean small states
1964,,CSS,Caribbean small states
1963,,CSS,Caribbean small states
1962,,CSS,Caribbean small states
1961,,CSS,Caribbean small states
1960,,CSS,Caribbean small states
2025,,CEB,Central Europe and the Baltics
2024,,CEB,Central Europe and the Baltics
2023,,CEB,Central Europe and the Baltics
2022,,CEB,Central Europe and the Baltics
2021,,CEB,Central Europe and the Baltics
2020,19.6977838168354,CEB,Central Europe and the Baltics
2019,18.8601539560352,CEB,Central Europe and the Baltics
2018,18.1476863313142,CEB,Central Europe and the Baltics
2017,16.4703987047156,CEB,Central Europe and the Baltics
2016,16.8577627377285,CEB,Central Europe and the Baltics
2015,17.1594982078853,CEB,Central Europe and the Baltics
2014,17.0702957655506,CEB,Central Europe and the Baltics
2013,16.6612114024685,CEB,Central Europe and the Baltics
2012,15.6926044784711,CEB,Central Europe and the Baltics
2011,14.7499600707318,CEB,Central Europe and the Baltics
2010,14.5716532675985,CEB,Central Europe and the Baltics
2009,13.7392384371762,CEB,Central Europe and the Baltics
2008,12.1782191475117,CEB,Central Europe and the Baltics
2007,11.3862829485805,CEB,Central Europe and the Baltics
2006,11.1059202329456,CEB,Central Europe and the Baltics
2005,11.281127395073,CEB,Central Europe and the Baltics
2004,10.7849700389784,CEB,Central Europe and the Baltics
2003,10.2752610927543,CEB,Central Europe and the Baltics
2002,10.1651233390795,CEB,Central Europe and the Baltics
2001,9.886920662836,CEB,Central Europe and the Baltics
2000,9.93462832051322,CEB,Central Europe and the Baltics
1999,9.73105163862094,CEB,Central Europe and the Baltics
1998,9.46007241845653,CEB,Central Europe and the Baltics
1997,9.01599503858875,CEB,Central Europe and the Baltics
1996,8.29530165149983,CEB,Central Europe and the Baltics
1995,7.83252476162055,CEB,Central Europe and the Baltics
1994,7.52104320960919,CEB,Central Europe and the Baltics
1993,7.19209000591033,CEB,Central Europe and the Baltics
1992,5.37930366966089,CEB,Central Europe and the Baltics
1991,4.80614884330527,CEB,Central Europe and the Baltics
1990,4.14436894083537,CEB,Central Europe and the Baltics
1989,,CEB,Central Europe and the Baltics
1988,,CEB,Central Europe and the Baltics
1987,,CEB,Central Europe and the Baltics
1986,,CEB,Central Europe and the Baltics
1985,,CEB,Central Europe and the Baltics
1984,,CEB,Central Europe and the Baltics
1983,,CEB,Central Europe and the Baltics
1982,,CEB,Central Europe and the Baltics
1981,,CEB,Central Europe and the Baltics
1980,,CEB,Central Europe and the Baltics
1979,,CEB,Central Europe and the Baltics
1978,,CEB,Central Europe and the Baltics
1977,,CEB,Central Europe and the Baltics
1976,,CEB,Central Europe and the Baltics
1975,,CEB,Central Europe and the Baltics
1974,,CEB,Central Europe and the Baltics
1973,,CEB,Central Europe and the Baltics
1972,,CEB,Central Europe and the Baltics
1971,,CEB,Central Europe and the Baltics
1970,,CEB,Central Europe and the Baltics
1969,,CEB,Central Europe and the Baltics
1968,,CEB,Central Europe and the Baltics
1967,,CEB,Central Europe and the Baltics
1966,,CEB,Central Europe and the Baltics
1965,,CEB,Central Europe and the Baltics
1964,,CEB,Central Europe and the Baltics
1963,,CEB,Central Europe and the Baltics
1962,,CEB,Central Europe and the Baltics
1961,,CEB,Central Europe and the Baltics
1960,,CEB,Central Europe and the Baltics
2025,,EAR,Early-demographic dividend
2024,,EAR,Early-demographic dividend
2023,,EAR,Early-demographic dividend
2022,,EAR,Early-demographic dividend
2021,,EAR,Early-demographic dividend
2020,24.9895503831566,EAR,Early-demographic dividend
2019,23.4235915027361,EAR,Early-demographic dividend
2018,23.0553629444334,EAR,Early-demographic dividend
2017,22.9476250496601,EAR,Early-demographic dividend
2016,23.2789953267586,EAR,Early-demographic dividend
2015,23.2788830905664,EAR,Early-demographic dividend
2014,23.4924369677916,EAR,Early-demographic dividend
2013,24.0275019293983,EAR,Early-demographic dividend
2012,23.7687952198121,EAR,Early-demographic dividend
2011,24.0855008274837,EAR,Early-demographic dividend
2010,24.8615971543891,EAR,Early-demographic dividend
2009,25.4129390516275,EAR,Early-demographic dividend
2008,25.9491221333158,EAR,Early-demographic dividend
2007,26.2096590198511,EAR,Early-demographic dividend
2006,27.1651772172781,EAR,Early-demographic dividend
2005,27.8795150462726,EAR,Early-demographic dividend
2004,28.3764922132302,EAR,Early-demographic dividend
2003,29.033800310868,EAR,Early-demographic dividend
2002,29.6019530457092,EAR,Early-demographic dividend
2001,30.2824344933359,EAR,Early-demographic dividend
2000,30.4115078474481,EAR,Early-demographic dividend
1999,31.0236331628692,EAR,Early-demographic dividend
1998,31.4938825026666,EAR,Early-demographic dividend
1997,31.6362214326508,EAR,Early-demographic dividend
1996,32.0798177934702,EAR,Early-demographic dividend
1995,32.7615896402531,EAR,Early-demographic dividend
1994,33.1860010554254,EAR,Early-demographic dividend
1993,33.9949226983813,EAR,Early-demographic dividend
1992,34.2391135694075,EAR,Early-demographic dividend
1991,34.3845948730723,EAR,Early-demographic dividend
1990,34.8003445736919,EAR,Early-demographic dividend
1989,,EAR,Early-demographic dividend
1988,,EAR,Early-demographic dividend
1987,,EAR,Early-demographic dividend
1986,,EAR,Early-demographic dividend
1985,,EAR,Early-demographic dividend
1984,,EAR,Early-demographic dividend
1983,,EAR,Early-demographic dividend
1982,,EAR,Early-demographic dividend
1981,,EAR,Early-demographic dividend
1980,,EAR,Early-demographic dividend
1979,,EAR,Early-demographic dividend
1978,,EAR,Early-demographic dividend
1977,,EAR,Early-demographic dividend
1976,,EAR,Early-demographic dividend
1975,,EAR,Early-demographic dividend
1974,,EAR,Early-demographic dividend
1973,,EAR,Early-demographic dividend
1972,,EAR,Early-demographic dividend
1971,,EAR,Early-demographic dividend
1970,,EAR,Early-demographic dividend
1969,,EAR,Early-demographic dividend
1968,,EAR,Early-demographic dividend
1967,,EAR,Early-demographic dividend
1966,,EAR,Early-demographic dividend
1965,,EAR,Early-demographic dividend
1964,,EAR,Early-demographic dividend
1963,,EAR,Early-demographic dividend
1962,,EAR,Early-demographic dividend
1961,,EAR,Early-demographic dividend
1960,,EAR,Early-demographic dividend
2025,,EAS,East Asia & Pacific
2024,,EAS,East Asia & Pacific
2023,,EAS,East Asia & Pacific
2022,,EAS,East Asia & Pacific
2021,,EAS,East Asia & Pacific
2020,14.8081424064458,EAS,East Asia & Pacific
2019,14.2375892668268,EAS,East Asia & Pacific
2018,13.7870493058758,EAS,East Asia & Pacific
2017,13.5844394239657,EAS,East Asia & Pacific
2016,13.3311956056945,EAS,East Asia & Pacific
2015,12.9820393664344,EAS,East Asia & Pacific
2014,13.1772220799983,EAS,East Asia & Pacific
2013,12.807588042962,EAS,East Asia & Pacific
2012,12.7952806131987,EAS,East Asia & Pacific
2011,12.7263364615484,EAS,East Asia & Pacific
2010,13.434787598045,EAS,East Asia & Pacific
2009,14.2636176245449,EAS,East Asia & Pacific
2008,14.735235141223,EAS,East Asia & Pacific
2007,15.0789487832137,EAS,East Asia & Pacific
2006,15.9686753943731,EAS,East Asia & Pacific
2005,16.4297576010523,EAS,East Asia & Pacific
2004,17.9775346321832,EAS,East Asia & Pacific
2003,19.8363938905982,EAS,East Asia & Pacific
2002,21.1665092061506,EAS,East Asia & Pacific
2001,21.7860879921779,EAS,East Asia & Pacific
2000,22.4699992122275,EAS,East Asia & Pacific
1999,22.9994978699756,EAS,East Asia & Pacific
1998,23.1288900172237,EAS,East Asia & Pacific
1997,23.0091688333059,EAS,East Asia & Pacific
1996,23.2626329985884,EAS,East Asia & Pacific
1995,23.1191177109259,EAS,East Asia & Pacific
1994,24.039720251699,EAS,East Asia & Pacific
1993,24.7852675238187,EAS,East Asia & Pacific
1992,25.572050365807,EAS,East Asia & Pacific
1991,25.9863542513191,EAS,East Asia & Pacific
1990,26.4207512678972,EAS,East Asia & Pacific
1989,,EAS,East Asia & Pacific
1988,,EAS,East Asia & Pacific
1987,,EAS,East Asia & Pacific
1986,,EAS,East Asia & Pacific
1985,,EAS,East Asia & Pacific
1984,,EAS,East Asia & Pacific
1983,,EAS,East Asia & Pacific
1982,,EAS,East Asia & Pacific
1981,,EAS,East Asia & Pacific
1980,,EAS,East Asia & Pacific
1979,,EAS,East Asia & Pacific
1978,,EAS,East Asia & Pacific
1977,,EAS,East Asia & Pacific
1976,,EAS,East Asia & Pacific
1975,,EAS,East Asia & Pacific
1974,,EAS,East Asia & Pacific
1973,,EAS,East Asia & Pacific
1972,,EAS,East Asia & Pacific
1971,,EAS,East Asia & Pacific
1970,,EAS,East Asia & Pacific
1969,,EAS,East Asia & Pacific
1968,,EAS,East Asia & Pacific
1967,,EAS,East Asia & Pacific
1966,,EAS,East Asia & Pacific
1965,,EAS,East Asia & Pacific
1964,,EAS,East Asia & Pacific
1963,,EAS,East Asia & Pacific
1962,,EAS,East Asia & Pacific
1961,,EAS,East Asia & Pacific
1960,,EAS,East Asia & Pacific
2025,,EAP,East Asia & Pacific (excluding high income)
2024,,EAP,East Asia & Pacific (excluding high income)
2023,,EAP,East Asia & Pacific (excluding high income)
2022,,EAP,East Asia & Pacific (excluding high income)
2021,,EAP,East Asia & Pacific (excluding high income)
2020,16.1762699381612,EAP,East Asia & Pacific (excluding high income)
2019,15.6869369882801,EAP,East Asia & Pacific (excluding high income)
2018,15.2617412584325,EAP,East Asia & Pacific (excluding high income)
2017,15.1598217902853,EAP,East Asia & Pacific (excluding high income)
2016,14.9330102136904,EAP,East Asia & Pacific (excluding high income)
2015,14.5349935193322,EAP,East Asia & Pacific (excluding high income)
2014,14.8403680079479,EAP,East Asia & Pacific (excluding high income)
2013,14.6049166091883,EAP,East Asia & Pacific (excluding high income)
2012,14.7136828117177,EAP,East Asia & Pacific (excluding high income)
2011,14.7055801193074,EAP,East Asia & Pacific (excluding high income)
2010,15.7296949227323,EAP,East Asia & Pacific (excluding high income)
2009,16.97060416335,EAP,East Asia & Pacific (excluding high income)
2008,17.7862359678226,EAP,East Asia & Pacific (excluding high income)
2007,18.442744793017,EAP,East Asia & Pacific (excluding high income)
2006,19.7794500219053,EAP,East Asia & Pacific (excluding high income)
2005,20.7412125979338,EAP,East Asia & Pacific (excluding high income)
2004,23.2719848484571,EAP,East Asia & Pacific (excluding high income)
2003,26.642756693053,EAP,East Asia & Pacific (excluding high income)
2002,29.2833650336476,EAP,East Asia & Pacific (excluding high income)
2001,30.4766600589993,EAP,East Asia & Pacific (excluding high income)
2000,31.6527774362387,EAP,East Asia & Pacific (excluding high income)
1999,32.2546314207469,EAP,East Asia & Pacific (excluding high income)
1998,31.8998184093045,EAP,East Asia & Pacific (excluding high income)
1997,32.0601337356951,EAP,East Asia & Pacific (excluding high income)
1996,32.6485101188853,EAP,East Asia & Pacific (excluding high income)
1995,32.0422847299416,EAP,East Asia & Pacific (excluding high income)
1994,33.7261575052438,EAP,East Asia & Pacific (excluding high income)
1993,34.3544497702893,EAP,East Asia & Pacific (excluding high income)
1992,35.7775078548785,EAP,East Asia & Pacific (excluding high income)
1991,36.1127564548691,EAP,East Asia & Pacific (excluding high income)
1990,36.7837303328156,EAP,East Asia & Pacific (excluding high income)
1989,,EAP,East Asia & Pacific (excluding high income)
1988,,EAP,East Asia & Pacific (excluding high income)
1987,,EAP,East Asia & Pacific (excluding high income)
1986,,EAP,East Asia & Pacific (excluding high income)
1985,,EAP,East Asia & Pacific (excluding high income)
1984,,EAP,East Asia & Pacific (excluding high income)
1983,,EAP,East Asia & Pacific (excluding high income)
1982,,EAP,East Asia & Pacific (excluding high income)
1981,,EAP,East Asia & Pacific (excluding high income)
1980,,EAP,East Asia & Pacific (excluding high income)
1979,,EAP,East Asia & Pacific (excluding high income)
1978,,EAP,East Asia & Pacific (excluding high income)
1977,,EAP,East Asia & Pacific (excluding high income)
1976,,EAP,East Asia & Pacific (excluding high income)
1975,,EAP,East Asia & Pacific (excluding high income)
1974,,EAP,East Asia & Pacific (excluding high income)
1973,,EAP,East Asia & Pacific (excluding high income)
1972,,EAP,East Asia & Pacific (excluding high income)
1971,,EAP,East Asia & Pacific (excluding high income)
1970,,EAP,East Asia & Pacific (excluding high income)
1969,,EAP,East Asia & Pacific (excluding high income)
1968,,EAP,East Asia & Pacific (excluding high income)
1967,,EAP,East Asia & Pacific (excluding high income)
1966,,EAP,East Asia & Pacific (excluding high income)
1965,,EAP,East Asia & Pacific (excluding high income)
1964,,EAP,East Asia & Pacific (excluding high income)
1963,,EAP,East Asia & Pacific (excluding high income)
1962,,EAP,East Asia & Pacific (excluding high income)
1961,,EAP,East Asia & Pacific (excluding high income)
1960,,EAP,East Asia & Pacific (excluding high income)
2025,,TEA,East Asia & Pacific (IDA & IBRD countries)
2024,,TEA,East Asia & Pacific (IDA & IBRD countries)
2023,,TEA,East Asia & Pacific (IDA & IBRD countries)
2022,,TEA,East Asia & Pacific (IDA & IBRD countries)
2021,,TEA,East Asia & Pacific (IDA & IBRD countries)
2020,16.2041019103429,TEA,East Asia & Pacific (IDA & IBRD countries)
2019,15.7206717226655,TEA,East Asia & Pacific (IDA & IBRD countries)
2018,15.2801719188239,TEA,East Asia & Pacific (IDA & IBRD countries)
2017,15.1902273112057,TEA,East Asia & Pacific (IDA & IBRD countries)
2016,14.9020380294471,TEA,East Asia & Pacific (IDA & IBRD countries)
2015,14.5102816361425,TEA,East Asia & Pacific (IDA & IBRD countries)
2014,14.8262934267536,TEA,East Asia & Pacific (IDA & IBRD countries)
2013,14.5828878425143,TEA,East Asia & Pacific (IDA & IBRD countries)
2012,14.7099408406947,TEA,East Asia & Pacific (IDA & IBRD countries)
2011,14.7046669134649,TEA,East Asia & Pacific (IDA & IBRD countries)
2010,15.7610889736946,TEA,East Asia & Pacific (IDA & IBRD countries)
2009,17.0208227881363,TEA,East Asia & Pacific (IDA & IBRD countries)
2008,17.8640720779668,TEA,East Asia & Pacific (IDA & IBRD countries)
2007,18.5148999605136,TEA,East Asia & Pacific (IDA & IBRD countries)
2006,19.9088668343395,TEA,East Asia & Pacific (IDA & IBRD countries)
2005,20.8868291125453,TEA,East Asia & Pacific (IDA & IBRD countries)
2004,23.4592336952789,TEA,East Asia & Pacific (IDA & IBRD countries)
2003,26.9036923956426,TEA,East Asia & Pacific (IDA & IBRD countries)
2002,29.6069654396592,TEA,East Asia & Pacific (IDA & IBRD countries)
2001,30.8543840241225,TEA,East Asia & Pacific (IDA & IBRD countries)
2000,32.0473838064782,TEA,East Asia & Pacific (IDA & IBRD countries)
1999,32.6275959592939,TEA,East Asia & Pacific (IDA & IBRD countries)
1998,32.2338439715611,TEA,East Asia & Pacific (IDA & IBRD countries)
1997,32.4201450547054,TEA,East Asia & Pacific (IDA & IBRD countries)
1996,33.0371703394575,TEA,East Asia & Pacific (IDA & IBRD countries)
1995,32.477202742625,TEA,East Asia & Pacific (IDA & IBRD countries)
1994,34.2678739101274,TEA,East Asia & Pacific (IDA & IBRD countries)
1993,35.0093273861541,TEA,East Asia & Pacific (IDA & IBRD countries)
1992,36.5601561798501,TEA,East Asia & Pacific (IDA & IBRD countries)
1991,37.0147968946071,TEA,East Asia & Pacific (IDA & IBRD countries)
1990,37.8155943433848,TEA,East Asia & Pacific (IDA & IBRD countries)
1989,,TEA,East Asia & Pacific (IDA & IBRD countries)
1988,,TEA,East Asia & Pacific (IDA & IBRD countries)
1987,,TEA,East Asia & Pacific (IDA & IBRD countries)
1986,,TEA,East Asia & Pacific (IDA & IBRD countries)
1985,,TEA,East Asia & Pacific (IDA & IBRD countries)
1984,,TEA,East Asia & Pacific (IDA & IBRD countries)
1983,,TEA,East Asia & Pacific (IDA & IBRD countries)
1982,,TEA,East Asia & Pacific (IDA & IBRD countries)
1981,,TEA,East Asia & Pacific (IDA & IBRD countries)
1980,,TEA,East Asia & Pacific (IDA & IBRD countries)
1979,,TEA,East Asia & Pacific (IDA & IBRD countries)
1978,,TEA,East Asia & Pacific (IDA & IBRD countries)
1977,,TEA,East Asia & Pacific (IDA & IBRD countries)
1976,,TEA,East Asia & Pacific (IDA & IBRD countries)
1975,,TEA,East Asia & Pacific (IDA & IBRD countries)
1974,,TEA,East Asia & Pacific (IDA & IBRD countries)
1973,,TEA,East Asia & Pacific (IDA & IBRD countries)
1972,,TEA,East Asia & Pacific (IDA & IBRD countries)
1971,,TEA,East Asia & Pacific (IDA & IBRD countries)
1970,,TEA,East Asia & Pacific (IDA & IBRD countries)
1969,,TEA,East Asia & Pacific (IDA & IBRD countries)
1968,,TEA,East Asia & Pacific (IDA & IBRD countries)
1967,,TEA,East Asia & Pacific (IDA & IBRD countries)
1966,,TEA,East Asia & Pacific (IDA & IBRD countries)
1965,,TEA,East Asia & Pacific (IDA & IBRD countries)
1964,,TEA,East Asia & Pacific (IDA & IBRD countries)
1963,,TEA,East Asia & Pacific (IDA & IBRD countries)
1962,,TEA,East Asia & Pacific (IDA & IBRD countries)
1961,,TEA,East Asia & Pacific (IDA & IBRD countries)
1960,,TEA,East Asia & Pacific (IDA & IBRD countries)
2025,,EMU,Euro area
2024,,EMU,Euro area
2023,,EMU,Euro area
2022,,EMU,Euro area
2021,,EMU,Euro area
2020,19.8249328729026,EMU,Euro area
2019,18.1503858953027,EMU,Euro area
2018,17.5734985579415,EMU,Euro area
2017,16.5848140905158,EMU,Euro area
2016,16.3684648688886,EMU,Euro area
2015,16.3581309358884,EMU,Euro area
2014,16.3316892257358,EMU,Euro area
2013,15.7321440646131,EMU,Euro area
2012,14.891399177858,EMU,Euro area
2011,13.4314628799734,EMU,Euro area
2010,13.3754794114388,EMU,Euro area
2009,12.5287114348868,EMU,Euro area
2008,11.4399549852905,EMU,Euro area
2007,10.7583861009619,EMU,Euro area
2006,9.66669323919068,EMU,Euro area
2005,8.86348553535542,EMU,Euro area
2004,8.53780185867499,EMU,Euro area
2003,8.27676091115823,EMU,Euro area
2002,7.72741121092807,EMU,Euro area
2001,7.87967318793515,EMU,Euro area
2000,7.69138271481507,EMU,Euro area
1999,7.4962474207318,EMU,Euro area
1998,7.43163934115387,EMU,Euro area
1997,7.34820848371101,EMU,Euro area
1996,7.21005197372617,EMU,Euro area
1995,7.08256422707981,EMU,Euro area
1994,7.22195672541618,EMU,Euro area
1993,7.00983798246383,EMU,Euro area
1992,6.8962603947921,EMU,Euro area
1991,6.84350211317404,EMU,Euro area
1990,6.54677558470735,EMU,Euro area
1989,,EMU,Euro area
1988,,EMU,Euro area
1987,,EMU,Euro area
1986,,EMU,Euro area
1985,,EMU,Euro area
1984,,EMU,Euro area
1983,,EMU,Euro area
1982,,EMU,Euro area
1981,,EMU,Euro area
1980,,EMU,Euro area
1979,,EMU,Euro area
1978,,EMU,Euro area
1977,,EMU,Euro area
1976,,EMU,Euro area
1975,,EMU,Euro area
1974,,EMU,Euro area
1973,,EMU,Euro area
1972,,EMU,Euro area
1971,,EMU,Euro area
1970,,EMU,Euro area
1969,,EMU,Euro area
1968,,EMU,Euro area
1967,,EMU,Euro area
1966,,EMU,Euro area
1965,,EMU,Euro area
1964,,EMU,Euro area
1963,,EMU,Euro area
1962,,EMU,Euro area
1961,,EMU,Euro area
1960,,EMU,Euro area
2025,,ECS,Europe & Central Asia
2024,,ECS,Europe & Central Asia
2023,,ECS,Europe & Central Asia
2022,,ECS,Europe & Central Asia
2021,,ECS,Europe & Central Asia
2020,15.106449203531,ECS,Europe & Central Asia
2019,14.0059727126658,ECS,Europe & Central Asia
2018,13.4797382823169,ECS,Europe & Central Asia
2017,12.8819075023182,ECS,Europe & Central Asia
2016,12.8866548739741,ECS,Europe & Central Asia
2015,12.8744480605886,ECS,Europe & Central Asia
2014,12.4321725847963,ECS,Europe & Central Asia
2013,12.2761565609349,ECS,Europe & Central Asia
2012,11.5800703095476,ECS,Europe & Central Asia
2011,10.7258330443851,ECS,Europe & Central Asia
2010,10.8681448886901,ECS,Europe & Central Asia
2009,10.4249676128482,ECS,Europe & Central Asia
2008,9.47387156015955,ECS,Europe & Central Asia
2007,9.14113260306134,ECS,Europe & Central Asia
2006,8.57521802832624,ECS,Europe & Central Asia
2005,8.29181865284284,ECS,Europe & Central Asia
2004,7.93527297018763,ECS,Europe & Central Asia
2003,7.6788565938799,ECS,Europe & Central Asia
2002,7.57546823402183,ECS,Europe & Central Asia
2001,7.60911900870341,ECS,Europe & Central Asia
2000,7.60963626922575,ECS,Europe & Central Asia
1999,7.54152190208447,ECS,Europe & Central Asia
1998,7.48075477245522,ECS,Europe & Central Asia
1997,7.36665415865664,ECS,Europe & Central Asia
1996,7.05736624072152,ECS,Europe & Central Asia
1995,6.96369848177,ECS,Europe & Central Asia
1994,6.87364643401988,ECS,Europe & Central Asia
1993,6.62553578805038,ECS,Europe & Central Asia
1992,6.223148349601,ECS,Europe & Central Asia
1991,5.87264894965217,ECS,Europe & Central Asia
1990,5.72169750149769,ECS,Europe & Central Asia
1989,,ECS,Europe & Central Asia
1988,,ECS,Europe & Central Asia
1987,,ECS,Europe & Central Asia
1986,,ECS,Europe & Central Asia
1985,,ECS,Europe & Central Asia
1984,,ECS,Europe & Central Asia
1983,,ECS,Europe & Central Asia
1982,,ECS,Europe & Central Asia
1981,,ECS,Europe & Central Asia
1980,,ECS,Europe & Central Asia
1979,,ECS,Europe & Central Asia
1978,,ECS,Europe & Central Asia
1977,,ECS,Europe & Central Asia
1976,,ECS,Europe & Central Asia
1975,,ECS,Europe & Central Asia
1974,,ECS,Europe & Central Asia
1973,,ECS,Europe & Central Asia
1972,,ECS,Europe & Central Asia
1971,,ECS,Europe & Central Asia
1970,,ECS,Europe & Central Asia
1969,,ECS,Europe & Central Asia
1968,,ECS,Europe & Central Asia
1967,,ECS,Europe & Central Asia
1966,,ECS,Europe & Central Asia
1965,,ECS,Europe & Central Asia
1964,,ECS,Europe & Central Asia
1963,,ECS,Europe & Central Asia
1962,,ECS,Europe & Central Asia
1961,,ECS,Europe & Central Asia
1960,,ECS,Europe & Central Asia
2025,,ECA,Europe & Central Asia (excluding high income)
2024,,ECA,Europe & Central Asia (excluding high income)
2023,,ECA,Europe & Central Asia (excluding high income)
2022,,ECA,Europe & Central Asia (excluding high income)
2021,,ECA,Europe & Central Asia (excluding high income)
2020,10.0604471757322,ECA,Europe & Central Asia (excluding high income)
2019,10.0324286162535,ECA,Europe & Central Asia (excluding high income)
2018,9.10455322874983,ECA,Europe & Central Asia (excluding high income)
2017,8.68104031424437,ECA,Europe & Central Asia (excluding high income)
2016,9.05362050305208,ECA,Europe & Central Asia (excluding high income)
2015,8.89374944135576,ECA,Europe & Central Asia (excluding high income)
2014,7.75696722378988,ECA,Europe & Central Asia (excluding high income)
2013,8.04245729281583,ECA,Europe & Central Asia (excluding high income)
2012,7.4990959908438,ECA,Europe & Central Asia (excluding high income)
2011,7.06633152811845,ECA,Europe & Central Asia (excluding high income)
2010,7.81163686125183,ECA,Europe & Central Asia (excluding high income)
2009,7.42803913844124,ECA,Europe & Central Asia (excluding high income)
2008,6.45158501915867,ECA,Europe & Central Asia (excluding high income)
2007,6.63494298230947,ECA,Europe & Central Asia (excluding high income)
2006,7.07847885220545,ECA,Europe & Central Asia (excluding high income)
2005,7.2836157568398,ECA,Europe & Central Asia (excluding high income)
2004,7.38659560693208,ECA,Europe & Central Asia (excluding high income)
2003,7.30693300291376,ECA,Europe & Central Asia (excluding high income)
2002,7.52963978899774,ECA,Europe & Central Asia (excluding high income)
2001,7.46341990667124,ECA,Europe & Central Asia (excluding high income)
2000,7.62529126114546,ECA,Europe & Central Asia (excluding high income)
1999,7.89683591543613,ECA,Europe & Central Asia (excluding high income)
1998,7.77890935568938,ECA,Europe & Central Asia (excluding high income)
1997,7.44012641312512,ECA,Europe & Central Asia (excluding high income)
1996,7.37681981811292,ECA,Europe & Central Asia (excluding high income)
1995,6.91547198501664,ECA,Europe & Central Asia (excluding high income)
1994,6.79432456156392,ECA,Europe & Central Asia (excluding high income)
1993,6.14972262075562,ECA,Europe & Central Asia (excluding high income)
1992,5.2060411365564,ECA,Europe & Central Asia (excluding high income)
1991,4.67357209962229,ECA,Europe & Central Asia (excluding high income)
1990,4.62898692234037,ECA,Europe & Central Asia (excluding high income)
1989,,ECA,Europe & Central Asia (excluding high income)
1988,,ECA,Europe & Central Asia (excluding high income)
1987,,ECA,Europe & Central Asia (excluding high income)
1986,,ECA,Europe & Central Asia (excluding high income)
1985,,ECA,Europe & Central Asia (excluding high income)
1984,,ECA,Europe & Central Asia (excluding high income)
1983,,ECA,Europe & Central Asia (excluding high income)
1982,,ECA,Europe & Central Asia (excluding high income)
1981,,ECA,Europe & Central Asia (excluding high income)
1980,,ECA,Europe & Central Asia (excluding high income)
1979,,ECA,Europe & Central Asia (excluding high income)
1978,,ECA,Europe & Central Asia (excluding high income)
1977,,ECA,Europe & Central Asia (excluding high income)
1976,,ECA,Europe & Central Asia (excluding high income)
1975,,ECA,Europe & Central Asia (excluding high income)
1974,,ECA,Europe & Central Asia (excluding high income)
1973,,ECA,Europe & Central Asia (excluding high income)
1972,,ECA,Europe & Central Asia (excluding high income)
1971,,ECA,Europe & Central Asia (excluding high income)
1970,,ECA,Europe & Central Asia (excluding high income)
1969,,ECA,Europe & Central Asia (excluding high income)
1968,,ECA,Europe & Central Asia (excluding high income)
1967,,ECA,Europe & Central Asia (excluding high income)
1966,,ECA,Europe & Central Asia (excluding high income)
1965,,ECA,Europe & Central Asia (excluding high income)
1964,,ECA,Europe & Central Asia (excluding high income)
1963,,ECA,Europe & Central Asia (excluding high income)
1962,,ECA,Europe & Central Asia (excluding high income)
1961,,ECA,Europe & Central Asia (excluding high income)
1960,,ECA,Europe & Central Asia (excluding high income)
2025,,TEC,Europe & Central Asia (IDA & IBRD countries)
2024,,TEC,Europe & Central Asia (IDA & IBRD countries)
2023,,TEC,Europe & Central Asia (IDA & IBRD countries)
2022,,TEC,Europe & Central Asia (IDA & IBRD countries)
2021,,TEC,Europe & Central Asia (IDA & IBRD countries)
2020,8.02684416318492,TEC,Europe & Central Asia (IDA & IBRD countries)
2019,7.59012527634488,TEC,Europe & Central Asia (IDA & IBRD countries)
2018,7.25779989922942,TEC,Europe & Central Asia (IDA & IBRD countries)
2017,6.75633843243037,TEC,Europe & Central Asia (IDA & IBRD countries)
2016,7.04015093233689,TEC,Europe & Central Asia (IDA & IBRD countries)
2015,6.91555148923036,TEC,Europe & Central Asia (IDA & IBRD countries)
2014,6.52584380803076,TEC,Europe & Central Asia (IDA & IBRD countries)
2013,6.84165697411543,TEC,Europe & Central Asia (IDA & IBRD countries)
2012,6.28402287149414,TEC,Europe & Central Asia (IDA & IBRD countries)
2011,6.04948456107391,TEC,Europe & Central Asia (IDA & IBRD countries)
2010,6.4529448184641,TEC,Europe & Central Asia (IDA & IBRD countries)
2009,6.30497199994692,TEC,Europe & Central Asia (IDA & IBRD countries)
2008,5.64264695953204,TEC,Europe & Central Asia (IDA & IBRD countries)
2007,5.75867132998041,TEC,Europe & Central Asia (IDA & IBRD countries)
2006,5.81734150154749,TEC,Europe & Central Asia (IDA & IBRD countries)
2005,5.99664955248276,TEC,Europe & Central Asia (IDA & IBRD countries)
2004,5.88133511209109,TEC,Europe & Central Asia (IDA & IBRD countries)
2003,5.64950276023539,TEC,Europe & Central Asia (IDA & IBRD countries)
2002,5.76921609440525,TEC,Europe & Central Asia (IDA & IBRD countries)
2001,5.70512702235186,TEC,Europe & Central Asia (IDA & IBRD countries)
2000,5.77687830938613,TEC,Europe & Central Asia (IDA & IBRD countries)
1999,6.06426855416651,TEC,Europe & Central Asia (IDA & IBRD countries)
1998,5.97286112054329,TEC,Europe & Central Asia (IDA & IBRD countries)
1997,5.90246963751557,TEC,Europe & Central Asia (IDA & IBRD countries)
1996,5.65730566357371,TEC,Europe & Central Asia (IDA & IBRD countries)
1995,5.39400633991709,TEC,Europe & Central Asia (IDA & IBRD countries)
1994,5.26184026266628,TEC,Europe & Central Asia (IDA & IBRD countries)
1993,5.05682908740215,TEC,Europe & Central Asia (IDA & IBRD countries)
1992,4.48197474453354,TEC,Europe & Central Asia (IDA & IBRD countries)
1991,4.19075813980973,TEC,Europe & Central Asia (IDA & IBRD countries)
1990,4.07940913140557,TEC,Europe & Central Asia (IDA & IBRD countries)
1989,,TEC,Europe & Central Asia (IDA & IBRD countries)
1988,,TEC,Europe & Central Asia (IDA & IBRD countries)
1987,,TEC,Europe & Central Asia (IDA & IBRD countries)
1986,,TEC,Europe & Central Asia (IDA & IBRD countries)
1985,,TEC,Europe & Central Asia (IDA & IBRD countries)
1984,,TEC,Europe & Central Asia (IDA & IBRD countries)
1983,,TEC,Europe & Central Asia (IDA & IBRD countries)
1982,,TEC,Europe & Central Asia (IDA & IBRD countries)
1981,,TEC,Europe & Central Asia (IDA & IBRD countries)
1980,,TEC,Europe & Central Asia (IDA & IBRD countries)
1979,,TEC,Europe & Central Asia (IDA & IBRD countries)
1978,,TEC,Europe & Central Asia (IDA & IBRD countries)
1977,,TEC,Europe & Central Asia (IDA & IBRD countries)
1976,,TEC,Europe & Central Asia (IDA & IBRD countries)
1975,,TEC,Europe & Central Asia (IDA & IBRD countries)
1974,,TEC,Europe & Central Asia (IDA & IBRD countries)
1973,,TEC,Europe & Central Asia (IDA & IBRD countries)
1972,,TEC,Europe & Central Asia (IDA & IBRD countries)
1971,,TEC,Europe & Central Asia (IDA & IBRD countries)
1970,,TEC,Europe & Central Asia (IDA & IBRD countries)
1969,,TEC,Europe & Central Asia (IDA & IBRD countries)
1968,,TEC,Europe & Central Asia (IDA & IBRD countries)
1967,,TEC,Europe & Central Asia (IDA & IBRD countries)
1966,,TEC,Europe & Central Asia (IDA & IBRD countries)
1965,,TEC,Europe & Central Asia (IDA & IBRD countries)
1964,,TEC,Europe & Central Asia (IDA & IBRD countries)
1963,,TEC,Europe & Central Asia (IDA & IBRD countries)
1962,,TEC,Europe & Central Asia (IDA & IBRD countries)
1961,,TEC,Europe & Central Asia (IDA & IBRD countries)
1960,,TEC,Europe & Central Asia (IDA & IBRD countries)
2025,,EUU,European Union
2024,,EUU,European Union
2023,,EUU,European Union
2022,,EUU,European Union
2021,,EUU,European Union
2020,21.0591470733795,EUU,European Union
2019,19.3440009483852,EUU,European Union
2018,18.7249884796166,EUU,European Union
2017,17.6857102209371,EUU,European Union
2016,17.523235814157,EUU,European Union
2015,17.6122764341327,EUU,European Union
2014,17.4415753867716,EUU,European Union
2013,16.7974520279699,EUU,European Union
2012,16.0530317099573,EUU,European Union
2011,14.6250037786311,EUU,European Union
2010,14.469048952148,EUU,European Union
2009,13.6219724174621,EUU,European Union
2008,12.456805484523,EUU,European Union
2007,11.7554752685425,EUU,European Union
2006,10.6866219026938,EUU,European Union
2005,10.0205156530631,EUU,European Union
2004,9.54963915397878,EUU,European Union
2003,9.24891789838676,EUU,European Union
2002,8.85977327804269,EUU,European Union
2001,8.95821365646506,EUU,European Union
2000,8.97097778304585,EUU,European Union
1999,8.62009949477329,EUU,European Union
1998,8.59132250556151,EUU,European Union
1997,8.47444703519773,EUU,European Union
1996,8.07345883268204,EUU,European Union
1995,8.01520831104931,EUU,European Union
1994,8.00067229458726,EUU,European Union
1993,7.89678626065615,EUU,European Union
1992,7.46780616301649,EUU,European Union
1991,7.19534425402431,EUU,European Union
1990,6.91190899395663,EUU,European Union
1989,,EUU,European Union
1988,,EUU,European Union
1987,,EUU,European Union
1986,,EUU,European Union
1985,,EUU,European Union
1984,,EUU,European Union
1983,,EUU,European Union
1982,,EUU,European Union
1981,,EUU,European Union
1980,,EUU,European Union
1979,,EUU,European Union
1978,,EUU,European Union
1977,,EUU,European Union
1976,,EUU,European Union
1975,,EUU,European Union
1974,,EUU,European Union
1973,,EUU,European Union
1972,,EUU,European Union
1971,,EUU,European Union
1970,,EUU,European Union
1969,,EUU,European Union
1968,,EUU,European Union
1967,,EUU,European Union
1966,,EUU,European Union
1965,,EUU,European Union
1964,,EUU,European Union
1963,,EUU,European Union
1962,,EUU,European Union
1961,,EUU,European Union
1960,,EUU,European Union
2025,,HPC,Heavily indebted poor countries (HIPC)
2024,,HPC,Heavily indebted poor countries (HIPC)
2023,,HPC,Heavily indebted poor countries (HIPC)
2022,,HPC,Heavily indebted poor countries (HIPC)
2021,,HPC,Heavily indebted poor countries (HIPC)
2020,76.0353291030768,HPC,Heavily indebted poor countries (HIPC)
2019,74.8448133256749,HPC,Heavily indebted poor countries (HIPC)
2018,75.2520183545811,HPC,Heavily indebted poor countries (HIPC)
2017,75.9193473348398,HPC,Heavily indebted poor countries (HIPC)
2016,76.0862841962469,HPC,Heavily indebted poor countries (HIPC)
2015,76.5530574120486,HPC,Heavily indebted poor countries (HIPC)
2014,77.378161792632,HPC,Heavily indebted poor countries (HIPC)
2013,77.654981472332,HPC,Heavily indebted poor countries (HIPC)
2012,77.8546208866133,HPC,Heavily indebted poor countries (HIPC)
2011,78.8967629817918,HPC,Heavily indebted poor countries (HIPC)
2010,79.6115171074584,HPC,Heavily indebted poor countries (HIPC)
2009,80.4451955986762,HPC,Heavily indebted poor countries (HIPC)
2008,81.2329236673649,HPC,Heavily indebted poor countries (HIPC)
2007,81.7362408698414,HPC,Heavily indebted poor countries (HIPC)
2006,83.1818878444874,HPC,Heavily indebted poor countries (HIPC)
2005,83.9256979376258,HPC,Heavily indebted poor countries (HIPC)
2004,83.9450364180269,HPC,Heavily indebted poor countries (HIPC)
2003,84.270327212806,HPC,Heavily indebted poor countries (HIPC)
2002,84.4545528836959,HPC,Heavily indebted poor countries (HIPC)
2001,84.9516479758069,HPC,Heavily indebted poor countries (HIPC)
2000,85.3583528760041,HPC,Heavily indebted poor countries (HIPC)
1999,85.3906756656255,HPC,Heavily indebted poor countries (HIPC)
1998,85.8702124366366,HPC,Heavily indebted poor countries (HIPC)
1997,86.0563905726591,HPC,Heavily indebted poor countries (HIPC)
1996,86.6106829873325,HPC,Heavily indebted poor countries (HIPC)
1995,86.9331011400481,HPC,Heavily indebted poor countries (HIPC)
1994,87.2296112056552,HPC,Heavily indebted poor countries (HIPC)
1993,87.5515390596414,HPC,Heavily indebted poor countries (HIPC)
1992,87.0333745710884,HPC,Heavily indebted poor countries (HIPC)
1991,86.6644305065344,HPC,Heavily indebted poor countries (HIPC)
1990,85.7574669598202,HPC,Heavily indebted poor countries (HIPC)
1989,,HPC,Heavily indebted poor countries (HIPC)
1988,,HPC,Heavily indebted poor countries (HIPC)
1987,,HPC,Heavily indebted poor countries (HIPC)
1986,,HPC,Heavily indebted poor countries (HIPC)
1985,,HPC,Heavily indebted poor countries (HIPC)
1984,,HPC,Heavily indebted poor countries (HIPC)
1983,,HPC,Heavily indebted poor countries (HIPC)
1982,,HPC,Heavily indebted poor countries (HIPC)
1981,,HPC,Heavily indebted poor countries (HIPC)
1980,,HPC,Heavily indebted poor countries (HIPC)
1979,,HPC,Heavily indebted poor countries (HIPC)
1978,,HPC,Heavily indebted poor countries (HIPC)
1977,,HPC,Heavily indebted poor countries (HIPC)
1976,,HPC,Heavily indebted poor countries (HIPC)
1975,,HPC,Heavily indebted poor countries (HIPC)
1974,,HPC,Heavily indebted poor countries (HIPC)
1973,,HPC,Heavily indebted poor countries (HIPC)
1972,,HPC,Heavily indebted poor countries (HIPC)
1971,,HPC,Heavily indebted poor countries (HIPC)
1970,,HPC,Heavily indebted poor countries (HIPC)
1969,,HPC,Heavily indebted poor countries (HIPC)
1968,,HPC,Heavily indebted poor countries (HIPC)
1967,,HPC,Heavily indebted poor countries (HIPC)
1966,,HPC,Heavily indebted poor countries (HIPC)
1965,,HPC,Heavily indebted poor countries (HIPC)
1964,,HPC,Heavily indebted poor countries (HIPC)
1963,,HPC,Heavily indebted poor countries (HIPC)
1962,,HPC,Heavily indebted poor countries (HIPC)
1961,,HPC,Heavily indebted poor countries (HIPC)
1960,,HPC,Heavily indebted poor countries (HIPC)
2025,,,High income
2024,,,High income
2023,,,High income
2022,,,High income
2021,,,High income
2020,12.7831808525723,,High income
2019,11.7839130112794,,High income
2018,11.4686788378903,,High income
2017,11.0890197580437,,High income
2016,10.7845732962853,,High income
2015,10.6050781624931,,High income
2014,10.5213333961469,,High income
2013,10.3849989396956,,High income
2012,9.90988310752564,,High income
2011,9.52836321852016,,High income
2010,9.13757742354582,,High income
2009,8.96094596937985,,High income
2008,8.3984841545264,,High income
2007,8.02429581434502,,High income
2006,7.77042745709828,,High income
2005,7.38790136062168,,High income
2004,7.10768137806772,,High income
2003,6.86995743794711,,High income
2002,6.62132648676549,,High income
2001,6.54177055385906,,High income
2000,6.84678847436669,,High income
1999,7.00524466106243,,High income
1998,6.5725149099587,,High income
1997,6.5378967842182,,High income
1996,6.50745781428072,,High income
1995,6.47897065160746,,High income
1994,6.19074784329809,,High income
1993,6.29513132723212,,High income
1992,6.33455142522513,,High income
1991,6.15925307345891,,High income
1990,5.97393122273545,,High income
1989,,,High income
1988,,,High income
1987,,,High income
1986,,,High income
1985,,,High income
1984,,,High income
1983,,,High income
1982,,,High income
1981,,,High income
1980,,,High income
1979,,,High income
1978,,,High income
1977,,,High income
1976,,,High income
1975,,,High income
1974,,,High income
1973,,,High income
1972,,,High income
1971,,,High income
1970,,,High income
1969,,,High income
1968,,,High income
1967,,,High income
1966,,,High income
1965,,,High income
1964,,,High income
1963,,,High income
1962,,,High income
1961,,,High income
1960,,,High income
2025,,IBD,IBRD only
2024,,IBD,IBRD only
2023,,IBD,IBRD only
2022,,IBD,IBRD only
2021,,IBD,IBRD only
2020,18.0085051596372,IBD,IBRD only
2019,17.0666276982215,IBD,IBRD only
2018,16.6268066421204,IBD,IBRD only
2017,16.3923000534023,IBD,IBRD only
2016,16.2845965537743,IBD,IBRD only
2015,16.0209177851331,IBD,IBRD only
2014,16.003291533954,IBD,IBRD only
2013,16.0171385968997,IBD,IBRD only
2012,15.8795392491567,IBD,IBRD only
2011,15.9538657957954,IBD,IBRD only
2010,16.7512897977865,IBD,IBRD only
2009,17.4829469844672,IBD,IBRD only
2008,17.6316680788104,IBD,IBRD only
2007,18.0231697034131,IBD,IBRD only
2006,18.7796426080362,IBD,IBRD only
2005,19.3136973097539,IBD,IBRD only
2004,20.2986644309744,IBD,IBRD only
2003,21.5634346494163,IBD,IBRD only
2002,22.5539877436238,IBD,IBRD only
2001,22.9130162069356,IBD,IBRD only
2000,23.4541240735978,IBD,IBRD only
1999,23.8783428752472,IBD,IBRD only
1998,23.7372809053807,IBD,IBRD only
1997,23.5791147507259,IBD,IBRD only
1996,23.6024113455693,IBD,IBRD only
1995,23.1890866208429,IBD,IBRD only
1994,23.5810926986981,IBD,IBRD only
1993,22.9937230271798,IBD,IBRD only
1992,22.7264611309833,IBD,IBRD only
1991,22.1175831024664,IBD,IBRD only
1990,21.9684140890226,IBD,IBRD only
1989,,IBD,IBRD only
1988,,IBD,IBRD only
1987,,IBD,IBRD only
1986,,IBD,IBRD only
1985,,IBD,IBRD only
1984,,IBD,IBRD only
1983,,IBD,IBRD only
1982,,IBD,IBRD only
1981,,IBD,IBRD only
1980,,IBD,IBRD only
1979,,IBD,IBRD only
1978,,IBD,IBRD only
1977,,IBD,IBRD only
1976,,IBD,IBRD only
1975,,IBD,IBRD only
1974,,IBD,IBRD only
1973,,IBD,IBRD only
1972,,IBD,IBRD only
1971,,IBD,IBRD only
1970,,IBD,IBRD only
1969,,IBD,IBRD only
1968,,IBD,IBRD only
1967,,IBD,IBRD only
1966,,IBD,IBRD only
1965,,IBD,IBRD only
1964,,IBD,IBRD only
1963,,IBD,IBRD only
1962,,IBD,IBRD only
1961,,IBD,IBRD only
1960,,IBD,IBRD only
2025,,IBT,IDA & IBRD total
2024,,IBT,IDA & IBRD total
2023,,IBT,IDA & IBRD total
2022,,IBT,IDA & IBRD total
2021,,IBT,IDA & IBRD total
2020,23.435247290857,IBT,IDA & IBRD total
2019,22.4318628279228,IBT,IDA & IBRD total
2018,21.9590062576992,IBT,IDA & IBRD total
2017,21.8333716725747,IBT,IDA & IBRD total
2016,21.8132582722264,IBT,IDA & IBRD total
2015,21.6163623919511,IBT,IDA & IBRD total
2014,21.5287778759064,IBT,IDA & IBRD total
2013,21.5681055110978,IBT,IDA & IBRD total
2012,21.3971364601676,IBT,IDA & IBRD total
2011,21.5080308989151,IBT,IDA & IBRD total
2010,22.2914952493169,IBT,IDA & IBRD total
2009,23.1681701232033,IBT,IDA & IBRD total
2008,23.1916933385608,IBT,IDA & IBRD total
2007,23.5801717590485,IBT,IDA & IBRD total
2006,24.4584394602454,IBT,IDA & IBRD total
2005,25.0826783272947,IBT,IDA & IBRD total
2004,26.1171565862039,IBT,IDA & IBRD total
2003,27.4990846528317,IBT,IDA & IBRD total
2002,28.4620294366149,IBT,IDA & IBRD total
2001,28.756966654433,IBT,IDA & IBRD total
2000,29.2034754750625,IBT,IDA & IBRD total
1999,29.585878846355,IBT,IDA & IBRD total
1998,29.3427171305814,IBT,IDA & IBRD total
1997,29.1293073490149,IBT,IDA & IBRD total
1996,29.1436799685133,IBT,IDA & IBRD total
1995,28.6551456955689,IBT,IDA & IBRD total
1994,28.9421331678293,IBT,IDA & IBRD total
1993,28.1286394893098,IBT,IDA & IBRD total
1992,27.7909190550675,IBT,IDA & IBRD total
1991,27.0017754178464,IBT,IDA & IBRD total
1990,26.7903199833955,IBT,IDA & IBRD total
1989,,IBT,IDA & IBRD total
1988,,IBT,IDA & IBRD total
1987,,IBT,IDA & IBRD total
1986,,IBT,IDA & IBRD total
1985,,IBT,IDA & IBRD total
1984,,IBT,IDA & IBRD total
1983,,IBT,IDA & IBRD total
1982,,IBT,IDA & IBRD total
1981,,IBT,IDA & IBRD total
1980,,IBT,IDA & IBRD total
1979,,IBT,IDA & IBRD total
1978,,IBT,IDA & IBRD total
1977,,IBT,IDA & IBRD total
1976,,IBT,IDA & IBRD total
1975,,IBT,IDA & IBRD total
1974,,IBT,IDA & IBRD total
1973,,IBT,IDA & IBRD total
1972,,IBT,IDA & IBRD total
1971,,IBT,IDA & IBRD total
1970,,IBT,IDA & IBRD total
1969,,IBT,IDA & IBRD total
1968,,IBT,IDA & IBRD total
1967,,IBT,IDA & IBRD total
1966,,IBT,IDA & IBRD total
1965,,IBT,IDA & IBRD total
1964,,IBT,IDA & IBRD total
1963,,IBT,IDA & IBRD total
1962,,IBT,IDA & IBRD total
1961,,IBT,IDA & IBRD total
1960,,IBT,IDA & IBRD total
2025,,IDB,IDA blend
2024,,IDB,IDA blend
2023,,IDB,IDA blend
2022,,IDB,IDA blend
2021,,IDB,IDA blend
2020,60.0736911684857,IDB,IDA blend
2019,60.7067624481493,IDB,IDA blend
2018,60.0455922831853,IDB,IDA blend
2017,59.7969449026188,IDB,IDA blend
2016,60.4836460271951,IDB,IDA blend
2015,61.7521936459909,IDB,IDA blend
2014,61.535451528507,IDB,IDA blend
2013,61.9371685909771,IDB,IDA blend
2012,62.2040325368952,IDB,IDA blend
2011,60.1995707840284,IDB,IDA blend
2010,60.5940711914845,IDB,IDA blend
2009,61.5456166448889,IDB,IDA blend
2008,59.8816457785291,IDB,IDA blend
2007,59.7989247311828,IDB,IDA blend
2006,59.7728436369701,IDB,IDA blend
2005,60.1143669239581,IDB,IDA blend
2004,59.3834807906034,IDB,IDA blend
2003,59.3760404153803,IDB,IDA blend
2002,59.097088474877,IDB,IDA blend
2001,58.9012101457864,IDB,IDA blend
2000,58.7954757830609,IDB,IDA blend
1999,59.2094645639843,IDB,IDA blend
1998,59.8885425027835,IDB,IDA blend
1997,61.0329102815095,IDB,IDA blend
1996,61.4657403543909,IDB,IDA blend
1995,61.5601804472698,IDB,IDA blend
1994,61.2096290598787,IDB,IDA blend
1993,59.975270861053,IDB,IDA blend
1992,59.9077616761631,IDB,IDA blend
1991,59.2684634194499,IDB,IDA blend
1990,59.1838307141746,IDB,IDA blend
1989,,IDB,IDA blend
1988,,IDB,IDA blend
1987,,IDB,IDA blend
1986,,IDB,IDA blend
1985,,IDB,IDA blend
1984,,IDB,IDA blend
1983,,IDB,IDA blend
1982,,IDB,IDA blend
1981,,IDB,IDA blend
1980,,IDB,IDA blend
1979,,IDB,IDA blend
1978,,IDB,IDA blend
1977,,IDB,IDA blend
1976,,IDB,IDA blend
1975,,IDB,IDA blend
1974,,IDB,IDA blend
1973,,IDB,IDA blend
1972,,IDB,IDA blend
1971,,IDB,IDA blend
1970,,IDB,IDA blend
1969,,IDB,IDA blend
1968,,IDB,IDA blend
1967,,IDB,IDA blend
1966,,IDB,IDA blend
1965,,IDB,IDA blend
1964,,IDB,IDA blend
1963,,IDB,IDA blend
1962,,IDB,IDA blend
1961,,IDB,IDA blend
1960,,IDB,IDA blend
2025,,IDX,IDA only
2024,,IDX,IDA only
2023,,IDX,IDA only
2022,,IDX,IDA only
2021,,IDX,IDA only
2020,67.3560634206125,IDX,IDA only
2019,66.1344154982874,IDX,IDA only
2018,66.0568216095439,IDX,IDA only
2017,67.1926478978048,IDX,IDA only
2016,68.2872983784982,IDX,IDA only
2015,69.2695625897768,IDX,IDA only
2014,69.5857709069388,IDX,IDA only
2013,70.0688971913976,IDX,IDA only
2012,69.2375680788855,IDX,IDA only
2011,69.9942562944391,IDX,IDA only
2010,70.5576135766612,IDX,IDA only
2009,71.6363429921907,IDX,IDA only
2008,71.6010224669511,IDX,IDA only
2007,71.8570857444585,IDX,IDA only
2006,73.3938956177054,IDX,IDA only
2005,73.8050436381383,IDX,IDA only
2004,75.0011327841767,IDX,IDA only
2003,75.598263871884,IDX,IDA only
2002,76.2397735224887,IDX,IDA only
2001,76.6386299861006,IDX,IDA only
2000,77.4297504047491,IDX,IDA only
1999,77.5074243250614,IDX,IDA only
1998,77.1660634689243,IDX,IDA only
1997,77.8462844702467,IDX,IDA only
1996,78.37885521287,IDX,IDA only
1995,79.3798535638404,IDX,IDA only
1994,79.8089848157581,IDX,IDA only
1993,79.1203545557254,IDX,IDA only
1992,77.7057673476839,IDX,IDA only
1991,76.0124927213137,IDX,IDA only
1990,75.3831138327321,IDX,IDA only
1989,,IDX,IDA only
1988,,IDX,IDA only
1987,,IDX,IDA only
1986,,IDX,IDA only
1985,,IDX,IDA only
1984,,IDX,IDA only
1983,,IDX,IDA only
1982,,IDX,IDA only
1981,,IDX,IDA only
1980,,IDX,IDA only
1979,,IDX,IDA only
1978,,IDX,IDA only
1977,,IDX,IDA only
1976,,IDX,IDA only
1975,,IDX,IDA only
1974,,IDX,IDA only
1973,,IDX,IDA only
1972,,IDX,IDA only
1971,,IDX,IDA only
1970,,IDX,IDA only
1969,,IDX,IDA only
1968,,IDX,IDA only
1967,,IDX,IDA only
1966,,IDX,IDA only
1965,,IDX,IDA only
1964,,IDX,IDA only
1963,,IDX,IDA only
1962,,IDX,IDA only
1961,,IDX,IDA only
1960,,IDX,IDA only
2025,,IDA,IDA total
2024,,IDA,IDA total
2023,,IDA,IDA total
2022,,IDA,IDA total
2021,,IDA,IDA total
2020,63.7525629244284,IDA,IDA total
2019,63.4454503938806,IDA,IDA total
2018,63.0596732632859,IDA,IDA total
2017,63.4625486644428,IDA,IDA total
2016,64.3516706620498,IDA,IDA total
2015,65.4970691927081,IDA,IDA total
2014,65.5180418773844,IDA,IDA total
2013,65.9170351063927,IDA,IDA total
2012,65.6347840271434,IDA,IDA total
2011,64.9875878296829,IDA,IDA total
2010,65.4798262712482,IDA,IDA total
2009,66.5353503378893,IDA,IDA total
2008,65.5967479591471,IDA,IDA total
2007,65.6601255015347,IDA,IDA total
2006,66.3967663862666,IDA,IDA total
2005,66.7599113045394,IDA,IDA total
2004,66.8527540120632,IDA,IDA total
2003,67.1356806109481,IDA,IDA total
2002,67.2435642247321,IDA,IDA total
2001,67.3222664226306,IDA,IDA total
2000,67.6196746762415,IDA,IDA total
1999,67.9488241997981,IDA,IDA total
1998,68.1842735422387,IDA,IDA total
1997,69.1358829084042,IDA,IDA total
1996,69.6558692720438,IDA,IDA total
1995,70.1586524561145,IDA,IDA total
1994,70.0215397421799,IDA,IDA total
1993,68.9369704699761,IDA,IDA total
1992,68.3437531466331,IDA,IDA total
1991,67.2593276590339,IDA,IDA total
1990,66.9784484359233,IDA,IDA total
1989,,IDA,IDA total
1988,,IDA,IDA total
1987,,IDA,IDA total
1986,,IDA,IDA total
1985,,IDA,IDA total
1984,,IDA,IDA total
1983,,IDA,IDA total
1982,,IDA,IDA total
1981,,IDA,IDA total
1980,,IDA,IDA total
1979,,IDA,IDA total
1978,,IDA,IDA total
1977,,IDA,IDA total
1976,,IDA,IDA total
1975,,IDA,IDA total
1974,,IDA,IDA total
1973,,IDA,IDA total
1972,,IDA,IDA total
1971,,IDA,IDA total
1970,,IDA,IDA total
1969,,IDA,IDA total
1968,,IDA,IDA total
1967,,IDA,IDA total
1966,,IDA,IDA total
1965,,IDA,IDA total
1964,,IDA,IDA total
1963,,IDA,IDA total
1962,,IDA,IDA total
1961,,IDA,IDA total
1960,,IDA,IDA total
2025,,LTE,Late-demographic dividend
2024,,LTE,Late-demographic dividend
2023,,LTE,Late-demographic dividend
2022,,LTE,Late-demographic dividend
2021,,LTE,Late-demographic dividend
2020,15.8291260683112,LTE,Late-demographic dividend
2019,15.1930553100861,LTE,Late-demographic dividend
2018,14.7113402854056,LTE,Late-demographic dividend
2017,14.3601698499908,LTE,Late-demographic dividend
2016,14.1053604502349,LTE,Late-demographic dividend
2015,13.7947562846974,LTE,Late-demographic dividend
2014,13.7969449361474,LTE,Late-demographic dividend
2013,13.6510906148841,LTE,Late-demographic dividend
2012,13.5583905267186,LTE,Late-demographic dividend
2011,13.4939401643027,LTE,Late-demographic dividend
2010,14.227913389653,LTE,Late-demographic dividend
2009,15.0489853771052,LTE,Late-demographic dividend
2008,15.0816450798626,LTE,Late-demographic dividend
2007,15.5877124923454,LTE,Late-demographic dividend
2006,16.2710933355579,LTE,Late-demographic dividend
2005,16.8127063266169,LTE,Late-demographic dividend
2004,18.0329223717659,LTE,Late-demographic dividend
2003,19.5085643879237,LTE,Late-demographic dividend
2002,20.665536308967,LTE,Late-demographic dividend
2001,20.8661376739642,LTE,Late-demographic dividend
2000,21.6296317925485,LTE,Late-demographic dividend
1999,22.0535296369733,LTE,Late-demographic dividend
1998,21.6834506114157,LTE,Late-demographic dividend
1997,21.7285043918944,LTE,Late-demographic dividend
1996,21.6613811396229,LTE,Late-demographic dividend
1995,20.981021904095,LTE,Late-demographic dividend
1994,21.3029954062602,LTE,Late-demographic dividend
1993,20.551629115011,LTE,Late-demographic dividend
1992,20.4372203034671,LTE,Late-demographic dividend
1991,19.7148822804113,LTE,Late-demographic dividend
1990,19.5350713817325,LTE,Late-demographic dividend
1989,,LTE,Late-demographic dividend
1988,,LTE,Late-demographic dividend
1987,,LTE,Late-demographic dividend
1986,,LTE,Late-demographic dividend
1985,,LTE,Late-demographic dividend
1984,,LTE,Late-demographic dividend
1983,,LTE,Late-demographic dividend
1982,,LTE,Late-demographic dividend
1981,,LTE,Late-demographic dividend
1980,,LTE,Late-demographic dividend
1979,,LTE,Late-demographic dividend
1978,,LTE,Late-demographic dividend
1977,,LTE,Late-demographic dividend
1976,,LTE,Late-demographic dividend
1975,,LTE,Late-demographic dividend
1974,,LTE,Late-demographic dividend
1973,,LTE,Late-demographic dividend
1972,,LTE,Late-demographic dividend
1971,,LTE,Late-demographic dividend
1970,,LTE,Late-demographic dividend
1969,,LTE,Late-demographic dividend
1968,,LTE,Late-demographic dividend
1967,,LTE,Late-demographic dividend
1966,,LTE,Late-demographic dividend
1965,,LTE,Late-demographic dividend
1964,,LTE,Late-demographic dividend
1963,,LTE,Late-demographic dividend
1962,,LTE,Late-demographic dividend
1961,,LTE,Late-demographic dividend
1960,,LTE,Late-demographic dividend
2025,,LCN,Latin America & Caribbean
2024,,LCN,Latin America & Caribbean
2023,,LCN,Latin America & Caribbean
2022,,LCN,Latin America & Caribbean
2021,,LCN,Latin America & Caribbean
2020,34.1964972995889,LCN,Latin America & Caribbean
2019,30.6248117743588,LCN,Latin America & Caribbean
2018,30.252639118551,LCN,Latin America & Caribbean
2017,29.4068241645848,LCN,Latin America & Caribbean
2016,28.8850327404841,LCN,Latin America & Caribbean
2015,28.2446666189275,LCN,Latin America & Caribbean
2014,27.7215959010541,LCN,Latin America & Caribbean
2013,27.7426663261076,LCN,Latin America & Caribbean
2012,27.9411911085897,LCN,Latin America & Caribbean
2011,28.4958595093532,LCN,Latin America & Caribbean
2010,29.068340737703,LCN,Latin America & Caribbean
2009,30.0250169872657,LCN,Latin America & Caribbean
2008,29.1895755585886,LCN,Latin America & Caribbean
2007,29.0767468358782,LCN,Latin America & Caribbean
2006,28.9856660718838,LCN,Latin America & Caribbean
2005,28.9373842994788,LCN,Latin America & Caribbean
2004,28.8693246970421,LCN,Latin America & Caribbean
2003,29.0446078906691,LCN,Latin America & Caribbean
2002,28.526904727315,LCN,Latin America & Caribbean
2001,27.9199322021845,LCN,Latin America & Caribbean
2000,28.4987826663039,LCN,Latin America & Caribbean
1999,29.1029641644889,LCN,Latin America & Caribbean
1998,28.6273564189189,LCN,Latin America & Caribbean
1997,28.6658995402185,LCN,Latin America & Caribbean
1996,29.3934535098306,LCN,Latin America & Caribbean
1995,30.3094212714592,LCN,Latin America & Caribbean
1994,30.7352128121832,LCN,Latin America & Caribbean
1993,31.1011774075509,LCN,Latin America & Caribbean
1992,31.6994200114385,LCN,Latin America & Caribbean
1991,31.9844254750594,LCN,Latin America & Caribbean
1990,32.5735739750446,LCN,Latin America & Caribbean
1989,,LCN,Latin America & Caribbean
1988,,LCN,Latin America & Caribbean
1987,,LCN,Latin America & Caribbean
1986,,LCN,Latin America & Caribbean
1985,,LCN,Latin America & Caribbean
1984,,LCN,Latin America & Caribbean
1983,,LCN,Latin America & Caribbean
1982,,LCN,Latin America & Caribbean
1981,,LCN,Latin America & Caribbean
1980,,LCN,Latin America & Caribbean
1979,,LCN,Latin America & Caribbean
1978,,LCN,Latin America & Caribbean
1977,,LCN,Latin America & Caribbean
1976,,LCN,Latin America & Caribbean
1975,,LCN,Latin America & Caribbean
1974,,LCN,Latin America & Caribbean
1973,,LCN,Latin America & Caribbean
1972,,LCN,Latin America & Caribbean
1971,,LCN,Latin America & Caribbean
1970,,LCN,Latin America & Caribbean
1969,,LCN,Latin America & Caribbean
1968,,LCN,Latin America & Caribbean
1967,,LCN,Latin America & Caribbean
1966,,LCN,Latin America & Caribbean
1965,,LCN,Latin America & Caribbean
1964,,LCN,Latin America & Caribbean
1963,,LCN,Latin America & Caribbean
1962,,LCN,Latin America & Caribbean
1961,,LCN,Latin America & Caribbean
1960,,LCN,Latin America & Caribbean
2025,,LAC,Latin America & Caribbean (excluding high income)
2024,,LAC,Latin America & Caribbean (excluding high income)
2023,,LAC,Latin America & Caribbean (excluding high income)
2022,,LAC,Latin America & Caribbean (excluding high income)
2021,,LAC,Latin America & Caribbean (excluding high income)
2020,34.8009281991427,LAC,Latin America & Caribbean (excluding high income)
2019,31.0995992132705,LAC,Latin America & Caribbean (excluding high income)
2018,30.6220212475155,LAC,Latin America & Caribbean (excluding high income)
2017,29.7622014930472,LAC,Latin America & Caribbean (excluding high income)
2016,29.1948567179388,LAC,Latin America & Caribbean (excluding high income)
2015,28.4779962097861,LAC,Latin America & Caribbean (excluding high income)
2014,27.8888829813823,LAC,Latin America & Caribbean (excluding high income)
2013,27.7875791624106,LAC,Latin America & Caribbean (excluding high income)
2012,28.0419793983269,LAC,Latin America & Caribbean (excluding high income)
2011,28.7011302255696,LAC,Latin America & Caribbean (excluding high income)
2010,29.3767775506778,LAC,Latin America & Caribbean (excluding high income)
2009,30.2607803843605,LAC,Latin America & Caribbean (excluding high income)
2008,29.3729295120062,LAC,Latin America & Caribbean (excluding high income)
2007,29.3016422221868,LAC,Latin America & Caribbean (excluding high income)
2006,29.1070203496388,LAC,Latin America & Caribbean (excluding high income)
2005,29.0811513732994,LAC,Latin America & Caribbean (excluding high income)
2004,29.0387512109203,LAC,Latin America & Caribbean (excluding high income)
2003,29.2538816925734,LAC,Latin America & Caribbean (excluding high income)
2002,28.6116677151485,LAC,Latin America & Caribbean (excluding high income)
2001,28.0352220038788,LAC,Latin America & Caribbean (excluding high income)
2000,28.674511536762,LAC,Latin America & Caribbean (excluding high income)
1999,29.4611526265173,LAC,Latin America & Caribbean (excluding high income)
1998,28.8832971080511,LAC,Latin America & Caribbean (excluding high income)
1997,28.8566396025853,LAC,Latin America & Caribbean (excluding high income)
1996,29.5253499233092,LAC,Latin America & Caribbean (excluding high income)
1995,30.4255552427766,LAC,Latin America & Caribbean (excluding high income)
1994,30.8304630905293,LAC,Latin America & Caribbean (excluding high income)
1993,31.1382505291514,LAC,Latin America & Caribbean (excluding high income)
1992,31.6961970158176,LAC,Latin America & Caribbean (excluding high income)
1991,32.0195301784624,LAC,Latin America & Caribbean (excluding high income)
1990,32.7383925622165,LAC,Latin America & Caribbean (excluding high income)
1989,,LAC,Latin America & Caribbean (excluding high income)
1988,,LAC,Latin America & Caribbean (excluding high income)
1987,,LAC,Latin America & Caribbean (excluding high income)
1986,,LAC,Latin America & Caribbean (excluding high income)
1985,,LAC,Latin America & Caribbean (excluding high income)
1984,,LAC,Latin America & Caribbean (excluding high income)
1983,,LAC,Latin America & Caribbean (excluding high income)
1982,,LAC,Latin America & Caribbean (excluding high income)
1981,,LAC,Latin America & Caribbean (excluding high income)
1980,,LAC,Latin America & Caribbean (excluding high income)
1979,,LAC,Latin America & Caribbean (excluding high income)
1978,,LAC,Latin America & Caribbean (excluding high income)
1977,,LAC,Latin America & Caribbean (excluding high income)
1976,,LAC,Latin America & Caribbean (excluding high income)
1975,,LAC,Latin America & Caribbean (excluding high income)
1974,,LAC,Latin America & Caribbean (excluding high income)
1973,,LAC,Latin America & Caribbean (excluding high income)
1972,,LAC,Latin America & Caribbean (excluding high income)
1971,,LAC,Latin America & Caribbean (excluding high income)
1970,,LAC,Latin America & Caribbean (excluding high income)
1969,,LAC,Latin America & Caribbean (excluding high income)
1968,,LAC,Latin America & Caribbean (excluding high income)
1967,,LAC,Latin America & Caribbean (excluding high income)
1966,,LAC,Latin America & Caribbean (excluding high income)
1965,,LAC,Latin America & Caribbean (excluding high income)
1964,,LAC,Latin America & Caribbean (excluding high income)
1963,,LAC,Latin America & Caribbean (excluding high income)
1962,,LAC,Latin America & Caribbean (excluding high income)
1961,,LAC,Latin America & Caribbean (excluding high income)
1960,,LAC,Latin America & Caribbean (excluding high income)
2025,,TLA,Latin America & the Caribbean (IDA & IBRD countries)
2024,,TLA,Latin America & the Caribbean (IDA & IBRD countries)
2023,,TLA,Latin America & the Caribbean (IDA & IBRD countries)
2022,,TLA,Latin America & the Caribbean (IDA & IBRD countries)
2021,,TLA,Latin America & the Caribbean (IDA & IBRD countries)
2020,34.4989632470857,TLA,Latin America & the Caribbean (IDA & IBRD countries)
2019,30.8730849505438,TLA,Latin America & the Caribbean (IDA & IBRD countries)
2018,30.4953793252595,TLA,Latin America & the Caribbean (IDA & IBRD countries)
2017,29.6408830785882,TLA,Latin America & the Caribbean (IDA & IBRD countries)
2016,29.1484835734771,TLA,Latin America & the Caribbean (IDA & IBRD countries)
2015,28.4881357094781,TLA,Latin America & the Caribbean (IDA & IBRD countries)
2014,27.9234565266568,TLA,Latin America & the Caribbean (IDA & IBRD countries)
2013,28.0091335892334,TLA,Latin America & the Caribbean (IDA & IBRD countries)
2012,28.2092931078232,TLA,Latin America & the Caribbean (IDA & IBRD countries)
2011,28.7713961731801,TLA,Latin America & the Caribbean (IDA & IBRD countries)
2010,29.4185691870613,TLA,Latin America & the Caribbean (IDA & IBRD countries)
2009,30.3669946466489,TLA,Latin America & the Caribbean (IDA & IBRD countries)
2008,29.5066403419618,TLA,Latin America & the Caribbean (IDA & IBRD countries)
2007,29.4162906928946,TLA,Latin America & the Caribbean (IDA & IBRD countries)
2006,29.2883960377476,TLA,Latin America & the Caribbean (IDA & IBRD countries)
2005,29.1868140682957,TLA,Latin America & the Caribbean (IDA & IBRD countries)
2004,29.0032130411343,TLA,Latin America & the Caribbean (IDA & IBRD countries)
2003,29.1928289531382,TLA,Latin America & the Caribbean (IDA & IBRD countries)
2002,28.6289640352186,TLA,Latin America & the Caribbean (IDA & IBRD countries)
2001,27.9857754927164,TLA,Latin America & the Caribbean (IDA & IBRD countries)
2000,28.5774086987318,TLA,Latin America & the Caribbean (IDA & IBRD countries)
1999,29.2264893102207,TLA,Latin America & the Caribbean (IDA & IBRD countries)
1998,28.6993515133428,TLA,Latin America & the Caribbean (IDA & IBRD countries)
1997,28.6807131239037,TLA,Latin America & the Caribbean (IDA & IBRD countries)
1996,29.3438043571292,TLA,Latin America & the Caribbean (IDA & IBRD countries)
1995,30.3146251010021,TLA,Latin America & the Caribbean (IDA & IBRD countries)
1994,30.6396443730315,TLA,Latin America & the Caribbean (IDA & IBRD countries)
1993,30.9743028581153,TLA,Latin America & the Caribbean (IDA & IBRD countries)
1992,31.3669679433488,TLA,Latin America & the Caribbean (IDA & IBRD countries)
1991,31.7032170833947,TLA,Latin America & the Caribbean (IDA & IBRD countries)
1990,32.3678811846524,TLA,Latin America & the Caribbean (IDA & IBRD countries)
1989,,TLA,Latin America & the Caribbean (IDA & IBRD countries)
1988,,TLA,Latin America & the Caribbean (IDA & IBRD countries)
1987,,TLA,Latin America & the Caribbean (IDA & IBRD countries)
1986,,TLA,Latin America & the Caribbean (IDA & IBRD countries)
1985,,TLA,Latin America & the Caribbean (IDA & IBRD countries)
1984,,TLA,Latin America & the Caribbean (IDA & IBRD countries)
1983,,TLA,Latin America & the Caribbean (IDA & IBRD countries)
1982,,TLA,Latin America & the Caribbean (IDA & IBRD countries)
1981,,TLA,Latin America & the Caribbean (IDA & IBRD countries)
1980,,TLA,Latin America & the Caribbean (IDA & IBRD countries)
1979,,TLA,Latin America & the Caribbean (IDA & IBRD countries)
1978,,TLA,Latin America & the Caribbean (IDA & IBRD countries)
1977,,TLA,Latin America & the Caribbean (IDA & IBRD countries)
1976,,TLA,Latin America & the Caribbean (IDA & IBRD countries)
1975,,TLA,Latin America & the Caribbean (IDA & IBRD countries)
1974,,TLA,Latin America & the Caribbean (IDA & IBRD countries)
1973,,TLA,Latin America & the Caribbean (IDA & IBRD countries)
1972,,TLA,Latin America & the Caribbean (IDA & IBRD countries)
1971,,TLA,Latin America & the Caribbean (IDA & IBRD countries)
1970,,TLA,Latin America & the Caribbean (IDA & IBRD countries)
1969,,TLA,Latin America & the Caribbean (IDA & IBRD countries)
1968,,TLA,Latin America & the Caribbean (IDA & IBRD countries)
1967,,TLA,Latin America & the Caribbean (IDA & IBRD countries)
1966,,TLA,Latin America & the Caribbean (IDA & IBRD countries)
1965,,TLA,Latin America & the Caribbean (IDA & IBRD countries)
1964,,TLA,Latin America & the Caribbean (IDA & IBRD countries)
1963,,TLA,Latin America & the Caribbean (IDA & IBRD countries)
1962,,TLA,Latin America & the Caribbean (IDA & IBRD countries)
1961,,TLA,Latin America & the Caribbean (IDA & IBRD countries)
1960,,TLA,Latin America & the Caribbean (IDA & IBRD countries)
2025,,LDC,Least developed countries: UN classification
2024,,LDC,Least developed countries: UN classification
2023,,LDC,Least developed countries: UN classification
2022,,LDC,Least developed countries: UN classification
2021,,LDC,Least developed countries: UN classification
2020,70.885707743194,LDC,Least developed countries: UN classification
2019,69.5024909470932,LDC,Least developed countries: UN classification
2018,69.6689273124056,LDC,Least developed countries: UN classification
2017,70.6528427025745,LDC,Least developed countries: UN classification
2016,71.7069864304561,LDC,Least developed countries: UN classification
2015,72.6420499355701,LDC,Least developed countries: UN classification
2014,72.8033051049145,LDC,Least developed countries: UN classification
2013,73.4516390735312,LDC,Least developed countries: UN classification
2012,74.1186152161421,LDC,Least developed countries: UN classification
2011,75.2902390351355,LDC,Least developed countries: UN classification
2010,75.9030638297872,LDC,Least developed countries: UN classification
2009,77.0426428856211,LDC,Least developed countries: UN classification
2008,78.1739617762925,LDC,Least developed countries: UN classification
2007,78.8471069800247,LDC,Least developed countries: UN classification
2006,80.1005342660568,LDC,Least developed countries: UN classification
2005,80.759987018664,LDC,Least developed countries: UN classification
2004,80.9903617758661,LDC,Least developed countries: UN classification
2003,81.4191737213528,LDC,Least developed countries: UN classification
2002,82.6109209826965,LDC,Least developed countries: UN classification
2001,83.0408137064604,LDC,Least developed countries: UN classification
2000,83.8156995400155,LDC,Least developed countries: UN classification
1999,84.1100241118791,LDC,Least developed countries: UN classification
1998,84.370798539927,LDC,Least developed countries: UN classification
1997,84.3297066749052,LDC,Least developed countries: UN classification
1996,85.0475698706035,LDC,Least developed countries: UN classification
1995,85.42524597215,LDC,Least developed countries: UN classification
1994,86.4549482646711,LDC,Least developed countries: UN classification
1993,86.7447862460972,LDC,Least developed countries: UN classification
1992,86.3259492641678,LDC,Least developed countries: UN classification
1991,86.173870947592,LDC,Least developed countries: UN classification
1990,85.793807160207,LDC,Least developed countries: UN classification
1989,,LDC,Least developed countries: UN classification
1988,,LDC,Least developed countries: UN classification
1987,,LDC,Least developed countries: UN classification
1986,,LDC,Least developed countries: UN classification
1985,,LDC,Least developed countries: UN classification
1984,,LDC,Least developed countries: UN classification
1983,,LDC,Least developed countries: UN classification
1982,,LDC,Least developed countries: UN classification
1981,,LDC,Least developed countries: UN classification
1980,,LDC,Least developed countries: UN classification
1979,,LDC,Least developed countries: UN classification
1978,,LDC,Least developed countries: UN classification
1977,,LDC,Least developed countries: UN classification
1976,,LDC,Least developed countries: UN classification
1975,,LDC,Least developed countries: UN classification
1974,,LDC,Least developed countries: UN classification
1973,,LDC,Least developed countries: UN classification
1972,,LDC,Least developed countries: UN classification
1971,,LDC,Least developed countries: UN classification
1970,,LDC,Least developed countries: UN classification
1969,,LDC,Least developed countries: UN classification
1968,,LDC,Least developed countries: UN classification
1967,,LDC,Least developed countries: UN classification
1966,,LDC,Least developed countries: UN classification
1965,,LDC,Least developed countries: UN classification
1964,,LDC,Least developed countries: UN classification
1963,,LDC,Least developed countries: UN classification
1962,,LDC,Least developed countries: UN classification
1961,,LDC,Least developed countries: UN classification
1960,,LDC,Least developed countries: UN classification
2025,,LMY,Low & middle income
2024,,LMY,Low & middle income
2023,,LMY,Low & middle income
2022,,LMY,Low & middle income
2021,,LMY,Low & middle income
2020,25.2319411619148,LMY,Low & middle income
2019,24.2477140331693,LMY,Low & middle income
2018,23.7294321628033,LMY,Low & middle income
2017,23.6364337035659,LMY,Low & middle income
2016,23.5956286475448,LMY,Low & middle income
2015,23.351980133742,LMY,Low & middle income
2014,23.2603600821106,LMY,Low & middle income
2013,23.2437945857219,LMY,Low & middle income
2012,23.216711782471,LMY,Low & middle income
2011,23.408245686256,LMY,Low & middle income
2010,24.2911816358034,LMY,Low & middle income
2009,25.2924412634656,LMY,Low & middle income
2008,25.5598205553574,LMY,Low & middle income
2007,26.0356980684312,LMY,Low & middle income
2006,27.1612933367489,LMY,Low & middle income
2005,27.9193887771685,LMY,Low & middle income
2004,29.4888107885243,LMY,Low & middle income
2003,31.4386353508847,LMY,Low & middle income
2002,32.6657077468558,LMY,Low & middle income
2001,33.2713805784655,LMY,Low & middle income
2000,33.860073099648,LMY,Low & middle income
1999,34.3080965526018,LMY,Low & middle income
1998,34.0166314720297,LMY,Low & middle income
1997,33.8961716950437,LMY,Low & middle income
1996,34.3036494994648,LMY,Low & middle income
1995,34.0889571874426,LMY,Low & middle income
1994,34.9164576883584,LMY,Low & middle income
1993,34.6636608545319,LMY,Low & middle income
1992,34.5339321597175,LMY,Low & middle income
1991,34.1622186553086,LMY,Low & middle income
1990,34.395616925265,LMY,Low & middle income
1989,,LMY,Low & middle income
1988,,LMY,Low & middle income
1987,,LMY,Low & middle income
1986,,LMY,Low & middle income
1985,,LMY,Low & middle income
1984,,LMY,Low & middle income
1983,,LMY,Low & middle income
1982,,LMY,Low & middle income
1981,,LMY,Low & middle income
1980,,LMY,Low & middle income
1979,,LMY,Low & middle income
1978,,LMY,Low & middle income
1977,,LMY,Low & middle income
1976,,LMY,Low & middle income
1975,,LMY,Low & middle income
1974,,LMY,Low & middle income
1973,,LMY,Low & middle income
1972,,LMY,Low & middle income
1971,,LMY,Low & middle income
1970,,LMY,Low & middle income
1969,,LMY,Low & middle income
1968,,LMY,Low & middle income
1967,,LMY,Low & middle income
1966,,LMY,Low & middle income
1965,,LMY,Low & middle income
1964,,LMY,Low & middle income
1963,,LMY,Low & middle income
1962,,LMY,Low & middle income
1961,,LMY,Low & middle income
1960,,LMY,Low & middle income
2025,,,Low income
2024,,,Low income
2023,,,Low income
2022,,,Low income
2021,,,Low income
2020,74.5621747727499,,Low income
2019,72.5005003490808,,Low income
2018,73.1015300989534,,Low income
2017,73.6994749888377,,Low income
2016,76.9877810393742,,Low income
2015,77.0014591898632,,Low income
2014,74.0960764487469,,Low income
2013,74.1188094907247,,Low income
2012,71.6876678383128,,Low income
2011,70.9038757025248,,Low income
2010,68.5955030078186,,Low income
2009,68.6095109468297,,Low income
2008,66.1411353100674,,Low income
2007,67.1067131870741,,Low income
2006,66.7717998595126,,Low income
2005,67.1830947638814,,Low income
2004,68.7836894854409,,Low income
2003,69.2755751305951,,Low income
2002,69.2027450896942,,Low income
2001,68.4253201371706,,Low income
2000,68.9698504983389,,Low income
1999,69.7005914175683,,Low income
1998,69.4699281867145,,Low income
1997,68.9610562254831,,Low income
1996,68.6600039106418,,Low income
1995,67.2396815661646,,Low income
1994,66.260185739964,,Low income
1993,64.5741014402004,,Low income
1992,62.720566970608,,Low income
1991,60.0861689046284,,Low income
1990,58.8525274400748,,Low income
1989,,,Low income
1988,,,Low income
1987,,,Low income
1986,,,Low income
1985,,,Low income
1984,,,Low income
1983,,,Low income
1982,,,Low income
1981,,,Low income
1980,,,Low income
1979,,,Low income
1978,,,Low income
1977,,,Low income
1976,,,Low income
1975,,,Low income
1974,,,Low income
1973,,,Low income
1972,,,Low income
1971,,,Low income
1970,,,Low income
1969,,,Low income
1968,,,Low income
1967,,,Low income
1966,,,Low income
1965,,,Low income
1964,,,Low income
1963,,,Low income
1962,,,Low income
1961,,,Low income
1960,,,Low income
2025,,,Lower middle income
2024,,,Lower middle income
2023,,,Lower middle income
2022,,,Lower middle income
2021,,,Lower middle income
2020,43.3396056818626,,Lower middle income
2019,41.4201607411296,,Lower middle income
2018,40.5042813848529,,Lower middle income
2017,40.3045480579492,,Lower middle income
2016,41.045675670811,,Lower middle income
2015,41.6750820203892,,Lower middle income
2014,41.9557899562686,,Lower middle income
2013,42.8131798651281,,Lower middle income
2012,42.7041976592586,,Lower middle income
2011,42.7392673855306,,Lower middle income
2010,43.5598599291065,,Lower middle income
2009,44.8184115236839,,Lower middle income
2008,45.6008380215659,,Lower middle income
2007,46.7921462642994,,Lower middle income
2006,47.8450851574528,,Lower middle income
2005,48.4620461423964,,Lower middle income
2004,49.0711158274819,,Lower middle income
2003,49.3928341270068,,Lower middle income
2002,49.3231910149956,,Lower middle income
2001,50.014921667248,,Lower middle income
2000,50.3246055910279,,Lower middle income
1999,50.4949168470102,,Lower middle income
1998,50.9151917504619,,Lower middle income
1997,51.1969052820024,,Lower middle income
1996,51.9799926084205,,Lower middle income
1995,52.5228219236847,,Lower middle income
1994,53.0461209977291,,Lower middle income
1993,52.6516209325761,,Lower middle income
1992,52.791487738058,,Lower middle income
1991,52.6176472564443,,Lower middle income
1990,52.8433814900646,,Lower middle income
1989,,,Lower middle income
1988,,,Lower middle income
1987,,,Lower middle income
1986,,,Lower middle income
1985,,,Lower middle income
1984,,,Lower middle income
1983,,,Lower middle income
1982,,,Lower middle income
1981,,,Lower middle income
1980,,,Lower middle income
1979,,,Lower middle income
1978,,,Lower middle income
1977,,,Lower middle income
1976,,,Lower middle income
1975,,,Lower middle income
1974,,,Lower middle income
1973,,,Lower middle income
1972,,,Lower middle income
1971,,,Lower middle income
1970,,,Lower middle income
1969,,,Lower middle income
1968,,,Lower middle income
1967,,,Lower middle income
1966,,,Lower middle income
1965,,,Lower middle income
1964,,,Lower middle income
1963,,,Lower middle income
1962,,,Lower middle income
1961,,,Lower middle income
1960,,,Lower middle income
2025,,MEA,"Middle East, North Africa, Afghanistan & Pakistan"
2024,,MEA,"Middle East, North Africa, Afghanistan & Pakistan"
2023,,MEA,"Middle East, North Africa, Afghanistan & Pakistan"
2022,,MEA,"Middle East, North Africa, Afghanistan & Pakistan"
2021,,MEA,"Middle East, North Africa, Afghanistan & Pakistan"
2020,7.54675702757893,MEA,"Middle East, North Africa, Afghanistan & Pakistan"
2019,7.59670819188084,MEA,"Middle East, North Africa, Afghanistan & Pakistan"
2018,7.30858693459966,MEA,"Middle East, North Africa, Afghanistan & Pakistan"
2017,7.14927454903901,MEA,"Middle East, North Africa, Afghanistan & Pakistan"
2016,7.10925108984167,MEA,"Middle East, North Africa, Afghanistan & Pakistan"
2015,7.08007314623562,MEA,"Middle East, North Africa, Afghanistan & Pakistan"
2014,7.07122180407551,MEA,"Middle East, North Africa, Afghanistan & Pakistan"
2013,7.23035612797874,MEA,"Middle East, North Africa, Afghanistan & Pakistan"
2012,7.19138786591317,MEA,"Middle East, North Africa, Afghanistan & Pakistan"
2011,7.43634228145233,MEA,"Middle East, North Africa, Afghanistan & Pakistan"
2010,7.59280845232692,MEA,"Middle East, North Africa, Afghanistan & Pakistan"
2009,7.6902671973751,MEA,"Middle East, North Africa, Afghanistan & Pakistan"
2008,7.81608678497236,MEA,"Middle East, North Africa, Afghanistan & Pakistan"
2007,8.16463294723801,MEA,"Middle East, North Africa, Afghanistan & Pakistan"
2006,8.66259508825461,MEA,"Middle East, North Africa, Afghanistan & Pakistan"
2005,9.03795942767874,MEA,"Middle East, North Africa, Afghanistan & Pakistan"
2004,9.16325173786826,MEA,"Middle East, North Africa, Afghanistan & Pakistan"
2003,9.25438557193234,MEA,"Middle East, North Africa, Afghanistan & Pakistan"
2002,9.18439815609769,MEA,"Middle East, North Africa, Afghanistan & Pakistan"
2001,9.24963116469611,MEA,"Middle East, North Africa, Afghanistan & Pakistan"
2000,9.38184318723493,MEA,"Middle East, North Africa, Afghanistan & Pakistan"
1999,9.5698853035405,MEA,"Middle East, North Africa, Afghanistan & Pakistan"
1998,9.84080288573423,MEA,"Middle East, North Africa, Afghanistan & Pakistan"
1997,9.9813177161928,MEA,"Middle East, North Africa, Afghanistan & Pakistan"
1996,10.0557192907604,MEA,"Middle East, North Africa, Afghanistan & Pakistan"
1995,10.2127240387398,MEA,"Middle East, North Africa, Afghanistan & Pakistan"
1994,10.3448126889541,MEA,"Middle East, North Africa, Afghanistan & Pakistan"
1993,10.7492804743053,MEA,"Middle East, North Africa, Afghanistan & Pakistan"
1992,10.897297140481,MEA,"Middle East, North Africa, Afghanistan & Pakistan"
1991,11.336236970082,MEA,"Middle East, North Africa, Afghanistan & Pakistan"
1990,11.556549657066,MEA,"Middle East, North Africa, Afghanistan & Pakistan"
1989,,MEA,"Middle East, North Africa, Afghanistan & Pakistan"
1988,,MEA,"Middle East, North Africa, Afghanistan & Pakistan"
1987,,MEA,"Middle East, North Africa, Afghanistan & Pakistan"
1986,,MEA,"Middle East, North Africa, Afghanistan & Pakistan"
1985,,MEA,"Middle East, North Africa, Afghanistan & Pakistan"
1984,,MEA,"Middle East, North Africa, Afghanistan & Pakistan"
1983,,MEA,"Middle East, North Africa, Afghanistan & Pakistan"
1982,,MEA,"Middle East, North Africa, Afghanistan & Pakistan"
1981,,MEA,"Middle East, North Africa, Afghanistan & Pakistan"
1980,,MEA,"Middle East, North Africa, Afghanistan & Pakistan"
1979,,MEA,"Middle East, North Africa, Afghanistan & Pakistan"
1978,,MEA,"Middle East, North Africa, Afghanistan & Pakistan"
1977,,MEA,"Middle East, North Africa, Afghanistan & Pakistan"
1976,,MEA,"Middle East, North Africa, Afghanistan & Pakistan"
1975,,MEA,"Middle East, North Africa, Afghanistan & Pakistan"
1974,,MEA,"Middle East, North Africa, Afghanistan & Pakistan"
1973,,MEA,"Middle East, North Africa, Afghanistan & Pakistan"
1972,,MEA,"Middle East, North Africa, Afghanistan & Pakistan"
1971,,MEA,"Middle East, North Africa, Afghanistan & Pakistan"
1970,,MEA,"Middle East, North Africa, Afghanistan & Pakistan"
1969,,MEA,"Middle East, North Africa, Afghanistan & Pakistan"
1968,,MEA,"Middle East, North Africa, Afghanistan & Pakistan"
1967,,MEA,"Middle East, North Africa, Afghanistan & Pakistan"
1966,,MEA,"Middle East, North Africa, Afghanistan & Pakistan"
1965,,MEA,"Middle East, North Africa, Afghanistan & Pakistan"
1964,,MEA,"Middle East, North Africa, Afghanistan & Pakistan"
1963,,MEA,"Middle East, North Africa, Afghanistan & Pakistan"
1962,,MEA,"Middle East, North Africa, Afghanistan & Pakistan"
1961,,MEA,"Middle East, North Africa, Afghanistan & Pakistan"
1960,,MEA,"Middle East, North Africa, Afghanistan & Pakistan"
2025,,MNA,"Middle East, North Africa, Afghanistan & Pakistan (excluding high income)"
2024,,MNA,"Middle East, North Africa, Afghanistan & Pakistan (excluding high income)"
2023,,MNA,"Middle East, North Africa, Afghanistan & Pakistan (excluding high income)"
2022,,MNA,"Middle East, North Africa, Afghanistan & Pakistan (excluding high income)"
2021,,MNA,"Middle East, North Africa, Afghanistan & Pakistan (excluding high income)"
2020,11.2181326344417,MNA,"Middle East, North Africa, Afghanistan & Pakistan (excluding high income)"
2019,11.4865470725413,MNA,"Middle East, North Africa, Afghanistan & Pakistan (excluding high income)"
2018,10.9619732223084,MNA,"Middle East, North Africa, Afghanistan & Pakistan (excluding high income)"
2017,10.9413685116146,MNA,"Middle East, North Africa, Afghanistan & Pakistan (excluding high income)"
2016,11.1503064832308,MNA,"Middle East, North Africa, Afghanistan & Pakistan (excluding high income)"
2015,11.2870521999878,MNA,"Middle East, North Africa, Afghanistan & Pakistan (excluding high income)"
2014,11.0400705993001,MNA,"Middle East, North Africa, Afghanistan & Pakistan (excluding high income)"
2013,11.1442150564461,MNA,"Middle East, North Africa, Afghanistan & Pakistan (excluding high income)"
2012,11.0420215371111,MNA,"Middle East, North Africa, Afghanistan & Pakistan (excluding high income)"
2011,11.0708127254411,MNA,"Middle East, North Africa, Afghanistan & Pakistan (excluding high income)"
2010,11.2058888704594,MNA,"Middle East, North Africa, Afghanistan & Pakistan (excluding high income)"
2009,11.0947663614785,MNA,"Middle East, North Africa, Afghanistan & Pakistan (excluding high income)"
2008,11.1816613915187,MNA,"Middle East, North Africa, Afghanistan & Pakistan (excluding high income)"
2007,11.4371725209298,MNA,"Middle East, North Africa, Afghanistan & Pakistan (excluding high income)"
2006,12.0275723840766,MNA,"Middle East, North Africa, Afghanistan & Pakistan (excluding high income)"
2005,12.4721454152737,MNA,"Middle East, North Africa, Afghanistan & Pakistan (excluding high income)"
2004,12.706386923975,MNA,"Middle East, North Africa, Afghanistan & Pakistan (excluding high income)"
2003,12.9698091599557,MNA,"Middle East, North Africa, Afghanistan & Pakistan (excluding high income)"
2002,12.8397048283667,MNA,"Middle East, North Africa, Afghanistan & Pakistan (excluding high income)"
2001,12.848024215526,MNA,"Middle East, North Africa, Afghanistan & Pakistan (excluding high income)"
2000,13.0038960774325,MNA,"Middle East, North Africa, Afghanistan & Pakistan (excluding high income)"
1999,13.3239428300195,MNA,"Middle East, North Africa, Afghanistan & Pakistan (excluding high income)"
1998,13.8078144416829,MNA,"Middle East, North Africa, Afghanistan & Pakistan (excluding high income)"
1997,13.8701261273479,MNA,"Middle East, North Africa, Afghanistan & Pakistan (excluding high income)"
1996,14.0935283719079,MNA,"Middle East, North Africa, Afghanistan & Pakistan (excluding high income)"
1995,14.225720179502,MNA,"Middle East, North Africa, Afghanistan & Pakistan (excluding high income)"
1994,14.5122921719129,MNA,"Middle East, North Africa, Afghanistan & Pakistan (excluding high income)"
1993,15.0227413292101,MNA,"Middle East, North Africa, Afghanistan & Pakistan (excluding high income)"
1992,15.0977315458187,MNA,"Middle East, North Africa, Afghanistan & Pakistan (excluding high income)"
1991,15.736118285882,MNA,"Middle East, North Africa, Afghanistan & Pakistan (excluding high income)"
1990,16.0143287945227,MNA,"Middle East, North Africa, Afghanistan & Pakistan (excluding high income)"
1989,,MNA,"Middle East, North Africa, Afghanistan & Pakistan (excluding high income)"
1988,,MNA,"Middle East, North Africa, Afghanistan & Pakistan (excluding high income)"
1987,,MNA,"Middle East, North Africa, Afghanistan & Pakistan (excluding high income)"
1986,,MNA,"Middle East, North Africa, Afghanistan & Pakistan (excluding high income)"
1985,,MNA,"Middle East, North Africa, Afghanistan & Pakistan (excluding high income)"
1984,,MNA,"Middle East, North Africa, Afghanistan & Pakistan (excluding high income)"
1983,,MNA,"Middle East, North Africa, Afghanistan & Pakistan (excluding high income)"
1982,,MNA,"Middle East, North Africa, Afghanistan & Pakistan (excluding high income)"
1981,,MNA,"Middle East, North Africa, Afghanistan & Pakistan (excluding high income)"
1980,,MNA,"Middle East, North Africa, Afghanistan & Pakistan (excluding high income)"
1979,,MNA,"Middle East, North Africa, Afghanistan & Pakistan (excluding high income)"
1978,,MNA,"Middle East, North Africa, Afghanistan & Pakistan (excluding high income)"
1977,,MNA,"Middle East, North Africa, Afghanistan & Pakistan (excluding high income)"
1976,,MNA,"Middle East, North Africa, Afghanistan & Pakistan (excluding high income)"
1975,,MNA,"Middle East, North Africa, Afghanistan & Pakistan (excluding high income)"
1974,,MNA,"Middle East, North Africa, Afghanistan & Pakistan (excluding high income)"
1973,,MNA,"Middle East, North Africa, Afghanistan & Pakistan (excluding high income)"
1972,,MNA,"Middle East, North Africa, Afghanistan & Pakistan (excluding high income)"
1971,,MNA,"Middle East, North Africa, Afghanistan & Pakistan (excluding high income)"
1970,,MNA,"Middle East, North Africa, Afghanistan & Pakistan (excluding high income)"
1969,,MNA,"Middle East, North Africa, Afghanistan & Pakistan (excluding high income)"
1968,,MNA,"Middle East, North Africa, Afghanistan & Pakistan (excluding high income)"
1967,,MNA,"Middle East, North Africa, Afghanistan & Pakistan (excluding high income)"
1966,,MNA,"Middle East, North Africa, Afghanistan & Pakistan (excluding high income)"
1965,,MNA,"Middle East, North Africa, Afghanistan & Pakistan (excluding high income)"
1964,,MNA,"Middle East, North Africa, Afghanistan & Pakistan (excluding high income)"
1963,,MNA,"Middle East, North Africa, Afghanistan & Pakistan (excluding high income)"
1962,,MNA,"Middle East, North Africa, Afghanistan & Pakistan (excluding high income)"
1961,,MNA,"Middle East, North Africa, Afghanistan & Pakistan (excluding high income)"
1960,,MNA,"Middle East, North Africa, Afghanistan & Pakistan (excluding high income)"
2025,,TMN,"Middle East, North Africa, Afghanistan & Pakistan (IDA & IBRD)"
2024,,TMN,"Middle East, North Africa, Afghanistan & Pakistan (IDA & IBRD)"
2023,,TMN,"Middle East, North Africa, Afghanistan & Pakistan (IDA & IBRD)"
2022,,TMN,"Middle East, North Africa, Afghanistan & Pakistan (IDA & IBRD)"
2021,,TMN,"Middle East, North Africa, Afghanistan & Pakistan (IDA & IBRD)"
2020,11.2025085485546,TMN,"Middle East, North Africa, Afghanistan & Pakistan (IDA & IBRD)"
2019,11.4771071770715,TMN,"Middle East, North Africa, Afghanistan & Pakistan (IDA & IBRD)"
2018,10.9557039236004,TMN,"Middle East, North Africa, Afghanistan & Pakistan (IDA & IBRD)"
2017,10.943060961286,TMN,"Middle East, North Africa, Afghanistan & Pakistan (IDA & IBRD)"
2016,11.1456851493979,TMN,"Middle East, North Africa, Afghanistan & Pakistan (IDA & IBRD)"
2015,11.2881808687104,TMN,"Middle East, North Africa, Afghanistan & Pakistan (IDA & IBRD)"
2014,11.0410170572294,TMN,"Middle East, North Africa, Afghanistan & Pakistan (IDA & IBRD)"
2013,11.1424728929043,TMN,"Middle East, North Africa, Afghanistan & Pakistan (IDA & IBRD)"
2012,11.0384456368474,TMN,"Middle East, North Africa, Afghanistan & Pakistan (IDA & IBRD)"
2011,11.0593308918401,TMN,"Middle East, North Africa, Afghanistan & Pakistan (IDA & IBRD)"
2010,11.1975121431898,TMN,"Middle East, North Africa, Afghanistan & Pakistan (IDA & IBRD)"
2009,11.0799158086585,TMN,"Middle East, North Africa, Afghanistan & Pakistan (IDA & IBRD)"
2008,11.1606287551238,TMN,"Middle East, North Africa, Afghanistan & Pakistan (IDA & IBRD)"
2007,11.414820556546,TMN,"Middle East, North Africa, Afghanistan & Pakistan (IDA & IBRD)"
2006,12.0125380030703,TMN,"Middle East, North Africa, Afghanistan & Pakistan (IDA & IBRD)"
2005,12.4448450201836,TMN,"Middle East, North Africa, Afghanistan & Pakistan (IDA & IBRD)"
2004,12.6763206832426,TMN,"Middle East, North Africa, Afghanistan & Pakistan (IDA & IBRD)"
2003,12.9420466347435,TMN,"Middle East, North Africa, Afghanistan & Pakistan (IDA & IBRD)"
2002,12.813688252485,TMN,"Middle East, North Africa, Afghanistan & Pakistan (IDA & IBRD)"
2001,12.83682104729,TMN,"Middle East, North Africa, Afghanistan & Pakistan (IDA & IBRD)"
2000,12.9920002860324,TMN,"Middle East, North Africa, Afghanistan & Pakistan (IDA & IBRD)"
1999,13.3162300840016,TMN,"Middle East, North Africa, Afghanistan & Pakistan (IDA & IBRD)"
1998,13.7999677261396,TMN,"Middle East, North Africa, Afghanistan & Pakistan (IDA & IBRD)"
1997,13.8604261830547,TMN,"Middle East, North Africa, Afghanistan & Pakistan (IDA & IBRD)"
1996,14.0781195718511,TMN,"Middle East, North Africa, Afghanistan & Pakistan (IDA & IBRD)"
1995,14.2088438747128,TMN,"Middle East, North Africa, Afghanistan & Pakistan (IDA & IBRD)"
1994,14.4957864922109,TMN,"Middle East, North Africa, Afghanistan & Pakistan (IDA & IBRD)"
1993,15.0061303859724,TMN,"Middle East, North Africa, Afghanistan & Pakistan (IDA & IBRD)"
1992,15.0807647123108,TMN,"Middle East, North Africa, Afghanistan & Pakistan (IDA & IBRD)"
1991,15.7188806969523,TMN,"Middle East, North Africa, Afghanistan & Pakistan (IDA & IBRD)"
1990,15.9971455903228,TMN,"Middle East, North Africa, Afghanistan & Pakistan (IDA & IBRD)"
1989,,TMN,"Middle East, North Africa, Afghanistan & Pakistan (IDA & IBRD)"
1988,,TMN,"Middle East, North Africa, Afghanistan & Pakistan (IDA & IBRD)"
1987,,TMN,"Middle East, North Africa, Afghanistan & Pakistan (IDA & IBRD)"
1986,,TMN,"Middle East, North Africa, Afghanistan & Pakistan (IDA & IBRD)"
1985,,TMN,"Middle East, North Africa, Afghanistan & Pakistan (IDA & IBRD)"
1984,,TMN,"Middle East, North Africa, Afghanistan & Pakistan (IDA & IBRD)"
1983,,TMN,"Middle East, North Africa, Afghanistan & Pakistan (IDA & IBRD)"
1982,,TMN,"Middle East, North Africa, Afghanistan & Pakistan (IDA & IBRD)"
1981,,TMN,"Middle East, North Africa, Afghanistan & Pakistan (IDA & IBRD)"
1980,,TMN,"Middle East, North Africa, Afghanistan & Pakistan (IDA & IBRD)"
1979,,TMN,"Middle East, North Africa, Afghanistan & Pakistan (IDA & IBRD)"
1978,,TMN,"Middle East, North Africa, Afghanistan & Pakistan (IDA & IBRD)"
1977,,TMN,"Middle East, North Africa, Afghanistan & Pakistan (IDA & IBRD)"
1976,,TMN,"Middle East, North Africa, Afghanistan & Pakistan (IDA & IBRD)"
1975,,TMN,"Middle East, North Africa, Afghanistan & Pakistan (IDA & IBRD)"
1974,,TMN,"Middle East, North Africa, Afghanistan & Pakistan (IDA & IBRD)"
1973,,TMN,"Middle East, North Africa, Afghanistan & Pakistan (IDA & IBRD)"
1972,,TMN,"Middle East, North Africa, Afghanistan & Pakistan (IDA & IBRD)"
1971,,TMN,"Middle East, North Africa, Afghanistan & Pakistan (IDA & IBRD)"
1970,,TMN,"Middle East, North Africa, Afghanistan & Pakistan (IDA & IBRD)"
1969,,TMN,"Middle East, North Africa, Afghanistan & Pakistan (IDA & IBRD)"
1968,,TMN,"Middle East, North Africa, Afghanistan & Pakistan (IDA & IBRD)"
1967,,TMN,"Middle East, North Africa, Afghanistan & Pakistan (IDA & IBRD)"
1966,,TMN,"Middle East, North Africa, Afghanistan & Pakistan (IDA & IBRD)"
1965,,TMN,"Middle East, North Africa, Afghanistan & Pakistan (IDA & IBRD)"
1964,,TMN,"Middle East, North Africa, Afghanistan & Pakistan (IDA & IBRD)"
1963,,TMN,"Middle East, North Africa, Afghanistan & Pakistan (IDA & IBRD)"
1962,,TMN,"Middle East, North Africa, Afghanistan & Pakistan (IDA & IBRD)"
1961,,TMN,"Middle East, North Africa, Afghanistan & Pakistan (IDA & IBRD)"
1960,,TMN,"Middle East, North Africa, Afghanistan & Pakistan (IDA & IBRD)"
2025,,MIC,Middle income
2024,,MIC,Middle income
2023,,MIC,Middle income
2022,,MIC,Middle income
2021,,MIC,Middle income
2020,23.3730029547735,MIC,Middle income
2019,22.4899574267419,MIC,Middle income
2018,21.9723469245979,MIC,Middle income
2017,21.8466187128767,MIC,Middle income
2016,21.7581991859733,MIC,Middle income
2015,21.533134520195,MIC,Middle income
2014,21.5009500348231,MIC,Middle income
2013,21.5276571634814,MIC,Middle income
2012,21.5565386983821,MIC,Middle income
2011,21.6951261636734,MIC,Middle income
2010,22.6342653302965,MIC,Middle income
2009,23.6037826745994,MIC,Middle income
2008,23.9229934529198,MIC,Middle income
2007,24.4020429130912,MIC,Middle income
2006,25.4784722487914,MIC,Middle income
2005,26.2212618069493,MIC,Middle income
2004,27.7675276791111,MIC,Middle income
2003,29.6994871094706,MIC,Middle income
2002,30.9634878067641,MIC,Middle income
2001,31.6115329749273,MIC,Middle income
2000,32.2310164064876,MIC,Middle income
1999,32.6767375613756,MIC,Middle income
1998,32.4237423755006,MIC,Middle income
1997,32.346063419036,MIC,Middle income
1996,32.7624716851631,MIC,Middle income
1995,32.5970325790297,MIC,Middle income
1994,33.4709749692311,MIC,Middle income
1993,33.2724459672308,MIC,Middle income
1992,33.1993206265999,MIC,Middle income
1991,32.91878643468,MIC,Middle income
1990,33.198040919323,MIC,Middle income
1989,,MIC,Middle income
1988,,MIC,Middle income
1987,,MIC,Middle income
1986,,MIC,Middle income
1985,,MIC,Middle income
1984,,MIC,Middle income
1983,,MIC,Middle income
1982,,MIC,Middle income
1981,,MIC,Middle income
1980,,MIC,Middle income
1979,,MIC,Middle income
1978,,MIC,Middle income
1977,,MIC,Middle income
1976,,MIC,Middle income
1975,,MIC,Middle income
1974,,MIC,Middle income
1973,,MIC,Middle income
1972,,MIC,Middle income
1971,,MIC,Middle income
1970,,MIC,Middle income
1969,,MIC,Middle income
1968,,MIC,Middle income
1967,,MIC,Middle income
1966,,MIC,Middle income
1965,,MIC,Middle income
1964,,MIC,Middle income
1963,,MIC,Middle income
1962,,MIC,Middle income
1961,,MIC,Middle income
1960,,MIC,Middle income
2025,,NAC,North America
2024,,NAC,North America
2023,,NAC,North America
2022,,NAC,North America
2021,,NAC,North America
2020,12.4628823400948,NAC,North America
2019,11.5807525012806,NAC,North America
2018,11.3114262085469,NAC,North America
2017,11.2091690751112,NAC,North America
2016,10.724670511025,NAC,North America
2015,10.3923884465868,NAC,North America
2014,10.4893842157596,NAC,North America
2013,10.3906457230113,NAC,North America
2012,10.0055359347168,NAC,North America
2011,9.86206424776275,NAC,North America
2010,8.88269795903184,NAC,North America
2009,8.92392050805303,NAC,North America
2008,8.39672268148695,NAC,North America
2007,7.94211967922515,NAC,North America
2006,7.99064384156515,NAC,North America
2005,7.50163259617031,NAC,North America
2004,7.1669590453524,NAC,North America
2003,6.90995667354364,NAC,North America
2002,6.49353145956929,NAC,North America
2001,6.29470806028373,NAC,North America
2000,6.99794051078638,NAC,North America
1999,7.49497472993365,NAC,North America
1998,6.41485329145745,NAC,North America
1997,6.4265356228894,NAC,North America
1996,6.73571549940529,NAC,North America
1995,6.67915757127841,NAC,North America
1994,6.09935636868088,NAC,North America
1993,6.25577051874498,NAC,North America
1992,6.71176059634845,NAC,North America
1991,6.45852428000841,NAC,North America
1990,6.2019882430542,NAC,North America
1989,,NAC,North America
1988,,NAC,North America
1987,,NAC,North America
1986,,NAC,North America
1985,,NAC,North America
1984,,NAC,North America
1983,,NAC,North America
1982,,NAC,North America
1981,,NAC,North America
1980,,NAC,North America
1979,,NAC,North America
1978,,NAC,North America
1977,,NAC,North America
1976,,NAC,North America
1975,,NAC,North America
1974,,NAC,North America
1973,,NAC,North America
1972,,NAC,North America
1971,,NAC,North America
1970,,NAC,North America
1969,,NAC,North America
1968,,NAC,North America
1967,,NAC,North America
1966,,NAC,North America
1965,,NAC,North America
1964,,NAC,North America
1963,,NAC,North America
1962,,NAC,North America
1961,,NAC,North America
1960,,NAC,North America
2025,,,Not classified
2024,,,Not classified
2023,,,Not classified
2022,,,Not classified
2021,,,Not classified
2020,,,Not classified
2019,,,Not classified
2018,,,Not classified
2017,,,Not classified
2016,,,Not classified
2015,,,Not classified
2014,,,Not classified
2013,,,Not classified
2012,,,Not classified
2011,,,Not classified
2010,,,Not classified
2009,,,Not classified
2008,,,Not classified
2007,,,Not classified
2006,,,Not classified
2005,,,Not classified
2004,,,Not classified
2003,,,Not classified
2002,,,Not classified
2001,,,Not classified
2000,,,Not classified
1999,,,Not classified
1998,,,Not classified
1997,,,Not classified
1996,,,Not classified
1995,,,Not classified
1994,,,Not classified
1993,,,Not classified
1992,,,Not classified
1991,,,Not classified
1990,,,Not classified
1989,,,Not classified
1988,,,Not classified
1987,,,Not classified
1986,,,Not classified
1985,,,Not classified
1984,,,Not classified
1983,,,Not classified
1982,,,Not classified
1981,,,Not classified
1980,,,Not classified
1979,,,Not classified
1978,,,Not classified
1977,,,Not classified
1976,,,Not classified
1975,,,Not classified
1974,,,Not classified
1973,,,Not classified
1972,,,Not classified
1971,,,Not classified
1970,,,Not classified
1969,,,Not classified
1968,,,Not classified
1967,,,Not classified
1966,,,Not classified
1965,,,Not classified
1964,,,Not classified
1963,,,Not classified
1962,,,Not classified
1961,,,Not classified
1960,,,Not classified
2025,,OED,OECD members
2024,,OED,OECD members
2023,,OED,OECD members
2022,,OED,OECD members
2021,,OED,OECD members
2020,14.8380363213872,OED,OECD members
2019,13.6864487000325,OED,OECD members
2018,13.2024399046234,OED,OECD members
2017,12.7954391065077,OED,OECD members
2016,12.432384629223,OED,OECD members
2015,12.2611450949417,OED,OECD members
2014,12.1275743053496,OED,OECD members
2013,11.877535320146,OED,OECD members
2012,11.3823454495312,OED,OECD members
2011,10.9046224842115,OED,OECD members
2010,10.3743144709912,OED,OECD members
2009,10.1205121168934,OED,OECD members
2008,9.51078406141571,OED,OECD members
2007,9.008152485838,OED,OECD members
2006,8.75159229776806,OED,OECD members
2005,8.2750689008543,OED,OECD members
2004,7.99792720526407,OED,OECD members
2003,7.76822251221727,OED,OECD members
2002,7.48717816862848,OED,OECD members
2001,7.39910129078992,OED,OECD members
2000,7.75334126302278,OED,OECD members
1999,7.94488723313608,OED,OECD members
1998,7.47897452988038,OED,OECD members
1997,7.40490978151864,OED,OECD members
1996,7.49690665302804,OED,OECD members
1995,7.53037720554075,OED,OECD members
1994,7.21905538938641,OED,OECD members
1993,7.39950792493411,OED,OECD members
1992,7.4671506069542,OED,OECD members
1991,7.33502705013867,OED,OECD members
1990,7.21226230470798,OED,OECD members
1989,,OED,OECD members
1988,,OED,OECD members
1987,,OED,OECD members
1986,,OED,OECD members
1985,,OED,OECD members
1984,,OED,OECD members
1983,,OED,OECD members
1982,,OED,OECD members
1981,,OED,OECD members
1980,,OED,OECD members
1979,,OED,OECD members
1978,,OED,OECD members
1977,,OED,OECD members
1976,,OED,OECD members
1975,,OED,OECD members
1974,,OED,OECD members
1973,,OED,OECD members
1972,,OED,OECD members
1971,,OED,OECD members
1970,,OED,OECD members
1969,,OED,OECD members
1968,,OED,OECD members
1967,,OED,OECD members
1966,,OED,OECD members
1965,,OED,OECD members
1964,,OED,OECD members
1963,,OED,OECD members
1962,,OED,OECD members
1961,,OED,OECD members
1960,,OED,OECD members
2025,,OSS,Other small states
2024,,OSS,Other small states
2023,,OSS,Other small states
2022,,OSS,Other small states
2021,,OSS,Other small states
2020,45.4042214532872,OSS,Other small states
2019,42.3904707420726,OSS,Other small states
2018,42.3626099950191,OSS,Other small states
2017,41.4366535230585,OSS,Other small states
2016,42.1565383945673,OSS,Other small states
2015,42.5760198652004,OSS,Other small states
2014,41.5939404934688,OSS,Other small states
2013,41.1903048108704,OSS,Other small states
2012,40.7171691176471,OSS,Other small states
2011,40.4458062116422,OSS,Other small states
2010,40.1984612532443,OSS,Other small states
2009,39.4830543154762,OSS,Other small states
2008,36.1920582047686,OSS,Other small states
2007,34.3738268461259,OSS,Other small states
2006,33.1250047938639,OSS,Other small states
2005,34.9750106337729,OSS,Other small states
2004,34.4053686635945,OSS,Other small states
2003,34.679399243141,OSS,Other small states
2002,34.8973229496228,OSS,Other small states
2001,34.4060049627792,OSS,Other small states
2000,34.8842401021711,OSS,Other small states
1999,34.2259154203198,OSS,Other small states
1998,33.5170586714913,OSS,Other small states
1997,33.0027671022291,OSS,Other small states
1996,33.2301717305152,OSS,Other small states
1995,33.4118737890949,OSS,Other small states
1994,30.5070840197694,OSS,Other small states
1993,29.3073690109274,OSS,Other small states
1992,28.168347639485,OSS,Other small states
1991,23.4395771766311,OSS,Other small states
1990,23.8860747877954,OSS,Other small states
1989,,OSS,Other small states
1988,,OSS,Other small states
1987,,OSS,Other small states
1986,,OSS,Other small states
1985,,OSS,Other small states
1984,,OSS,Other small states
1983,,OSS,Other small states
1982,,OSS,Other small states
1981,,OSS,Other small states
1980,,OSS,Other small states
1979,,OSS,Other small states
1978,,OSS,Other small states
1977,,OSS,Other small states
1976,,OSS,Other small states
1975,,OSS,Other small states
1974,,OSS,Other small states
1973,,OSS,Other small states
1972,,OSS,Other small states
1971,,OSS,Other small states
1970,,OSS,Other small states
1969,,OSS,Other small states
1968,,OSS,Other small states
1967,,OSS,Other small states
1966,,OSS,Other small states
1965,,OSS,Other small states
1964,,OSS,Other small states
1963,,OSS,Other small states
1962,,OSS,Other small states
1961,,OSS,Other small states
1960,,OSS,Other small states
2025,,PSS,Pacific island small states
2024,,PSS,Pacific island small states
2023,,PSS,Pacific island small states
2022,,PSS,Pacific island small states
2021,,PSS,Pacific island small states
2020,29.425845410628,PSS,Pacific island small states
2019,27.3889848812095,PSS,Pacific island small states
2018,27.3537444933921,PSS,Pacific island small states
2017,28.9891402714932,PSS,Pacific island small states
2016,28.8504854368932,PSS,Pacific island small states
2015,31.3321759259259,PSS,Pacific island small states
2014,31.2214953271028,PSS,Pacific island small states
2013,31.0864532019704,PSS,Pacific island small states
2012,31.2037135278515,PSS,Pacific island small states
2011,31.4028947368421,PSS,Pacific island small states
2010,29.6785326086957,PSS,Pacific island small states
2009,34.7113372093023,PSS,Pacific island small states
2008,36.9616666666667,PSS,Pacific island small states
2007,34.2550368550369,PSS,Pacific island small states
2006,36.3674816625917,PSS,Pacific island small states
2005,37.4314960629921,PSS,Pacific island small states
2004,35.0321596244131,PSS,Pacific island small states
2003,37.7193798449612,PSS,Pacific island small states
2002,41.8976,PSS,Pacific island small states
2001,38.2140664961637,PSS,Pacific island small states
2000,43.3202099737533,PSS,Pacific island small states
1999,44.8256476683938,PSS,Pacific island small states
1998,39.6826086956522,PSS,Pacific island small states
1997,43.2370572207084,PSS,Pacific island small states
1996,46.7028277634961,PSS,Pacific island small states
1995,47.1890625,PSS,Pacific island small states
1994,50.3763358778626,PSS,Pacific island small states
1993,47.6801075268817,PSS,Pacific island small states
1992,47.1143250688705,PSS,Pacific island small states
1991,51.4216129032258,PSS,Pacific island small states
1990,52.8208333333333,PSS,Pacific island small states
1989,,PSS,Pacific island small states
1988,,PSS,Pacific island small states
1987,,PSS,Pacific island small states
1986,,PSS,Pacific island small states
1985,,PSS,Pacific island small states
1984,,PSS,Pacific island small states
1983,,PSS,Pacific island small states
1982,,PSS,Pacific island small states
1981,,PSS,Pacific island small states
1980,,PSS,Pacific island small states
1979,,PSS,Pacific island small states
1978,,PSS,Pacific island small states
1977,,PSS,Pacific island small states
1976,,PSS,Pacific island small states
1975,,PSS,Pacific island small states
1974,,PSS,Pacific island small states
1973,,PSS,Pacific island small states
1972,,PSS,Pacific island small states
1971,,PSS,Pacific island small states
1970,,PSS,Pacific island small states
1969,,PSS,Pacific island small states
1968,,PSS,Pacific island small states
1967,,PSS,Pacific island small states
1966,,PSS,Pacific island small states
1965,,PSS,Pacific island small states
1964,,PSS,Pacific island small states
1963,,PSS,Pacific island small states
1962,,PSS,Pacific island small states
1961,,PSS,Pacific island small states
1960,,PSS,Pacific island small states
2025,,PST,Post-demographic dividend
2024,,PST,Post-demographic dividend
2023,,PST,Post-demographic dividend
2022,,PST,Post-demographic dividend
2021,,PST,Post-demographic dividend
2020,14.4278548426441,PST,Post-demographic dividend
2019,13.2726556995631,PST,Post-demographic dividend
2018,12.8576178839564,PST,Post-demographic dividend
2017,12.4846381438532,PST,Post-demographic dividend
2016,12.0622071586832,PST,Post-demographic dividend
2015,11.8425604176608,PST,Post-demographic dividend
2014,11.6687849102506,PST,Post-demographic dividend
2013,11.3357713927499,PST,Post-demographic dividend
2012,10.855740352061,PST,Post-demographic dividend
2011,10.3374053454359,PST,Post-demographic dividend
2010,9.8170711241403,PST,Post-demographic dividend
2009,9.54731401320155,PST,Post-demographic dividend
2008,8.91292216843766,PST,Post-demographic dividend
2007,8.4238448802232,PST,Post-demographic dividend
2006,8.13944321805613,PST,Post-demographic dividend
2005,7.64178402819778,PST,Post-demographic dividend
2004,7.35660986404122,PST,Post-demographic dividend
2003,7.12597928148982,PST,Post-demographic dividend
2002,6.81403486435157,PST,Post-demographic dividend
2001,6.74933608767742,PST,Post-demographic dividend
2000,7.10318257512277,PST,Post-demographic dividend
1999,7.25532236811895,PST,Post-demographic dividend
1998,6.76351967447876,PST,Post-demographic dividend
1997,6.67169308827303,PST,Post-demographic dividend
1996,6.69588195046661,PST,Post-demographic dividend
1995,6.67730116013849,PST,Post-demographic dividend
1994,6.39081681625634,PST,Post-demographic dividend
1993,6.50343586324313,PST,Post-demographic dividend
1992,6.63265059915931,PST,Post-demographic dividend
1991,6.49893579420106,PST,Post-demographic dividend
1990,6.33660305156423,PST,Post-demographic dividend
1989,,PST,Post-demographic dividend
1988,,PST,Post-demographic dividend
1987,,PST,Post-demographic dividend
1986,,PST,Post-demographic dividend
1985,,PST,Post-demographic dividend
1984,,PST,Post-demographic dividend
1983,,PST,Post-demographic dividend
1982,,PST,Post-demographic dividend
1981,,PST,Post-demographic dividend
1980,,PST,Post-demographic dividend
1979,,PST,Post-demographic dividend
1978,,PST,Post-demographic dividend
1977,,PST,Post-demographic dividend
1976,,PST,Post-demographic dividend
1975,,PST,Post-demographic dividend
1974,,PST,Post-demographic dividend
1973,,PST,Post-demographic dividend
1972,,PST,Post-demographic dividend
1971,,PST,Post-demographic dividend
1970,,PST,Post-demographic dividend
1969,,PST,Post-demographic dividend
1968,,PST,Post-demographic dividend
1967,,PST,Post-demographic dividend
1966,,PST,Post-demographic dividend
1965,,PST,Post-demographic dividend
1964,,PST,Post-demographic dividend
1963,,PST,Post-demographic dividend
1962,,PST,Post-demographic dividend
1961,,PST,Post-demographic dividend
1960,,PST,Post-demographic dividend
2025,,PRE,Pre-demographic dividend
2024,,PRE,Pre-demographic dividend
2023,,PRE,Pre-demographic dividend
2022,,PRE,Pre-demographic dividend
2021,,PRE,Pre-demographic dividend
2020,73.3285283869645,PRE,Pre-demographic dividend
2019,71.4398709500275,PRE,Pre-demographic dividend
2018,71.906862473446,PRE,Pre-demographic dividend
2017,72.7571519329351,PRE,Pre-demographic dividend
2016,72.8428194718611,PRE,Pre-demographic dividend
2015,73.339891666412,PRE,Pre-demographic dividend
2014,72.7170196904253,PRE,Pre-demographic dividend
2013,72.2325804041222,PRE,Pre-demographic dividend
2012,73.1865442433771,PRE,Pre-demographic dividend
2011,74.6528191627611,PRE,Pre-demographic dividend
2010,75.7135622523074,PRE,Pre-demographic dividend
2009,77.5774660421546,PRE,Pre-demographic dividend
2008,77.0470225009081,PRE,Pre-demographic dividend
2007,77.9827883948906,PRE,Pre-demographic dividend
2006,78.1089116230743,PRE,Pre-demographic dividend
2005,78.0809457508779,PRE,Pre-demographic dividend
2004,77.9349317672905,PRE,Pre-demographic dividend
2003,78.5384429771645,PRE,Pre-demographic dividend
2002,77.7336427408946,PRE,Pre-demographic dividend
2001,77.5561547357465,PRE,Pre-demographic dividend
2000,78.3300233770905,PRE,Pre-demographic dividend
1999,79.1426120655608,PRE,Pre-demographic dividend
1998,79.2542556317962,PRE,Pre-demographic dividend
1997,78.3647221209438,PRE,Pre-demographic dividend
1996,78.9738225047206,PRE,Pre-demographic dividend
1995,79.3193081563145,PRE,Pre-demographic dividend
1994,79.1869329770026,PRE,Pre-demographic dividend
1993,78.4579539197218,PRE,Pre-demographic dividend
1992,77.7903871081782,PRE,Pre-demographic dividend
1991,79.6114488473848,PRE,Pre-demographic dividend
1990,78.2040910575174,PRE,Pre-demographic dividend
1989,,PRE,Pre-demographic dividend
1988,,PRE,Pre-demographic dividend
1987,,PRE,Pre-demographic dividend
1986,,PRE,Pre-demographic dividend
1985,,PRE,Pre-demographic dividend
1984,,PRE,Pre-demographic dividend
1983,,PRE,Pre-demographic dividend
1982,,PRE,Pre-demographic dividend
1981,,PRE,Pre-demographic dividend
1980,,PRE,Pre-demographic dividend
1979,,PRE,Pre-demographic dividend
1978,,PRE,Pre-demographic dividend
1977,,PRE,Pre-demographic dividend
1976,,PRE,Pre-demographic dividend
1975,,PRE,Pre-demographic dividend
1974,,PRE,Pre-demographic dividend
1973,,PRE,Pre-demographic dividend
1972,,PRE,Pre-demographic dividend
1971,,PRE,Pre-demographic dividend
1970,,PRE,Pre-demographic dividend
1969,,PRE,Pre-demographic dividend
1968,,PRE,Pre-demographic dividend
1967,,PRE,Pre-demographic dividend
1966,,PRE,Pre-demographic dividend
1965,,PRE,Pre-demographic dividend
1964,,PRE,Pre-demographic dividend
1963,,PRE,Pre-demographic dividend
1962,,PRE,Pre-demographic dividend
1961,,PRE,Pre-demographic dividend
1960,,PRE,Pre-demographic dividend
2025,,SST,Small states
2024,,SST,Small states
2023,,SST,Small states
2022,,SST,Small states
2021,,SST,Small states
2020,34.2609139465875,SST,Small states
2019,31.6559924886778,SST,Small states
2018,32.2826634877384,SST,Small states
2017,31.1677364093193,SST,Small states
2016,31.3734949541816,SST,Small states
2015,31.1755146888735,SST,Small states
2014,30.1999766218586,SST,Small states
2013,30.3387854927225,SST,Small states
2012,30.1846016646849,SST,Small states
2011,30.2495982731742,SST,Small states
2010,29.7265690627625,SST,Small states
2009,30.2776979308636,SST,Small states
2008,28.4953543493719,SST,Small states
2007,26.8431092436975,SST,Small states
2006,26.6335847609307,SST,Small states
2005,27.2333608360836,SST,Small states
2004,26.9271026682135,SST,Small states
2003,27.2502846868445,SST,Small states
2002,27.882881773399,SST,Small states
2001,27.0383106856084,SST,Small states
2000,28.0068348770361,SST,Small states
1999,28.0925963661063,SST,Small states
1998,27.4042516418942,SST,Small states
1997,27.8021445866482,SST,Small states
1996,28.4565566458519,SST,Small states
1995,28.7000931098696,SST,Small states
1994,27.3390033720495,SST,Small states
1993,26.7999609069586,SST,Small states
1992,25.8424070930013,SST,Small states
1991,22.5904537815126,SST,Small states
1990,23.6492794434322,SST,Small states
1989,,SST,Small states
1988,,SST,Small states
1987,,SST,Small states
1986,,SST,Small states
1985,,SST,Small states
1984,,SST,Small states
1983,,SST,Small states
1982,,SST,Small states
1981,,SST,Small states
1980,,SST,Small states
1979,,SST,Small states
1978,,SST,Small states
1977,,SST,Small states
1976,,SST,Small states
1975,,SST,Small states
1974,,SST,Small states
1973,,SST,Small states
1972,,SST,Small states
1971,,SST,Small states
1970,,SST,Small states
1969,,SST,Small states
1968,,SST,Small states
1967,,SST,Small states
1966,,SST,Small states
1965,,SST,Small states
1964,,SST,Small states
1963,,SST,Small states
1962,,SST,Small states
1961,,SST,Small states
1960,,SST,Small states
2025,,SAS,South Asia
2024,,SAS,South Asia
2023,,SAS,South Asia
2022,,SAS,South Asia
2021,,SAS,South Asia
2020,36.8864659122341,SAS,South Asia
2019,34.4293579877468,SAS,South Asia
2018,33.8834998158718,SAS,South Asia
2017,33.5888874710393,SAS,South Asia
2016,34.2074772429003,SAS,South Asia
2015,34.8834168535168,SAS,South Asia
2014,35.5096522398152,SAS,South Asia
2013,36.6107558472827,SAS,South Asia
2012,36.3851888844937,SAS,South Asia
2011,36.8092713088936,SAS,South Asia
2010,38.1566630116378,SAS,South Asia
2009,39.4741030953443,SAS,South Asia
2008,41.4480675621599,SAS,South Asia
2007,43.5322600697748,SAS,South Asia
2006,45.2453053396588,SAS,South Asia
2005,46.222419891066,SAS,South Asia
2004,46.9997926724521,SAS,South Asia
2003,47.6673480035601,SAS,South Asia
2002,47.9380788404799,SAS,South Asia
2001,49.1670993642818,SAS,South Asia
2000,49.1786444751449,SAS,South Asia
1999,49.2871539285803,SAS,South Asia
1998,50.1520740240766,SAS,South Asia
1997,50.0797835122965,SAS,South Asia
1996,51.2621451760216,SAS,South Asia
1995,51.8197161177282,SAS,South Asia
1994,52.9489181705338,SAS,South Asia
1993,54.0745773556611,SAS,South Asia
1992,54.1525020316944,SAS,South Asia
1991,54.6966064824886,SAS,South Asia
1990,55.6363722930754,SAS,South Asia
1989,,SAS,South Asia
1988,,SAS,South Asia
1987,,SAS,South Asia
1986,,SAS,South Asia
1985,,SAS,South Asia
1984,,SAS,South Asia
1983,,SAS,South Asia
1982,,SAS,South Asia
1981,,SAS,South Asia
1980,,SAS,South Asia
1979,,SAS,South Asia
1978,,SAS,South Asia
1977,,SAS,South Asia
1976,,SAS,South Asia
1975,,SAS,South Asia
1974,,SAS,South Asia
1973,,SAS,South Asia
1972,,SAS,South Asia
1971,,SAS,South Asia
1970,,SAS,South Asia
1969,,SAS,South Asia
1968,,SAS,South Asia
1967,,SAS,South Asia
1966,,SAS,South Asia
1965,,SAS,South Asia
1964,,SAS,South Asia
1963,,SAS,South Asia
1962,,SAS,South Asia
1961,,SAS,South Asia
1960,,SAS,South Asia
2025,,TSA,South Asia (IDA & IBRD)
2024,,TSA,South Asia (IDA & IBRD)
2023,,TSA,South Asia (IDA & IBRD)
2022,,TSA,South Asia (IDA & IBRD)
2021,,TSA,South Asia (IDA & IBRD)
2020,36.8864659122341,TSA,South Asia (IDA & IBRD)
2019,34.4293579877468,TSA,South Asia (IDA & IBRD)
2018,33.8834998158718,TSA,South Asia (IDA & IBRD)
2017,33.5888874710393,TSA,South Asia (IDA & IBRD)
2016,34.2074772429003,TSA,South Asia (IDA & IBRD)
2015,34.8834168535168,TSA,South Asia (IDA & IBRD)
2014,35.5096522398152,TSA,South Asia (IDA & IBRD)
2013,36.6107558472827,TSA,South Asia (IDA & IBRD)
2012,36.3851888844937,TSA,South Asia (IDA & IBRD)
2011,36.8092713088936,TSA,South Asia (IDA & IBRD)
2010,38.1566630116378,TSA,South Asia (IDA & IBRD)
2009,39.4741030953443,TSA,South Asia (IDA & IBRD)
2008,41.4480675621599,TSA,South Asia (IDA & IBRD)
2007,43.5322600697748,TSA,South Asia (IDA & IBRD)
2006,45.2453053396588,TSA,South Asia (IDA & IBRD)
2005,46.222419891066,TSA,South Asia (IDA & IBRD)
2004,46.9997926724521,TSA,South Asia (IDA & IBRD)
2003,47.6673480035601,TSA,South Asia (IDA & IBRD)
2002,47.9380788404799,TSA,South Asia (IDA & IBRD)
2001,49.1670993642818,TSA,South Asia (IDA & IBRD)
2000,49.1786444751449,TSA,South Asia (IDA & IBRD)
1999,49.2871539285803,TSA,South Asia (IDA & IBRD)
1998,50.1520740240766,TSA,South Asia (IDA & IBRD)
1997,50.0797835122965,TSA,South Asia (IDA & IBRD)
1996,51.2621451760216,TSA,South Asia (IDA & IBRD)
1995,51.8197161177282,TSA,South Asia (IDA & IBRD)
1994,52.9489181705338,TSA,South Asia (IDA & IBRD)
1993,54.0745773556611,TSA,South Asia (IDA & IBRD)
1992,54.1525020316944,TSA,South Asia (IDA & IBRD)
1991,54.6966064824886,TSA,South Asia (IDA & IBRD)
1990,55.6363722930754,TSA,South Asia (IDA & IBRD)
1989,,TSA,South Asia (IDA & IBRD)
1988,,TSA,South Asia (IDA & IBRD)
1987,,TSA,South Asia (IDA & IBRD)
1986,,TSA,South Asia (IDA & IBRD)
1985,,TSA,South Asia (IDA & IBRD)
1984,,TSA,South Asia (IDA & IBRD)
1983,,TSA,South Asia (IDA & IBRD)
1982,,TSA,South Asia (IDA & IBRD)
1981,,TSA,South Asia (IDA & IBRD)
1980,,TSA,South Asia (IDA & IBRD)
1979,,TSA,South Asia (IDA & IBRD)
1978,,TSA,South Asia (IDA & IBRD)
1977,,TSA,South Asia (IDA & IBRD)
1976,,TSA,South Asia (IDA & IBRD)
1975,,TSA,South Asia (IDA & IBRD)
1974,,TSA,South Asia (IDA & IBRD)
1973,,TSA,South Asia (IDA & IBRD)
1972,,TSA,South Asia (IDA & IBRD)
1971,,TSA,South Asia (IDA & IBRD)
1970,,TSA,South Asia (IDA & IBRD)
1969,,TSA,South Asia (IDA & IBRD)
1968,,TSA,South Asia (IDA & IBRD)
1967,,TSA,South Asia (IDA & IBRD)
1966,,TSA,South Asia (IDA & IBRD)
1965,,TSA,South Asia (IDA & IBRD)
1964,,TSA,South Asia (IDA & IBRD)
1963,,TSA,South Asia (IDA & IBRD)
1962,,TSA,South Asia (IDA & IBRD)
1961,,TSA,South Asia (IDA & IBRD)
1960,,TSA,South Asia (IDA & IBRD)
2025,,SSF,Sub-Saharan Africa
2024,,SSF,Sub-Saharan Africa
2023,,SSF,Sub-Saharan Africa
2022,,SSF,Sub-Saharan Africa
2021,,SSF,Sub-Saharan Africa
2020,70.2701133853785,SSF,Sub-Saharan Africa
2019,68.1693850218034,SSF,Sub-Saharan Africa
2018,67.6660713231228,SSF,Sub-Saharan Africa
2017,67.8175544668556,SSF,Sub-Saharan Africa
2016,67.9625238161754,SSF,Sub-Saharan Africa
2015,68.0255515815612,SSF,Sub-Saharan Africa
2014,67.6303707658131,SSF,Sub-Saharan Africa
2013,67.8510971013982,SSF,Sub-Saharan Africa
2012,68.9684304535012,SSF,Sub-Saharan Africa
2011,69.9549214765695,SSF,Sub-Saharan Africa
2010,70.5522525849335,SSF,Sub-Saharan Africa
2009,70.0369831155563,SSF,Sub-Saharan Africa
2008,69.9762964238958,SSF,Sub-Saharan Africa
2007,70.1100750427751,SSF,Sub-Saharan Africa
2006,70.6146202545352,SSF,Sub-Saharan Africa
2005,70.5237330831511,SSF,Sub-Saharan Africa
2004,70.8052521152658,SSF,Sub-Saharan Africa
2003,71.3143236451567,SSF,Sub-Saharan Africa
2002,72.0035422141919,SSF,Sub-Saharan Africa
2001,72.5205626381098,SSF,Sub-Saharan Africa
2000,72.6431059468747,SSF,Sub-Saharan Africa
1999,72.8010318142734,SSF,Sub-Saharan Africa
1998,72.2743605643929,SSF,Sub-Saharan Africa
1997,71.5890002468978,SSF,Sub-Saharan Africa
1996,72.4116833248631,SSF,Sub-Saharan Africa
1995,73.3062196050858,SSF,Sub-Saharan Africa
1994,73.6882287927643,SSF,Sub-Saharan Africa
1993,72.973559128037,SSF,Sub-Saharan Africa
1992,72.052987934556,SSF,Sub-Saharan Africa
1991,71.4000074927214,SSF,Sub-Saharan Africa
1990,70.7235942692161,SSF,Sub-Saharan Africa
1989,,SSF,Sub-Saharan Africa
1988,,SSF,Sub-Saharan Africa
1987,,SSF,Sub-Saharan Africa
1986,,SSF,Sub-Saharan Africa
1985,,SSF,Sub-Saharan Africa
1984,,SSF,Sub-Saharan Africa
1983,,SSF,Sub-Saharan Africa
1982,,SSF,Sub-Saharan Africa
1981,,SSF,Sub-Saharan Africa
1980,,SSF,Sub-Saharan Africa
1979,,SSF,Sub-Saharan Africa
1978,,SSF,Sub-Saharan Africa
1977,,SSF,Sub-Saharan Africa
1976,,SSF,Sub-Saharan Africa
1975,,SSF,Sub-Saharan Africa
1974,,SSF,Sub-Saharan Africa
1973,,SSF,Sub-Saharan Africa
1972,,SSF,Sub-Saharan Africa
1971,,SSF,Sub-Saharan Africa
1970,,SSF,Sub-Saharan Africa
1969,,SSF,Sub-Saharan Africa
1968,,SSF,Sub-Saharan Africa
1967,,SSF,Sub-Saharan Africa
1966,,SSF,Sub-Saharan Africa
1965,,SSF,Sub-Saharan Africa
1964,,SSF,Sub-Saharan Africa
1963,,SSF,Sub-Saharan Africa
1962,,SSF,Sub-Saharan Africa
1961,,SSF,Sub-Saharan Africa
1960,,SSF,Sub-Saharan Africa
2025,,SSA,Sub-Saharan Africa (excluding high income)
2024,,SSA,Sub-Saharan Africa (excluding high income)
2023,,SSA,Sub-Saharan Africa (excluding high income)
2022,,SSA,Sub-Saharan Africa (excluding high income)
2021,,SSA,Sub-Saharan Africa (excluding high income)
2020,70.2882962400544,SSA,Sub-Saharan Africa (excluding high income)
2019,68.1866925105485,SSA,Sub-Saharan Africa (excluding high income)
2018,67.6846305852535,SSA,Sub-Saharan Africa (excluding high income)
2017,67.8350236280696,SSA,Sub-Saharan Africa (excluding high income)
2016,67.9804339199785,SSA,Sub-Saharan Africa (excluding high income)
2015,68.0411125352474,SSA,Sub-Saharan Africa (excluding high income)
2014,67.6452011850627,SSA,Sub-Saharan Africa (excluding high income)
2013,67.8647317156227,SSA,Sub-Saharan Africa (excluding high income)
2012,68.9835488501321,SSA,Sub-Saharan Africa (excluding high income)
2011,69.9702399260792,SSA,Sub-Saharan Africa (excluding high income)
2010,70.5711431530206,SSA,Sub-Saharan Africa (excluding high income)
2009,70.0532751561439,SSA,Sub-Saharan Africa (excluding high income)
2008,69.991530551765,SSA,Sub-Saharan Africa (excluding high income)
2007,70.1243069363177,SSA,Sub-Saharan Africa (excluding high income)
2006,70.6297212213983,SSA,Sub-Saharan Africa (excluding high income)
2005,70.539680944605,SSA,Sub-Saharan Africa (excluding high income)
2004,70.8238972496108,SSA,Sub-Saharan Africa (excluding high income)
2003,71.3309731575453,SSA,Sub-Saharan Africa (excluding high income)
2002,72.0215987973285,SSA,Sub-Saharan Africa (excluding high income)
2001,72.5387265153447,SSA,Sub-Saharan Africa (excluding high income)
2000,72.6579257549061,SSA,Sub-Saharan Africa (excluding high income)
1999,72.8184789286153,SSA,Sub-Saharan Africa (excluding high income)
1998,72.2908084930423,SSA,Sub-Saharan Africa (excluding high income)
1997,71.6042539763841,SSA,Sub-Saharan Africa (excluding high income)
1996,72.4262030273364,SSA,Sub-Saharan Africa (excluding high income)
1995,73.317893246081,SSA,Sub-Saharan Africa (excluding high income)
1994,73.7011693237597,SSA,Sub-Saharan Africa (excluding high income)
1993,72.9851939347896,SSA,Sub-Saharan Africa (excluding high income)
1992,72.0638474417429,SSA,Sub-Saharan Africa (excluding high income)
1991,71.4109111541714,SSA,Sub-Saharan Africa (excluding high income)
1990,70.7330176960293,SSA,Sub-Saharan Africa (excluding high income)
1989,,SSA,Sub-Saharan Africa (excluding high income)
1988,,SSA,Sub-Saharan Africa (excluding high income)
1987,,SSA,Sub-Saharan Africa (excluding high income)
1986,,SSA,Sub-Saharan Africa (excluding high income)
1985,,SSA,Sub-Saharan Africa (excluding high income)
1984,,SSA,Sub-Saharan Africa (excluding high income)
1983,,SSA,Sub-Saharan Africa (excluding high income)
1982,,SSA,Sub-Saharan Africa (excluding high income)
1981,,SSA,Sub-Saharan Africa (excluding high income)
1980,,SSA,Sub-Saharan Africa (excluding high income)
1979,,SSA,Sub-Saharan Africa (excluding high income)
1978,,SSA,Sub-Saharan Africa (excluding high income)
1977,,SSA,Sub-Saharan Africa (excluding high income)
1976,,SSA,Sub-Saharan Africa (excluding high income)
1975,,SSA,Sub-Saharan Africa (excluding high income)
1974,,SSA,Sub-Saharan Africa (excluding high income)
1973,,SSA,Sub-Saharan Africa (excluding high income)
1972,,SSA,Sub-Saharan Africa (excluding high income)
1971,,SSA,Sub-Saharan Africa (excluding high income)
1970,,SSA,Sub-Saharan Africa (excluding high income)
1969,,SSA,Sub-Saharan Africa (excluding high income)
1968,,SSA,Sub-Saharan Africa (excluding high income)
1967,,SSA,Sub-Saharan Africa (excluding high income)
1966,,SSA,Sub-Saharan Africa (excluding high income)
1965,,SSA,Sub-Saharan Africa (excluding high income)
1964,,SSA,Sub-Saharan Africa (excluding high income)
1963,,SSA,Sub-Saharan Africa (excluding high income)
1962,,SSA,Sub-Saharan Africa (excluding high income)
1961,,SSA,Sub-Saharan Africa (excluding high income)
1960,,SSA,Sub-Saharan Africa (excluding high income)
2025,,TSS,Sub-Saharan Africa (IDA & IBRD countries)
2024,,TSS,Sub-Saharan Africa (IDA & IBRD countries)
2023,,TSS,Sub-Saharan Africa (IDA & IBRD countries)
2022,,TSS,Sub-Saharan Africa (IDA & IBRD countries)
2021,,TSS,Sub-Saharan Africa (IDA & IBRD countries)
2020,70.2701133853785,TSS,Sub-Saharan Africa (IDA & IBRD countries)
2019,68.1693850218034,TSS,Sub-Saharan Africa (IDA & IBRD countries)
2018,67.6660713231228,TSS,Sub-Saharan Africa (IDA & IBRD countries)
2017,67.8175544668556,TSS,Sub-Saharan Africa (IDA & IBRD countries)
2016,67.9625238161754,TSS,Sub-Saharan Africa (IDA & IBRD countries)
2015,68.0255515815612,TSS,Sub-Saharan Africa (IDA & IBRD countries)
2014,67.6303707658131,TSS,Sub-Saharan Africa (IDA & IBRD countries)
2013,67.8510971013982,TSS,Sub-Saharan Africa (IDA & IBRD countries)
2012,68.9684304535012,TSS,Sub-Saharan Africa (IDA & IBRD countries)
2011,69.9549214765695,TSS,Sub-Saharan Africa (IDA & IBRD countries)
2010,70.5522525849335,TSS,Sub-Saharan Africa (IDA & IBRD countries)
2009,70.0369831155563,TSS,Sub-Saharan Africa (IDA & IBRD countries)
2008,69.9762964238958,TSS,Sub-Saharan Africa (IDA & IBRD countries)
2007,70.1100750427751,TSS,Sub-Saharan Africa (IDA & IBRD countries)
2006,70.6146202545352,TSS,Sub-Saharan Africa (IDA & IBRD countries)
2005,70.5237330831511,TSS,Sub-Saharan Africa (IDA & IBRD countries)
2004,70.8052521152658,TSS,Sub-Saharan Africa (IDA & IBRD countries)
2003,71.3143236451567,TSS,Sub-Saharan Africa (IDA & IBRD countries)
2002,72.0035422141919,TSS,Sub-Saharan Africa (IDA & IBRD countries)
2001,72.5205626381098,TSS,Sub-Saharan Africa (IDA & IBRD countries)
2000,72.6431059468747,TSS,Sub-Saharan Africa (IDA & IBRD countries)
1999,72.8010318142734,TSS,Sub-Saharan Africa (IDA & IBRD countries)
1998,72.2743605643929,TSS,Sub-Saharan Africa (IDA & IBRD countries)
1997,71.5890002468978,TSS,Sub-Saharan Africa (IDA & IBRD countries)
1996,72.4116833248631,TSS,Sub-Saharan Africa (IDA & IBRD countries)
1995,73.3062196050858,TSS,Sub-Saharan Africa (IDA & IBRD countries)
1994,73.6882287927643,TSS,Sub-Saharan Africa (IDA & IBRD countries)
1993,72.973559128037,TSS,Sub-Saharan Africa (IDA & IBRD countries)
1992,72.052987934556,TSS,Sub-Saharan Africa (IDA & IBRD countries)
1991,71.4000074927214,TSS,Sub-Saharan Africa (IDA & IBRD countries)
1990,70.7235942692161,TSS,Sub-Saharan Africa (IDA & IBRD countries)
1989,,TSS,Sub-Saharan Africa (IDA & IBRD countries)
1988,,TSS,Sub-Saharan Africa (IDA & IBRD countries)
1987,,TSS,Sub-Saharan Africa (IDA & IBRD countries)
1986,,TSS,Sub-Saharan Africa (IDA & IBRD countries)
1985,,TSS,Sub-Saharan Africa (IDA & IBRD countries)
1984,,TSS,Sub-Saharan Africa (IDA & IBRD countries)
1983,,TSS,Sub-Saharan Africa (IDA & IBRD countries)
1982,,TSS,Sub-Saharan Africa (IDA & IBRD countries)
1981,,TSS,Sub-Saharan Africa (IDA & IBRD countries)
1980,,TSS,Sub-Saharan Africa (IDA & IBRD countries)
1979,,TSS,Sub-Saharan Africa (IDA & IBRD countries)
1978,,TSS,Sub-Saharan Africa (IDA & IBRD countries)
1977,,TSS,Sub-Saharan Africa (IDA & IBRD countries)
1976,,TSS,Sub-Saharan Africa (IDA & IBRD countries)
1975,,TSS,Sub-Saharan Africa (IDA & IBRD countries)
1974,,TSS,Sub-Saharan Africa (IDA & IBRD countries)
1973,,TSS,Sub-Saharan Africa (IDA & IBRD countries)
1972,,TSS,Sub-Saharan Africa (IDA & IBRD countries)
1971,,TSS,Sub-Saharan Africa (IDA & IBRD countries)
1970,,TSS,Sub-Saharan Africa (IDA & IBRD countries)
1969,,TSS,Sub-Saharan Africa (IDA & IBRD countries)
1968,,TSS,Sub-Saharan Africa (IDA & IBRD countries)
1967,,TSS,Sub-Saharan Africa (IDA & IBRD countries)
1966,,TSS,Sub-Saharan Africa (IDA & IBRD countries)
1965,,TSS,Sub-Saharan Africa (IDA & IBRD countries)
1964,,TSS,Sub-Saharan Africa (IDA & IBRD countries)
1963,,TSS,Sub-Saharan Africa (IDA & IBRD countries)
1962,,TSS,Sub-Saharan Africa (IDA & IBRD countries)
1961,,TSS,Sub-Saharan Africa (IDA & IBRD countries)
1960,,TSS,Sub-Saharan Africa (IDA & IBRD countries)
2025,,,Upper middle income
2024,,,Upper middle income
2023,,,Upper middle income
2022,,,Upper middle income
2021,,,Upper middle income
2020,16.8249228694968,,Upper middle income
2019,16.1357826998964,,Upper middle income
2018,15.6712129165035,,Upper middle income
2017,15.539599266802,,Upper middle income
2016,15.3003881820305,,Upper middle income
2015,14.9421101553882,,Upper middle income
2014,14.9878569564675,,Upper middle income
2013,14.8259845213021,,Upper middle income
2012,14.8921211502289,,Upper middle income
2011,15.0004347168825,,Upper middle income
2010,15.9607028363318,,Upper middle income
2009,16.7449802944781,,Upper middle income
2008,17.0472844154191,,Upper middle income
2007,17.4113372514321,,Upper middle income
2006,18.4133720116518,,Upper middle income
2005,19.0669566077847,,Upper middle income
2004,20.6160171177423,,Upper middle income
2003,22.6294498303193,,Upper middle income
2002,24.0836192480309,,Upper middle income
2001,24.6927361484976,,Upper middle income
2000,25.495511645025,,Upper middle income
1999,26.0539163908101,,Upper middle income
1998,25.762719077895,,Upper middle income
1997,25.6987367064598,,Upper middle income
1996,26.0769249981158,,Upper middle income
1995,25.8761397276495,,Upper middle income
1994,26.7879467312423,,Upper middle income
1993,26.7827042015212,,Upper middle income
1992,26.7313026741984,,Upper middle income
1991,26.4994167869638,,Upper middle income
1990,26.843723306189,,Upper middle income
1989,,,Upper middle income
1988,,,Upper middle income
1987,,,Upper middle income
1986,,,Upper middle income
1985,,,Upper middle income
1984,,,Upper middle income
1983,,,Upper middle income
1982,,,Upper middle income
1981,,,Upper middle income
1980,,,Upper middle income
1979,,,Upper middle income
1978,,,Upper middle income
1977,,,Upper middle income
1976,,,Upper middle income
1975,,,Upper middle income
1974,,,Upper middle income
1973,,,Upper middle income
1972,,,Upper middle income
1971,,,Upper middle income
1970,,,Upper middle income
1969,,,Upper middle income
1968,,,Upper middle income
1967,,,Upper middle income
1966,,,Upper middle income
1965,,,Upper middle income
1964,,,Upper middle income
1963,,,Upper middle income
1962,,,Upper middle income
1961,,,Upper middle income
1960,,,Upper middle income
2025,,WLD,World
2024,,WLD,World
2023,,WLD,World
2022,,WLD,World
2021,,WLD,World
2020,19.7355641050053,WLD,World
2019,18.5751641385934,WLD,World
2018,18.1052270747944,WLD,World
2017,17.8541835016377,WLD,World
2016,17.6281084915531,WLD,World
2015,17.4035082673572,WLD,World
2014,17.3299951573821,WLD,World
2013,17.1692464159295,WLD,World
2012,16.8962150785112,WLD,World
2011,16.6987205578704,WLD,World
2010,16.7414815095897,WLD,World
2009,17.0654993607187,WLD,World
2008,16.6569817886533,WLD,World
2007,16.5374660334277,WLD,World
2006,16.7290772224366,WLD,World
2005,16.6370993331808,WLD,World
2004,16.7834791518651,WLD,World
2003,17.067470633117,WLD,World
2002,17.2206557859887,WLD,World
2001,17.2141012541802,WLD,World
2000,17.5262813966932,WLD,World
1999,17.8778259194218,WLD,World
1998,17.6182879337665,WLD,World
1997,17.4743432804444,WLD,World
1996,17.4450890685685,WLD,World
1995,17.4243468135946,WLD,World
1994,17.3572712155107,WLD,World
1993,17.2074395489013,WLD,World
1992,17.1858871999502,WLD,World
1991,16.8275092292776,WLD,World
1990,16.6761728451138,WLD,World
1989,,WLD,World
1988,,WLD,World
1987,,WLD,World
1986,,WLD,World
1985,,WLD,World
1984,,WLD,World
1983,,WLD,World
1982,,WLD,World
1981,,WLD,World
1980,,WLD,World
1979,,WLD,World
1978,,WLD,World
1977,,WLD,World
1976,,WLD,World
1975,,WLD,World
1974,,WLD,World
1973,,WLD,World
1972,,WLD,World
1971,,WLD,World
1970,,WLD,World
1969,,WLD,World
1968,,WLD,World
1967,,WLD,World
1966,,WLD,World
1965,,WLD,World
1964,,WLD,World
1963,,WLD,World
1962,,WLD,World
1961,,WLD,World
1960,,WLD,World
2025,,AFG,Afghanistan
2024,,AFG,Afghanistan
2023,,AFG,Afghanistan
2022,20.0,AFG,Afghanistan
2021,20.0,AFG,Afghanistan
2020,18.2,AFG,Afghanistan
2019,18.9,AFG,Afghanistan
2018,18.3,AFG,Afghanistan
2017,19.5,AFG,Afghanistan
2016,20.2,AFG,Afghanistan
2015,17.7,AFG,Afghanistan
2014,19.1,AFG,Afghanistan
2013,16.9,AFG,Afghanistan
2012,15.4,AFG,Afghanistan
2011,12.6,AFG,Afghanistan
2010,15.2,AFG,Afghanistan
2009,16.5,AFG,Afghanistan
2008,21.2,AFG,Afghanistan
2007,28.8,AFG,Afghanistan
2006,31.9,AFG,Afghanistan
2005,33.9,AFG,Afghanistan
2004,44.2,AFG,Afghanistan
2003,36.7,AFG,Afghanistan
2002,37.8,AFG,Afghanistan
2001,45.6,AFG,Afghanistan
2000,45.0,AFG,Afghanistan
1999,43.4,AFG,Afghanistan
1998,38.0,AFG,Afghanistan
1997,36.4,AFG,Afghanistan
1996,33.9,AFG,Afghanistan
1995,31.8,AFG,Afghanistan
1994,30.1,AFG,Afghanistan
1993,28.5,AFG,Afghanistan
1992,27.4,AFG,Afghanistan
1991,23.7,AFG,Afghanistan
1990,23.0,AFG,Afghanistan
1989,,AFG,Afghanistan
1988,,AFG,Afghanistan
1987,,AFG,Afghanistan
1986,,AFG,Afghanistan
1985,,AFG,Afghanistan
1984,,AFG,Afghanistan
1983,,AFG,Afghanistan
1982,,AFG,Afghanistan
1981,,AFG,Afghanistan
1980,,AFG,Afghanistan
1979,,AFG,Afghanistan
1978,,AFG,Afghanistan
1977,,AFG,Afghanistan
1976,,AFG,Afghanistan
1975,,AFG,Afghanistan
1974,,AFG,Afghanistan
1973,,AFG,Afghanistan
1972,,AFG,Afghanistan
1971,,AFG,Afghanistan
1970,,AFG,Afghanistan
1969,,AFG,Afghanistan
1968,,AFG,Afghanistan
1967,,AFG,Afghanistan
1966,,AFG,Afghanistan
1965,,AFG,Afghanistan
1964,,AFG,Afghanistan
1963,,AFG,Afghanistan
1962,,AFG,Afghanistan
1961,,AFG,Afghanistan
1960,,AFG,Afghanistan
2025,,ALB,Albania
2024,,ALB,Albania
2023,,ALB,Albania
2022,,ALB,Albania
2021,41.9,ALB,Albania
2020,44.4,ALB,Albania
2019,40.1,ALB,Albania
2018,37.8,ALB,Albania
2017,36.9,ALB,Albania
2016,39.4,ALB,Albania
2015,38.5,ALB,Albania
2014,38.6,ALB,Albania
2013,41.1,ALB,Albania
2012,39.9,ALB,Albania
2011,35.8,ALB,Albania
2010,37.0,ALB,Albania
2009,37.1,ALB,Albania
2008,35.8,ALB,Albania
2007,32.0,ALB,Albania
2006,31.6,ALB,Albania
2005,36.8,ALB,Albania
2004,35.8,ALB,Albania
2003,33.7,ALB,Albania
2002,35.8,ALB,Albania
2001,39.0,ALB,Albania
2000,41.4,ALB,Albania
1999,42.6,ALB,Albania
1998,49.9,ALB,Albania
1997,55.9,ALB,Albania
1996,51.6,ALB,Albania
1995,50.6,ALB,Albania
1994,51.4,ALB,Albania
1993,51.1,ALB,Albania
1992,46.8,ALB,Albania
1991,33.0,ALB,Albania
1990,25.5,ALB,Albania
1989,,ALB,Albania
1988,,ALB,Albania
1987,,ALB,Albania
1986,,ALB,Albania
1985,,ALB,Albania
1984,,ALB,Albania
1983,,ALB,Albania
1982,,ALB,Albania
1981,,ALB,Albania
1980,,ALB,Albania
1979,,ALB,Albania
1978,,ALB,Albania
1977,,ALB,Albania
1976,,ALB,Albania
1975,,ALB,Albania
1974,,ALB,Albania
1973,,ALB,Albania
1972,,ALB,Albania
1971,,ALB,Albania
1970,,ALB,Albania
1969,,ALB,Albania
1968,,ALB,Albania
1967,,ALB,Albania
1966,,ALB,Albania
1965,,ALB,Albania
1964,,ALB,Albania
1963,,ALB,Albania
1962,,ALB,Albania
1961,,ALB,Albania
1960,,ALB,Albania
2025,,DZA,Algeria
2024,,DZA,Algeria
2023,,DZA,Algeria
2022,,DZA,Algeria
2021,0.1,DZA,Algeria
2020,0.1,DZA,Algeria
2019,0.2,DZA,Algeria
2018,0.2,DZA,Algeria
2017,0.1,DZA,Algeria
2016,0.1,DZA,Algeria
2015,0.1,DZA,Algeria
2014,0.1,DZA,Algeria
2013,0.1,DZA,Algeria
2012,0.2,DZA,Algeria
2011,0.2,DZA,Algeria
2010,0.3,DZA,Algeria
2009,0.3,DZA,Algeria
2008,0.3,DZA,Algeria
2007,0.4,DZA,Algeria
2006,0.4,DZA,Algeria
2005,0.6,DZA,Algeria
2004,0.4,DZA,Algeria
2003,0.5,DZA,Algeria
2002,0.5,DZA,Algeria
2001,0.4,DZA,Algeria
2000,0.4,DZA,Algeria
1999,0.5,DZA,Algeria
1998,0.5,DZA,Algeria
1997,0.5,DZA,Algeria
1996,0.4,DZA,Algeria
1995,0.4,DZA,Algeria
1994,0.4,DZA,Algeria
1993,0.5,DZA,Algeria
1992,0.3,DZA,Algeria
1991,0.3,DZA,Algeria
1990,0.2,DZA,Algeria
1989,,DZA,Algeria
1988,,DZA,Algeria
1987,,DZA,Algeria
1986,,DZA,Algeria
1985,,DZA,Algeria
1984,,DZA,Algeria
1983,,DZA,Algeria
1982,,DZA,Algeria
1981,,DZA,Algeria
1980,,DZA,Algeria
1979,,DZA,Algeria
1978,,DZA,Algeria
1977,,DZA,Algeria
1976,,DZA,Algeria
1975,,DZA,Algeria
1974,,DZA,Algeria
1973,,DZA,Algeria
1972,,DZA,Algeria
1971,,DZA,Algeria
1970,,DZA,Algeria
1969,,DZA,Algeria
1968,,DZA,Algeria
1967,,DZA,Algeria
1966,,DZA,Algeria
1965,,DZA,Algeria
1964,,DZA,Algeria
1963,,DZA,Algeria
1962,,DZA,Algeria
1961,,DZA,Algeria
1960,,DZA,Algeria
2025,,ASM,American Samoa
2024,,ASM,American Samoa
2023,,ASM,American Samoa
2022,0.4,ASM,American Samoa
2021,0.4,ASM,American Samoa
2020,0.4,ASM,American Samoa
2019,0.4,ASM,American Samoa
2018,0.3,ASM,American Samoa
2017,0.3,ASM,American Samoa
2016,0.2,ASM,American Samoa
2015,0.2,ASM,American Samoa
2014,0.2,ASM,American Samoa
2013,0.2,ASM,American Samoa
2012,0.1,ASM,American Samoa
2011,0.0,ASM,American Samoa
2010,0.0,ASM,American Samoa
2009,0.0,ASM,American Samoa
2008,0.0,ASM,American Samoa
2007,0.0,ASM,American Samoa
2006,0.0,ASM,American Samoa
2005,0.0,ASM,American Samoa
2004,0.0,ASM,American Samoa
2003,0.0,ASM,American Samoa
2002,0.0,ASM,American Samoa
2001,0.0,ASM,American Samoa
2000,0.0,ASM,American Samoa
1999,0.0,ASM,American Samoa
1998,0.0,ASM,American Samoa
1997,0.0,ASM,American Samoa
1996,0.0,ASM,American Samoa
1995,0.0,ASM,American Samoa
1994,0.0,ASM,American Samoa
1993,0.0,ASM,American Samoa
1992,0.0,ASM,American Samoa
1991,0.0,ASM,American Samoa
1990,0.0,ASM,American Samoa
1989,,ASM,American Samoa
1988,,ASM,American Samoa
1987,,ASM,American Samoa
1986,,ASM,American Samoa
1985,,ASM,American Samoa
1984,,ASM,American Samoa
1983,,ASM,American Samoa
1982,,ASM,American Samoa
1981,,ASM,American Samoa
1980,,ASM,American Samoa
1979,,ASM,American Samoa
1978,,ASM,American Samoa
1977,,ASM,American Samoa
1976,,ASM,American Samoa
1975,,ASM,American Samoa
1974,,ASM,American Samoa
1973,,ASM,American Samoa
1972,,ASM,American Samoa
1971,,ASM,American Samoa
1970,,ASM,American Samoa
1969,,ASM,American Samoa
1968,,ASM,American Samoa
1967,,ASM,American Samoa
1966,,ASM,American Samoa
1965,,ASM,American Samoa
1964,,ASM,American Samoa
1963,,ASM,American Samoa
1962,,ASM,American Samoa
1961,,ASM,American Samoa
1960,,ASM,American Samoa
2025,,AND,Andorra
2024,,AND,Andorra
2023,,AND,Andorra
2022,18.7,AND,Andorra
2021,18.4,AND,Andorra
2020,20.9,AND,Andorra
2019,17.2,AND,Andorra
2018,17.6,AND,Andorra
2017,18.0,AND,Andorra
2016,18.9,AND,Andorra
2015,19.0,AND,Andorra
2014,19.4,AND,Andorra
2013,19.1,AND,Andorra
2012,18.8,AND,Andorra
2011,18.6,AND,Andorra
2010,18.7,AND,Andorra
2009,17.1,AND,Andorra
2008,17.0,AND,Andorra
2007,16.6,AND,Andorra
2006,17.6,AND,Andorra
2005,16.6,AND,Andorra
2004,16.6,AND,Andorra
2003,16.5,AND,Andorra
2002,15.8,AND,Andorra
2001,15.4,AND,Andorra
2000,14.5,AND,Andorra
1999,14.3,AND,Andorra
1998,14.2,AND,Andorra
1997,14.0,AND,Andorra
1996,13.9,AND,Andorra
1995,14.3,AND,Andorra
1994,14.4,AND,Andorra
1993,13.7,AND,Andorra
1992,14.1,AND,Andorra
1991,14.1,AND,Andorra
1990,14.1,AND,Andorra
1989,,AND,Andorra
1988,,AND,Andorra
1987,,AND,Andorra
1986,,AND,Andorra
1985,,AND,Andorra
1984,,AND,Andorra
1983,,AND,Andorra
1982,,AND,Andorra
1981,,AND,Andorra
1980,,AND,Andorra
1979,,AND,Andorra
1978,,AND,Andorra
1977,,AND,Andorra
1976,,AND,Andorra
1975,,AND,Andorra
1974,,AND,Andorra
1973,,AND,Andorra
1972,,AND,Andorra
1971,,AND,Andorra
1970,,AND,Andorra
1969,,AND,Andorra
1968,,AND,Andorra
1967,,AND,Andorra
1966,,AND,Andorra
1965,,AND,Andorra
1964,,AND,Andorra
1963,,AND,Andorra
1962,,AND,Andorra
1961,,AND,Andorra
1960,,AND,Andorra
2025,,AGO,Angola
2024,,AGO,Angola
2023,,AGO,Angola
2022,,AGO,Angola
2021,52.9,AGO,Angola
2020,60.1,AGO,Angola
2019,51.0,AGO,Angola
2018,52.5,AGO,Angola
2017,52.5,AGO,Angola
2016,48.1,AGO,Angola
2015,47.1,AGO,Angola
2014,47.5,AGO,Angola
2013,46.8,AGO,Angola
2012,49.0,AGO,Angola
2011,51.7,AGO,Angola
2010,53.1,AGO,Angola
2009,53.0,AGO,Angola
2008,55.4,AGO,Angola
2007,58.9,AGO,Angola
2006,62.6,AGO,Angola
2005,68.9,AGO,Angola
2004,62.3,AGO,Angola
2003,65.6,AGO,Angola
2002,70.8,AGO,Angola
2001,72.8,AGO,Angola
2000,73.8,AGO,Angola
1999,72.8,AGO,Angola
1998,76.4,AGO,Angola
1997,73.4,AGO,Angola
1996,72.9,AGO,Angola
1995,73.8,AGO,Angola
1994,72.2,AGO,Angola
1993,71.3,AGO,Angola
1992,72.7,AGO,Angola
1991,71.9,AGO,Angola
1990,72.3,AGO,Angola
1989,,AGO,Angola
1988,,AGO,Angola
1987,,AGO,Angola
1986,,AGO,Angola
1985,,AGO,Angola
1984,,AGO,Angola
1983,,AGO,Angola
1982,,AGO,Angola
1981,,AGO,Angola
1980,,AGO,Angola
1979,,AGO,Angola
1978,,AGO,Angola
1977,,AGO,Angola
1976,,AGO,Angola
1975,,AGO,Angola
1974,,AGO,Angola
1973,,AGO,Angola
1972,,AGO,Angola
1971,,AGO,Angola
1970,,AGO,Angola
1969,,AGO,Angola
1968,,AGO,Angola
1967,,AGO,Angola
1966,,AGO,Angola
1965,,AGO,Angola
1964,,AGO,Angola
1963,,AGO,Angola
1962,,AGO,Angola
1961,,AGO,Angola
1960,,AGO,Angola
2025,,ATG,Antigua and Barbuda
2024,,ATG,Antigua and Barbuda
2023,,ATG,Antigua and Barbuda
2022,0.9,ATG,Antigua and Barbuda
2021,0.9,ATG,Antigua and Barbuda
2020,0.9,ATG,Antigua and Barbuda
2019,0.7,ATG,Antigua and Barbuda
2018,0.7,ATG,Antigua and Barbuda
2017,0.4,ATG,Antigua and Barbuda
2016,0.4,ATG,Antigua and Barbuda
2015,0.4,ATG,Antigua and Barbuda
2014,0.1,ATG,Antigua and Barbuda
2013,0.1,ATG,Antigua and Barbuda
2012,0.1,ATG,Antigua and Barbuda
2011,0.1,ATG,Antigua and Barbuda
2010,0.0,ATG,Antigua and Barbuda
2009,0.0,ATG,Antigua and Barbuda
2008,0.0,ATG,Antigua and Barbuda
2007,0.0,ATG,Antigua and Barbuda
2006,0.0,ATG,Antigua and Barbuda
2005,0.0,ATG,Antigua and Barbuda
2004,0.0,ATG,Antigua and Barbuda
2003,0.0,ATG,Antigua and Barbuda
2002,0.0,ATG,Antigua and Barbuda
2001,0.0,ATG,Antigua and Barbuda
2000,0.0,ATG,Antigua and Barbuda
1999,0.0,ATG,Antigua and Barbuda
1998,0.0,ATG,Antigua and Barbuda
1997,0.0,ATG,Antigua and Barbuda
1996,0.0,ATG,Antigua and Barbuda
1995,0.0,ATG,Antigua and Barbuda
1994,0.0,ATG,Antigua and Barbuda
1993,0.0,ATG,Antigua and Barbuda
1992,0.0,ATG,Antigua and Barbuda
1991,0.0,ATG,Antigua and Barbuda
1990,0.0,ATG,Antigua and Barbuda
1989,,ATG,Antigua and Barbuda
1988,,ATG,Antigua and Barbuda
1987,,ATG,Antigua and Barbuda
1986,,ATG,Antigua and Barbuda
1985,,ATG,Antigua and Barbuda
1984,,ATG,Antigua and Barbuda
1983,,ATG,Antigua and Barbuda
1982,,ATG,Antigua and Barbuda
1981,,ATG,Antigua and Barbuda
1980,,ATG,Antigua and Barbuda
1979,,ATG,Antigua and Barbuda
1978,,ATG,Antigua and Barbuda
1977,,ATG,Antigua and Barbuda
1976,,ATG,Antigua and Barbuda
1975,,ATG,Antigua and Barbuda
1974,,ATG,Antigua and Barbuda
1973,,ATG,Antigua and Barbuda
1972,,ATG,Antigua and Barbuda
1971,,ATG,Antigua and Barbuda
1970,,ATG,Antigua and Barbuda
1969,,ATG,Antigua and Barbuda
1968,,ATG,Antigua and Barbuda
1967,,ATG,Antigua and Barbuda
1966,,ATG,Antigua and Barbuda
1965,,ATG,Antigua and Barbuda
1964,,ATG,Antigua and Barbuda
1963,,ATG,Antigua and Barbuda
1962,,ATG,Antigua and Barbuda
1961,,ATG,Antigua and Barbuda
1960,,ATG,Antigua and Barbuda
2025,,ARG,Argentina
2024,,ARG,Argentina
2023,,ARG,Argentina
2022,,ARG,Argentina
2021,9.2,ARG,Argentina
2020,9.8,ARG,Argentina
2019,10.7,ARG,Argentina
2018,10.5,ARG,Argentina
2017,10.4,ARG,Argentina
2016,9.4,ARG,Argentina
2015,9.4,ARG,Argentina
2014,9.8,ARG,Argentina
2013,8.9,ARG,Argentina
2012,8.6,ARG,Argentina
2011,8.8,ARG,Argentina
2010,8.8,ARG,Argentina
2009,8.6,ARG,Argentina
2008,7.7,ARG,Argentina
2007,7.7,ARG,Argentina
2006,9.2,ARG,Argentina
2005,9.6,ARG,Argentina
2004,9.3,ARG,Argentina
2003,10.8,ARG,Argentina
2002,11.6,ARG,Argentina
2001,11.5,ARG,Argentina
2000,9.8,ARG,Argentina
1999,8.8,ARG,Argentina
1998,9.6,ARG,Argentina
1997,9.7,ARG,Argentina
1996,8.6,ARG,Argentina
1995,10.2,ARG,Argentina
1994,10.0,ARG,Argentina
1993,9.7,ARG,Argentina
1992,9.0,ARG,Argentina
1991,8.4,ARG,Argentina
1990,8.6,ARG,Argentina
1989,,ARG,Argentina
1988,,ARG,Argentina
1987,,ARG,Argentina
1986,,ARG,Argentina
1985,,ARG,Argentina
1984,,ARG,Argentina
1983,,ARG,Argentina
1982,,ARG,Argentina
1981,,ARG,Argentina
1980,,ARG,Argentina
1979,,ARG,Argentina
1978,,ARG,Argentina
1977,,ARG,Argentina
1976,,ARG,Argentina
1975,,ARG,Argentina
1974,,ARG,Argentina
1973,,ARG,Argentina
1972,,ARG,Argentina
1971,,ARG,Argentina
1970,,ARG,Argentina
1969,,ARG,Argentina
1968,,ARG,Argentina
1967,,ARG,Argentina
1966,,ARG,Argentina
1965,,ARG,Argentina
1964,,ARG,Argentina
1963,,ARG,Argentina
1962,,ARG,Argentina
1961,,ARG,Argentina
1960,,ARG,Argentina
2025,,ARM,Armenia
2024,,ARM,Armenia
2023,,ARM,Armenia
2022,,ARM,Armenia
2021,9.1,ARM,Armenia
2020,8.4,ARM,Armenia
2019,10.3,ARM,Armenia
2018,11.1,ARM,Armenia
2017,12.6,ARM,Armenia
2016,13.2,ARM,Armenia
2015,10.7,ARM,Armenia
2014,7.1,ARM,Armenia
2013,6.8,ARM,Armenia
2012,6.6,ARM,Armenia
2011,8.0,ARM,Armenia
2010,9.4,ARM,Armenia
2009,7.8,ARM,Armenia
2008,6.4,ARM,Armenia
2007,7.0,ARM,Armenia
2006,7.7,ARM,Armenia
2005,6.5,ARM,Armenia
2004,8.7,ARM,Armenia
2003,9.8,ARM,Armenia
2002,8.9,ARM,Armenia
2001,5.4,ARM,Armenia
2000,7.2,ARM,Armenia
1999,8.4,ARM,Armenia
1998,9.4,ARM,Armenia
1997,10.1,ARM,Armenia
1996,12.5,ARM,Armenia
1995,9.3,ARM,Armenia
1994,17.8,ARM,Armenia
1993,12.9,ARM,Armenia
1992,6.7,ARM,Armenia
1991,2.3,ARM,Armenia
1990,2.1,ARM,Armenia
1989,,ARM,Armenia
1988,,ARM,Armenia
1987,,ARM,Armenia
1986,,ARM,Armenia
1985,,ARM,Armenia
1984,,ARM,Armenia
1983,,ARM,Armenia
1982,,ARM,Armenia
1981,,ARM,Armenia
1980,,ARM,Armenia
1979,,ARM,Armenia
1978,,ARM,Armenia
1977,,ARM,Armenia
1976,,ARM,Armenia
1975,,ARM,Armenia
1974,,ARM,Armenia
1973,,ARM,Armenia
1972,,ARM,Armenia
1971,,ARM,Armenia
1970,,ARM,Armenia
1969,,ARM,Armenia
1968,,ARM,Armenia
1967,,ARM,Armenia
1966,,ARM,Armenia
1965,,ARM,Armenia
1964,,ARM,Armenia
1963,,ARM,Armenia
1962,,ARM,Armenia
1961,,ARM,Armenia
1960,,ARM,Armenia
2025,,ABW,Aruba
2024,,ABW,Aruba
2023,,ABW,Aruba
2022,8.8,ABW,Aruba
2021,8.8,ABW,Aruba
2020,9.1,ABW,Aruba
2019,8.3,ABW,Aruba
2018,8.6,ABW,Aruba
2017,6.8,ABW,Aruba
2016,7.0,ABW,Aruba
2015,6.7,ABW,Aruba
2014,6.9,ABW,Aruba
2013,6.9,ABW,Aruba
2012,6.9,ABW,Aruba
2011,5.7,ABW,Aruba
2010,5.5,ABW,Aruba
2009,0.3,ABW,Aruba
2008,0.2,ABW,Aruba
2007,0.2,ABW,Aruba
2006,0.2,ABW,Aruba
2005,0.2,ABW,Aruba
2004,0.2,ABW,Aruba
2003,0.2,ABW,Aruba
2002,0.2,ABW,Aruba
2001,0.2,ABW,Aruba
2000,0.2,ABW,Aruba
1999,0.2,ABW,Aruba
1998,0.2,ABW,Aruba
1997,0.2,ABW,Aruba
1996,0.2,ABW,Aruba
1995,0.2,ABW,Aruba
1994,0.2,ABW,Aruba
1993,0.2,ABW,Aruba
1992,0.2,ABW,Aruba
1991,0.2,ABW,Aruba
1990,0.3,ABW,Aruba
1989,,ABW,Aruba
1988,,ABW,Aruba
1987,,ABW,Aruba
1986,,ABW,Aruba
1985,,ABW,Aruba
1984,,ABW,Aruba
1983,,ABW,Aruba
1982,,ABW,Aruba
1981,,ABW,Aruba
1980,,ABW,Aruba
1979,,ABW,Aruba
1978,,ABW,Aruba
1977,,ABW,Aruba
1976,,ABW,Aruba
1975,,ABW,Aruba
1974,,ABW,Aruba
1973,,ABW,Aruba
1972,,ABW,Aruba
1971,,ABW,Aruba
1970,,ABW,Aruba
1969,,ABW,Aruba
1968,,ABW,Aruba
1967,,ABW,Aruba
1966,,ABW,Aruba
1965,,ABW,Aruba
1964,,ABW,Aruba
1963,,ABW,Aruba
1962,,ABW,Aruba
1961,,ABW,Aruba
1960,,ABW,Aruba
2025,,AUS,Australia
2024,,AUS,Australia
2023,,AUS,Australia
2022,,AUS,Australia
2021,12.3,AUS,Australia
2020,11.2,AUS,Australia
2019,10.3,AUS,Australia
2018,9.8,AUS,Australia
2017,9.9,AUS,Australia
2016,9.6,AUS,Australia
2015,9.4,AUS,Australia
2014,9.3,AUS,Australia
2013,9.2,AUS,Australia
2012,8.3,AUS,Australia
2011,8.3,AUS,Australia
2010,8.2,AUS,Australia
2009,7.1,AUS,Australia
2008,6.8,AUS,Australia
2007,7.0,AUS,Australia
2006,6.8,AUS,Australia
2005,6.7,AUS,Australia
2004,6.7,AUS,Australia
2003,7.2,AUS,Australia
2002,8.7,AUS,Australia
2001,8.4,AUS,Australia
2000,8.4,AUS,Australia
1999,8.5,AUS,Australia
1998,8.6,AUS,Australia
1997,9.1,AUS,Australia
1996,8.9,AUS,Australia
1995,8.2,AUS,Australia
1994,8.3,AUS,Australia
1993,8.6,AUS,Australia
1992,7.5,AUS,Australia
1991,8.2,AUS,Australia
1990,8.0,AUS,Australia
1989,,AUS,Australia
1988,,AUS,Australia
1987,,AUS,Australia
1986,,AUS,Australia
1985,,AUS,Australia
1984,,AUS,Australia
1983,,AUS,Australia
1982,,AUS,Australia
1981,,AUS,Australia
1980,,AUS,Australia
1979,,AUS,Australia
1978,,AUS,Australia
1977,,AUS,Australia
1976,,AUS,Australia
1975,,AUS,Australia
1974,,AUS,Australia
1973,,AUS,Australia
1972,,AUS,Australia
1971,,AUS,Australia
1970,,AUS,Australia
1969,,AUS,Australia
1968,,AUS,Australia
1967,,AUS,Australia
1966,,AUS,Australia
1965,,AUS,Australia
1964,,AUS,Australia
1963,,AUS,Australia
1962,,AUS,Australia
1961,,AUS,Australia
1960,,AUS,Australia
2025,,AUT,Austria
2024,,AUT,Austria
2023,,AUT,Austria
2022,,AUT,Austria
2021,36.0,AUT,Austria
2020,35.8,AUT,Austria
2019,34.0,AUT,Austria
2018,34.1,AUT,Austria
2017,34.0,AUT,Austria
2016,34.6,AUT,Austria
2015,34.8,AUT,Austria
2014,35.7,AUT,Austria
2013,34.6,AUT,Austria
2012,34.4,AUT,Austria
2011,31.6,AUT,Austria
2010,31.1,AUT,Austria
2009,31.3,AUT,Austria
2008,29.7,AUT,Austria
2007,29.0,AUT,Austria
2006,26.6,AUT,Austria
2005,24.4,AUT,Austria
2004,23.2,AUT,Austria
2003,22.6,AUT,Austria
2002,24.7,AUT,Austria
2001,25.5,AUT,Austria
2000,26.4,AUT,Austria
1999,26.5,AUT,Austria
1998,24.5,AUT,Austria
1997,24.9,AUT,Austria
1996,24.1,AUT,Austria
1995,25.7,AUT,Austria
1994,25.7,AUT,Austria
1993,26.4,AUT,Austria
1992,26.2,AUT,Austria
1991,24.5,AUT,Austria
1990,25.2,AUT,Austria
1989,,AUT,Austria
1988,,AUT,Austria
1987,,AUT,Austria
1986,,AUT,Austria
1985,,AUT,Austria
1984,,AUT,Austria
1983,,AUT,Austria
1982,,AUT,Austria
1981,,AUT,Austria
1980,,AUT,Austria
1979,,AUT,Austria
1978,,AUT,Austria
1977,,AUT,Austria
1976,,AUT,Austria
1975,,AUT,Austria
1974,,AUT,Austria
1973,,AUT,Austria
1972,,AUT,Austria
1971,,AUT,Austria
1970,,AUT,Austria
1969,,AUT,Austria
1968,,AUT,Austria
1967,,AUT,Austria
1966,,AUT,Austria
1965,,AUT,Austria
1964,,AUT,Austria
1963,,AUT,Austria
1962,,AUT,Austria
1961,,AUT,Austria
1960,,AUT,Austria
2025,,AZE,Azerbaijan
2024,,AZE,Azerbaijan
2023,,AZE,Azerbaijan
2022,,AZE,Azerbaijan
2021,1.3,AZE,Azerbaijan
2020,1.3,AZE,Azerbaijan
2019,1.7,AZE,Azerbaijan
2018,1.9,AZE,Azerbaijan
2017,1.9,AZE,Azerbaijan
2016,1.9,AZE,Azerbaijan
2015,2.3,AZE,Azerbaijan
2014,2.1,AZE,Azerbaijan
2013,2.5,AZE,Azerbaijan
2012,2.8,AZE,Azerbaijan
2011,3.5,AZE,Azerbaijan
2010,4.4,AZE,Azerbaijan
2009,3.3,AZE,Azerbaijan
2008,3.1,AZE,Azerbaijan
2007,3.8,AZE,Azerbaijan
2006,2.9,AZE,Azerbaijan
2005,3.4,AZE,Azerbaijan
2004,3.1,AZE,Azerbaijan
2003,2.9,AZE,Azerbaijan
2002,2.4,AZE,Azerbaijan
2001,1.8,AZE,Azerbaijan
2000,2.1,AZE,Azerbaijan
1999,2.1,AZE,Azerbaijan
1998,2.5,AZE,Azerbaijan
1997,2.0,AZE,Azerbaijan
1996,1.7,AZE,Azerbaijan
1995,1.4,AZE,Azerbaijan
1994,1.5,AZE,Azerbaijan
1993,2.0,AZE,Azerbaijan
1992,1.2,AZE,Azerbaijan
1991,0.8,AZE,Azerbaijan
1990,0.7,AZE,Azerbaijan
1989,,AZE,Azerbaijan
1988,,AZE,Azerbaijan
1987,,AZE,Azerbaijan
1986,,AZE,Azerbaijan
1985,,AZE,Azerbaijan
1984,,AZE,Azerbaijan
1983,,AZE,Azerbaijan
1982,,AZE,Azerbaijan
1981,,AZE,Azerbaijan
1980,,AZE,Azerbaijan
1979,,AZE,Azerbaijan
1978,,AZE,Azerbaijan
1977,,AZE,Azerbaijan
1976,,AZE,Azerbaijan
1975,,AZE,Azerbaijan
1974,,AZE,Azerbaijan
1973,,AZE,Azerbaijan
1972,,AZE,Azerbaijan
1971,,AZE,Azerbaijan
1970,,AZE,Azerbaijan
1969,,AZE,Azerbaijan
1968,,AZE,Azerbaijan
1967,,AZE,Azerbaijan
1966,,AZE,Azerbaijan
1965,,AZE,Azerbaijan
1964,,AZE,Azerbaijan
1963,,AZE,Azerbaijan
1962,,AZE,Azerbaijan
1961,,AZE,Azerbaijan
1960,,AZE,Azerbaijan
2025,,BHS,"Bahamas, The"
2024,,BHS,"Bahamas, The"
2023,,BHS,"Bahamas, The"
2022,1.1,BHS,"Bahamas, The"
2021,1.1,BHS,"Bahamas, The"
2020,1.4,BHS,"Bahamas, The"
2019,1.1,BHS,"Bahamas, The"
2018,1.1,BHS,"Bahamas, The"
2017,1.1,BHS,"Bahamas, The"
2016,1.2,BHS,"Bahamas, The"
2015,1.4,BHS,"Bahamas, The"
2014,1.4,BHS,"Bahamas, The"
2013,1.4,BHS,"Bahamas, The"
2012,1.4,BHS,"Bahamas, The"
2011,1.4,BHS,"Bahamas, The"
2010,1.3,BHS,"Bahamas, The"
2009,1.5,BHS,"Bahamas, The"
2008,2.0,BHS,"Bahamas, The"
2007,3.5,BHS,"Bahamas, The"
2006,2.0,BHS,"Bahamas, The"
2005,1.7,BHS,"Bahamas, The"
2004,1.6,BHS,"Bahamas, The"
2003,1.5,BHS,"Bahamas, The"
2002,0.4,BHS,"Bahamas, The"
2001,0.4,BHS,"Bahamas, The"
2000,0.0,BHS,"Bahamas, The"
1999,0.0,BHS,"Bahamas, The"
1998,0.0,BHS,"Bahamas, The"
1997,0.0,BHS,"Bahamas, The"
1996,0.0,BHS,"Bahamas, The"
1995,0.0,BHS,"Bahamas, The"
1994,0.0,BHS,"Bahamas, The"
1993,0.0,BHS,"Bahamas, The"
1992,0.0,BHS,"Bahamas, The"
1991,0.0,BHS,"Bahamas, The"
1990,0.0,BHS,"Bahamas, The"
1989,,BHS,"Bahamas, The"
1988,,BHS,"Bahamas, The"
1987,,BHS,"Bahamas, The"
1986,,BHS,"Bahamas, The"
1985,,BHS,"Bahamas, The"
1984,,BHS,"Bahamas, The"
1983,,BHS,"Bahamas, The"
1982,,BHS,"Bahamas, The"
1981,,BHS,"Bahamas, The"
1980,,BHS,"Bahamas, The"
1979,,BHS,"Bahamas, The"
1978,,BHS,"Bahamas, The"
1977,,BHS,"Bahamas, The"
1976,,BHS,"Bahamas, The"
1975,,BHS,"Bahamas, The"
1974,,BHS,"Bahamas, The"
1973,,BHS,"Bahamas, The"
1972,,BHS,"Bahamas, The"
1971,,BHS,"Bahamas, The"
1970,,BHS,"Bahamas, The"
1969,,BHS,"Bahamas, The"
1968,,BHS,"Bahamas, The"
1967,,BHS,"Bahamas, The"
1966,,BHS,"Bahamas, The"
1965,,BHS,"Bahamas, The"
1964,,BHS,"Bahamas, The"
1963,,BHS,"Bahamas, The"
1962,,BHS,"Bahamas, The"
1961,,BHS,"Bahamas, The"
1960,,BHS,"Bahamas, The"
2025,,BHR,Bahrain
2024,,BHR,Bahrain
2023,,BHR,Bahrain
2022,,BHR,Bahrain
2021,0.0,BHR,Bahrain
2020,0.0,BHR,Bahrain
2019,0.0,BHR,Bahrain
2018,0.0,BHR,Bahrain
2017,0.0,BHR,Bahrain
2016,0.0,BHR,Bahrain
2015,0.0,BHR,Bahrain
2014,0.0,BHR,Bahrain
2013,0.0,BHR,Bahrain
2012,0.0,BHR,Bahrain
2011,0.0,BHR,Bahrain
2010,0.0,BHR,Bahrain
2009,0.0,BHR,Bahrain
2008,0.0,BHR,Bahrain
2007,0.0,BHR,Bahrain
2006,0.0,BHR,Bahrain
2005,0.0,BHR,Bahrain
2004,0.0,BHR,Bahrain
2003,0.0,BHR,Bahrain
2002,0.0,BHR,Bahrain
2001,0.0,BHR,Bahrain
2000,0.0,BHR,Bahrain
1999,0.0,BHR,Bahrain
1998,0.0,BHR,Bahrain
1997,0.0,BHR,Bahrain
1996,0.0,BHR,Bahrain
1995,0.0,BHR,Bahrain
1994,0.0,BHR,Bahrain
1993,0.0,BHR,Bahrain
1992,0.0,BHR,Bahrain
1991,0.0,BHR,Bahrain
1990,0.0,BHR,Bahrain
1989,,BHR,Bahrain
1988,,BHR,Bahrain
1987,,BHR,Bahrain
1986,,BHR,Bahrain
1985,,BHR,Bahrain
1984,,BHR,Bahrain
1983,,BHR,Bahrain
1982,,BHR,Bahrain
1981,,BHR,Bahrain
1980,,BHR,Bahrain
1979,,BHR,Bahrain
1978,,BHR,Bahrain
1977,,BHR,Bahrain
1976,,BHR,Bahrain
1975,,BHR,Bahrain
1974,,BHR,Bahrain
1973,,BHR,Bahrain
1972,,BHR,Bahrain
1971,,BHR,Bahrain
1970,,BHR,Bahrain
1969,,BHR,Bahrain
1968,,BHR,Bahrain
1967,,BHR,Bahrain
1966,,BHR,Bahrain
1965,,BHR,Bahrain
1964,,BHR,Bahrain
1963,,BHR,Bahrain
1962,,BHR,Bahrain
1961,,BHR,Bahrain
1960,,BHR,Bahrain
2025,,BGD,Bangladesh
2024,,BGD,Bangladesh
2023,,BGD,Bangladesh
2022,,BGD,Bangladesh
2021,25.0,BGD,Bangladesh
2020,27.2,BGD,Bangladesh
2019,26.1,BGD,Bangladesh
2018,27.0,BGD,Bangladesh
2017,28.1,BGD,Bangladesh
2016,30.2,BGD,Bangladesh
2015,33.1,BGD,Bangladesh
2014,35.4,BGD,Bangladesh
2013,37.0,BGD,Bangladesh
2012,37.3,BGD,Bangladesh
2011,38.4,BGD,Bangladesh
2010,40.3,BGD,Bangladesh
2009,43.1,BGD,Bangladesh
2008,45.2,BGD,Bangladesh
2007,47.2,BGD,Bangladesh
2006,48.6,BGD,Bangladesh
2005,50.6,BGD,Bangladesh
2004,52.0,BGD,Bangladesh
2003,52.6,BGD,Bangladesh
2002,54.4,BGD,Bangladesh
2001,55.9,BGD,Bangladesh
2000,60.2,BGD,Bangladesh
1999,60.5,BGD,Bangladesh
1998,60.2,BGD,Bangladesh
1997,60.0,BGD,Bangladesh
1996,62.1,BGD,Bangladesh
1995,63.8,BGD,Bangladesh
1994,69.0,BGD,Bangladesh
1993,70.5,BGD,Bangladesh
1992,71.6,BGD,Bangladesh
1991,73.1,BGD,Bangladesh
1990,71.7,BGD,Bangladesh
1989,,BGD,Bangladesh
1988,,BGD,Bangladesh
1987,,BGD,Bangladesh
1986,,BGD,Bangladesh
1985,,BGD,Bangladesh
1984,,BGD,Bangladesh
1983,,BGD,Bangladesh
1982,,BGD,Bangladesh
1981,,BGD,Bangladesh
1980,,BGD,Bangladesh
1979,,BGD,Bangladesh
1978,,BGD,Bangladesh
1977,,BGD,Bangladesh
1976,,BGD,Bangladesh
1975,,BGD,Bangladesh
1974,,BGD,Bangladesh
1973,,BGD,Bangladesh
1972,,BGD,Bangladesh
1971,,BGD,Bangladesh
1970,,BGD,Bangladesh
1969,,BGD,Bangladesh
1968,,BGD,Bangladesh
1967,,BGD,Bangladesh
1966,,BGD,Bangladesh
1965,,BGD,Bangladesh
1964,,BGD,Bangladesh
1963,,BGD,Bangladesh
1962,,BGD,Bangladesh
1961,,BGD,Bangladesh
1960,,BGD,Bangladesh
2025,,BRB,Barbados
2024,,BRB,Barbados
2023,,BRB,Barbados
2022,5.5,BRB,Barbados
2021,5.5,BRB,Barbados
2020,4.7,BRB,Barbados
2019,3.4,BRB,Barbados
2018,4.9,BRB,Barbados
2017,4.3,BRB,Barbados
2016,2.8,BRB,Barbados
2015,3.0,BRB,Barbados
2014,3.0,BRB,Barbados
2013,3.1,BRB,Barbados
2012,3.8,BRB,Barbados
2011,4.1,BRB,Barbados
2010,8.2,BRB,Barbados
2009,8.5,BRB,Barbados
2008,7.6,BRB,Barbados
2007,8.6,BRB,Barbados
2006,8.8,BRB,Barbados
2005,8.7,BRB,Barbados
2004,8.7,BRB,Barbados
2003,8.6,BRB,Barbados
2002,9.8,BRB,Barbados
2001,10.8,BRB,Barbados
2000,11.9,BRB,Barbados
1999,11.3,BRB,Barbados
1998,10.6,BRB,Barbados
1997,14.3,BRB,Barbados
1996,15.2,BRB,Barbados
1995,14.4,BRB,Barbados
1994,13.8,BRB,Barbados
1993,14.2,BRB,Barbados
1992,15.7,BRB,Barbados
1991,16.9,BRB,Barbados
1990,17.5,BRB,Barbados
1989,,BRB,Barbados
1988,,BRB,Barbados
1987,,BRB,Barbados
1986,,BRB,Barbados
1985,,BRB,Barbados
1984,,BRB,Barbados
1983,,BRB,Barbados
1982,,BRB,Barbados
1981,,BRB,Barbados
1980,,BRB,Barbados
1979,,BRB,Barbados
1978,,BRB,Barbados
1977,,BRB,Barbados
1976,,BRB,Barbados
1975,,BRB,Barbados
1974,,BRB,Barbados
1973,,BRB,Barbados
1972,,BRB,Barbados
1971,,BRB,Barbados
1970,,BRB,Barbados
1969,,BRB,Barbados
1968,,BRB,Barbados
1967,,BRB,Barbados
1966,,BRB,Barbados
1965,,BRB,Barbados
1964,,BRB,Barbados
1963,,BRB,Barbados
1962,,BRB,Barbados
1961,,BRB,Barbados
1960,,BRB,Barbados
2025,,BLR,Belarus
2024,,BLR,Belarus
2023,,BLR,Belarus
2022,,BLR,Belarus
2021,8.2,BLR,Belarus
2020,8.4,BLR,Belarus
2019,7.8,BLR,Belarus
2018,7.2,BLR,Belarus
2017,7.3,BLR,Belarus
2016,6.7,BLR,Belarus
2015,6.8,BLR,Belarus
2014,6.7,BLR,Belarus
2013,7.0,BLR,Belarus
2012,7.2,BLR,Belarus
2011,7.5,BLR,Belarus
2010,7.3,BLR,Belarus
2009,7.4,BLR,Belarus
2008,7.1,BLR,Belarus
2007,7.3,BLR,Belarus
2006,7.2,BLR,Belarus
2005,6.8,BLR,Belarus
2004,6.3,BLR,Belarus
2003,6.2,BLR,Belarus
2002,6.5,BLR,Belarus
2001,6.3,BLR,Belarus
2000,5.7,BLR,Belarus
1999,4.5,BLR,Belarus
1998,4.1,BLR,Belarus
1997,3.8,BLR,Belarus
1996,3.5,BLR,Belarus
1995,2.8,BLR,Belarus
1994,2.3,BLR,Belarus
1993,1.4,BLR,Belarus
1992,1.2,BLR,Belarus
1991,1.0,BLR,Belarus
1990,0.9,BLR,Belarus
1989,,BLR,Belarus
1988,,BLR,Belarus
1987,,BLR,Belarus
1986,,BLR,Belarus
1985,,BLR,Belarus
1984,,BLR,Belarus
1983,,BLR,Belarus
1982,,BLR,Belarus
1981,,BLR,Belarus
1980,,BLR,Belarus
1979,,BLR,Belarus
1978,,BLR,Belarus
1977,,BLR,Belarus
1976,,BLR,Belarus
1975,,BLR,Belarus
1974,,BLR,Belarus
1973,,BLR,Belarus
1972,,BLR,Belarus
1971,,BLR,Belarus
1970,,BLR,Belarus
1969,,BLR,Belarus
1968,,BLR,Belarus
1967,,BLR,Belarus
1966,,BLR,Belarus
1965,,BLR,Belarus
1964,,BLR,Belarus
1963,,BLR,Belarus
1962,,BLR,Belarus
1961,,BLR,Belarus
1960,,BLR,Belarus
2025,,BEL,Belgium
2024,,BEL,Belgium
2023,,BEL,Belgium
2022,,BEL,Belgium
2021,11.7,BEL,Belgium
2020,12.3,BEL,Belgium
2019,10.2,BEL,Belgium
2018,10.7,BEL,Belgium
2017,9.7,BEL,Belgium
2016,9.2,BEL,Belgium
2015,9.4,BEL,Belgium
2014,9.1,BEL,Belgium
2013,8.3,BEL,Belgium
2012,7.7,BEL,Belgium
2011,6.7,BEL,Belgium
2010,6.2,BEL,Belgium
2009,4.9,BEL,Belgium
2008,4.0,BEL,Belgium
2007,3.4,BEL,Belgium
2006,2.9,BEL,Belgium
2005,2.5,BEL,Belgium
2004,2.0,BEL,Belgium
2003,1.9,BEL,Belgium
2002,1.7,BEL,Belgium
2001,1.6,BEL,Belgium
2000,1.4,BEL,Belgium
1999,1.4,BEL,Belgium
1998,1.3,BEL,Belgium
1997,1.1,BEL,Belgium
1996,1.2,BEL,Belgium
1995,1.3,BEL,Belgium
1994,0.9,BEL,Belgium
1993,1.0,BEL,Belgium
1992,1.2,BEL,Belgium
1991,1.2,BEL,Belgium
1990,1.3,BEL,Belgium
1989,,BEL,Belgium
1988,,BEL,Belgium
1987,,BEL,Belgium
1986,,BEL,Belgium
1985,,BEL,Belgium
1984,,BEL,Belgium
1983,,BEL,Belgium
1982,,BEL,Belgium
1981,,BEL,Belgium
1980,,BEL,Belgium
1979,,BEL,Belgium
1978,,BEL,Belgium
1977,,BEL,Belgium
1976,,BEL,Belgium
1975,,BEL,Belgium
1974,,BEL,Belgium
1973,,BEL,Belgium
1972,,BEL,Belgium
1971,,BEL,Belgium
1970,,BEL,Belgium
1969,,BEL,Belgium
1968,,BEL,Belgium
1967,,BEL,Belgium
1966,,BEL,Belgium
1965,,BEL,Belgium
1964,,BEL,Belgium
1963,,BEL,Belgium
1962,,BEL,Belgium
1961,,BEL,Belgium
1960,,BEL,Belgium
2025,,BLZ,Belize
2024,,BLZ,Belize
2023,,BLZ,Belize
2022,30.8,BLZ,Belize
2021,26.6,BLZ,Belize
2020,31.4,BLZ,Belize
2019,30.4,BLZ,Belize
2018,35.5,BLZ,Belize
2017,37.2,BLZ,Belize
2016,33.3,BLZ,Belize
2015,30.3,BLZ,Belize
2014,37.4,BLZ,Belize
2013,38.0,BLZ,Belize
2012,47.9,BLZ,Belize
2011,42.2,BLZ,Belize
2010,29.4,BLZ,Belize
2009,25.1,BLZ,Belize
2008,29.8,BLZ,Belize
2007,28.0,BLZ,Belize
2006,32.7,BLZ,Belize
2005,25.6,BLZ,Belize
2004,26.3,BLZ,Belize
2003,24.4,BLZ,Belize
2002,25.7,BLZ,Belize
2001,23.9,BLZ,Belize
2000,34.5,BLZ,Belize
1999,35.9,BLZ,Belize
1998,35.3,BLZ,Belize
1997,36.7,BLZ,Belize
1996,42.7,BLZ,Belize
1995,34.9,BLZ,Belize
1994,34.1,BLZ,Belize
1993,35.6,BLZ,Belize
1992,36.3,BLZ,Belize
1991,32.4,BLZ,Belize
1990,38.0,BLZ,Belize
1989,,BLZ,Belize
1988,,BLZ,Belize
1987,,BLZ,Belize
1986,,BLZ,Belize
1985,,BLZ,Belize
1984,,BLZ,Belize
1983,,BLZ,Belize
1982,,BLZ,Belize
1981,,BLZ,Belize
1980,,BLZ,Belize
1979,,BLZ,Belize
1978,,BLZ,Belize
1977,,BLZ,Belize
1976,,BLZ,Belize
1975,,BLZ,Belize
1974,,BLZ,Belize
1973,,BLZ,Belize
1972,,BLZ,Belize
1971,,BLZ,Belize
1970,,BLZ,Belize
1969,,BLZ,Belize
1968,,BLZ,Belize
1967,,BLZ,Belize
1966,,BLZ,Belize
1965,,BLZ,Belize
1964,,BLZ,Belize
1963,,BLZ,Belize
1962,,BLZ,Belize
1961,,BLZ,Belize
1960,,BLZ,Belize
2025,,BEN,Benin
2024,,BEN,Benin
2023,,BEN,Benin
2022,,BEN,Benin
2021,54.5,BEN,Benin
2020,46.2,BEN,Benin
2019,46.5,BEN,Benin
2018,44.0,BEN,Benin
2017,45.4,BEN,Benin
2016,45.4,BEN,Benin
2015,49.9,BEN,Benin
2014,51.0,BEN,Benin
2013,52.0,BEN,Benin
2012,50.3,BEN,Benin
2011,48.7,BEN,Benin
2010,47.2,BEN,Benin
2009,52.8,BEN,Benin
2008,54.8,BEN,Benin
2007,54.5,BEN,Benin
2006,57.3,BEN,Benin
2005,59.2,BEN,Benin
2004,60.7,BEN,Benin
2003,61.7,BEN,Benin
2002,64.0,BEN,Benin
2001,66.9,BEN,Benin
2000,70.3,BEN,Benin
1999,76.9,BEN,Benin
1998,79.6,BEN,Benin
1997,80.6,BEN,Benin
1996,84.2,BEN,Benin
1995,94.8,BEN,Benin
1994,95.0,BEN,Benin
1993,95.0,BEN,Benin
1992,94.8,BEN,Benin
1991,95.0,BEN,Benin
1990,93.7,BEN,Benin
1989,,BEN,Benin
1988,,BEN,Benin
1987,,BEN,Benin
1986,,BEN,Benin
1985,,BEN,Benin
1984,,BEN,Benin
1983,,BEN,Benin
1982,,BEN,Benin
1981,,BEN,Benin
1980,,BEN,Benin
1979,,BEN,Benin
1978,,BEN,Benin
1977,,BEN,Benin
1976,,BEN,Benin
1975,,BEN,Benin
1974,,BEN,Benin
1973,,BEN,Benin
1972,,BEN,Benin
1971,,BEN,Benin
1970,,BEN,Benin
1969,,BEN,Benin
1968,,BEN,Benin
1967,,BEN,Benin
1966,,BEN,Benin
1965,,BEN,Benin
1964,,BEN,Benin
1963,,BEN,Benin
1962,,BEN,Benin
1961,,BEN,Benin
1960,,BEN,Benin
2025,,BMU,Bermuda
2024,,BMU,Bermuda
2023,,BMU,Bermuda
2022,0.9,BMU,Bermuda
2021,0.9,BMU,Bermuda
2020,0.9,BMU,Bermuda
2019,0.8,BMU,Bermuda
2018,0.7,BMU,Bermuda
2017,0.6,BMU,Bermuda
2016,1.1,BMU,Bermuda
2015,0.6,BMU,Bermuda
2014,0.4,BMU,Bermuda
2013,1.5,BMU,Bermuda
2012,0.4,BMU,Bermuda
2011,0.4,BMU,Bermuda
2010,0.4,BMU,Bermuda
2009,0.4,BMU,Bermuda
2008,0.5,BMU,Bermuda
2007,0.5,BMU,Bermuda
2006,0.4,BMU,Bermuda
2005,0.5,BMU,Bermuda
2004,0.5,BMU,Bermuda
2003,0.5,BMU,Bermuda
2002,0.5,BMU,Bermuda
2001,0.5,BMU,Bermuda
2000,0.5,BMU,Bermuda
1999,0.5,BMU,Bermuda
1998,0.4,BMU,Bermuda
1997,0.4,BMU,Bermuda
1996,0.4,BMU,Bermuda
1995,0.3,BMU,Bermuda
1994,0.0,BMU,Bermuda
1993,0.0,BMU,Bermuda
1992,0.0,BMU,Bermuda
1991,0.0,BMU,Bermuda
1990,0.0,BMU,Bermuda
1989,,BMU,Bermuda
1988,,BMU,Bermuda
1987,,BMU,Bermuda
1986,,BMU,Bermuda
1985,,BMU,Bermuda
1984,,BMU,Bermuda
1983,,BMU,Bermuda
1982,,BMU,Bermuda
1981,,BMU,Bermuda
1980,,BMU,Bermuda
1979,,BMU,Bermuda
1978,,BMU,Bermuda
1977,,BMU,Bermuda
1976,,BMU,Bermuda
1975,,BMU,Bermuda
1974,,BMU,Bermuda
1973,,BMU,Bermuda
1972,,BMU,Bermuda
1971,,BMU,Bermuda
1970,,BMU,Bermuda
1969,,BMU,Bermuda
1968,,BMU,Bermuda
1967,,BMU,Bermuda
1966,,BMU,Bermuda
1965,,BMU,Bermuda
1964,,BMU,Bermuda
1963,,BMU,Bermuda
1962,,BMU,Bermuda
1961,,BMU,Bermuda
1960,,BMU,Bermuda
2025,,BTN,Bhutan
2024,,BTN,Bhutan
2023,,BTN,Bhutan
2022,82.5,BTN,Bhutan
2021,81.8,BTN,Bhutan
2020,83.9,BTN,Bhutan
2019,81.0,BTN,Bhutan
2018,80.0,BTN,Bhutan
2017,79.7,BTN,Bhutan
2016,80.8,BTN,Bhutan
2015,81.6,BTN,Bhutan
2014,82.1,BTN,Bhutan
2013,81.7,BTN,Bhutan
2012,82.8,BTN,Bhutan
2011,84.9,BTN,Bhutan
2010,84.8,BTN,Bhutan
2009,87.8,BTN,Bhutan
2008,87.8,BTN,Bhutan
2007,92.0,BTN,Bhutan
2006,91.6,BTN,Bhutan
2005,88.7,BTN,Bhutan
2004,90.9,BTN,Bhutan
2003,89.7,BTN,Bhutan
2002,89.7,BTN,Bhutan
2001,90.2,BTN,Bhutan
2000,91.4,BTN,Bhutan
1999,91.6,BTN,Bhutan
1998,91.5,BTN,Bhutan
1997,91.3,BTN,Bhutan
1996,93.2,BTN,Bhutan
1995,94.4,BTN,Bhutan
1994,95.3,BTN,Bhutan
1993,95.9,BTN,Bhutan
1992,95.3,BTN,Bhutan
1991,95.9,BTN,Bhutan
1990,95.9,BTN,Bhutan
1989,,BTN,Bhutan
1988,,BTN,Bhutan
1987,,BTN,Bhutan
1986,,BTN,Bhutan
1985,,BTN,Bhutan
1984,,BTN,Bhutan
1983,,BTN,Bhutan
1982,,BTN,Bhutan
1981,,BTN,Bhutan
1980,,BTN,Bhutan
1979,,BTN,Bhutan
1978,,BTN,Bhutan
1977,,BTN,Bhutan
1976,,BTN,Bhutan
1975,,BTN,Bhutan
1974,,BTN,Bhutan
1973,,BTN,Bhutan
1972,,BTN,Bhutan
1971,,BTN,Bhutan
1970,,BTN,Bhutan
1969,,BTN,Bhutan
1968,,BTN,Bhutan
1967,,BTN,Bhutan
1966,,BTN,Bhutan
1965,,BTN,Bhutan
1964,,BTN,Bhutan
1963,,BTN,Bhutan
1962,,BTN,Bhutan
1961,,BTN,Bhutan
1960,,BTN,Bhutan
2025,,BOL,Bolivia
2024,,BOL,Bolivia
2023,,BOL,Bolivia
2022,,BOL,Bolivia
2021,12.8,BOL,Bolivia
2020,16.9,BOL,Bolivia
2019,13.5,BOL,Bolivia
2018,14.3,BOL,Bolivia
2017,14.3,BOL,Bolivia
2016,13.6,BOL,Bolivia
2015,14.2,BOL,Bolivia
2014,15.0,BOL,Bolivia
2013,16.0,BOL,Bolivia
2012,17.4,BOL,Bolivia
2011,18.1,BOL,Bolivia
2010,19.9,BOL,Bolivia
2009,20.6,BOL,Bolivia
2008,21.3,BOL,Bolivia
2007,22.1,BOL,Bolivia
2006,23.7,BOL,Bolivia
2005,24.6,BOL,Bolivia
2004,25.8,BOL,Bolivia
2003,27.0,BOL,Bolivia
2002,28.1,BOL,Bolivia
2001,29.0,BOL,Bolivia
2000,29.2,BOL,Bolivia
1999,30.8,BOL,Bolivia
1998,30.6,BOL,Bolivia
1997,32.0,BOL,Bolivia
1996,32.4,BOL,Bolivia
1995,33.2,BOL,Bolivia
1994,35.2,BOL,Bolivia
1993,36.9,BOL,Bolivia
1992,36.9,BOL,Bolivia
1991,38.1,BOL,Bolivia
1990,37.0,BOL,Bolivia
1989,,BOL,Bolivia
1988,,BOL,Bolivia
1987,,BOL,Bolivia
1986,,BOL,Bolivia
1985,,BOL,Bolivia
1984,,BOL,Bolivia
1983,,BOL,Bolivia
1982,,BOL,Bolivia
1981,,BOL,Bolivia
1980,,BOL,Bolivia
1979,,BOL,Bolivia
1978,,BOL,Bolivia
1977,,BOL,Bolivia
1976,,BOL,Bolivia
1975,,BOL,Bolivia
1974,,BOL,Bolivia
1973,,BOL,Bolivia
1972,,BOL,Bolivia
1971,,BOL,Bolivia
1970,,BOL,Bolivia
1969,,BOL,Bolivia
1968,,BOL,Bolivia
1967,,BOL,Bolivia
1966,,BOL,Bolivia
1965,,BOL,Bolivia
1964,,BOL,Bolivia
1963,,BOL,Bolivia
1962,,BOL,Bolivia
1961,,BOL,Bolivia
1960,,BOL,Bolivia
2025,,BIH,Bosnia and Herzegovina
2024,,BIH,Bosnia and Herzegovina
2023,,BIH,Bosnia and Herzegovina
2022,,BIH,Bosnia and Herzegovina
2021,36.6,BIH,Bosnia and Herzegovina
2020,37.7,BIH,Bosnia and Herzegovina
2019,36.8,BIH,Bosnia and Herzegovina
2018,35.4,BIH,Bosnia and Herzegovina
2017,18.5,BIH,Bosnia and Herzegovina
2016,23.0,BIH,Bosnia and Herzegovina
2015,25.2,BIH,Bosnia and Herzegovina
2014,23.6,BIH,Bosnia and Herzegovina
2013,19.5,BIH,Bosnia and Herzegovina
2012,15.3,BIH,Bosnia and Herzegovina
2011,14.2,BIH,Bosnia and Herzegovina
2010,19.6,BIH,Bosnia and Herzegovina
2009,17.4,BIH,Bosnia and Herzegovina
2008,14.3,BIH,Bosnia and Herzegovina
2007,14.8,BIH,Bosnia and Herzegovina
2006,18.1,BIH,Bosnia and Herzegovina
2005,19.7,BIH,Bosnia and Herzegovina
2004,20.1,BIH,Bosnia and Herzegovina
2003,20.1,BIH,Bosnia and Herzegovina
2002,21.2,BIH,Bosnia and Herzegovina
2001,20.3,BIH,Bosnia and Herzegovina
2000,19.4,BIH,Bosnia and Herzegovina
1999,28.4,BIH,Bosnia and Herzegovina
1998,26.7,BIH,Bosnia and Herzegovina
1997,27.6,BIH,Bosnia and Herzegovina
1996,32.9,BIH,Bosnia and Herzegovina
1995,33.2,BIH,Bosnia and Herzegovina
1994,33.4,BIH,Bosnia and Herzegovina
1993,14.6,BIH,Bosnia and Herzegovina
1992,11.6,BIH,Bosnia and Herzegovina
1991,8.8,BIH,Bosnia and Herzegovina
1990,7.3,BIH,Bosnia and Herzegovina
1989,,BIH,Bosnia and Herzegovina
1988,,BIH,Bosnia and Herzegovina
1987,,BIH,Bosnia and Herzegovina
1986,,BIH,Bosnia and Herzegovina
1985,,BIH,Bosnia and Herzegovina
1984,,BIH,Bosnia and Herzegovina
1983,,BIH,Bosnia and Herzegovina
1982,,BIH,Bosnia and Herzegovina
1981,,BIH,Bosnia and Herzegovina
1980,,BIH,Bosnia and Herzegovina
1979,,BIH,Bosnia and Herzegovina
1978,,BIH,Bosnia and Herzegovina
1977,,BIH,Bosnia and Herzegovina
1976,,BIH,Bosnia and Herzegovina
1975,,BIH,Bosnia and Herzegovina
1974,,BIH,Bosnia and Herzegovina
1973,,BIH,Bosnia and Herzegovina
1972,,BIH,Bosnia and Herzegovina
1971,,BIH,Bosnia and Herzegovina
1970,,BIH,Bosnia and Herzegovina
1969,,BIH,Bosnia and Herzegovina
1968,,BIH,Bosnia and Herzegovina
1967,,BIH,Bosnia and Herzegovina
1966,,BIH,Bosnia and Herzegovina
1965,,BIH,Bosnia and Herzegovina
1964,,BIH,Bosnia and Herzegovina
1963,,BIH,Bosnia and Herzegovina
1962,,BIH,Bosnia and Herzegovina
1961,,BIH,Bosnia and Herzegovina
1960,,BIH,Bosnia and Herzegovina
2025,,BWA,Botswana
2024,,BWA,Botswana
2023,,BWA,Botswana
2022,,BWA,Botswana
2021,27.4,BWA,Botswana
2020,27.7,BWA,Botswana
2019,26.2,BWA,Botswana
2018,25.6,BWA,Botswana
2017,26.7,BWA,Botswana
2016,26.7,BWA,Botswana
2015,26.1,BWA,Botswana
2014,25.8,BWA,Botswana
2013,26.7,BWA,Botswana
2012,27.8,BWA,Botswana
2011,28.9,BWA,Botswana
2010,29.9,BWA,Botswana
2009,28.9,BWA,Botswana
2008,27.8,BWA,Botswana
2007,29.0,BWA,Botswana
2006,31.8,BWA,Botswana
2005,33.0,BWA,Botswana
2004,34.3,BWA,Botswana
2003,36.2,BWA,Botswana
2002,36.1,BWA,Botswana
2001,37.5,BWA,Botswana
2000,38.5,BWA,Botswana
1999,41.6,BWA,Botswana
1998,39.2,BWA,Botswana
1997,45.8,BWA,Botswana
1996,46.4,BWA,Botswana
1995,48.9,BWA,Botswana
1994,49.8,BWA,Botswana
1993,47.3,BWA,Botswana
1992,46.1,BWA,Botswana
1991,49.5,BWA,Botswana
1990,49.0,BWA,Botswana
1989,,BWA,Botswana
1988,,BWA,Botswana
1987,,BWA,Botswana
1986,,BWA,Botswana
1985,,BWA,Botswana
1984,,BWA,Botswana
1983,,BWA,Botswana
1982,,BWA,Botswana
1981,,BWA,Botswana
1980,,BWA,Botswana
1979,,BWA,Botswana
1978,,BWA,Botswana
1977,,BWA,Botswana
1976,,BWA,Botswana
1975,,BWA,Botswana
1974,,BWA,Botswana
1973,,BWA,Botswana
1972,,BWA,Botswana
1971,,BWA,Botswana
1970,,BWA,Botswana
1969,,BWA,Botswana
1968,,BWA,Botswana
1967,,BWA,Botswana
1966,,BWA,Botswana
1965,,BWA,Botswana
1964,,BWA,Botswana
1963,,BWA,Botswana
1962,,BWA,Botswana
1961,,BWA,Botswana
1960,,BWA,Botswana
2025,,BRA,Brazil
2024,,BRA,Brazil
2023,,BRA,Brazil
2022,,BRA,Brazil
2021,46.5,BRA,Brazil
2020,50.0,BRA,Brazil
2019,47.5,BRA,Brazil
2018,46.9,BRA,Brazil
2017,45.3,BRA,Brazil
2016,45.4,BRA,Brazil
2015,43.7,BRA,Brazil
2014,41.7,BRA,Brazil
2013,42.3,BRA,Brazil
2012,43.5,BRA,Brazil
2011,45.2,BRA,Brazil
2010,46.8,BRA,Brazil
2009,48.9,BRA,Brazil
2008,47.0,BRA,Brazil
2007,47.2,BRA,Brazil
2006,46.7,BRA,Brazil
2005,46.1,BRA,Brazil
2004,45.2,BRA,Brazil
2003,45.1,BRA,Brazil
2002,42.9,BRA,Brazil
2001,41.3,BRA,Brazil
2000,42.7,BRA,Brazil
1999,44.0,BRA,Brazil
1998,43.8,BRA,Brazil
1997,43.7,BRA,Brazil
1996,44.5,BRA,Brazil
1995,46.1,BRA,Brazil
1994,48.3,BRA,Brazil
1993,48.2,BRA,Brazil
1992,48.7,BRA,Brazil
1991,48.9,BRA,Brazil
1990,49.8,BRA,Brazil
1989,,BRA,Brazil
1988,,BRA,Brazil
1987,,BRA,Brazil
1986,,BRA,Brazil
1985,,BRA,Brazil
1984,,BRA,Brazil
1983,,BRA,Brazil
1982,,BRA,Brazil
1981,,BRA,Brazil
1980,,BRA,Brazil
1979,,BRA,Brazil
1978,,BRA,Brazil
1977,,BRA,Brazil
1976,,BRA,Brazil
1975,,BRA,Brazil
1974,,BRA,Brazil
1973,,BRA,Brazil
1972,,BRA,Brazil
1971,,BRA,Brazil
1970,,BRA,Brazil
1969,,BRA,Brazil
1968,,BRA,Brazil
1967,,BRA,Brazil
1966,,BRA,Brazil
1965,,BRA,Brazil
1964,,BRA,Brazil
1963,,BRA,Brazil
1962,,BRA,Brazil
1961,,BRA,Brazil
1960,,BRA,Brazil
2025,,VGB,British Virgin Islands
2024,,VGB,British Virgin Islands
2023,,VGB,British Virgin Islands
2022,1.3,VGB,British Virgin Islands
2021,1.3,VGB,British Virgin Islands
2020,1.3,VGB,British Virgin Islands
2019,1.2,VGB,British Virgin Islands
2018,1.2,VGB,British Virgin Islands
2017,1.1,VGB,British Virgin Islands
2016,1.0,VGB,British Virgin Islands
2015,1.0,VGB,British Virgin Islands
2014,1.0,VGB,British Virgin Islands
2013,1.0,VGB,British Virgin Islands
2012,0.9,VGB,British Virgin Islands
2011,0.9,VGB,British Virgin Islands
2010,0.7,VGB,British Virgin Islands
2009,0.7,VGB,British Virgin Islands
2008,0.7,VGB,British Virgin Islands
2007,0.7,VGB,British Virgin Islands
2006,0.7,VGB,British Virgin Islands
2005,0.8,VGB,British Virgin Islands
2004,0.8,VGB,British Virgin Islands
2003,0.8,VGB,British Virgin Islands
2002,0.8,VGB,British Virgin Islands
2001,0.9,VGB,British Virgin Islands
2000,0.9,VGB,British Virgin Islands
1999,0.9,VGB,British Virgin Islands
1998,1.0,VGB,British Virgin Islands
1997,1.0,VGB,British Virgin Islands
1996,0.9,VGB,British Virgin Islands
1995,1.1,VGB,British Virgin Islands
1994,1.1,VGB,British Virgin Islands
1993,1.2,VGB,British Virgin Islands
1992,1.1,VGB,British Virgin Islands
1991,1.4,VGB,British Virgin Islands
1990,1.3,VGB,British Virgin Islands
1989,,VGB,British Virgin Islands
1988,,VGB,British Virgin Islands
1987,,VGB,British Virgin Islands
1986,,VGB,British Virgin Islands
1985,,VGB,British Virgin Islands
1984,,VGB,British Virgin Islands
1983,,VGB,British Virgin Islands
1982,,VGB,British Virgin Islands
1981,,VGB,British Virgin Islands
1980,,VGB,British Virgin Islands
1979,,VGB,British Virgin Islands
1978,,VGB,British Virgin Islands
1977,,VGB,British Virgin Islands
1976,,VGB,British Virgin Islands
1975,,VGB,British Virgin Islands
1974,,VGB,British Virgin Islands
1973,,VGB,British Virgin Islands
1972,,VGB,British Virgin Islands
1971,,VGB,British Virgin Islands
1970,,VGB,British Virgin Islands
1969,,VGB,British Virgin Islands
1968,,VGB,British Virgin Islands
1967,,VGB,British Virgin Islands
1966,,VGB,British Virgin Islands
1965,,VGB,British Virgin Islands
1964,,VGB,British Virgin Islands
1963,,VGB,British Virgin Islands
1962,,VGB,British Virgin Islands
1961,,VGB,British Virgin Islands
1960,,VGB,British Virgin Islands
2025,,BRN,Brunei Darussalam
2024,,BRN,Brunei Darussalam
2023,,BRN,Brunei Darussalam
2022,,BRN,Brunei Darussalam
2021,0.0,BRN,Brunei Darussalam
2020,0.0,BRN,Brunei Darussalam
2019,0.0,BRN,Brunei Darussalam
2018,0.0,BRN,Brunei Darussalam
2017,0.0,BRN,Brunei Darussalam
2016,0.0,BRN,Brunei Darussalam
2015,0.0,BRN,Brunei Darussalam
2014,0.0,BRN,Brunei Darussalam
2013,0.0,BRN,Brunei Darussalam
2012,0.0,BRN,Brunei Darussalam
2011,0.0,BRN,Brunei Darussalam
2010,0.0,BRN,Brunei Darussalam
2009,0.0,BRN,Brunei Darussalam
2008,0.0,BRN,Brunei Darussalam
2007,0.0,BRN,Brunei Darussalam
2006,0.0,BRN,Brunei Darussalam
2005,0.0,BRN,Brunei Darussalam
2004,0.0,BRN,Brunei Darussalam
2003,0.0,BRN,Brunei Darussalam
2002,0.0,BRN,Brunei Darussalam
2001,0.0,BRN,Brunei Darussalam
2000,0.0,BRN,Brunei Darussalam
1999,0.0,BRN,Brunei Darussalam
1998,0.0,BRN,Brunei Darussalam
1997,0.0,BRN,Brunei Darussalam
1996,0.0,BRN,Brunei Darussalam
1995,0.0,BRN,Brunei Darussalam
1994,0.0,BRN,Brunei Darussalam
1993,0.0,BRN,Brunei Darussalam
1992,0.2,BRN,Brunei Darussalam
1991,0.4,BRN,Brunei Darussalam
1990,0.7,BRN,Brunei Darussalam
1989,,BRN,Brunei Darussalam
1988,,BRN,Brunei Darussalam
1987,,BRN,Brunei Darussalam
1986,,BRN,Brunei Darussalam
1985,,BRN,Brunei Darussalam
1984,,BRN,Brunei Darussalam
1983,,BRN,Brunei Darussalam
1982,,BRN,Brunei Darussalam
1981,,BRN,Brunei Darussalam
1980,,BRN,Brunei Darussalam
1979,,BRN,Brunei Darussalam
1978,,BRN,Brunei Darussalam
1977,,BRN,Brunei Darussalam
1976,,BRN,Brunei Darussalam
1975,,BRN,Brunei Darussalam
1974,,BRN,Brunei Darussalam
1973,,BRN,Brunei Darussalam
1972,,BRN,Brunei Darussalam
1971,,BRN,Brunei Darussalam
1970,,BRN,Brunei Darussalam
1969,,BRN,Brunei Darussalam
1968,,BRN,Brunei Darussalam
1967,,BRN,Brunei Darussalam
1966,,BRN,Brunei Darussalam
1965,,BRN,Brunei Darussalam
1964,,BRN,Brunei Darussalam
1963,,BRN,Brunei Darussalam
1962,,BRN,Brunei Darussalam
1961,,BRN,Brunei Darussalam
1960,,BRN,Brunei Darussalam
2025,,BGR,Bulgaria
2024,,BGR,Bulgaria
2023,,BGR,Bulgaria
2022,,BGR,Bulgaria
2021,20.4,BGR,Bulgaria
2020,21.1,BGR,Bulgaria
2019,19.3,BGR,Bulgaria
2018,19.6,BGR,Bulgaria
2017,17.1,BGR,Bulgaria
2016,17.7,BGR,Bulgaria
2015,17.9,BGR,Bulgaria
2014,17.1,BGR,Bulgaria
2013,18.2,BGR,Bulgaria
2012,15.6,BGR,Bulgaria
2011,13.2,BGR,Bulgaria
2010,14.3,BGR,Bulgaria
2009,11.6,BGR,Bulgaria
2008,9.9,BGR,Bulgaria
2007,8.8,BGR,Bulgaria
2006,10.0,BGR,Bulgaria
2005,9.8,BGR,Bulgaria
2004,9.6,BGR,Bulgaria
2003,9.2,BGR,Bulgaria
2002,8.7,BGR,Bulgaria
2001,7.2,BGR,Bulgaria
2000,8.0,BGR,Bulgaria
1999,6.6,BGR,Bulgaria
1998,5.8,BGR,Bulgaria
1997,3.8,BGR,Bulgaria
1996,3.5,BGR,Bulgaria
1995,3.0,BGR,Bulgaria
1994,2.3,BGR,Bulgaria
1993,2.4,BGR,Bulgaria
1992,2.6,BGR,Bulgaria
1991,2.2,BGR,Bulgaria
1990,1.8,BGR,Bulgaria
1989,,BGR,Bulgaria
1988,,BGR,Bulgaria
1987,,BGR,Bulgaria
1986,,BGR,Bulgaria
1985,,BGR,Bulgaria
1984,,BGR,Bulgaria
1983,,BGR,Bulgaria
1982,,BGR,Bulgaria
1981,,BGR,Bulgaria
1980,,BGR,Bulgaria
1979,,BGR,Bulgaria
1978,,BGR,Bulgaria
1977,,BGR,Bulgaria
1976,,BGR,Bulgaria
1975,,BGR,Bulgaria
1974,,BGR,Bulgaria
1973,,BGR,Bulgaria
1972,,BGR,Bulgaria
1971,,BGR,Bulgaria
1970,,BGR,Bulgaria
1969,,BGR,Bulgaria
1968,,BGR,Bulgaria
1967,,BGR,Bulgaria
1966,,BGR,Bulgaria
1965,,BGR,Bulgaria
1964,,BGR,Bulgaria
1963,,BGR,Bulgaria
1962,,BGR,Bulgaria
1961,,BGR,Bulgaria
1960,,BGR,Bulgaria
2025,,BFA,Burkina Faso
2024,,BFA,Burkina Faso
2023,,BFA,Burkina Faso
2022,71.4,BFA,Burkina Faso
2021,71.2,BFA,Burkina Faso
2020,73.1,BFA,Burkina Faso
2019,72.7,BFA,Burkina Faso
2018,73.7,BFA,Burkina Faso
2017,74.6,BFA,Burkina Faso
2016,77.1,BFA,Burkina Faso
2015,78.8,BFA,Burkina Faso
2014,78.9,BFA,Burkina Faso
2013,78.7,BFA,Burkina Faso
2012,79.2,BFA,Burkina Faso
2011,81.4,BFA,Burkina Faso
2010,82.1,BFA,Burkina Faso
2009,83.3,BFA,Burkina Faso
2008,83.5,BFA,Burkina Faso
2007,82.9,BFA,Burkina Faso
2006,84.8,BFA,Burkina Faso
2005,85.4,BFA,Burkina Faso
2004,82.0,BFA,Burkina Faso
2003,80.8,BFA,Burkina Faso
2002,81.8,BFA,Burkina Faso
2001,81.7,BFA,Burkina Faso
2000,83.9,BFA,Burkina Faso
1999,83.1,BFA,Burkina Faso
1998,84.1,BFA,Burkina Faso
1997,85.2,BFA,Burkina Faso
1996,85.8,BFA,Burkina Faso
1995,86.4,BFA,Burkina Faso
1994,86.2,BFA,Burkina Faso
1993,86.3,BFA,Burkina Faso
1992,86.4,BFA,Burkina Faso
1991,86.1,BFA,Burkina Faso
1990,86.3,BFA,Burkina Faso
1989,,BFA,Burkina Faso
1988,,BFA,Burkina Faso
1987,,BFA,Burkina Faso
1986,,BFA,Burkina Faso
1985,,BFA,Burkina Faso
1984,,BFA,Burkina Faso
1983,,BFA,Burkina Faso
1982,,BFA,Burkina Faso
1981,,BFA,Burkina Faso
1980,,BFA,Burkina Faso
1979,,BFA,Burkina Faso
1978,,BFA,Burkina Faso
1977,,BFA,Burkina Faso
1976,,BFA,Burkina Faso
1975,,BFA,Burkina Faso
1974,,BFA,Burkina Faso
1973,,BFA,Burkina Faso
1972,,BFA,Burkina Faso
1971,,BFA,Burkina Faso
1970,,BFA,Burkina Faso
1969,,BFA,Burkina Faso
1968,,BFA,Burkina Faso
1967,,BFA,Burkina Faso
1966,,BFA,Burkina Faso
1965,,BFA,Burkina Faso
1964,,BFA,Burkina Faso
1963,,BFA,Burkina Faso
1962,,BFA,Burkina Faso
1961,,BFA,Burkina Faso
1960,,BFA,Burkina Faso
2025,,BDI,Burundi
2024,,BDI,Burundi
2023,,BDI,Burundi
2022,83.0,BDI,Burundi
2021,83.1,BDI,Burundi
2020,83.4,BDI,Burundi
2019,84.8,BDI,Burundi
2018,85.7,BDI,Burundi
2017,88.2,BDI,Burundi
2016,89.6,BDI,Burundi
2015,91.2,BDI,Burundi
2014,91.3,BDI,Burundi
2013,90.8,BDI,Burundi
2012,91.7,BDI,Burundi
2011,92.1,BDI,Burundi
2010,93.2,BDI,Burundi
2009,94.6,BDI,Burundi
2008,95.0,BDI,Burundi
2007,95.3,BDI,Burundi
2006,95.3,BDI,Burundi
2005,96.0,BDI,Burundi
2004,96.0,BDI,Burundi
2003,95.8,BDI,Burundi
2002,94.6,BDI,Burundi
2001,94.7,BDI,Burundi
2000,93.2,BDI,Burundi
1999,93.8,BDI,Burundi
1998,93.2,BDI,Burundi
1997,93.4,BDI,Burundi
1996,93.5,BDI,Burundi
1995,93.7,BDI,Burundi
1994,93.9,BDI,Burundi
1993,94.0,BDI,Burundi
1992,94.3,BDI,Burundi
1991,93.5,BDI,Burundi
1990,94.6,BDI,Burundi
1989,,BDI,Burundi
1988,,BDI,Burundi
1987,,BDI,Burundi
1986,,BDI,Burundi
1985,,BDI,Burundi
1984,,BDI,Burundi
1983,,BDI,Burundi
1982,,BDI,Burundi
1981,,BDI,Burundi
1980,,BDI,Burundi
1979,,BDI,Burundi
1978,,BDI,Burundi
1977,,BDI,Burundi
1976,,BDI,Burundi
1975,,BDI,Burundi
1974,,BDI,Burundi
1973,,BDI,Burundi
1972,,BDI,Burundi
1971,,BDI,Burundi
1970,,BDI,Burundi
1969,,BDI,Burundi
1968,,BDI,Burundi
1967,,BDI,Burundi
1966,,BDI,Burundi
1965,,BDI,Burundi
1964,,BDI,Burundi
1963,,BDI,Burundi
1962,,BDI,Burundi
1961,,BDI,Burundi
1960,,BDI,Burundi
2025,,CPV,Cabo Verde
2024,,CPV,Cabo Verde
2023,,CPV,Cabo Verde
2022,21.8,CPV,Cabo Verde
2021,22.6,CPV,Cabo Verde
2020,23.4,CPV,Cabo Verde
2019,19.7,CPV,Cabo Verde
2018,21.9,CPV,Cabo Verde
2017,21.8,CPV,Cabo Verde
2016,23.9,CPV,Cabo Verde
2015,26.4,CPV,Cabo Verde
2014,26.1,CPV,Cabo Verde
2013,25.9,CPV,Cabo Verde
2012,24.3,CPV,Cabo Verde
2011,20.8,CPV,Cabo Verde
2010,21.2,CPV,Cabo Verde
2009,22.1,CPV,Cabo Verde
2008,23.8,CPV,Cabo Verde
2007,21.0,CPV,Cabo Verde
2006,21.2,CPV,Cabo Verde
2005,23.9,CPV,Cabo Verde
2004,24.4,CPV,Cabo Verde
2003,24.8,CPV,Cabo Verde
2002,26.0,CPV,Cabo Verde
2001,26.0,CPV,Cabo Verde
2000,27.9,CPV,Cabo Verde
1999,26.9,CPV,Cabo Verde
1998,30.0,CPV,Cabo Verde
1997,30.5,CPV,Cabo Verde
1996,30.2,CPV,Cabo Verde
1995,30.8,CPV,Cabo Verde
1994,32.4,CPV,Cabo Verde
1993,30.4,CPV,Cabo Verde
1992,26.3,CPV,Cabo Verde
1991,26.3,CPV,Cabo Verde
1990,21.1,CPV,Cabo Verde
1989,,CPV,Cabo Verde
1988,,CPV,Cabo Verde
1987,,CPV,Cabo Verde
1986,,CPV,Cabo Verde
1985,,CPV,Cabo Verde
1984,,CPV,Cabo Verde
1983,,CPV,Cabo Verde
1982,,CPV,Cabo Verde
1981,,CPV,Cabo Verde
1980,,CPV,Cabo Verde
1979,,CPV,Cabo Verde
1978,,CPV,Cabo Verde
1977,,CPV,Cabo Verde
1976,,CPV,Cabo Verde
1975,,CPV,Cabo Verde
1974,,CPV,Cabo Verde
1973,,CPV,Cabo Verde
1972,,CPV,Cabo Verde
1971,,CPV,Cabo Verde
1970,,CPV,Cabo Verde
1969,,CPV,Cabo Verde
1968,,CPV,Cabo Verde
1967,,CPV,Cabo Verde
1966,,CPV,Cabo Verde
1965,,CPV,Cabo Verde
1964,,CPV,Cabo Verde
1963,,CPV,Cabo Verde
1962,,CPV,Cabo Verde
1961,,CPV,Cabo Verde
1960,,CPV,Cabo Verde
2025,,KHM,Cambodia
2024,,KHM,Cambodia
2023,,KHM,Cambodia
2022,,KHM,Cambodia
2021,52.4,KHM,Cambodia
2020,51.4,KHM,Cambodia
2019,53.0,KHM,Cambodia
2018,58.1,KHM,Cambodia
2017,56.3,KHM,Cambodia
2016,58.0,KHM,Cambodia
2015,60.6,KHM,Cambodia
2014,63.7,KHM,Cambodia
2013,65.0,KHM,Cambodia
2012,64.4,KHM,Cambodia
2011,64.0,KHM,Cambodia
2010,64.8,KHM,Cambodia
2009,68.0,KHM,Cambodia
2008,74.1,KHM,Cambodia
2007,74.8,KHM,Cambodia
2006,78.0,KHM,Cambodia
2005,79.2,KHM,Cambodia
2004,80.7,KHM,Cambodia
2003,79.9,KHM,Cambodia
2002,81.0,KHM,Cambodia
2001,80.5,KHM,Cambodia
2000,81.6,KHM,Cambodia
1999,81.5,KHM,Cambodia
1998,81.3,KHM,Cambodia
1997,82.2,KHM,Cambodia
1996,82.5,KHM,Cambodia
1995,82.5,KHM,Cambodia
1994,,KHM,Cambodia
1993,,KHM,Cambodia
1992,,KHM,Cambodia
1991,,KHM,Cambodia
1990,,KHM,Cambodia
1989,,KHM,Cambodia
1988,,KHM,Cambodia
1987,,KHM,Cambodia
1986,,KHM,Cambodia
1985,,KHM,Cambodia
1984,,KHM,Cambodia
1983,,KHM,Cambodia
1982,,KHM,Cambodia
1981,,KHM,Cambodia
1980,,KHM,Cambodia
1979,,KHM,Cambodia
1978,,KHM,Cambodia
1977,,KHM,Cambodia
1976,,KHM,Cambodia
1975,,KHM,Cambodia
1974,,KHM,Cambodia
1973,,KHM,Cambodia
1972,,KHM,Cambodia
1971,,KHM,Cambodia
1970,,KHM,Cambodia
1969,,KHM,Cambodia
1968,,KHM,Cambodia
1967,,KHM,Cambodia
1966,,KHM,Cambodia
1965,,KHM,Cambodia
1964,,KHM,Cambodia
1963,,KHM,Cambodia
1962,,KHM,Cambodia
1961,,KHM,Cambodia
1960,,KHM,Cambodia
2025,,CMR,Cameroon
2024,,CMR,Cameroon
2023,,CMR,Cameroon
2022,,CMR,Cameroon
2021,79.2,CMR,Cameroon
2020,78.9,CMR,Cameroon
2019,78.9,CMR,Cameroon
2018,78.7,CMR,Cameroon
2017,79.2,CMR,Cameroon
2016,78.8,CMR,Cameroon
2015,78.1,CMR,Cameroon
2014,76.9,CMR,Cameroon
2013,77.7,CMR,Cameroon
2012,78.6,CMR,Cameroon
2011,78.6,CMR,Cameroon
2010,78.7,CMR,Cameroon
2009,79.2,CMR,Cameroon
2008,80.8,CMR,Cameroon
2007,80.8,CMR,Cameroon
2006,85.5,CMR,Cameroon
2005,86.3,CMR,Cameroon
2004,85.5,CMR,Cameroon
2003,85.3,CMR,Cameroon
2002,85.2,CMR,Cameroon
2001,85.3,CMR,Cameroon
2000,84.6,CMR,Cameroon
1999,86.2,CMR,Cameroon
1998,84.5,CMR,Cameroon
1997,84.7,CMR,Cameroon
1996,84.9,CMR,Cameroon
1995,84.5,CMR,Cameroon
1994,83.6,CMR,Cameroon
1993,83.9,CMR,Cameroon
1992,84.4,CMR,Cameroon
1991,83.2,CMR,Cameroon
1990,81.6,CMR,Cameroon
1989,,CMR,Cameroon
1988,,CMR,Cameroon
1987,,CMR,Cameroon
1986,,CMR,Cameroon
1985,,CMR,Cameroon
1984,,CMR,Cameroon
1983,,CMR,Cameroon
1982,,CMR,Cameroon
1981,,CMR,Cameroon
1980,,CMR,Cameroon
1979,,CMR,Cameroon
1978,,CMR,Cameroon
1977,,CMR,Cameroon
1976,,CMR,Cameroon
1975,,CMR,Cameroon
1974,,CMR,Cameroon
1973,,CMR,Cameroon
1972,,CMR,Cameroon
1971,,CMR,Cameroon
1970,,CMR,Cameroon
1969,,CMR,Cameroon
1968,,CMR,Cameroon
1967,,CMR,Cameroon
1966,,CMR,Cameroon
1965,,CMR,Cameroon
1964,,CMR,Cameroon
1963,,CMR,Cameroon
1962,,CMR,Cameroon
1961,,CMR,Cameroon
1960,,CMR,Cameroon
2025,,CAN,Canada
2024,,CAN,Canada
2023,,CAN,Canada
2022,,CAN,Canada
2021,23.8,CAN,Canada
2020,23.9,CAN,Canada
2019,22.4,CAN,Canada
2018,22.3,CAN,Canada
2017,22.8,CAN,Canada
2016,22.1,CAN,Canada
2015,22.3,CAN,Canada
2014,22.2,CAN,Canada
2013,22.2,CAN,Canada
2012,21.8,CAN,Canada
2011,21.5,CAN,Canada
2010,21.4,CAN,Canada
2009,22.2,CAN,Canada
2008,21.6,CAN,Canada
2007,21.6,CAN,Canada
2006,21.5,CAN,Canada
2005,21.6,CAN,Canada
2004,20.4,CAN,Canada
2003,19.7,CAN,Canada
2002,20.1,CAN,Canada
2001,19.8,CAN,Canada
2000,20.3,CAN,Canada
1999,22.2,CAN,Canada
1998,22.0,CAN,Canada
1997,21.8,CAN,Canada
1996,22.1,CAN,Canada
1995,22.4,CAN,Canada
1994,22.2,CAN,Canada
1993,22.3,CAN,Canada
1992,22.4,CAN,Canada
1991,22.7,CAN,Canada
1990,22.6,CAN,Canada
1989,,CAN,Canada
1988,,CAN,Canada
1987,,CAN,Canada
1986,,CAN,Canada
1985,,CAN,Canada
1984,,CAN,Canada
1983,,CAN,Canada
1982,,CAN,Canada
1981,,CAN,Canada
1980,,CAN,Canada
1979,,CAN,Canada
1978,,CAN,Canada
1977,,CAN,Canada
1976,,CAN,Canada
1975,,CAN,Canada
1974,,CAN,Canada
1973,,CAN,Canada
1972,,CAN,Canada
1971,,CAN,Canada
1970,,CAN,Canada
1969,,CAN,Canada
1968,,CAN,Canada
1967,,CAN,Canada
1966,,CAN,Canada
1965,,CAN,Canada
1964,,CAN,Canada
1963,,CAN,Canada
1962,,CAN,Canada
1961,,CAN,Canada
1960,,CAN,Canada
2025,,CYM,Cayman Islands
2024,,CYM,Cayman Islands
2023,,CYM,Cayman Islands
2022,0.0,CYM,Cayman Islands
2021,0.0,CYM,Cayman Islands
2020,0.0,CYM,Cayman Islands
2019,0.0,CYM,Cayman Islands
2018,0.0,CYM,Cayman Islands
2017,0.0,CYM,Cayman Islands
2016,0.0,CYM,Cayman Islands
2015,0.0,CYM,Cayman Islands
2014,0.0,CYM,Cayman Islands
2013,0.0,CYM,Cayman Islands
2012,0.0,CYM,Cayman Islands
2011,0.0,CYM,Cayman Islands
2010,0.0,CYM,Cayman Islands
2009,0.0,CYM,Cayman Islands
2008,0.0,CYM,Cayman Islands
2007,0.0,CYM,Cayman Islands
2006,0.0,CYM,Cayman Islands
2005,0.0,CYM,Cayman Islands
2004,0.0,CYM,Cayman Islands
2003,0.0,CYM,Cayman Islands
2002,0.0,CYM,Cayman Islands
2001,0.0,CYM,Cayman Islands
2000,0.0,CYM,Cayman Islands
1999,0.0,CYM,Cayman Islands
1998,0.0,CYM,Cayman Islands
1997,0.0,CYM,Cayman Islands
1996,0.0,CYM,Cayman Islands
1995,0.0,CYM,Cayman Islands
1994,0.0,CYM,Cayman Islands
1993,0.0,CYM,Cayman Islands
1992,0.0,CYM,Cayman Islands
1991,0.0,CYM,Cayman Islands
1990,0.0,CYM,Cayman Islands
1989,,CYM,Cayman Islands
1988,,CYM,Cayman Islands
1987,,CYM,Cayman Islands
1986,,CYM,Cayman Islands
1985,,CYM,Cayman Islands
1984,,CYM,Cayman Islands
1983,,CYM,Cayman Islands
1982,,CYM,Cayman Islands
1981,,CYM,Cayman Islands
1980,,CYM,Cayman Islands
1979,,CYM,Cayman Islands
1978,,CYM,Cayman Islands
1977,,CYM,Cayman Islands
1976,,CYM,Cayman Islands
1975,,CYM,Cayman Islands
1974,,CYM,Cayman Islands
1973,,CYM,Cayman Islands
1972,,CYM,Cayman Islands
1971,,CYM,Cayman Islands
1970,,CYM,Cayman Islands
1969,,CYM,Cayman Islands
1968,,CYM,Cayman Islands
1967,,CYM,Cayman Islands
1966,,CYM,Cayman Islands
1965,,CYM,Cayman Islands
1964,,CYM,Cayman Islands
1963,,CYM,Cayman Islands
1962,,CYM,Cayman Islands
1961,,CYM,Cayman Islands
1960,,CYM,Cayman Islands
2025,,CAF,Central African Republic
2024,,CAF,Central African Republic
2023,,CAF,Central African Republic
2022,90.9,CAF,Central African Republic
2021,90.9,CAF,Central African Republic
2020,90.9,CAF,Central African Republic
2019,91.3,CAF,Central African Republic
2018,91.4,CAF,Central African Republic
2017,91.6,CAF,Central African Republic
2016,92.1,CAF,Central African Republic
2015,92.9,CAF,Central African Republic
2014,94.8,CAF,Central African Republic
2013,95.1,CAF,Central African Republic
2012,93.1,CAF,Central African Republic
2011,93.3,CAF,Central African Republic
2010,93.8,CAF,Central African Republic
2009,93.9,CAF,Central African Republic
2008,93.6,CAF,Central African Republic
2007,90.9,CAF,Central African Republic
2006,90.8,CAF,Central African Republic
2005,91.0,CAF,Central African Republic
2004,90.6,CAF,Central African Republic
2003,90.2,CAF,Central African Republic
2002,89.2,CAF,Central African Republic
2001,88.9,CAF,Central African Republic
2000,88.9,CAF,Central African Republic
1999,89.0,CAF,Central African Republic
1998,89.0,CAF,Central African Republic
1997,91.9,CAF,Central African Republic
1996,91.7,CAF,Central African Republic
1995,93.0,CAF,Central African Republic
1994,93.2,CAF,Central African Republic
1993,93.8,CAF,Central African Republic
1992,94.1,CAF,Central African Republic
1991,94.1,CAF,Central African Republic
1990,93.9,CAF,Central African Republic
1989,,CAF,Central African Republic
1988,,CAF,Central African Republic
1987,,CAF,Central African Republic
1986,,CAF,Central African Republic
1985,,CAF,Central African Republic
1984,,CAF,Central African Republic
1983,,CAF,Central African Republic
1982,,CAF,Central African Republic
1981,,CAF,Central African Republic
1980,,CAF,Central African Republic
1979,,CAF,Central African Republic
1978,,CAF,Central African Republic
1977,,CAF,Central African Republic
1976,,CAF,Central African Republic
1975,,CAF,Central African Republic
1974,,CAF,Central African Republic
1973,,CAF,Central African Republic
1972,,CAF,Central African Republic
1971,,CAF,Central African Republic
1970,,CAF,Central African Republic
1969,,CAF,Central African Republic
1968,,CAF,Central African Republic
1967,,CAF,Central African Republic
1966,,CAF,Central African Republic
1965,,CAF,Central African Republic
1964,,CAF,Central African Republic
1963,,CAF,Central African Republic
1962,,CAF,Central African Republic
1961,,CAF,Central African Republic
1960,,CAF,Central African Republic
2025,,TCD,Chad
2024,,TCD,Chad
2023,,TCD,Chad
2022,70.0,TCD,Chad
2021,69.9,TCD,Chad
2020,71.9,TCD,Chad
2019,72.8,TCD,Chad
2018,73.1,TCD,Chad
2017,72.8,TCD,Chad
2016,72.7,TCD,Chad
2015,72.7,TCD,Chad
2014,72.5,TCD,Chad
2013,72.6,TCD,Chad
2012,76.1,TCD,Chad
2011,80.7,TCD,Chad
2010,79.2,TCD,Chad
2009,79.4,TCD,Chad
2008,79.8,TCD,Chad
2007,82.4,TCD,Chad
2006,83.7,TCD,Chad
2005,83.8,TCD,Chad
2004,84.0,TCD,Chad
2003,83.9,TCD,Chad
2002,88.5,TCD,Chad
2001,88.6,TCD,Chad
2000,88.7,TCD,Chad
1999,88.7,TCD,Chad
1998,88.9,TCD,Chad
1997,88.9,TCD,Chad
1996,89.0,TCD,Chad
1995,89.2,TCD,Chad
1994,89.3,TCD,Chad
1993,89.5,TCD,Chad
1992,89.2,TCD,Chad
1991,89.3,TCD,Chad
1990,89.5,TCD,Chad
1989,,TCD,Chad
1988,,TCD,Chad
1987,,TCD,Chad
1986,,TCD,Chad
1985,,TCD,Chad
1984,,TCD,Chad
1983,,TCD,Chad
1982,,TCD,Chad
1981,,TCD,Chad
1980,,TCD,Chad
1979,,TCD,Chad
1978,,TCD,Chad
1977,,TCD,Chad
1976,,TCD,Chad
1975,,TCD,Chad
1974,,TCD,Chad
1973,,TCD,Chad
1972,,TCD,Chad
1971,,TCD,Chad
1970,,TCD,Chad
1969,,TCD,Chad
1968,,TCD,Chad
1967,,TCD,Chad
1966,,TCD,Chad
1965,,TCD,Chad
1964,,TCD,Chad
1963,,TCD,Chad
1962,,TCD,Chad
1961,,TCD,Chad
1960,,TCD,Chad
2025,,CHI,Channel Islands
2024,,CHI,Channel Islands
2023,,CHI,Channel Islands
2022,,CHI,Channel Islands
2021,,CHI,Channel Islands
2020,,CHI,Channel Islands
2019,,CHI,Channel Islands
2018,,CHI,Channel Islands
2017,,CHI,Channel Islands
2016,,CHI,Channel Islands
2015,,CHI,Channel Islands
2014,,CHI,Channel Islands
2013,,CHI,Channel Islands
2012,,CHI,Channel Islands
2011,,CHI,Channel Islands
2010,,CHI,Channel Islands
2009,,CHI,Channel Islands
2008,,CHI,Channel Islands
2007,,CHI,Channel Islands
2006,,CHI,Channel Islands
2005,,CHI,Channel Islands
2004,,CHI,Channel Islands
2003,,CHI,Channel Islands
2002,,CHI,Channel Islands
2001,,CHI,Channel Islands
2000,,CHI,Channel Islands
1999,,CHI,Channel Islands
1998,,CHI,Channel Islands
1997,,CHI,Channel Islands
1996,,CHI,Channel Islands
1995,,CHI,Channel Islands
1994,,CHI,Channel Islands
1993,,CHI,Channel Islands
1992,,CHI,Channel Islands
1991,,CHI,Channel Islands
1990,,CHI,Channel Islands
1989,,CHI,Channel Islands
1988,,CHI,Channel Islands
1987,,CHI,Channel Islands
1986,,CHI,Channel Islands
1985,,CHI,Channel Islands
1984,,CHI,Channel Islands
1983,,CHI,Channel Islands
1982,,CHI,Channel Islands
1981,,CHI,Channel Islands
1980,,CHI,Channel Islands
1979,,CHI,Channel Islands
1978,,CHI,Channel Islands
1977,,CHI,Channel Islands
1976,,CHI,Channel Islands
1975,,CHI,Channel Islands
1974,,CHI,Channel Islands
1973,,CHI,Channel Islands
1972,,CHI,Channel Islands
1971,,CHI,Channel Islands
1970,,CHI,Channel Islands
1969,,CHI,Channel Islands
1968,,CHI,Channel Islands
1967,,CHI,Channel Islands
1966,,CHI,Channel Islands
1965,,CHI,Channel Islands
1964,,CHI,Channel Islands
1963,,CHI,Channel Islands
1962,,CHI,Channel Islands
1961,,CHI,Channel Islands
1960,,CHI,Channel Islands
2025,,CHL,Chile
2024,,CHL,Chile
2023,,CHL,Chile
2022,,CHL,Chile
2021,24.2,CHL,Chile
2020,26.7,CHL,Chile
2019,25.3,CHL,Chile
2018,25.5,CHL,Chile
2017,24.1,CHL,Chile
2016,24.6,CHL,Chile
2015,25.1,CHL,Chile
2014,27.0,CHL,Chile
2013,30.2,CHL,Chile
2012,30.3,CHL,Chile
2011,28.8,CHL,Chile
2010,27.0,CHL,Chile
2009,31.5,CHL,Chile
2008,30.8,CHL,Chile
2007,30.5,CHL,Chile
2006,32.9,CHL,Chile
2005,32.3,CHL,Chile
2004,31.4,CHL,Chile
2003,31.6,CHL,Chile
2002,33.1,CHL,Chile
2001,32.1,CHL,Chile
2000,31.4,CHL,Chile
1999,29.1,CHL,Chile
1998,29.8,CHL,Chile
1997,30.0,CHL,Chile
1996,32.2,CHL,Chile
1995,34.2,CHL,Chile
1994,34.8,CHL,Chile
1993,35.8,CHL,Chile
1992,38.6,CHL,Chile
1991,37.3,CHL,Chile
1990,34.0,CHL,Chile
1989,,CHL,Chile
1988,,CHL,Chile
1987,,CHL,Chile
1986,,CHL,Chile
1985,,CHL,Chile
1984,,CHL,Chile
1983,,CHL,Chile
1982,,CHL,Chile
1981,,CHL,Chile
1980,,CHL,Chile
1979,,CHL,Chile
1978,,CHL,Chile
1977,,CHL,Chile
1976,,CHL,Chile
1975,,CHL,Chile
1974,,CHL,Chile
1973,,CHL,Chile
1972,,CHL,Chile
1971,,CHL,Chile
1970,,CHL,Chile
1969,,CHL,Chile
1968,,CHL,Chile
1967,,CHL,Chile
1966,,CHL,Chile
1965,,CHL,Chile
1964,,CHL,Chile
1963,,CHL,Chile
1962,,CHL,Chile
1961,,CHL,Chile
1960,,CHL,Chile
2025,,CHN,China
2024,,CHN,China
2023,,CHN,China
2022,,CHN,China
2021,15.2,CHN,China
2020,14.9,CHN,China
2019,14.3,CHN,China
2018,13.5,CHN,China
2017,13.1,CHN,China
2016,12.6,CHN,China
2015,12.2,CHN,China
2014,11.9,CHN,China
2013,11.5,CHN,China
2012,11.5,CHN,China
2011,11.3,CHN,China
2010,12.3,CHN,China
2009,13.4,CHN,China
2008,14.1,CHN,China
2007,14.9,CHN,China
2006,16.4,CHN,China
2005,17.4,CHN,China
2004,20.2,CHN,China
2003,23.9,CHN,China
2002,27.0,CHN,China
2001,28.4,CHN,China
2000,29.6,CHN,China
1999,30.3,CHN,China
1998,29.5,CHN,China
1997,30.0,CHN,China
1996,30.5,CHN,China
1995,29.4,CHN,China
1994,31.1,CHN,China
1993,31.5,CHN,China
1992,32.8,CHN,China
1991,33.1,CHN,China
1990,33.9,CHN,China
1989,,CHN,China
1988,,CHN,China
1987,,CHN,China
1986,,CHN,China
1985,,CHN,China
1984,,CHN,China
1983,,CHN,China
1982,,CHN,China
1981,,CHN,China
1980,,CHN,China
1979,,CHN,China
1978,,CHN,China
1977,,CHN,China
1976,,CHN,China
1975,,CHN,China
1974,,CHN,China
1973,,CHN,China
1972,,CHN,China
1971,,CHN,China
1970,,CHN,China
1969,,CHN,China
1968,,CHN,China
1967,,CHN,China
1966,,CHN,China
1965,,CHN,China
1964,,CHN,China
1963,,CHN,China
1962,,CHN,China
1961,,CHN,China
1960,,CHN,China
2025,,COL,Colombia
2024,,COL,Colombia
2023,,COL,Colombia
2022,,COL,Colombia
2021,29.7,COL,Colombia
2020,32.0,COL,Colombia
2019,31.5,COL,Colombia
2018,30.4,COL,Colombia
2017,32.2,COL,Colombia
2016,30.5,COL,Colombia
2015,31.1,COL,Colombia
2014,32.1,COL,Colombia
2013,32.0,COL,Colombia
2012,29.6,COL,Colombia
2011,29.6,COL,Colombia
2010,30.6,COL,Colombia
2009,31.4,COL,Colombia
2008,30.8,COL,Colombia
2007,31.0,COL,Colombia
2006,30.6,COL,Colombia
2005,28.9,COL,Colombia
2004,29.0,COL,Colombia
2003,30.6,COL,Colombia
2002,28.6,COL,Colombia
2001,27.1,COL,Colombia
2000,27.9,COL,Colombia
1999,29.0,COL,Colombia
1998,25.8,COL,Colombia
1997,25.7,COL,Colombia
1996,33.6,COL,Colombia
1995,33.5,COL,Colombia
1994,33.8,COL,Colombia
1993,33.0,COL,Colombia
1992,33.1,COL,Colombia
1991,36.8,COL,Colombia
1990,38.1,COL,Colombia
1989,,COL,Colombia
1988,,COL,Colombia
1987,,COL,Colombia
1986,,COL,Colombia
1985,,COL,Colombia
1984,,COL,Colombia
1983,,COL,Colombia
1982,,COL,Colombia
1981,,COL,Colombia
1980,,COL,Colombia
1979,,COL,Colombia
1978,,COL,Colombia
1977,,COL,Colombia
1976,,COL,Colombia
1975,,COL,Colombia
1974,,COL,Colombia
1973,,COL,Colombia
1972,,COL,Colombia
1971,,COL,Colombia
1970,,COL,Colombia
1969,,COL,Colombia
1968,,COL,Colombia
1967,,COL,Colombia
1966,,COL,Colombia
1965,,COL,Colombia
1964,,COL,Colombia
1963,,COL,Colombia
1962,,COL,Colombia
1961,,COL,Colombia
1960,,COL,Colombia
2025,,COM,Comoros
2024,,COM,Comoros
2023,,COM,Comoros
2022,39.3,COM,Comoros
2021,41.2,COM,Comoros
2020,50.8,COM,Comoros
2019,55.3,COM,Comoros
2018,57.7,COM,Comoros
2017,59.5,COM,Comoros
2016,64.0,COM,Comoros
2015,67.0,COM,Comoros
2014,68.0,COM,Comoros
2013,63.6,COM,Comoros
2012,68.3,COM,Comoros
2011,69.0,COM,Comoros
2010,66.0,COM,Comoros
2009,68.5,COM,Comoros
2008,73.4,COM,Comoros
2007,74.4,COM,Comoros
2006,61.8,COM,Comoros
2005,65.7,COM,Comoros
2004,63.5,COM,Comoros
2003,64.4,COM,Comoros
2002,70.3,COM,Comoros
2001,69.5,COM,Comoros
2000,69.9,COM,Comoros
1999,71.1,COM,Comoros
1998,71.5,COM,Comoros
1997,72.9,COM,Comoros
1996,73.4,COM,Comoros
1995,73.0,COM,Comoros
1994,73.3,COM,Comoros
1993,73.1,COM,Comoros
1992,73.6,COM,Comoros
1991,73.4,COM,Comoros
1990,74.0,COM,Comoros
1989,,COM,Comoros
1988,,COM,Comoros
1987,,COM,Comoros
1986,,COM,Comoros
1985,,COM,Comoros
1984,,COM,Comoros
1983,,COM,Comoros
1982,,COM,Comoros
1981,,COM,Comoros
1980,,COM,Comoros
1979,,COM,Comoros
1978,,COM,Comoros
1977,,COM,Comoros
1976,,COM,Comoros
1975,,COM,Comoros
1974,,COM,Comoros
1973,,COM,Comoros
1972,,COM,Comoros
1971,,COM,Comoros
1970,,COM,Comoros
1969,,COM,Comoros
1968,,COM,Comoros
1967,,COM,Comoros
1966,,COM,Comoros
1965,,COM,Comoros
1964,,COM,Comoros
1963,,COM,Comoros
1962,,COM,Comoros
1961,,COM,Comoros
1960,,COM,Comoros
2025,,COD,"Congo, Dem. Rep."
2024,,COD,"Congo, Dem. Rep."
2023,,COD,"Congo, Dem. Rep."
2022,,COD,"Congo, Dem. Rep."
2021,96.3,COD,"Congo, Dem. Rep."
2020,96.2,COD,"Congo, Dem. Rep."
2019,96.3,COD,"Congo, Dem. Rep."
2018,96.4,COD,"Congo, Dem. Rep."
2017,96.7,COD,"Congo, Dem. Rep."
2016,97.0,COD,"Congo, Dem. Rep."
2015,95.8,COD,"Congo, Dem. Rep."
2014,92.9,COD,"Congo, Dem. Rep."
2013,93.9,COD,"Congo, Dem. Rep."
2012,95.5,COD,"Congo, Dem. Rep."
2011,96.2,COD,"Congo, Dem. Rep."
2010,96.8,COD,"Congo, Dem. Rep."
2009,97.0,COD,"Congo, Dem. Rep."
2008,97.0,COD,"Congo, Dem. Rep."
2007,97.2,COD,"Congo, Dem. Rep."
2006,97.3,COD,"Congo, Dem. Rep."
2005,97.4,COD,"Congo, Dem. Rep."
2004,97.9,COD,"Congo, Dem. Rep."
2003,98.0,COD,"Congo, Dem. Rep."
2002,98.3,COD,"Congo, Dem. Rep."
2001,98.3,COD,"Congo, Dem. Rep."
2000,97.9,COD,"Congo, Dem. Rep."
1999,97.0,COD,"Congo, Dem. Rep."
1998,96.8,COD,"Congo, Dem. Rep."
1997,97.1,COD,"Congo, Dem. Rep."
1996,97.0,COD,"Congo, Dem. Rep."
1995,96.9,COD,"Congo, Dem. Rep."
1994,96.6,COD,"Congo, Dem. Rep."
1993,96.1,COD,"Congo, Dem. Rep."
1992,95.9,COD,"Congo, Dem. Rep."
1991,95.1,COD,"Congo, Dem. Rep."
1990,92.0,COD,"Congo, Dem. Rep."
1989,,COD,"Congo, Dem. Rep."
1988,,COD,"Congo, Dem. Rep."
1987,,COD,"Congo, Dem. Rep."
1986,,COD,"Congo, Dem. Rep."
1985,,COD,"Congo, Dem. Rep."
1984,,COD,"Congo, Dem. Rep."
1983,,COD,"Congo, Dem. Rep."
1982,,COD,"Congo, Dem. Rep."
1981,,COD,"Congo, Dem. Rep."
1980,,COD,"Congo, Dem. Rep."
1979,,COD,"Congo, Dem. Rep."
1978,,COD,"Congo, Dem. Rep."
1977,,COD,"Congo, Dem. Rep."
1976,,COD,"Congo, Dem. Rep."
1975,,COD,"Congo, Dem. Rep."
1974,,COD,"Congo, Dem. Rep."
1973,,COD,"Congo, Dem. Rep."
1972,,COD,"Congo, Dem. Rep."
1971,,COD,"Congo, Dem. Rep."
1970,,COD,"Congo, Dem. Rep."
1969,,COD,"Congo, Dem. Rep."
1968,,COD,"Congo, Dem. Rep."
1967,,COD,"Congo, Dem. Rep."
1966,,COD,"Congo, Dem. Rep."
1965,,COD,"Congo, Dem. Rep."
1964,,COD,"Congo, Dem. Rep."
1963,,COD,"Congo, Dem. Rep."
1962,,COD,"Congo, Dem. Rep."
1961,,COD,"Congo, Dem. Rep."
1960,,COD,"Congo, Dem. Rep."
2025,,COG,"Congo, Rep."
2024,,COG,"Congo, Rep."
2023,,COG,"Congo, Rep."
2022,,COG,"Congo, Rep."
2021,71.4,COG,"Congo, Rep."
2020,71.4,COG,"Congo, Rep."
2019,69.8,COG,"Congo, Rep."
2018,70.6,COG,"Congo, Rep."
2017,69.8,COG,"Congo, Rep."
2016,67.7,COG,"Congo, Rep."
2015,64.2,COG,"Congo, Rep."
2014,62.1,COG,"Congo, Rep."
2013,62.3,COG,"Congo, Rep."
2012,65.1,COG,"Congo, Rep."
2011,64.3,COG,"Congo, Rep."
2010,54.5,COG,"Congo, Rep."
2009,55.9,COG,"Congo, Rep."
2008,56.8,COG,"Congo, Rep."
2007,60.2,COG,"Congo, Rep."
2006,69.3,COG,"Congo, Rep."
2005,63.1,COG,"Congo, Rep."
2004,63.1,COG,"Congo, Rep."
2003,62.1,COG,"Congo, Rep."
2002,68.6,COG,"Congo, Rep."
2001,61.2,COG,"Congo, Rep."
2000,64.9,COG,"Congo, Rep."
1999,77.0,COG,"Congo, Rep."
1998,79.7,COG,"Congo, Rep."
1997,80.2,COG,"Congo, Rep."
1996,75.4,COG,"Congo, Rep."
1995,69.8,COG,"Congo, Rep."
1994,76.5,COG,"Congo, Rep."
1993,68.4,COG,"Congo, Rep."
1992,67.6,COG,"Congo, Rep."
1991,64.6,COG,"Congo, Rep."
1990,65.4,COG,"Congo, Rep."
1989,,COG,"Congo, Rep."
1988,,COG,"Congo, Rep."
1987,,COG,"Congo, Rep."
1986,,COG,"Congo, Rep."
1985,,COG,"Congo, Rep."
1984,,COG,"Congo, Rep."
1983,,COG,"Congo, Rep."
1982,,COG,"Congo, Rep."
1981,,COG,"Congo, Rep."
1980,,COG,"Congo, Rep."
1979,,COG,"Congo, Rep."
1978,,COG,"Congo, Rep."
1977,,COG,"Congo, Rep."
1976,,COG,"Congo, Rep."
1975,,COG,"Congo, Rep."
1974,,COG,"Congo, Rep."
1973,,COG,"Congo, Rep."
1972,,COG,"Congo, Rep."
1971,,COG,"Congo, Rep."
1970,,COG,"Congo, Rep."
1969,,COG,"Congo, Rep."
1968,,COG,"Congo, Rep."
1967,,COG,"Congo, Rep."
1966,,COG,"Congo, Rep."
1965,,COG,"Congo, Rep."
1964,,COG,"Congo, Rep."
1963,,COG,"Congo, Rep."
1962,,COG,"Congo, Rep."
1961,,COG,"Congo, Rep."
1960,,COG,"Congo, Rep."
2025,,CRI,Costa Rica
2024,,CRI,Costa Rica
2023,,CRI,Costa Rica
2022,,CRI,Costa Rica
2021,34.2,CRI,Costa Rica
2020,36.4,CRI,Costa Rica
2019,33.4,CRI,Costa Rica
2018,33.1,CRI,Costa Rica
2017,33.3,CRI,Costa Rica
2016,34.1,CRI,Costa Rica
2015,38.3,CRI,Costa Rica
2014,37.6,CRI,Costa Rica
2013,37.8,CRI,Costa Rica
2012,38.1,CRI,Costa Rica
2011,38.0,CRI,Costa Rica
2010,40.4,CRI,Costa Rica
2009,40.7,CRI,Costa Rica
2008,40.7,CRI,Costa Rica
2007,41.2,CRI,Costa Rica
2006,42.4,CRI,Costa Rica
2005,41.7,CRI,Costa Rica
2004,39.2,CRI,Costa Rica
2003,33.3,CRI,Costa Rica
2002,32.5,CRI,Costa Rica
2001,32.1,CRI,Costa Rica
2000,33.0,CRI,Costa Rica
1999,29.9,CRI,Costa Rica
1998,28.9,CRI,Costa Rica
1997,33.6,CRI,Costa Rica
1996,36.6,CRI,Costa Rica
1995,35.0,CRI,Costa Rica
1994,35.8,CRI,Costa Rica
1993,36.3,CRI,Costa Rica
1992,35.1,CRI,Costa Rica
1991,44.7,CRI,Costa Rica
1990,45.4,CRI,Costa Rica
1989,,CRI,Costa Rica
1988,,CRI,Costa Rica
1987,,CRI,Costa Rica
1986,,CRI,Costa Rica
1985,,CRI,Costa Rica
1984,,CRI,Costa Rica
1983,,CRI,Costa Rica
1982,,CRI,Costa Rica
1981,,CRI,Costa Rica
1980,,CRI,Costa Rica
1979,,CRI,Costa Rica
1978,,CRI,Costa Rica
1977,,CRI,Costa Rica
1976,,CRI,Costa Rica
1975,,CRI,Costa Rica
1974,,CRI,Costa Rica
1973,,CRI,Costa Rica
1972,,CRI,Costa Rica
1971,,CRI,Costa Rica
1970,,CRI,Costa Rica
1969,,CRI,Costa Rica
1968,,CRI,Costa Rica
1967,,CRI,Costa Rica
1966,,CRI,Costa Rica
1965,,CRI,Costa Rica
1964,,CRI,Costa Rica
1963,,CRI,Costa Rica
1962,,CRI,Costa Rica
1961,,CRI,Costa Rica
1960,,CRI,Costa Rica
2025,,CIV,Cote d'Ivoire
2024,,CIV,Cote d'Ivoire
2023,,CIV,Cote d'Ivoire
2022,,CIV,Cote d'Ivoire
2021,58.2,CIV,Cote d'Ivoire
2020,61.8,CIV,Cote d'Ivoire
2019,61.1,CIV,Cote d'Ivoire
2018,60.5,CIV,Cote d'Ivoire
2017,62.5,CIV,Cote d'Ivoire
2016,64.0,CIV,Cote d'Ivoire
2015,64.5,CIV,Cote d'Ivoire
2014,71.9,CIV,Cote d'Ivoire
2013,72.2,CIV,Cote d'Ivoire
2012,74.9,CIV,Cote d'Ivoire
2011,79.1,CIV,Cote d'Ivoire
2010,75.4,CIV,Cote d'Ivoire
2009,73.7,CIV,Cote d'Ivoire
2008,74.2,CIV,Cote d'Ivoire
2007,76.3,CIV,Cote d'Ivoire
2006,74.8,CIV,Cote d'Ivoire
2005,77.9,CIV,Cote d'Ivoire
2004,75.4,CIV,Cote d'Ivoire
2003,70.3,CIV,Cote d'Ivoire
2002,65.3,CIV,Cote d'Ivoire
2001,64.7,CIV,Cote d'Ivoire
2000,63.7,CIV,Cote d'Ivoire
1999,61.9,CIV,Cote d'Ivoire
1998,73.4,CIV,Cote d'Ivoire
1997,72.1,CIV,Cote d'Ivoire
1996,74.0,CIV,Cote d'Ivoire
1995,74.9,CIV,Cote d'Ivoire
1994,75.6,CIV,Cote d'Ivoire
1993,75.1,CIV,Cote d'Ivoire
1992,74.6,CIV,Cote d'Ivoire
1991,74.0,CIV,Cote d'Ivoire
1990,73.6,CIV,Cote d'Ivoire
1989,,CIV,Cote d'Ivoire
1988,,CIV,Cote d'Ivoire
1987,,CIV,Cote d'Ivoire
1986,,CIV,Cote d'Ivoire
1985,,CIV,Cote d'Ivoire
1984,,CIV,Cote d'Ivoire
1983,,CIV,Cote d'Ivoire
1982,,CIV,Cote d'Ivoire
1981,,CIV,Cote d'Ivoire
1980,,CIV,Cote d'Ivoire
1979,,CIV,Cote d'Ivoire
1978,,CIV,Cote d'Ivoire
1977,,CIV,Cote d'Ivoire
1976,,CIV,Cote d'Ivoire
1975,,CIV,Cote d'Ivoire
1974,,CIV,Cote d'Ivoire
1973,,CIV,Cote d'Ivoire
1972,,CIV,Cote d'Ivoire
1971,,CIV,Cote d'Ivoire
1970,,CIV,Cote d'Ivoire
1969,,CIV,Cote d'Ivoire
1968,,CIV,Cote d'Ivoire
1967,,CIV,Cote d'Ivoire
1966,,CIV,Cote d'Ivoire
1965,,CIV,Cote d'Ivoire
1964,,CIV,Cote d'Ivoire
1963,,CIV,Cote d'Ivoire
1962,,CIV,Cote d'Ivoire
1961,,CIV,Cote d'Ivoire
1960,,CIV,Cote d'Ivoire
2025,,HRV,Croatia
2024,,HRV,Croatia
2023,,HRV,Croatia
2022,,HRV,Croatia
2021,34.1,HRV,Croatia
2020,32.4,HRV,Croatia
2019,31.6,HRV,Croatia
2018,32.8,HRV,Croatia
2017,29.8,HRV,Croatia
2016,31.8,HRV,Croatia
2015,33.1,HRV,Croatia
2014,33.6,HRV,Croatia
2013,32.8,HRV,Croatia
2012,29.4,HRV,Croatia
2011,27.2,HRV,Croatia
2010,29.8,HRV,Croatia
2009,27.2,HRV,Croatia
2008,24.1,HRV,Croatia
2007,22.7,HRV,Croatia
2006,25.5,HRV,Croatia
2005,26.8,HRV,Croatia
2004,26.6,HRV,Croatia
2003,24.8,HRV,Croatia
2002,24.6,HRV,Croatia
2001,26.9,HRV,Croatia
2000,26.8,HRV,Croatia
1999,27.8,HRV,Croatia
1998,28.1,HRV,Croatia
1997,29.1,HRV,Croatia
1996,32.6,HRV,Croatia
1995,30.3,HRV,Croatia
1994,30.1,HRV,Croatia
1993,29.9,HRV,Croatia
1992,29.8,HRV,Croatia
1991,32.7,HRV,Croatia
1990,21.6,HRV,Croatia
1989,,HRV,Croatia
1988,,HRV,Croatia
1987,,HRV,Croatia
1986,,HRV,Croatia
1985,,HRV,Croatia
1984,,HRV,Croatia
1983,,HRV,Croatia
1982,,HRV,Croatia
1981,,HRV,Croatia
1980,,HRV,Croatia
1979,,HRV,Croatia
1978,,HRV,Croatia
1977,,HRV,Croatia
1976,,HRV,Croatia
1975,,HRV,Croatia
1974,,HRV,Croatia
1973,,HRV,Croatia
1972,,HRV,Croatia
1971,,HRV,Croatia
1970,,HRV,Croatia
1969,,HRV,Croatia
1968,,HRV,Croatia
1967,,HRV,Croatia
1966,,HRV,Croatia
1965,,HRV,Croatia
1964,,HRV,Croatia
1963,,HRV,Croatia
1962,,HRV,Croatia
1961,,HRV,Croatia
1960,,HRV,Croatia
2025,,CUB,Cuba
2024,,CUB,Cuba
2023,,CUB,Cuba
2022,,CUB,Cuba
2021,20.9,CUB,Cuba
2020,24.5,CUB,Cuba
2019,23.1,CUB,Cuba
2018,24.0,CUB,Cuba
2017,22.0,CUB,Cuba
2016,19.2,CUB,Cuba
2015,21.1,CUB,Cuba
2014,23.2,CUB,Cuba
2013,18.2,CUB,Cuba
2012,19.4,CUB,Cuba
2011,19.2,CUB,Cuba
2010,15.6,CUB,Cuba
2009,19.0,CUB,Cuba
2008,18.7,CUB,Cuba
2007,18.6,CUB,Cuba
2006,22.0,CUB,Cuba
2005,26.3,CUB,Cuba
2004,33.8,CUB,Cuba
2003,33.6,CUB,Cuba
2002,34.8,CUB,Cuba
2001,34.0,CUB,Cuba
2000,34.4,CUB,Cuba
1999,33.7,CUB,Cuba
1998,34.8,CUB,Cuba
1997,36.8,CUB,Cuba
1996,41.4,CUB,Cuba
1995,41.3,CUB,Cuba
1994,45.8,CUB,Cuba
1993,46.9,CUB,Cuba
1992,51.3,CUB,Cuba
1991,47.2,CUB,Cuba
1990,42.9,CUB,Cuba
1989,,CUB,Cuba
1988,,CUB,Cuba
1987,,CUB,Cuba
1986,,CUB,Cuba
1985,,CUB,Cuba
1984,,CUB,Cuba
1983,,CUB,Cuba
1982,,CUB,Cuba
1981,,CUB,Cuba
1980,,CUB,Cuba
1979,,CUB,Cuba
1978,,CUB,Cuba
1977,,CUB,Cuba
1976,,CUB,Cuba
1975,,CUB,Cuba
1974,,CUB,Cuba
1973,,CUB,Cuba
1972,,CUB,Cuba
1971,,CUB,Cuba
1970,,CUB,Cuba
1969,,CUB,Cuba
1968,,CUB,Cuba
1967,,CUB,Cuba
1966,,CUB,Cuba
1965,,CUB,Cuba
1964,,CUB,Cuba
1963,,CUB,Cuba
1962,,CUB,Cuba
1961,,CUB,Cuba
1960,,CUB,Cuba
2025,,CUW,Curacao
2024,,CUW,Curacao
2023,,CUW,Curacao
2022,,CUW,Curacao
2021,2.8,CUW,Curacao
2020,2.8,CUW,Curacao
2019,2.5,CUW,Curacao
2018,2.5,CUW,Curacao
2017,1.9,CUW,Curacao
2016,1.4,CUW,Curacao
2015,1.3,CUW,Curacao
2014,1.4,CUW,Curacao
2013,1.1,CUW,Curacao
2012,0.6,CUW,Curacao
2011,0.5,CUW,Curacao
2010,0.5,CUW,Curacao
2009,0.5,CUW,Curacao
2008,0.5,CUW,Curacao
2007,0.6,CUW,Curacao
2006,0.6,CUW,Curacao
2005,0.6,CUW,Curacao
2004,0.6,CUW,Curacao
2003,0.6,CUW,Curacao
2002,0.6,CUW,Curacao
2001,0.6,CUW,Curacao
2000,0.1,CUW,Curacao
1999,0.1,CUW,Curacao
1998,0.1,CUW,Curacao
1997,0.1,CUW,Curacao
1996,0.1,CUW,Curacao
1995,0.1,CUW,Curacao
1994,0.1,CUW,Curacao
1993,0.1,CUW,Curacao
1992,0.0,CUW,Curacao
1991,0.0,CUW,Curacao
1990,0.0,CUW,Curacao
1989,,CUW,Curacao
1988,,CUW,Curacao
1987,,CUW,Curacao
1986,,CUW,Curacao
1985,,CUW,Curacao
1984,,CUW,Curacao
1983,,CUW,Curacao
1982,,CUW,Curacao
1981,,CUW,Curacao
1980,,CUW,Curacao
1979,,CUW,Curacao
1978,,CUW,Curacao
1977,,CUW,Curacao
1976,,CUW,Curacao
1975,,CUW,Curacao
1974,,CUW,Curacao
1973,,CUW,Curacao
1972,,CUW,Curacao
1971,,CUW,Curacao
1970,,CUW,Curacao
1969,,CUW,Curacao
1968,,CUW,Curacao
1967,,CUW,Curacao
1966,,CUW,Curacao
1965,,CUW,Curacao
1964,,CUW,Curacao
1963,,CUW,Curacao
1962,,CUW,Curacao
1961,,CUW,Curacao
1960,,CUW,Curacao
2025,,CYP,Cyprus
2024,,CYP,Cyprus
2023,,CYP,Cyprus
2022,,CYP,Cyprus
2021,15.6,CYP,Cyprus
2020,15.0,CYP,Cyprus
2019,12.0,CYP,Cyprus
2018,12.0,CYP,Cyprus
2017,10.9,CYP,Cyprus
2016,10.3,CYP,Cyprus
2015,10.4,CYP,Cyprus
2014,9.5,CYP,Cyprus
2013,9.7,CYP,Cyprus
2012,8.6,CYP,Cyprus
2011,7.6,CYP,Cyprus
2010,6.5,CYP,Cyprus
2009,6.3,CYP,Cyprus
2008,5.7,CYP,Cyprus
2007,4.3,CYP,Cyprus
2006,3.5,CYP,Cyprus
2005,3.4,CYP,Cyprus
2004,3.3,CYP,Cyprus
2003,3.2,CYP,Cyprus
2002,3.2,CYP,Cyprus
2001,3.0,CYP,Cyprus
2000,3.1,CYP,Cyprus
1999,3.2,CYP,Cyprus
1998,3.2,CYP,Cyprus
1997,3.3,CYP,Cyprus
1996,3.3,CYP,Cyprus
1995,3.3,CYP,Cyprus
1994,0.7,CYP,Cyprus
1993,0.3,CYP,Cyprus
1992,0.3,CYP,Cyprus
1991,0.4,CYP,Cyprus
1990,0.5,CYP,Cyprus
1989,,CYP,Cyprus
1988,,CYP,Cyprus
1987,,CYP,Cyprus
1986,,CYP,Cyprus
1985,,CYP,Cyprus
1984,,CYP,Cyprus
1983,,CYP,Cyprus
1982,,CYP,Cyprus
1981,,CYP,Cyprus
1980,,CYP,Cyprus
1979,,CYP,Cyprus
1978,,CYP,Cyprus
1977,,CYP,Cyprus
1976,,CYP,Cyprus
1975,,CYP,Cyprus
1974,,CYP,Cyprus
1973,,CYP,Cyprus
1972,,CYP,Cyprus
1971,,CYP,Cyprus
1970,,CYP,Cyprus
1969,,CYP,Cyprus
1968,,CYP,Cyprus
1967,,CYP,Cyprus
1966,,CYP,Cyprus
1965,,CYP,Cyprus
1964,,CYP,Cyprus
1963,,CYP,Cyprus
1962,,CYP,Cyprus
1961,,CYP,Cyprus
1960,,CYP,Cyprus
2025,,CZE,Czechia
2024,,CZE,Czechia
2023,,CZE,Czechia
2022,,CZE,Czechia
2021,17.2,CZE,Czechia
2020,17.0,CZE,Czechia
2019,15.9,CZE,Czechia
2018,14.7,CZE,Czechia
2017,14.5,CZE,Czechia
2016,14.8,CZE,Czechia
2015,14.8,CZE,Czechia
2014,14.8,CZE,Czechia
2013,13.9,CZE,Czechia
2012,12.8,CZE,Czechia
2011,12.2,CZE,Czechia
2010,10.9,CZE,Czechia
2009,10.2,CZE,Czechia
2008,9.0,CZE,Czechia
2007,8.3,CZE,Czechia
2006,7.9,CZE,Czechia
2005,7.5,CZE,Czechia
2004,7.1,CZE,Czechia
2003,6.7,CZE,Czechia
2002,7.3,CZE,Czechia
2001,6.3,CZE,Czechia
2000,5.9,CZE,Czechia
1999,6.5,CZE,Czechia
1998,6.0,CZE,Czechia
1997,5.7,CZE,Czechia
1996,5.2,CZE,Czechia
1995,5.3,CZE,Czechia
1994,5.9,CZE,Czechia
1993,5.8,CZE,Czechia
1992,5.9,CZE,Czechia
1991,4.0,CZE,Czechia
1990,3.6,CZE,Czechia
1989,,CZE,Czechia
1988,,CZE,Czechia
1987,,CZE,Czechia
1986,,CZE,Czechia
1985,,CZE,Czechia
1984,,CZE,Czechia
1983,,CZE,Czechia
1982,,CZE,Czechia
1981,,CZE,Czechia
1980,,CZE,Czechia
1979,,CZE,Czechia
1978,,CZE,Czechia
1977,,CZE,Czechia
1976,,CZE,Czechia
1975,,CZE,Czechia
1974,,CZE,Czechia
1973,,CZE,Czechia
1972,,CZE,Czechia
1971,,CZE,Czechia
1970,,CZE,Czechia
1969,,CZE,Czechia
1968,,CZE,Czechia
1967,,CZE,Czechia
1966,,CZE,Czechia
1965,,CZE,Czechia
1964,,CZE,Czechia
1963,,CZE,Czechia
1962,,CZE,Czechia
1961,,CZE,Czechia
1960,,CZE,Czechia
2025,,DNK,Denmark
2024,,DNK,Denmark
2023,,DNK,Denmark
2022,,DNK,Denmark
2021,39.5,DNK,Denmark
2020,39.5,DNK,Denmark
2019,37.2,DNK,Denmark
2018,34.6,DNK,Denmark
2017,35.0,DNK,Denmark
2016,32.0,DNK,Denmark
2015,32.5,DNK,Denmark
2014,30.2,DNK,Denmark
2013,27.0,DNK,Denmark
2012,26.9,DNK,Denmark
2011,23.8,DNK,Denmark
2010,21.2,DNK,Denmark
2009,19.3,DNK,Denmark
2008,18.5,DNK,Denmark
2007,17.7,DNK,Denmark
2006,15.3,DNK,Denmark
2005,16.1,DNK,Denmark
2004,14.4,DNK,Denmark
2003,12.7,DNK,Denmark
2002,11.9,DNK,Denmark
2001,11.1,DNK,Denmark
2000,10.7,DNK,Denmark
1999,9.1,DNK,Denmark
1998,8.5,DNK,Denmark
1997,8.1,DNK,Denmark
1996,7.3,DNK,Denmark
1995,7.5,DNK,Denmark
1994,7.3,DNK,Denmark
1993,7.7,DNK,Denmark
1992,7.8,DNK,Denmark
1991,7.1,DNK,Denmark
1990,7.0,DNK,Denmark
1989,,DNK,Denmark
1988,,DNK,Denmark
1987,,DNK,Denmark
1986,,DNK,Denmark
1985,,DNK,Denmark
1984,,DNK,Denmark
1983,,DNK,Denmark
1982,,DNK,Denmark
1981,,DNK,Denmark
1980,,DNK,Denmark
1979,,DNK,Denmark
1978,,DNK,Denmark
1977,,DNK,Denmark
1976,,DNK,Denmark
1975,,DNK,Denmark
1974,,DNK,Denmark
1973,,DNK,Denmark
1972,,DNK,Denmark
1971,,DNK,Denmark
1970,,DNK,Denmark
1969,,DNK,Denmark
1968,,DNK,Denmark
1967,,DNK,Denmark
1966,,DNK,Denmark
1965,,DNK,Denmark
1964,,DNK,Denmark
1963,,DNK,Denmark
1962,,DNK,Denmark
1961,,DNK,Denmark
1960,,DNK,Denmark
2025,,DJI,Djibouti
2024,,DJI,Djibouti
2023,,DJI,Djibouti
2022,26.9,DJI,Djibouti
2021,26.6,DJI,Djibouti
2020,27.5,DJI,Djibouti
2019,23.4,DJI,Djibouti
2018,24.7,DJI,Djibouti
2017,23.3,DJI,Djibouti
2016,23.6,DJI,Djibouti
2015,24.8,DJI,Djibouti
2014,29.4,DJI,Djibouti
2013,29.9,DJI,Djibouti
2012,32.3,DJI,Djibouti
2011,32.0,DJI,Djibouti
2010,32.5,DJI,Djibouti
2009,34.4,DJI,Djibouti
2008,33.1,DJI,Djibouti
2007,32.5,DJI,Djibouti
2006,33.0,DJI,Djibouti
2005,33.1,DJI,Djibouti
2004,33.6,DJI,Djibouti
2003,32.9,DJI,Djibouti
2002,32.4,DJI,Djibouti
2001,31.7,DJI,Djibouti
2000,31.4,DJI,Djibouti
1999,29.6,DJI,Djibouti
1998,29.6,DJI,Djibouti
1997,32.0,DJI,Djibouti
1996,34.0,DJI,Djibouti
1995,32.2,DJI,Djibouti
1994,32.4,DJI,Djibouti
1993,31.2,DJI,Djibouti
1992,30.3,DJI,Djibouti
1991,30.1,DJI,Djibouti
1990,29.6,DJI,Djibouti
1989,,DJI,Djibouti
1988,,DJI,Djibouti
1987,,DJI,Djibouti
1986,,DJI,Djibouti
1985,,DJI,Djibouti
1984,,DJI,Djibouti
1983,,DJI,Djibouti
1982,,DJI,Djibouti
1981,,DJI,Djibouti
1980,,DJI,Djibouti
1979,,DJI,Djibouti
1978,,DJI,Djibouti
1977,,DJI,Djibouti
1976,,DJI,Djibouti
1975,,DJI,Djibouti
1974,,DJI,Djibouti
1973,,DJI,Djibouti
1972,,DJI,Djibouti
1971,,DJI,Djibouti
1970,,DJI,Djibouti
1969,,DJI,Djibouti
1968,,DJI,Djibouti
1967,,DJI,Djibouti
1966,,DJI,Djibouti
1965,,DJI,Djibouti
1964,,DJI,Djibouti
1963,,DJI,Djibouti
1962,,DJI,Djibouti
1961,,DJI,Djibouti
1960,,DJI,Djibouti
2025,,DMA,Dominica
2024,,DMA,Dominica
2023,,DMA,Dominica
2022,8.9,DMA,Dominica
2021,8.8,DMA,Dominica
2020,8.6,DMA,Dominica
2019,7.6,DMA,Dominica
2018,7.9,DMA,Dominica
2017,9.7,DMA,Dominica
2016,10.7,DMA,Dominica
2015,8.7,DMA,Dominica
2014,9.9,DMA,Dominica
2013,11.4,DMA,Dominica
2012,11.3,DMA,Dominica
2011,13.8,DMA,Dominica
2010,10.3,DMA,Dominica
2009,7.5,DMA,Dominica
2008,8.0,DMA,Dominica
2007,7.8,DMA,Dominica
2006,9.8,DMA,Dominica
2005,10.0,DMA,Dominica
2004,11.4,DMA,Dominica
2003,10.6,DMA,Dominica
2002,13.6,DMA,Dominica
2001,9.4,DMA,Dominica
2000,11.1,DMA,Dominica
1999,14.1,DMA,Dominica
1998,15.0,DMA,Dominica
1997,15.5,DMA,Dominica
1996,20.9,DMA,Dominica
1995,15.7,DMA,Dominica
1994,13.1,DMA,Dominica
1993,13.4,DMA,Dominica
1992,14.5,DMA,Dominica
1991,14.5,DMA,Dominica
1990,14.6,DMA,Dominica
1989,,DMA,Dominica
1988,,DMA,Dominica
1987,,DMA,Dominica
1986,,DMA,Dominica
1985,,DMA,Dominica
1984,,DMA,Dominica
1983,,DMA,Dominica
1982,,DMA,Dominica
1981,,DMA,Dominica
1980,,DMA,Dominica
1979,,DMA,Dominica
1978,,DMA,Dominica
1977,,DMA,Dominica
1976,,DMA,Dominica
1975,,DMA,Dominica
1974,,DMA,Dominica
1973,,DMA,Dominica
1972,,DMA,Dominica
1971,,DMA,Dominica
1970,,DMA,Dominica
1969,,DMA,Dominica
1968,,DMA,Dominica
1967,,DMA,Dominica
1966,,DMA,Dominica
1965,,DMA,Dominica
1964,,DMA,Dominica
1963,,DMA,Dominica
1962,,DMA,Dominica
1961,,DMA,Dominica
1960,,DMA,Dominica
2025,,DOM,Dominican Republic
2024,,DOM,Dominican Republic
2023,,DOM,Dominican Republic
2022,,DOM,Dominican Republic
2021,14.8,DOM,Dominican Republic
2020,16.0,DOM,Dominican Republic
2019,14.4,DOM,Dominican Republic
2018,15.9,DOM,Dominican Republic
2017,16.9,DOM,Dominican Republic
2016,15.3,DOM,Dominican Republic
2015,14.9,DOM,Dominican Republic
2014,17.3,DOM,Dominican Republic
2013,16.6,DOM,Dominican Republic
2012,16.5,DOM,Dominican Republic
2011,16.8,DOM,Dominican Republic
2010,16.9,DOM,Dominican Republic
2009,17.3,DOM,Dominican Republic
2008,17.7,DOM,Dominican Republic
2007,17.9,DOM,Dominican Republic
2006,18.0,DOM,Dominican Republic
2005,19.4,DOM,Dominican Republic
2004,20.7,DOM,Dominican Republic
2003,18.9,DOM,Dominican Republic
2002,17.9,DOM,Dominican Republic
2001,18.9,DOM,Dominican Republic
2000,19.1,DOM,Dominican Republic
1999,19.9,DOM,Dominican Republic
1998,20.4,DOM,Dominican Republic
1997,18.2,DOM,Dominican Republic
1996,20.3,DOM,Dominican Republic
1995,22.3,DOM,Dominican Republic
1994,24.4,DOM,Dominican Republic
1993,26.9,DOM,Dominican Republic
1992,25.4,DOM,Dominican Republic
1991,28.2,DOM,Dominican Republic
1990,28.0,DOM,Dominican Republic
1989,,DOM,Dominican Republic
1988,,DOM,Dominican Republic
1987,,DOM,Dominican Republic
1986,,DOM,Dominican Republic
1985,,DOM,Dominican Republic
1984,,DOM,Dominican Republic
1983,,DOM,Dominican Republic
1982,,DOM,Dominican Republic
1981,,DOM,Dominican Republic
1980,,DOM,Dominican Republic
1979,,DOM,Dominican Republic
1978,,DOM,Dominican Republic
1977,,DOM,Dominican Republic
1976,,DOM,Dominican Republic
1975,,DOM,Dominican Republic
1974,,DOM,Dominican Republic
1973,,DOM,Dominican Republic
1972,,DOM,Dominican Republic
1971,,DOM,Dominican Republic
1970,,DOM,Dominican Republic
1969,,DOM,Dominican Republic
1968,,DOM,Dominican Republic
1967,,DOM,Dominican Republic
1966,,DOM,Dominican Republic
1965,,DOM,Dominican Republic
1964,,DOM,Dominican Republic
1963,,DOM,Dominican Republic
1962,,DOM,Dominican Republic
1961,,DOM,Dominican Republic
1960,,DOM,Dominican Republic
2025,,ECU,Ecuador
2024,,ECU,Ecuador
2023,,ECU,Ecuador
2022,,ECU,Ecuador
2021,18.9,ECU,Ecuador
2020,20.2,ECU,Ecuador
2019,17.7,ECU,Ecuador
2018,16.3,ECU,Ecuador
2017,17.0,ECU,Ecuador
2016,14.8,ECU,Ecuador
2015,13.1,ECU,Ecuador
2014,12.2,ECU,Ecuador
2013,11.8,ECU,Ecuador
2012,13.2,ECU,Ecuador
2011,13.2,ECU,Ecuador
2010,11.8,ECU,Ecuador
2009,12.9,ECU,Ecuador
2008,15.3,ECU,Ecuador
2007,15.9,ECU,Ecuador
2006,14.2,ECU,Ecuador
2005,16.2,ECU,Ecuador
2004,16.7,ECU,Ecuador
2003,16.6,ECU,Ecuador
2002,17.1,ECU,Ecuador
2001,17.1,ECU,Ecuador
2000,19.4,ECU,Ecuador
1999,19.6,ECU,Ecuador
1998,18.2,ECU,Ecuador
1997,16.6,ECU,Ecuador
1996,19.3,ECU,Ecuador
1995,20.4,ECU,Ecuador
1994,20.9,ECU,Ecuador
1993,21.6,ECU,Ecuador
1992,20.8,ECU,Ecuador
1991,24.2,ECU,Ecuador
1990,24.2,ECU,Ecuador
1989,,ECU,Ecuador
1988,,ECU,Ecuador
1987,,ECU,Ecuador
1986,,ECU,Ecuador
1985,,ECU,Ecuador
1984,,ECU,Ecuador
1983,,ECU,Ecuador
1982,,ECU,Ecuador
1981,,ECU,Ecuador
1980,,ECU,Ecuador
1979,,ECU,Ecuador
1978,,ECU,Ecuador
1977,,ECU,Ecuador
1976,,ECU,Ecuador
1975,,ECU,Ecuador
1974,,ECU,Ecuador
1973,,ECU,Ecuador
1972,,ECU,Ecuador
1971,,ECU,Ecuador
1970,,ECU,Ecuador
1969,,ECU,Ecuador
1968,,ECU,Ecuador
1967,,ECU,Ecuador
1966,,ECU,Ecuador
1965,,ECU,Ecuador
1964,,ECU,Ecuador
1963,,ECU,Ecuador
1962,,ECU,Ecuador
1961,,ECU,Ecuador
1960,,ECU,Ecuador
2025,,EGY,"Egypt, Arab Rep."
2024,,EGY,"Egypt, Arab Rep."
2023,,EGY,"Egypt, Arab Rep."
2022,,EGY,"Egypt, Arab Rep."
2021,6.1,EGY,"Egypt, Arab Rep."
2020,6.7,EGY,"Egypt, Arab Rep."
2019,6.2,EGY,"Egypt, Arab Rep."
2018,5.0,EGY,"Egypt, Arab Rep."
2017,4.9,EGY,"Egypt, Arab Rep."
2016,5.1,EGY,"Egypt, Arab Rep."
2015,5.3,EGY,"Egypt, Arab Rep."
2014,5.4,EGY,"Egypt, Arab Rep."
2013,5.3,EGY,"Egypt, Arab Rep."
2012,5.3,EGY,"Egypt, Arab Rep."
2011,5.4,EGY,"Egypt, Arab Rep."
2010,5.4,EGY,"Egypt, Arab Rep."
2009,5.7,EGY,"Egypt, Arab Rep."
2008,5.9,EGY,"Egypt, Arab Rep."
2007,6.0,EGY,"Egypt, Arab Rep."
2006,6.2,EGY,"Egypt, Arab Rep."
2005,6.5,EGY,"Egypt, Arab Rep."
2004,7.6,EGY,"Egypt, Arab Rep."
2003,7.4,EGY,"Egypt, Arab Rep."
2002,7.3,EGY,"Egypt, Arab Rep."
2001,7.8,EGY,"Egypt, Arab Rep."
2000,8.3,EGY,"Egypt, Arab Rep."
1999,8.8,EGY,"Egypt, Arab Rep."
1998,8.5,EGY,"Egypt, Arab Rep."
1997,8.6,EGY,"Egypt, Arab Rep."
1996,9.0,EGY,"Egypt, Arab Rep."
1995,9.4,EGY,"Egypt, Arab Rep."
1994,10.0,EGY,"Egypt, Arab Rep."
1993,9.2,EGY,"Egypt, Arab Rep."
1992,9.1,EGY,"Egypt, Arab Rep."
1991,9.3,EGY,"Egypt, Arab Rep."
1990,9.0,EGY,"Egypt, Arab Rep."
1989,,EGY,"Egypt, Arab Rep."
1988,,EGY,"Egypt, Arab Rep."
1987,,EGY,"Egypt, Arab Rep."
1986,,EGY,"Egypt, Arab Rep."
1985,,EGY,"Egypt, Arab Rep."
1984,,EGY,"Egypt, Arab Rep."
1983,,EGY,"Egypt, Arab Rep."
1982,,EGY,"Egypt, Arab Rep."
1981,,EGY,"Egypt, Arab Rep."
1980,,EGY,"Egypt, Arab Rep."
1979,,EGY,"Egypt, Arab Rep."
1978,,EGY,"Egypt, Arab Rep."
1977,,EGY,"Egypt, Arab Rep."
1976,,EGY,"Egypt, Arab Rep."
1975,,EGY,"Egypt, Arab Rep."
1974,,EGY,"Egypt, Arab Rep."
1973,,EGY,"Egypt, Arab Rep."
1972,,EGY,"Egypt, Arab Rep."
1971,,EGY,"Egypt, Arab Rep."
1970,,EGY,"Egypt, Arab Rep."
1969,,EGY,"Egypt, Arab Rep."
1968,,EGY,"Egypt, Arab Rep."
1967,,EGY,"Egypt, Arab Rep."
1966,,EGY,"Egypt, Arab Rep."
1965,,EGY,"Egypt, Arab Rep."
1964,,EGY,"Egypt, Arab Rep."
1963,,EGY,"Egypt, Arab Rep."
1962,,EGY,"Egypt, Arab Rep."
1961,,EGY,"Egypt, Arab Rep."
1960,,EGY,"Egypt, Arab Rep."
2025,,SLV,El Salvador
2024,,SLV,El Salvador
2023,,SLV,El Salvador
2022,,SLV,El Salvador
2021,21.9,SLV,El Salvador
2020,23.7,SLV,El Salvador
2019,19.4,SLV,El Salvador
2018,23.2,SLV,El Salvador
2017,25.0,SLV,El Salvador
2016,20.7,SLV,El Salvador
2015,21.0,SLV,El Salvador
2014,24.0,SLV,El Salvador
2013,27.5,SLV,El Salvador
2012,30.3,SLV,El Salvador
2011,29.5,SLV,El Salvador
2010,32.6,SLV,El Salvador
2009,32.2,SLV,El Salvador
2008,31.5,SLV,El Salvador
2007,28.2,SLV,El Salvador
2006,34.8,SLV,El Salvador
2005,34.1,SLV,El Salvador
2004,33.3,SLV,El Salvador
2003,33.9,SLV,El Salvador
2002,34.0,SLV,El Salvador
2001,33.1,SLV,El Salvador
2000,33.5,SLV,El Salvador
1999,51.0,SLV,El Salvador
1998,51.7,SLV,El Salvador
1997,53.0,SLV,El Salvador
1996,56.9,SLV,El Salvador
1995,54.7,SLV,El Salvador
1994,57.2,SLV,El Salvador
1993,59.3,SLV,El Salvador
1992,61.7,SLV,El Salvador
1991,64.7,SLV,El Salvador
1990,67.1,SLV,El Salvador
1989,,SLV,El Salvador
1988,,SLV,El Salvador
1987,,SLV,El Salvador
1986,,SLV,El Salvador
1985,,SLV,El Salvador
1984,,SLV,El Salvador
1983,,SLV,El Salvador
1982,,SLV,El Salvador
1981,,SLV,El Salvador
1980,,SLV,El Salvador
1979,,SLV,El Salvador
1978,,SLV,El Salvador
1977,,SLV,El Salvador
1976,,SLV,El Salvador
1975,,SLV,El Salvador
1974,,SLV,El Salvador
1973,,SLV,El Salvador
1972,,SLV,El Salvador
1971,,SLV,El Salvador
1970,,SLV,El Salvador
1969,,SLV,El Salvador
1968,,SLV,El Salvador
1967,,SLV,El Salvador
1966,,SLV,El Salvador
1965,,SLV,El Salvador
1964,,SLV,El Salvador
1963,,SLV,El Salvador
1962,,SLV,El Salvador
1961,,SLV,El Salvador
1960,,SLV,El Salvador
2025,,GNQ,Equatorial Guinea
2024,,GNQ,Equatorial Guinea
2023,,GNQ,Equatorial Guinea
2022,4.2,GNQ,Equatorial Guinea
2021,5.2,GNQ,Equatorial Guinea
2020,6.5,GNQ,Equatorial Guinea
2019,7.4,GNQ,Equatorial Guinea
2018,4.8,GNQ,Equatorial Guinea
2017,5.0,GNQ,Equatorial Guinea
2016,4.8,GNQ,Equatorial Guinea
2015,5.5,GNQ,Equatorial Guinea
2014,4.9,GNQ,Equatorial Guinea
2013,3.7,GNQ,Equatorial Guinea
2012,4.4,GNQ,Equatorial Guinea
2011,5.6,GNQ,Equatorial Guinea
2010,5.7,GNQ,Equatorial Guinea
2009,9.2,GNQ,Equatorial Guinea
2008,7.2,GNQ,Equatorial Guinea
2007,8.5,GNQ,Equatorial Guinea
2006,7.0,GNQ,Equatorial Guinea
2005,7.1,GNQ,Equatorial Guinea
2004,7.2,GNQ,Equatorial Guinea
2003,29.5,GNQ,Equatorial Guinea
2002,31.3,GNQ,Equatorial Guinea
2001,46.1,GNQ,Equatorial Guinea
2000,45.9,GNQ,Equatorial Guinea
1999,54.6,GNQ,Equatorial Guinea
1998,58.2,GNQ,Equatorial Guinea
1997,63.6,GNQ,Equatorial Guinea
1996,73.5,GNQ,Equatorial Guinea
1995,78.7,GNQ,Equatorial Guinea
1994,80.6,GNQ,Equatorial Guinea
1993,81.3,GNQ,Equatorial Guinea
1992,83.9,GNQ,Equatorial Guinea
1991,83.8,GNQ,Equatorial Guinea
1990,84.7,GNQ,Equatorial Guinea
1989,,GNQ,Equatorial Guinea
1988,,GNQ,Equatorial Guinea
1987,,GNQ,Equatorial Guinea
1986,,GNQ,Equatorial Guinea
1985,,GNQ,Equatorial Guinea
1984,,GNQ,Equatorial Guinea
1983,,GNQ,Equatorial Guinea
1982,,GNQ,Equatorial Guinea
1981,,GNQ,Equatorial Guinea
1980,,GNQ,Equatorial Guinea
1979,,GNQ,Equatorial Guinea
1978,,GNQ,Equatorial Guinea
1977,,GNQ,Equatorial Guinea
1976,,GNQ,Equatorial Guinea
1975,,GNQ,Equatorial Guinea
1974,,GNQ,Equatorial Guinea
1973,,GNQ,Equatorial Guinea
1972,,GNQ,Equatorial Guinea
1971,,GNQ,Equatorial Guinea
1970,,GNQ,Equatorial Guinea
1969,,GNQ,Equatorial Guinea
1968,,GNQ,Equatorial Guinea
1967,,GNQ,Equatorial Guinea
1966,,GNQ,Equatorial Guinea
1965,,GNQ,Equatorial Guinea
1964,,GNQ,Equatorial Guinea
1963,,GNQ,Equatorial Guinea
1962,,GNQ,Equatorial Guinea
1961,,GNQ,Equatorial Guinea
1960,,GNQ,Equatorial Guinea
2025,,ERI,Eritrea
2024,,ERI,Eritrea
2023,,ERI,Eritrea
2022,,ERI,Eritrea
2021,80.7,ERI,Eritrea
2020,80.9,ERI,Eritrea
2019,80.6,ERI,Eritrea
2018,80.8,ERI,Eritrea
2017,81.6,ERI,Eritrea
2016,81.4,ERI,Eritrea
2015,81.2,ERI,Eritrea
2014,80.5,ERI,Eritrea
2013,79.7,ERI,Eritrea
2012,78.4,ERI,Eritrea
2011,77.1,ERI,Eritrea
2010,80.9,ERI,Eritrea
2009,81.7,ERI,Eritrea
2008,81.4,ERI,Eritrea
2007,79.1,ERI,Eritrea
2006,77.3,ERI,Eritrea
2005,74.7,ERI,Eritrea
2004,69.8,ERI,Eritrea
2003,75.0,ERI,Eritrea
2002,74.7,ERI,Eritrea
2001,74.8,ERI,Eritrea
2000,76.8,ERI,Eritrea
1999,76.1,ERI,Eritrea
1998,75.0,ERI,Eritrea
1997,77.6,ERI,Eritrea
1996,76.4,ERI,Eritrea
1995,77.9,ERI,Eritrea
1994,80.1,ERI,Eritrea
1993,83.6,ERI,Eritrea
1992,89.9,ERI,Eritrea
1991,,ERI,Eritrea
1990,,ERI,Eritrea
1989,,ERI,Eritrea
1988,,ERI,Eritrea
1987,,ERI,Eritrea
1986,,ERI,Eritrea
1985,,ERI,Eritrea
1984,,ERI,Eritrea
1983,,ERI,Eritrea
1982,,ERI,Eritrea
1981,,ERI,Eritrea
1980,,ERI,Eritrea
1979,,ERI,Eritrea
1978,,ERI,Eritrea
1977,,ERI,Eritrea
1976,,ERI,Eritrea
1975,,ERI,Eritrea
1974,,ERI,Eritrea
1973,,ERI,Eritrea
1972,,ERI,Eritrea
1971,,ERI,Eritrea
1970,,ERI,Eritrea
1969,,ERI,Eritrea
1968,,ERI,Eritrea
1967,,ERI,Eritrea
1966,,ERI,Eritrea
1965,,ERI,Eritrea
1964,,ERI,Eritrea
1963,,ERI,Eritrea
1962,,ERI,Eritrea
1961,,ERI,Eritrea
1960,,ERI,Eritrea
2025,,EST,Estonia
2024,,EST,Estonia
2023,,EST,Estonia
2022,,EST,Estonia
2021,38.0,EST,Estonia
2020,40.4,EST,Estonia
2019,31.3,EST,Estonia
2018,28.6,EST,Estonia
2017,27.5,EST,Estonia
2016,27.2,EST,Estonia
2015,28.2,EST,Estonia
2014,25.3,EST,Estonia
2013,24.5,EST,Estonia
2012,25.0,EST,Estonia
2011,25.2,EST,Estonia
2010,25.3,EST,Estonia
2009,24.2,EST,Estonia
2008,20.5,EST,Estonia
2007,18.6,EST,Estonia
2006,17.2,EST,Estonia
2005,18.9,EST,Estonia
2004,20.0,EST,Estonia
2003,19.9,EST,Estonia
2002,19.3,EST,Estonia
2001,18.9,EST,Estonia
2000,19.8,EST,Estonia
1999,20.0,EST,Estonia
1998,17.9,EST,Estonia
1997,20.0,EST,Estonia
1996,20.1,EST,Estonia
1995,17.9,EST,Estonia
1994,11.1,EST,Estonia
1993,6.6,EST,Estonia
1992,5.9,EST,Estonia
1991,3.6,EST,Estonia
1990,3.5,EST,Estonia
1989,,EST,Estonia
1988,,EST,Estonia
1987,,EST,Estonia
1986,,EST,Estonia
1985,,EST,Estonia
1984,,EST,Estonia
1983,,EST,Estonia
1982,,EST,Estonia
1981,,EST,Estonia
1980,,EST,Estonia
1979,,EST,Estonia
1978,,EST,Estonia
1977,,EST,Estonia
1976,,EST,Estonia
1975,,EST,Estonia
1974,,EST,Estonia
1973,,EST,Estonia
1972,,EST,Estonia
1971,,EST,Estonia
1970,,EST,Estonia
1969,,EST,Estonia
1968,,EST,Estonia
1967,,EST,Estonia
1966,,EST,Estonia
1965,,EST,Estonia
1964,,EST,Estonia
1963,,EST,Estonia
1962,,EST,Estonia
1961,,EST,Estonia
1960,,EST,Estonia
2025,,SWZ,Eswatini
2024,,SWZ,Eswatini
2023,,SWZ,Eswatini
2022,64.7,SWZ,Eswatini
2021,65.4,SWZ,Eswatini
2020,63.7,SWZ,Eswatini
2019,64.4,SWZ,Eswatini
2018,65.7,SWZ,Eswatini
2017,65.3,SWZ,Eswatini
2016,64.3,SWZ,Eswatini
2015,68.8,SWZ,Eswatini
2014,68.3,SWZ,Eswatini
2013,66.1,SWZ,Eswatini
2012,68.8,SWZ,Eswatini
2011,69.3,SWZ,Eswatini
2010,68.5,SWZ,Eswatini
2009,66.7,SWZ,Eswatini
2008,67.8,SWZ,Eswatini
2007,66.9,SWZ,Eswatini
2006,66.8,SWZ,Eswatini
2005,67.0,SWZ,Eswatini
2004,66.6,SWZ,Eswatini
2003,66.5,SWZ,Eswatini
2002,63.6,SWZ,Eswatini
2001,60.9,SWZ,Eswatini
2000,60.1,SWZ,Eswatini
1999,56.0,SWZ,Eswatini
1998,56.8,SWZ,Eswatini
1997,55.0,SWZ,Eswatini
1996,63.0,SWZ,Eswatini
1995,54.6,SWZ,Eswatini
1994,55.3,SWZ,Eswatini
1993,62.2,SWZ,Eswatini
1992,63.2,SWZ,Eswatini
1991,61.8,SWZ,Eswatini
1990,62.2,SWZ,Eswatini
1989,,SWZ,Eswatini
1988,,SWZ,Eswatini
1987,,SWZ,Eswatini
1986,,SWZ,Eswatini
1985,,SWZ,Eswatini
1984,,SWZ,Eswatini
1983,,SWZ,Eswatini
1982,,SWZ,Eswatini
1981,,SWZ,Eswatini
1980,,SWZ,Eswatini
1979,,SWZ,Eswatini
1978,,SWZ,Eswatini
1977,,SWZ,Eswatini
1976,,SWZ,Eswatini
1975,,SWZ,Eswatini
1974,,SWZ,Eswatini
1973,,SWZ,Eswatini
1972,,SWZ,Eswatini
1971,,SWZ,Eswatini
1970,,SWZ,Eswatini
1969,,SWZ,Eswatini
1968,,SWZ,Eswatini
1967,,SWZ,Eswatini
1966,,SWZ,Eswatini
1965,,SWZ,Eswatini
1964,,SWZ,Eswatini
1963,,SWZ,Eswatini
1962,,SWZ,Eswatini
1961,,SWZ,Eswatini
1960,,SWZ,Eswatini
2025,,ETH,Ethiopia
2024,,ETH,Ethiopia
2023,,ETH,Ethiopia
2022,,ETH,Ethiopia
2021,90.6,ETH,Ethiopia
2020,90.7,ETH,Ethiopia
2019,89.3,ETH,Ethiopia
2018,90.0,ETH,Ethiopia
2017,90.8,ETH,Ethiopia
2016,90.4,ETH,Ethiopia
2015,91.5,ETH,Ethiopia
2014,91.4,ETH,Ethiopia
2013,92.4,ETH,Ethiopia
2012,93.3,ETH,Ethiopia
2011,93.6,ETH,Ethiopia
2010,94.1,ETH,Ethiopia
2009,94.2,ETH,Ethiopia
2008,94.1,ETH,Ethiopia
2007,94.1,ETH,Ethiopia
2006,94.5,ETH,Ethiopia
2005,94.7,ETH,Ethiopia
2004,94.1,ETH,Ethiopia
2003,94.2,ETH,Ethiopia
2002,94.5,ETH,Ethiopia
2001,94.6,ETH,Ethiopia
2000,95.5,ETH,Ethiopia
1999,95.8,ETH,Ethiopia
1998,95.7,ETH,Ethiopia
1997,95.8,ETH,Ethiopia
1996,95.9,ETH,Ethiopia
1995,96.2,ETH,Ethiopia
1994,96.5,ETH,Ethiopia
1993,96.9,ETH,Ethiopia
1992,97.5,ETH,Ethiopia
1991,96.3,ETH,Ethiopia
1990,96.2,ETH,Ethiopia
1989,,ETH,Ethiopia
1988,,ETH,Ethiopia
1987,,ETH,Ethiopia
1986,,ETH,Ethiopia
1985,,ETH,Ethiopia
1984,,ETH,Ethiopia
1983,,ETH,Ethiopia
1982,,ETH,Ethiopia
1981,,ETH,Ethiopia
1980,,ETH,Ethiopia
1979,,ETH,Ethiopia
1978,,ETH,Ethiopia
1977,,ETH,Ethiopia
1976,,ETH,Ethiopia
1975,,ETH,Ethiopia
1974,,ETH,Ethiopia
1973,,ETH,Ethiopia
1972,,ETH,Ethiopia
1971,,ETH,Ethiopia
1970,,ETH,Ethiopia
1969,,ETH,Ethiopia
1968,,ETH,Ethiopia
1967,,ETH,Ethiopia
1966,,ETH,Ethiopia
1965,,ETH,Ethiopia
1964,,ETH,Ethiopia
1963,,ETH,Ethiopia
1962,,ETH,Ethiopia
1961,,ETH,Ethiopia
1960,,ETH,Ethiopia
2025,,FRO,Faroe Islands
2024,,FRO,Faroe Islands
2023,,FRO,Faroe Islands
2022,7.9,FRO,Faroe Islands
2021,5.1,FRO,Faroe Islands
2020,5.3,FRO,Faroe Islands
2019,5.4,FRO,Faroe Islands
2018,5.9,FRO,Faroe Islands
2017,6.0,FRO,Faroe Islands
2016,6.3,FRO,Faroe Islands
2015,7.5,FRO,Faroe Islands
2014,6.5,FRO,Faroe Islands
2013,4.5,FRO,Faroe Islands
2012,4.7,FRO,Faroe Islands
2011,5.0,FRO,Faroe Islands
2010,3.4,FRO,Faroe Islands
2009,5.1,FRO,Faroe Islands
2008,4.5,FRO,Faroe Islands
2007,4.5,FRO,Faroe Islands
2006,4.3,FRO,Faroe Islands
2005,3.8,FRO,Faroe Islands
2004,3.4,FRO,Faroe Islands
2003,3.1,FRO,Faroe Islands
2002,3.4,FRO,Faroe Islands
2001,2.6,FRO,Faroe Islands
2000,2.8,FRO,Faroe Islands
1999,2.8,FRO,Faroe Islands
1998,3.1,FRO,Faroe Islands
1997,3.3,FRO,Faroe Islands
1996,2.7,FRO,Faroe Islands
1995,3.2,FRO,Faroe Islands
1994,3.1,FRO,Faroe Islands
1993,3.0,FRO,Faroe Islands
1992,3.1,FRO,Faroe Islands
1991,2.7,FRO,Faroe Islands
1990,2.5,FRO,Faroe Islands
1989,,FRO,Faroe Islands
1988,,FRO,Faroe Islands
1987,,FRO,Faroe Islands
1986,,FRO,Faroe Islands
1985,,FRO,Faroe Islands
1984,,FRO,Faroe Islands
1983,,FRO,Faroe Islands
1982,,FRO,Faroe Islands
1981,,FRO,Faroe Islands
1980,,FRO,Faroe Islands
1979,,FRO,Faroe Islands
1978,,FRO,Faroe Islands
1977,,FRO,Faroe Islands
1976,,FRO,Faroe Islands
1975,,FRO,Faroe Islands
1974,,FRO,Faroe Islands
1973,,FRO,Faroe Islands
1972,,FRO,Faroe Islands
1971,,FRO,Faroe Islands
1970,,FRO,Faroe Islands
1969,,FRO,Faroe Islands
1968,,FRO,Faroe Islands
1967,,FRO,Faroe Islands
1966,,FRO,Faroe Islands
1965,,FRO,Faroe Islands
1964,,FRO,Faroe Islands
1963,,FRO,Faroe Islands
1962,,FRO,Faroe Islands
1961,,FRO,Faroe Islands
1960,,FRO,Faroe Islands
2025,,FJI,Fiji
2024,,FJI,Fiji
2023,,FJI,Fiji
2022,28.4,FJI,Fiji
2021,29.7,FJI,Fiji
2020,31.8,FJI,Fiji
2019,26.5,FJI,Fiji
2018,25.8,FJI,Fiji
2017,28.6,FJI,Fiji
2016,27.7,FJI,Fiji
2015,32.7,FJI,Fiji
2014,33.2,FJI,Fiji
2013,32.8,FJI,Fiji
2012,33.3,FJI,Fiji
2011,33.4,FJI,Fiji
2010,28.0,FJI,Fiji
2009,41.6,FJI,Fiji
2008,42.1,FJI,Fiji
2007,36.0,FJI,Fiji
2006,39.1,FJI,Fiji
2005,40.0,FJI,Fiji
2004,35.7,FJI,Fiji
2003,40.8,FJI,Fiji
2002,49.0,FJI,Fiji
2001,40.4,FJI,Fiji
2000,50.1,FJI,Fiji
1999,54.2,FJI,Fiji
1998,45.4,FJI,Fiji
1997,51.6,FJI,Fiji
1996,57.3,FJI,Fiji
1995,58.4,FJI,Fiji
1994,61.9,FJI,Fiji
1993,57.6,FJI,Fiji
1992,56.2,FJI,Fiji
1991,55.5,FJI,Fiji
1990,57.1,FJI,Fiji
1989,,FJI,Fiji
1988,,FJI,Fiji
1987,,FJI,Fiji
1986,,FJI,Fiji
1985,,FJI,Fiji
1984,,FJI,Fiji
1983,,FJI,Fiji
1982,,FJI,Fiji
1981,,FJI,Fiji
1980,,FJI,Fiji
1979,,FJI,Fiji
1978,,FJI,Fiji
1977,,FJI,Fiji
1976,,FJI,Fiji
1975,,FJI,Fiji
1974,,FJI,Fiji
1973,,FJI,Fiji
1972,,FJI,Fiji
1971,,FJI,Fiji
1970,,FJI,Fiji
1969,,FJI,Fiji
1968,,FJI,Fiji
1967,,FJI,Fiji
1966,,FJI,Fiji
1965,,FJI,Fiji
1964,,FJI,Fiji
1963,,FJI,Fiji
1962,,FJI,Fiji
1961,,FJI,Fiji
1960,,FJI,Fiji
2025,,FIN,Finland
2024,,FIN,Finland
2023,,FIN,Finland
2022,,FIN,Finland
2021,50.2,FIN,Finland
2020,47.3,FIN,Finland
2019,45.4,FIN,Finland
2018,44.2,FIN,Finland
2017,44.4,FIN,Finland
2016,42.4,FIN,Finland
2015,43.2,FIN,Finland
2014,41.2,FIN,Finland
2013,38.5,FIN,Finland
2012,38.7,FIN,Finland
2011,35.1,FIN,Finland
2010,33.4,FIN,Finland
2009,32.5,FIN,Finland
2008,34.6,FIN,Finland
2007,31.8,FIN,Finland
2006,31.2,FIN,Finland
2005,31.5,FIN,Finland
2004,31.1,FIN,Finland
2003,28.4,FIN,Finland
2002,29.5,FIN,Finland
2001,29.2,FIN,Finland
2000,31.7,FIN,Finland
1999,30.2,FIN,Finland
1998,30.5,FIN,Finland
1997,28.8,FIN,Finland
1996,26.9,FIN,Finland
1995,27.3,FIN,Finland
1994,25.1,FIN,Finland
1993,26.0,FIN,Finland
1992,25.1,FIN,Finland
1991,24.0,FIN,Finland
1990,24.5,FIN,Finland
1989,,FIN,Finland
1988,,FIN,Finland
1987,,FIN,Finland
1986,,FIN,Finland
1985,,FIN,Finland
1984,,FIN,Finland
1983,,FIN,Finland
1982,,FIN,Finland
1981,,FIN,Finland
1980,,FIN,Finland
1979,,FIN,Finland
1978,,FIN,Finland
1977,,FIN,Finland
1976,,FIN,Finland
1975,,FIN,Finland
1974,,FIN,Finland
1973,,FIN,Finland
1972,,FIN,Finland
1971,,FIN,Finland
1970,,FIN,Finland
1969,,FIN,Finland
1968,,FIN,Finland
1967,,FIN,Finland
1966,,FIN,Finland
1965,,FIN,Finland
1964,,FIN,Finland
1963,,FIN,Finland
1962,,FIN,Finland
1961,,FIN,Finland
1960,,FIN,Finland
2025,,FRA,France
2024,,FRA,France
2023,,FRA,France
2022,,FRA,France
2021,16.2,FRA,France
2020,16.8,FRA,France
2019,15.5,FRA,France
2018,15.2,FRA,France
2017,14.1,FRA,France
2016,14.2,FRA,France
2015,13.3,FRA,France
2014,13.2,FRA,France
2013,13.4,FRA,France
2012,12.3,FRA,France
2011,10.6,FRA,France
2010,11.9,FRA,France
2009,11.2,FRA,France
2008,10.5,FRA,France
2007,9.4,FRA,France
2006,8.5,FRA,France
2005,8.6,FRA,France
2004,8.9,FRA,France
2003,8.8,FRA,France
2002,8.7,FRA,France
2001,9.4,FRA,France
2000,9.3,FRA,France
1999,9.8,FRA,France
1998,9.7,FRA,France
1997,10.0,FRA,France
1996,10.5,FRA,France
1995,10.7,FRA,France
1994,11.0,FRA,France
1993,10.9,FRA,France
1992,11.3,FRA,France
1991,11.1,FRA,France
1990,10.5,FRA,France
1989,,FRA,France
1988,,FRA,France
1987,,FRA,France
1986,,FRA,France
1985,,FRA,France
1984,,FRA,France
1983,,FRA,France
1982,,FRA,France
1981,,FRA,France
1980,,FRA,France
1979,,FRA,France
1978,,FRA,France
1977,,FRA,France
1976,,FRA,France
1975,,FRA,France
1974,,FRA,France
1973,,FRA,France
1972,,FRA,France
1971,,FRA,France
1970,,FRA,France
1969,,FRA,France
1968,,FRA,France
1967,,FRA,France
1966,,FRA,France
1965,,FRA,France
1964,,FRA,France
1963,,FRA,France
1962,,FRA,France
1961,,FRA,France
1960,,FRA,France
2025,,PYF,French Polynesia
2024,,PYF,French Polynesia
2023,,PYF,French Polynesia
2022,7.0,PYF,French Polynesia
2021,7.4,PYF,French Polynesia
2020,8.2,PYF,French Polynesia
2019,7.7,PYF,French Polynesia
2018,7.7,PYF,French Polynesia
2017,8.1,PYF,French Polynesia
2016,8.1,PYF,French Polynesia
2015,7.8,PYF,French Polynesia
2014,7.4,PYF,French Polynesia
2013,6.5,PYF,French Polynesia
2012,6.6,PYF,French Polynesia
2011,6.9,PYF,French Polynesia
2010,7.5,PYF,French Polynesia
2009,9.3,PYF,French Polynesia
2008,9.3,PYF,French Polynesia
2007,9.8,PYF,French Polynesia
2006,10.1,PYF,French Polynesia
2005,8.0,PYF,French Polynesia
2004,7.7,PYF,French Polynesia
2003,7.2,PYF,French Polynesia
2002,6.2,PYF,French Polynesia
2001,6.7,PYF,French Polynesia
2000,8.8,PYF,French Polynesia
1999,7.1,PYF,French Polynesia
1998,10.1,PYF,French Polynesia
1997,7.4,PYF,French Polynesia
1996,7.4,PYF,French Polynesia
1995,8.3,PYF,French Polynesia
1994,6.8,PYF,French Polynesia
1993,7.2,PYF,French Polynesia
1992,6.9,PYF,French Polynesia
1991,4.3,PYF,French Polynesia
1990,4.3,PYF,French Polynesia
1989,,PYF,French Polynesia
1988,,PYF,French Polynesia
1987,,PYF,French Polynesia
1986,,PYF,French Polynesia
1985,,PYF,French Polynesia
1984,,PYF,French Polynesia
1983,,PYF,French Polynesia
1982,,PYF,French Polynesia
1981,,PYF,French Polynesia
1980,,PYF,French Polynesia
1979,,PYF,French Polynesia
1978,,PYF,French Polynesia
1977,,PYF,French Polynesia
1976,,PYF,French Polynesia
1975,,PYF,French Polynesia
1974,,PYF,French Polynesia
1973,,PYF,French Polynesia
1972,,PYF,French Polynesia
1971,,PYF,French Polynesia
1970,,PYF,French Polynesia
1969,,PYF,French Polynesia
1968,,PYF,French Polynesia
1967,,PYF,French Polynesia
1966,,PYF,French Polynesia
1965,,PYF,French Polynesia
1964,,PYF,French Polynesia
1963,,PYF,French Polynesia
1962,,PYF,French Polynesia
1961,,PYF,French Polynesia
1960,,PYF,French Polynesia
2025,,GAB,Gabon
2024,,GAB,Gabon
2023,,GAB,Gabon
2022,,GAB,Gabon
2021,91.3,GAB,Gabon
2020,91.3,GAB,Gabon
2019,90.2,GAB,Gabon
2018,90.3,GAB,Gabon
2017,90.2,GAB,Gabon
2016,81.5,GAB,Gabon
2015,81.9,GAB,Gabon
2014,81.3,GAB,Gabon
2013,82.2,GAB,Gabon
2012,75.5,GAB,Gabon
2011,79.7,GAB,Gabon
2010,85.8,GAB,Gabon
2009,87.9,GAB,Gabon
2008,87.3,GAB,Gabon
2007,87.3,GAB,Gabon
2006,86.2,GAB,Gabon
2005,85.2,GAB,Gabon
2004,85.8,GAB,Gabon
2003,83.6,GAB,Gabon
2002,79.8,GAB,Gabon
2001,72.4,GAB,Gabon
2000,72.8,GAB,Gabon
1999,71.3,GAB,Gabon
1998,69.7,GAB,Gabon
1997,70.0,GAB,Gabon
1996,71.5,GAB,Gabon
1995,72.0,GAB,Gabon
1994,72.9,GAB,Gabon
1993,73.8,GAB,Gabon
1992,74.8,GAB,Gabon
1991,75.2,GAB,Gabon
1990,78.3,GAB,Gabon
1989,,GAB,Gabon
1988,,GAB,Gabon
1987,,GAB,Gabon
1986,,GAB,Gabon
1985,,GAB,Gabon
1984,,GAB,Gabon
1983,,GAB,Gabon
1982,,GAB,Gabon
1981,,GAB,Gabon
1980,,GAB,Gabon
1979,,GAB,Gabon
1978,,GAB,Gabon
1977,,GAB,Gabon
1976,,GAB,Gabon
1975,,GAB,Gabon
1974,,GAB,Gabon
1973,,GAB,Gabon
1972,,GAB,Gabon
1971,,GAB,Gabon
1970,,GAB,Gabon
1969,,GAB,Gabon
1968,,GAB,Gabon
1967,,GAB,Gabon
1966,,GAB,Gabon
1965,,GAB,Gabon
1964,,GAB,Gabon
1963,,GAB,Gabon
1962,,GAB,Gabon
1961,,GAB,Gabon
1960,,GAB,Gabon
2025,,GMB,"Gambia, The"
2024,,GMB,"Gambia, The"
2023,,GMB,"Gambia, The"
2022,47.7,GMB,"Gambia, The"
2021,48.6,GMB,"Gambia, The"
2020,49.8,GMB,"Gambia, The"
2019,47.4,GMB,"Gambia, The"
2018,48.1,GMB,"Gambia, The"
2017,48.0,GMB,"Gambia, The"
2016,48.6,GMB,"Gambia, The"
2015,49.0,GMB,"Gambia, The"
2014,53.2,GMB,"Gambia, The"
2013,59.3,GMB,"Gambia, The"
2012,57.0,GMB,"Gambia, The"
2011,56.2,GMB,"Gambia, The"
2010,56.6,GMB,"Gambia, The"
2009,53.9,GMB,"Gambia, The"
2008,56.3,GMB,"Gambia, The"
2007,57.3,GMB,"Gambia, The"
2006,60.2,GMB,"Gambia, The"
2005,61.7,GMB,"Gambia, The"
2004,61.2,GMB,"Gambia, The"
2003,62.4,GMB,"Gambia, The"
2002,61.0,GMB,"Gambia, The"
2001,59.6,GMB,"Gambia, The"
2000,62.9,GMB,"Gambia, The"
1999,56.3,GMB,"Gambia, The"
1998,57.5,GMB,"Gambia, The"
1997,58.7,GMB,"Gambia, The"
1996,59.6,GMB,"Gambia, The"
1995,60.1,GMB,"Gambia, The"
1994,61.6,GMB,"Gambia, The"
1993,63.3,GMB,"Gambia, The"
1992,63.5,GMB,"Gambia, The"
1991,62.3,GMB,"Gambia, The"
1990,62.0,GMB,"Gambia, The"
1989,,GMB,"Gambia, The"
1988,,GMB,"Gambia, The"
1987,,GMB,"Gambia, The"
1986,,GMB,"Gambia, The"
1985,,GMB,"Gambia, The"
1984,,GMB,"Gambia, The"
1983,,GMB,"Gambia, The"
1982,,GMB,"Gambia, The"
1981,,GMB,"Gambia, The"
1980,,GMB,"Gambia, The"
1979,,GMB,"Gambia, The"
1978,,GMB,"Gambia, The"
1977,,GMB,"Gambia, The"
1976,,GMB,"Gambia, The"
1975,,GMB,"Gambia, The"
1974,,GMB,"Gambia, The"
1973,,GMB,"Gambia, The"
1972,,GMB,"Gambia, The"
1971,,GMB,"Gambia, The"
1970,,GMB,"Gambia, The"
1969,,GMB,"Gambia, The"
1968,,GMB,"Gambia, The"
1967,,GMB,"Gambia, The"
1966,,GMB,"Gambia, The"
1965,,GMB,"Gambia, The"
1964,,GMB,"Gambia, The"
1963,,GMB,"Gambia, The"
1962,,GMB,"Gambia, The"
1961,,GMB,"Gambia, The"
1960,,GMB,"Gambia, The"
2025,,GEO,Georgia
2024,,GEO,Georgia
2023,,GEO,Georgia
2022,,GEO,Georgia
2021,25.2,GEO,Georgia
2020,23.4,GEO,Georgia
2019,24.7,GEO,Georgia
2018,27.4,GEO,Georgia
2017,27.5,GEO,Georgia
2016,27.2,GEO,Georgia
2015,27.5,GEO,Georgia
2014,30.7,GEO,Georgia
2013,32.4,GEO,Georgia
2012,28.7,GEO,Georgia
2011,31.5,GEO,Georgia
2010,39.1,GEO,Georgia
2009,36.7,GEO,Georgia
2008,36.3,GEO,Georgia
2007,36.2,GEO,Georgia
2006,37.2,GEO,Georgia
2005,41.5,GEO,Georgia
2004,54.5,GEO,Georgia
2003,55.3,GEO,Georgia
2002,56.8,GEO,Georgia
2001,53.1,GEO,Georgia
2000,47.2,GEO,Georgia
1999,49.7,GEO,Georgia
1998,47.5,GEO,Georgia
1997,44.4,GEO,Georgia
1996,42.8,GEO,Georgia
1995,46.4,GEO,Georgia
1994,22.7,GEO,Georgia
1993,26.0,GEO,Georgia
1992,18.5,GEO,Georgia
1991,14.1,GEO,Georgia
1990,12.8,GEO,Georgia
1989,,GEO,Georgia
1988,,GEO,Georgia
1987,,GEO,Georgia
1986,,GEO,Georgia
1985,,GEO,Georgia
1984,,GEO,Georgia
1983,,GEO,Georgia
1982,,GEO,Georgia
1981,,GEO,Georgia
1980,,GEO,Georgia
1979,,GEO,Georgia
1978,,GEO,Georgia
1977,,GEO,Georgia
1976,,GEO,Georgia
1975,,GEO,Georgia
1974,,GEO,Georgia
1973,,GEO,Georgia
1972,,GEO,Georgia
1971,,GEO,Georgia
1970,,GEO,Georgia
1969,,GEO,Georgia
1968,,GEO,Georgia
1967,,GEO,Georgia
1966,,GEO,Georgia
1965,,GEO,Georgia
1964,,GEO,Georgia
1963,,GEO,Georgia
1962,,GEO,Georgia
1961,,GEO,Georgia
1960,,GEO,Georgia
2025,,DEU,Germany
2024,,DEU,Germany
2023,,DEU,Germany
2022,,DEU,Germany
2021,17.6,DEU,Germany
2020,18.5,DEU,Germany
2019,17.1,DEU,Germany
2018,16.0,DEU,Germany
2017,15.2,DEU,Germany
2016,14.2,DEU,Germany
2015,14.6,DEU,Germany
2014,14.0,DEU,Germany
2013,13.6,DEU,Germany
2012,13.6,DEU,Germany
2011,12.5,DEU,Germany
2010,11.6,DEU,Germany
2009,10.7,DEU,Germany
2008,10.2,DEU,Germany
2007,10.5,DEU,Germany
2006,8.6,DEU,Germany
2005,7.3,DEU,Germany
2004,6.3,DEU,Germany
2003,5.4,DEU,Germany
2002,4.4,DEU,Germany
2001,3.9,DEU,Germany
2000,3.7,DEU,Germany
1999,3.3,DEU,Germany
1998,3.0,DEU,Germany
1997,2.8,DEU,Germany
1996,2.2,DEU,Germany
1995,2.3,DEU,Germany
1994,2.3,DEU,Germany
1993,2.1,DEU,Germany
1992,2.1,DEU,Germany
1991,2.0,DEU,Germany
1990,2.1,DEU,Germany
1989,,DEU,Germany
1988,,DEU,Germany
1987,,DEU,Germany
1986,,DEU,Germany
1985,,DEU,Germany
1984,,DEU,Germany
1983,,DEU,Germany
1982,,DEU,Germany
1981,,DEU,Germany
1980,,DEU,Germany
1979,,DEU,Germany
1978,,DEU,Germany
1977,,DEU,Germany
1976,,DEU,Germany
1975,,DEU,Germany
1974,,DEU,Germany
1973,,DEU,Germany
1972,,DEU,Germany
1971,,DEU,Germany
1970,,DEU,Germany
1969,,DEU,Germany
1968,,DEU,Germany
1967,,DEU,Germany
1966,,DEU,Germany
1965,,DEU,Germany
1964,,DEU,Germany
1963,,DEU,Germany
1962,,DEU,Germany
1961,,DEU,Germany
1960,,DEU,Germany
2025,,GHA,Ghana
2024,,GHA,Ghana
2023,,GHA,Ghana
2022,,GHA,Ghana
2021,39.0,GHA,Ghana
2020,40.0,GHA,Ghana
2019,42.6,GHA,Ghana
2018,42.1,GHA,Ghana
2017,45.3,GHA,Ghana
2016,45.2,GHA,Ghana
2015,44.0,GHA,Ghana
2014,47.7,GHA,Ghana
2013,46.2,GHA,Ghana
2012,46.5,GHA,Ghana
2011,50.1,GHA,Ghana
2010,51.9,GHA,Ghana
2009,51.9,GHA,Ghana
2008,57.3,GHA,Ghana
2007,54.5,GHA,Ghana
2006,58.6,GHA,Ghana
2005,61.4,GHA,Ghana
2004,62.4,GHA,Ghana
2003,64.5,GHA,Ghana
2002,65.7,GHA,Ghana
2001,69.3,GHA,Ghana
2000,71.6,GHA,Ghana
1999,72.8,GHA,Ghana
1998,73.6,GHA,Ghana
1997,78.3,GHA,Ghana
1996,78.8,GHA,Ghana
1995,79.8,GHA,Ghana
1994,80.6,GHA,Ghana
1993,81.3,GHA,Ghana
1992,81.0,GHA,Ghana
1991,82.9,GHA,Ghana
1990,80.6,GHA,Ghana
1989,,GHA,Ghana
1988,,GHA,Ghana
1987,,GHA,Ghana
1986,,GHA,Ghana
1985,,GHA,Ghana
1984,,GHA,Ghana
1983,,GHA,Ghana
1982,,GHA,Ghana
1981,,GHA,Ghana
1980,,GHA,Ghana
1979,,GHA,Ghana
1978,,GHA,Ghana
1977,,GHA,Ghana
1976,,GHA,Ghana
1975,,GHA,Ghana
1974,,GHA,Ghana
1973,,GHA,Ghana
1972,,GHA,Ghana
1971,,GHA,Ghana
1970,,GHA,Ghana
1969,,GHA,Ghana
1968,,GHA,Ghana
1967,,GHA,Ghana
1966,,GHA,Ghana
1965,,GHA,Ghana
1964,,GHA,Ghana
1963,,GHA,Ghana
1962,,GHA,Ghana
1961,,GHA,Ghana
1960,,GHA,Ghana
2025,,GIB,Gibraltar
2024,,GIB,Gibraltar
2023,,GIB,Gibraltar
2022,,GIB,Gibraltar
2021,0.0,GIB,Gibraltar
2020,0.0,GIB,Gibraltar
2019,0.0,GIB,Gibraltar
2018,0.0,GIB,Gibraltar
2017,0.0,GIB,Gibraltar
2016,0.0,GIB,Gibraltar
2015,0.0,GIB,Gibraltar
2014,0.0,GIB,Gibraltar
2013,0.0,GIB,Gibraltar
2012,0.0,GIB,Gibraltar
2011,0.0,GIB,Gibraltar
2010,0.0,GIB,Gibraltar
2009,0.0,GIB,Gibraltar
2008,0.0,GIB,Gibraltar
2007,0.0,GIB,Gibraltar
2006,0.0,GIB,Gibraltar
2005,0.0,GIB,Gibraltar
2004,0.0,GIB,Gibraltar
2003,0.0,GIB,Gibraltar
2002,0.0,GIB,Gibraltar
2001,0.0,GIB,Gibraltar
2000,0.0,GIB,Gibraltar
1999,0.0,GIB,Gibraltar
1998,0.0,GIB,Gibraltar
1997,0.0,GIB,Gibraltar
1996,0.0,GIB,Gibraltar
1995,0.0,GIB,Gibraltar
1994,0.0,GIB,Gibraltar
1993,0.0,GIB,Gibraltar
1992,0.0,GIB,Gibraltar
1991,0.0,GIB,Gibraltar
1990,0.0,GIB,Gibraltar
1989,,GIB,Gibraltar
1988,,GIB,Gibraltar
1987,,GIB,Gibraltar
1986,,GIB,Gibraltar
1985,,GIB,Gibraltar
1984,,GIB,Gibraltar
1983,,GIB,Gibraltar
1982,,GIB,Gibraltar
1981,,GIB,Gibraltar
1980,,GIB,Gibraltar
1979,,GIB,Gibraltar
1978,,GIB,Gibraltar
1977,,GIB,Gibraltar
1976,,GIB,Gibraltar
1975,,GIB,Gibraltar
1974,,GIB,Gibraltar
1973,,GIB,Gibraltar
1972,,GIB,Gibraltar
1971,,GIB,Gibraltar
1970,,GIB,Gibraltar
1969,,GIB,Gibraltar
1968,,GIB,Gibraltar
1967,,GIB,Gibraltar
1966,,GIB,Gibraltar
1965,,GIB,Gibraltar
1964,,GIB,Gibraltar
1963,,GIB,Gibraltar
1962,,GIB,Gibraltar
1961,,GIB,Gibraltar
1960,,GIB,Gibraltar
2025,,GRC,Greece
2024,,GRC,Greece
2023,,GRC,Greece
2022,,GRC,Greece
2021,21.5,GRC,Greece
2020,20.1,GRC,Greece
2019,18.5,GRC,Greece
2018,17.9,GRC,Greece
2017,16.4,GRC,Greece
2016,16.4,GRC,Greece
2015,17.5,GRC,Greece
2014,16.4,GRC,Greece
2013,16.6,GRC,Greece
2012,14.2,GRC,Greece
2011,11.4,GRC,Greece
2010,11.4,GRC,Greece
2009,9.2,GRC,Greece
2008,8.3,GRC,Greece
2007,8.1,GRC,Greece
2006,8.5,GRC,Greece
2005,8.0,GRC,Greece
2004,7.8,GRC,Greece
2003,7.6,GRC,Greece
2002,7.3,GRC,Greece
2001,7.1,GRC,Greece
2000,7.8,GRC,Greece
1999,8.0,GRC,Greece
1998,7.6,GRC,Greece
1997,8.0,GRC,Greece
1996,8.2,GRC,Greece
1995,8.3,GRC,Greece
1994,8.0,GRC,Greece
1993,8.0,GRC,Greece
1992,7.9,GRC,Greece
1991,8.3,GRC,Greece
1990,7.8,GRC,Greece
1989,,GRC,Greece
1988,,GRC,Greece
1987,,GRC,Greece
1986,,GRC,Greece
1985,,GRC,Greece
1984,,GRC,Greece
1983,,GRC,Greece
1982,,GRC,Greece
1981,,GRC,Greece
1980,,GRC,Greece
1979,,GRC,Greece
1978,,GRC,Greece
1977,,GRC,Greece
1976,,GRC,Greece
1975,,GRC,Greece
1974,,GRC,Greece
1973,,GRC,Greece
1972,,GRC,Greece
1971,,GRC,Greece
1970,,GRC,Greece
1969,,GRC,Greece
1968,,GRC,Greece
1967,,GRC,Greece
1966,,GRC,Greece
1965,,GRC,Greece
1964,,GRC,Greece
1963,,GRC,Greece
1962,,GRC,Greece
1961,,GRC,Greece
1960,,GRC,Greece
2025,,GRL,Greenland
2024,,GRL,Greenland
2023,,GRL,Greenland
2022,11.7,GRL,Greenland
2021,11.6,GRL,Greenland
2020,11.8,GRL,Greenland
2019,10.9,GRL,Greenland
2018,11.4,GRL,Greenland
2017,11.3,GRL,Greenland
2016,12.4,GRL,Greenland
2015,13.1,GRL,Greenland
2014,12.5,GRL,Greenland
2013,11.2,GRL,Greenland
2012,10.1,GRL,Greenland
2011,10.2,GRL,Greenland
2010,10.1,GRL,Greenland
2009,8.8,GRL,Greenland
2008,6.9,GRL,Greenland
2007,6.9,GRL,Greenland
2006,7.1,GRL,Greenland
2005,7.0,GRL,Greenland
2004,6.7,GRL,Greenland
2003,9.5,GRL,Greenland
2002,9.5,GRL,Greenland
2001,8.7,GRL,Greenland
2000,9.2,GRL,Greenland
1999,9.4,GRL,Greenland
1998,9.3,GRL,Greenland
1997,9.2,GRL,Greenland
1996,10.5,GRL,Greenland
1995,10.7,GRL,Greenland
1994,11.2,GRL,Greenland
1993,5.3,GRL,Greenland
1992,0.6,GRL,Greenland
1991,0.5,GRL,Greenland
1990,0.5,GRL,Greenland
1989,,GRL,Greenland
1988,,GRL,Greenland
1987,,GRL,Greenland
1986,,GRL,Greenland
1985,,GRL,Greenland
1984,,GRL,Greenland
1983,,GRL,Greenland
1982,,GRL,Greenland
1981,,GRL,Greenland
1980,,GRL,Greenland
1979,,GRL,Greenland
1978,,GRL,Greenland
1977,,GRL,Greenland
1976,,GRL,Greenland
1975,,GRL,Greenland
1974,,GRL,Greenland
1973,,GRL,Greenland
1972,,GRL,Greenland
1971,,GRL,Greenland
1970,,GRL,Greenland
1969,,GRL,Greenland
1968,,GRL,Greenland
1967,,GRL,Greenland
1966,,GRL,Greenland
1965,,GRL,Greenland
1964,,GRL,Greenland
1963,,GRL,Greenland
1962,,GRL,Greenland
1961,,GRL,Greenland
1960,,GRL,Greenland
2025,,GRD,Grenada
2024,,GRD,Grenada
2023,,GRD,Grenada
2022,10.0,GRD,Grenada
2021,10.2,GRD,Grenada
2020,10.3,GRD,Grenada
2019,10.4,GRD,Grenada
2018,10.7,GRD,Grenada
2017,10.2,GRD,Grenada
2016,10.4,GRD,Grenada
2015,10.5,GRD,Grenada
2014,11.0,GRD,Grenada
2013,10.8,GRD,Grenada
2012,11.5,GRD,Grenada
2011,11.4,GRD,Grenada
2010,10.8,GRD,Grenada
2009,10.5,GRD,Grenada
2008,10.8,GRD,Grenada
2007,9.9,GRD,Grenada
2006,10.4,GRD,Grenada
2005,10.6,GRD,Grenada
2004,10.6,GRD,Grenada
2003,10.4,GRD,Grenada
2002,10.5,GRD,Grenada
2001,10.4,GRD,Grenada
2000,10.5,GRD,Grenada
1999,10.3,GRD,Grenada
1998,10.2,GRD,Grenada
1997,8.3,GRD,Grenada
1996,6.2,GRD,Grenada
1995,7.4,GRD,Grenada
1994,7.4,GRD,Grenada
1993,8.1,GRD,Grenada
1992,7.7,GRD,Grenada
1991,8.1,GRD,Grenada
1990,8.3,GRD,Grenada
1989,,GRD,Grenada
1988,,GRD,Grenada
1987,,GRD,Grenada
1986,,GRD,Grenada
1985,,GRD,Grenada
1984,,GRD,Grenada
1983,,GRD,Grenada
1982,,GRD,Grenada
1981,,GRD,Grenada
1980,,GRD,Grenada
1979,,GRD,Grenada
1978,,GRD,Grenada
1977,,GRD,Grenada
1976,,GRD,Grenada
1975,,GRD,Grenada
1974,,GRD,Grenada
1973,,GRD,Grenada
1972,,GRD,Grenada
1971,,GRD,Grenada
1970,,GRD,Grenada
1969,,GRD,Grenada
1968,,GRD,Grenada
1967,,GRD,Grenada
1966,,GRD,Grenada
1965,,GRD,Grenada
1964,,GRD,Grenada
1963,,GRD,Grenada
1962,,GRD,Grenada
1961,,GRD,Grenada
1960,,GRD,Grenada
2025,,GUM,Guam
2024,,GUM,Guam
2023,,GUM,Guam
2022,6.7,GUM,Guam
2021,4.5,GUM,Guam
2020,4.6,GUM,Guam
2019,4.5,GUM,Guam
2018,4.5,GUM,Guam
2017,3.9,GUM,Guam
2016,4.4,GUM,Guam
2015,2.3,GUM,Guam
2014,0.7,GUM,Guam
2013,0.6,GUM,Guam
2012,0.5,GUM,Guam
2011,0.5,GUM,Guam
2010,0.5,GUM,Guam
2009,0.5,GUM,Guam
2008,0.4,GUM,Guam
2007,0.4,GUM,Guam
2006,0.4,GUM,Guam
2005,0.4,GUM,Guam
2004,0.5,GUM,Guam
2003,0.5,GUM,Guam
2002,0.4,GUM,Guam
2001,0.4,GUM,Guam
2000,0.4,GUM,Guam
1999,0.4,GUM,Guam
1998,0.4,GUM,Guam
1997,0.4,GUM,Guam
1996,0.4,GUM,Guam
1995,0.4,GUM,Guam
1994,0.4,GUM,Guam
1993,0.4,GUM,Guam
1992,0.5,GUM,Guam
1991,0.5,GUM,Guam
1990,0.5,GUM,Guam
1989,,GUM,Guam
1988,,GUM,Guam
1987,,GUM,Guam
1986,,GUM,Guam
1985,,GUM,Guam
1984,,GUM,Guam
1983,,GUM,Guam
1982,,GUM,Guam
1981,,GUM,Guam
1980,,GUM,Guam
1979,,GUM,Guam
1978,,GUM,Guam
1977,,GUM,Guam
1976,,GUM,Guam
1975,,GUM,Guam
1974,,GUM,Guam
1973,,GUM,Guam
1972,,GUM,Guam
1971,,GUM,Guam
1970,,GUM,Guam
1969,,GUM,Guam
1968,,GUM,Guam
1967,,GUM,Guam
1966,,GUM,Guam
1965,,GUM,Guam
1964,,GUM,Guam
1963,,GUM,Guam
1962,,GUM,Guam
1961,,GUM,Guam
1960,,GUM,Guam
2025,,GTM,Guatemala
2024,,GTM,Guatemala
2023,,GTM,Guatemala
2022,,GTM,Guatemala
2021,62.1,GTM,Guatemala
2020,65.5,GTM,Guatemala
2019,62.8,GTM,Guatemala
2018,64.0,GTM,Guatemala
2017,65.0,GTM,Guatemala
2016,63.2,GTM,Guatemala
2015,63.3,GTM,Guatemala
2014,66.2,GTM,Guatemala
2013,67.2,GTM,Guatemala
2012,67.4,GTM,Guatemala
2011,67.1,GTM,Guatemala
2010,67.1,GTM,Guatemala
2009,65.3,GTM,Guatemala
2008,66.5,GTM,Guatemala
2007,63.3,GTM,Guatemala
2006,64.7,GTM,Guatemala
2005,65.2,GTM,Guatemala
2004,66.1,GTM,Guatemala
2003,64.3,GTM,Guatemala
2002,63.8,GTM,Guatemala
2001,61.3,GTM,Guatemala
2000,62.7,GTM,Guatemala
1999,64.5,GTM,Guatemala
1998,62.0,GTM,Guatemala
1997,65.1,GTM,Guatemala
1996,65.6,GTM,Guatemala
1995,65.0,GTM,Guatemala
1994,68.3,GTM,Guatemala
1993,69.8,GTM,Guatemala
1992,72.2,GTM,Guatemala
1991,74.2,GTM,Guatemala
1990,75.0,GTM,Guatemala
1989,,GTM,Guatemala
1988,,GTM,Guatemala
1987,,GTM,Guatemala
1986,,GTM,Guatemala
1985,,GTM,Guatemala
1984,,GTM,Guatemala
1983,,GTM,Guatemala
1982,,GTM,Guatemala
1981,,GTM,Guatemala
1980,,GTM,Guatemala
1979,,GTM,Guatemala
1978,,GTM,Guatemala
1977,,GTM,Guatemala
1976,,GTM,Guatemala
1975,,GTM,Guatemala
1974,,GTM,Guatemala
1973,,GTM,Guatemala
1972,,GTM,Guatemala
1971,,GTM,Guatemala
1970,,GTM,Guatemala
1969,,GTM,Guatemala
1968,,GTM,Guatemala
1967,,GTM,Guatemala
1966,,GTM,Guatemala
1965,,GTM,Guatemala
1964,,GTM,Guatemala
1963,,GTM,Guatemala
1962,,GTM,Guatemala
1961,,GTM,Guatemala
1960,,GTM,Guatemala
2025,,GIN,Guinea
2024,,GIN,Guinea
2023,,GIN,Guinea
2022,66.6,GIN,Guinea
2021,66.8,GIN,Guinea
2020,65.8,GIN,Guinea
2019,68.3,GIN,Guinea
2018,73.2,GIN,Guinea
2017,72.0,GIN,Guinea
2016,75.3,GIN,Guinea
2015,76.2,GIN,Guinea
2014,78.6,GIN,Guinea
2013,78.5,GIN,Guinea
2012,76.4,GIN,Guinea
2011,74.8,GIN,Guinea
2010,75.7,GIN,Guinea
2009,79.2,GIN,Guinea
2008,80.2,GIN,Guinea
2007,80.4,GIN,Guinea
2006,81.1,GIN,Guinea
2005,81.6,GIN,Guinea
2004,83.2,GIN,Guinea
2003,83.5,GIN,Guinea
2002,84.3,GIN,Guinea
2001,84.8,GIN,Guinea
2000,85.5,GIN,Guinea
1999,86.3,GIN,Guinea
1998,84.3,GIN,Guinea
1997,85.2,GIN,Guinea
1996,88.8,GIN,Guinea
1995,90.0,GIN,Guinea
1994,86.0,GIN,Guinea
1993,86.2,GIN,Guinea
1992,86.6,GIN,Guinea
1991,89.6,GIN,Guinea
1990,89.5,GIN,Guinea
1989,,GIN,Guinea
1988,,GIN,Guinea
1987,,GIN,Guinea
1986,,GIN,Guinea
1985,,GIN,Guinea
1984,,GIN,Guinea
1983,,GIN,Guinea
1982,,GIN,Guinea
1981,,GIN,Guinea
1980,,GIN,Guinea
1979,,GIN,Guinea
1978,,GIN,Guinea
1977,,GIN,Guinea
1976,,GIN,Guinea
1975,,GIN,Guinea
1974,,GIN,Guinea
1973,,GIN,Guinea
1972,,GIN,Guinea
1971,,GIN,Guinea
1970,,GIN,Guinea
1969,,GIN,Guinea
1968,,GIN,Guinea
1967,,GIN,Guinea
1966,,GIN,Guinea
1965,,GIN,Guinea
1964,,GIN,Guinea
1963,,GIN,Guinea
1962,,GIN,Guinea
1961,,GIN,Guinea
1960,,GIN,Guinea
2025,,GNB,Guinea-Bissau
2024,,GNB,Guinea-Bissau
2023,,GNB,Guinea-Bissau
2022,87.4,GNB,Guinea-Bissau
2021,87.4,GNB,Guinea-Bissau
2020,87.2,GNB,Guinea-Bissau
2019,86.2,GNB,Guinea-Bissau
2018,86.6,GNB,Guinea-Bissau
2017,86.8,GNB,Guinea-Bissau
2016,86.8,GNB,Guinea-Bissau
2015,87.2,GNB,Guinea-Bissau
2014,87.3,GNB,Guinea-Bissau
2013,87.7,GNB,Guinea-Bissau
2012,87.8,GNB,Guinea-Bissau
2011,87.9,GNB,Guinea-Bissau
2010,87.8,GNB,Guinea-Bissau
2009,87.9,GNB,Guinea-Bissau
2008,88.4,GNB,Guinea-Bissau
2007,87.9,GNB,Guinea-Bissau
2006,88.3,GNB,Guinea-Bissau
2005,88.5,GNB,Guinea-Bissau
2004,88.6,GNB,Guinea-Bissau
2003,89.0,GNB,Guinea-Bissau
2002,91.0,GNB,Guinea-Bissau
2001,91.2,GNB,Guinea-Bissau
2000,91.2,GNB,Guinea-Bissau
1999,88.1,GNB,Guinea-Bissau
1998,89.0,GNB,Guinea-Bissau
1997,88.4,GNB,Guinea-Bissau
1996,89.4,GNB,Guinea-Bissau
1995,88.6,GNB,Guinea-Bissau
1994,88.5,GNB,Guinea-Bissau
1993,88.0,GNB,Guinea-Bissau
1992,88.5,GNB,Guinea-Bissau
1991,88.6,GNB,Guinea-Bissau
1990,88.6,GNB,Guinea-Bissau
1989,,GNB,Guinea-Bissau
1988,,GNB,Guinea-Bissau
1987,,GNB,Guinea-Bissau
1986,,GNB,Guinea-Bissau
1985,,GNB,Guinea-Bissau
1984,,GNB,Guinea-Bissau
1983,,GNB,Guinea-Bissau
1982,,GNB,Guinea-Bissau
1981,,GNB,Guinea-Bissau
1980,,GNB,Guinea-Bissau
1979,,GNB,Guinea-Bissau
1978,,GNB,Guinea-Bissau
1977,,GNB,Guinea-Bissau
1976,,GNB,Guinea-Bissau
1975,,GNB,Guinea-Bissau
1974,,GNB,Guinea-Bissau
1973,,GNB,Guinea-Bissau
1972,,GNB,Guinea-Bissau
1971,,GNB,Guinea-Bissau
1970,,GNB,Guinea-Bissau
1969,,GNB,Guinea-Bissau
1968,,GNB,Guinea-Bissau
1967,,GNB,Guinea-Bissau
1966,,GNB,Guinea-Bissau
1965,,GNB,Guinea-Bissau
1964,,GNB,Guinea-Bissau
1963,,GNB,Guinea-Bissau
1962,,GNB,Guinea-Bissau
1961,,GNB,Guinea-Bissau
1960,,GNB,Guinea-Bissau
2025,,GUY,Guyana
2024,,GUY,Guyana
2023,,GUY,Guyana
2022,12.1,GUY,Guyana
2021,13.2,GUY,Guyana
2020,12.0,GUY,Guyana
2019,11.3,GUY,Guyana
2018,16.8,GUY,Guyana
2017,22.1,GUY,Guyana
2016,21.3,GUY,Guyana
2015,25.0,GUY,Guyana
2014,24.0,GUY,Guyana
2013,26.9,GUY,Guyana
2012,28.7,GUY,Guyana
2011,32.8,GUY,Guyana
2010,30.6,GUY,Guyana
2009,31.3,GUY,Guyana
2008,32.6,GUY,Guyana
2007,33.1,GUY,Guyana
2006,36.8,GUY,Guyana
2005,34.7,GUY,Guyana
2004,35.5,GUY,Guyana
2003,34.6,GUY,Guyana
2002,34.2,GUY,Guyana
2001,31.0,GUY,Guyana
2000,30.4,GUY,Guyana
1999,26.6,GUY,Guyana
1998,27.6,GUY,Guyana
1997,27.4,GUY,Guyana
1996,29.0,GUY,Guyana
1995,31.0,GUY,Guyana
1994,32.3,GUY,Guyana
1993,43.1,GUY,Guyana
1992,43.2,GUY,Guyana
1991,41.6,GUY,Guyana
1990,55.1,GUY,Guyana
1989,,GUY,Guyana
1988,,GUY,Guyana
1987,,GUY,Guyana
1986,,GUY,Guyana
1985,,GUY,Guyana
1984,,GUY,Guyana
1983,,GUY,Guyana
1982,,GUY,Guyana
1981,,GUY,Guyana
1980,,GUY,Guyana
1979,,GUY,Guyana
1978,,GUY,Guyana
1977,,GUY,Guyana
1976,,GUY,Guyana
1975,,GUY,Guyana
1974,,GUY,Guyana
1973,,GUY,Guyana
1972,,GUY,Guyana
1971,,GUY,Guyana
1970,,GUY,Guyana
1969,,GUY,Guyana
1968,,GUY,Guyana
1967,,GUY,Guyana
1966,,GUY,Guyana
1965,,GUY,Guyana
1964,,GUY,Guyana
1963,,GUY,Guyana
1962,,GUY,Guyana
1961,,GUY,Guyana
1960,,GUY,Guyana
2025,,HTI,Haiti
2024,,HTI,Haiti
2023,,HTI,Haiti
2022,,HTI,Haiti
2021,76.7,HTI,Haiti
2020,76.3,HTI,Haiti
2019,76.4,HTI,Haiti
2018,76.2,HTI,Haiti
2017,76.2,HTI,Haiti
2016,76.1,HTI,Haiti
2015,76.1,HTI,Haiti
2014,77.8,HTI,Haiti
2013,80.4,HTI,Haiti
2012,82.2,HTI,Haiti
2011,79.0,HTI,Haiti
2010,79.0,HTI,Haiti
2009,80.3,HTI,Haiti
2008,79.6,HTI,Haiti
2007,79.3,HTI,Haiti
2006,81.4,HTI,Haiti
2005,81.1,HTI,Haiti
2004,81.1,HTI,Haiti
2003,79.0,HTI,Haiti
2002,79.1,HTI,Haiti
2001,80.9,HTI,Haiti
2000,80.8,HTI,Haiti
1999,82.0,HTI,Haiti
1998,83.3,HTI,Haiti
1997,84.6,HTI,Haiti
1996,86.0,HTI,Haiti
1995,87.0,HTI,Haiti
1994,96.7,HTI,Haiti
1993,89.4,HTI,Haiti
1992,87.7,HTI,Haiti
1991,87.5,HTI,Haiti
1990,87.2,HTI,Haiti
1989,,HTI,Haiti
1988,,HTI,Haiti
1987,,HTI,Haiti
1986,,HTI,Haiti
1985,,HTI,Haiti
1984,,HTI,Haiti
1983,,HTI,Haiti
1982,,HTI,Haiti
1981,,HTI,Haiti
1980,,HTI,Haiti
1979,,HTI,Haiti
1978,,HTI,Haiti
1977,,HTI,Haiti
1976,,HTI,Haiti
1975,,HTI,Haiti
1974,,HTI,Haiti
1973,,HTI,Haiti
1972,,HTI,Haiti
1971,,HTI,Haiti
1970,,HTI,Haiti
1969,,HTI,Haiti
1968,,HTI,Haiti
1967,,HTI,Haiti
1966,,HTI,Haiti
1965,,HTI,Haiti
1964,,HTI,Haiti
1963,,HTI,Haiti
1962,,HTI,Haiti
1961,,HTI,Haiti
1960,,HTI,Haiti
2025,,HND,Honduras
2024,,HND,Honduras
2023,,HND,Honduras
2022,,HND,Honduras
2021,45.9,HND,Honduras
2020,50.2,HND,Honduras
2019,46.2,HND,Honduras
2018,48.9,HND,Honduras
2017,45.6,HND,Honduras
2016,52.7,HND,Honduras
2015,50.8,HND,Honduras
2014,52.2,HND,Honduras
2013,51.1,HND,Honduras
2012,49.3,HND,Honduras
2011,50.9,HND,Honduras
2010,53.6,HND,Honduras
2009,50.5,HND,Honduras
2008,50.0,HND,Honduras
2007,50.6,HND,Honduras
2006,52.2,HND,Honduras
2005,51.4,HND,Honduras
2004,46.7,HND,Honduras
2003,47.9,HND,Honduras
2002,49.8,HND,Honduras
2001,50.4,HND,Honduras
2000,55.2,HND,Honduras
1999,53.9,HND,Honduras
1998,62.9,HND,Honduras
1997,65.4,HND,Honduras
1996,62.6,HND,Honduras
1995,63.0,HND,Honduras
1994,64.0,HND,Honduras
1993,66.7,HND,Honduras
1992,67.8,HND,Honduras
1991,70.2,HND,Honduras
1990,70.1,HND,Honduras
1989,,HND,Honduras
1988,,HND,Honduras
1987,,HND,Honduras
1986,,HND,Honduras
1985,,HND,Honduras
1984,,HND,Honduras
1983,,HND,Honduras
1982,,HND,Honduras
1981,,HND,Honduras
1980,,HND,Honduras
1979,,HND,Honduras
1978,,HND,Honduras
1977,,HND,Honduras
1976,,HND,Honduras
1975,,HND,Honduras
1974,,HND,Honduras
1973,,HND,Honduras
1972,,HND,Honduras
1971,,HND,Honduras
1970,,HND,Honduras
1969,,HND,Honduras
1968,,HND,Honduras
1967,,HND,Honduras
1966,,HND,Honduras
1965,,HND,Honduras
1964,,HND,Honduras
1963,,HND,Honduras
1962,,HND,Honduras
1961,,HND,Honduras
1960,,HND,Honduras
2025,,HKG,"Hong Kong SAR, China"
2024,,HKG,"Hong Kong SAR, China"
2023,,HKG,"Hong Kong SAR, China"
2022,,HKG,"Hong Kong SAR, China"
2021,0.4,HKG,"Hong Kong SAR, China"
2020,0.3,HKG,"Hong Kong SAR, China"
2019,0.2,HKG,"Hong Kong SAR, China"
2018,0.2,HKG,"Hong Kong SAR, China"
2017,0.2,HKG,"Hong Kong SAR, China"
2016,0.2,HKG,"Hong Kong SAR, China"
2015,0.2,HKG,"Hong Kong SAR, China"
2014,0.2,HKG,"Hong Kong SAR, China"
2013,0.3,HKG,"Hong Kong SAR, China"
2012,0.2,HKG,"Hong Kong SAR, China"
2011,0.5,HKG,"Hong Kong SAR, China"
2010,0.1,HKG,"Hong Kong SAR, China"
2009,0.1,HKG,"Hong Kong SAR, China"
2008,0.1,HKG,"Hong Kong SAR, China"
2007,0.1,HKG,"Hong Kong SAR, China"
2006,0.1,HKG,"Hong Kong SAR, China"
2005,0.1,HKG,"Hong Kong SAR, China"
2004,0.1,HKG,"Hong Kong SAR, China"
2003,0.1,HKG,"Hong Kong SAR, China"
2002,0.1,HKG,"Hong Kong SAR, China"
2001,0.1,HKG,"Hong Kong SAR, China"
2000,0.0,HKG,"Hong Kong SAR, China"
1999,0.1,HKG,"Hong Kong SAR, China"
1998,0.1,HKG,"Hong Kong SAR, China"
1997,0.1,HKG,"Hong Kong SAR, China"
1996,0.1,HKG,"Hong Kong SAR, China"
1995,0.1,HKG,"Hong Kong SAR, China"
1994,0.1,HKG,"Hong Kong SAR, China"
1993,0.2,HKG,"Hong Kong SAR, China"
1992,0.2,HKG,"Hong Kong SAR, China"
1991,0.2,HKG,"Hong Kong SAR, China"
1990,0.2,HKG,"Hong Kong SAR, China"
1989,,HKG,"Hong Kong SAR, China"
1988,,HKG,"Hong Kong SAR, China"
1987,,HKG,"Hong Kong SAR, China"
1986,,HKG,"Hong Kong SAR, China"
1985,,HKG,"Hong Kong SAR, China"
1984,,HKG,"Hong Kong SAR, China"
1983,,HKG,"Hong Kong SAR, China"
1982,,HKG,"Hong Kong SAR, China"
1981,,HKG,"Hong Kong SAR, China"
1980,,HKG,"Hong Kong SAR, China"
1979,,HKG,"Hong Kong SAR, China"
1978,,HKG,"Hong Kong SAR, China"
1977,,HKG,"Hong Kong SAR, China"
1976,,HKG,"Hong Kong SAR, China"
1975,,HKG,"Hong Kong SAR, China"
1974,,HKG,"Hong Kong SAR, China"
1973,,HKG,"Hong Kong SAR, China"
1972,,HKG,"Hong Kong SAR, China"
1971,,HKG,"Hong Kong SAR, China"
1970,,HKG,"Hong Kong SAR, China"
1969,,HKG,"Hong Kong SAR, China"
1968,,HKG,"Hong Kong SAR, China"
1967,,HKG,"Hong Kong SAR, China"
1966,,HKG,"Hong Kong SAR, China"
1965,,HKG,"Hong Kong SAR, China"
1964,,HKG,"Hong Kong SAR, China"
1963,,HKG,"Hong Kong SAR, China"
1962,,HKG,"Hong Kong SAR, China"
1961,,HKG,"Hong Kong SAR, China"
1960,,HKG,"Hong Kong SAR, China"
2025,,HUN,Hungary
2024,,HUN,Hungary
2023,,HUN,Hungary
2022,,HUN,Hungary
2021,15.3,HUN,Hungary
2020,14.8,HUN,Hungary
2019,13.6,HUN,Hungary
2018,13.6,HUN,Hungary
2017,14.6,HUN,Hungary
2016,15.3,HUN,Hungary
2015,15.6,HUN,Hungary
2014,15.7,HUN,Hungary
2013,17.2,HUN,Hungary
2012,16.5,HUN,Hungary
2011,14.7,HUN,Hungary
2010,13.5,HUN,Hungary
2009,12.3,HUN,Hungary
2008,9.0,HUN,Hungary
2007,9.0,HUN,Hungary
2006,7.9,HUN,Hungary
2005,7.3,HUN,Hungary
2004,4.6,HUN,Hungary
2003,5.0,HUN,Hungary
2002,5.2,HUN,Hungary
2001,5.1,HUN,Hungary
2000,5.2,HUN,Hungary
1999,5.2,HUN,Hungary
1998,5.2,HUN,Hungary
1997,5.2,HUN,Hungary
1996,5.1,HUN,Hungary
1995,5.4,HUN,Hungary
1994,5.1,HUN,Hungary
1993,5.0,HUN,Hungary
1992,4.9,HUN,Hungary
1991,4.3,HUN,Hungary
1990,3.9,HUN,Hungary
1989,,HUN,Hungary
1988,,HUN,Hungary
1987,,HUN,Hungary
1986,,HUN,Hungary
1985,,HUN,Hungary
1984,,HUN,Hungary
1983,,HUN,Hungary
1982,,HUN,Hungary
1981,,HUN,Hungary
1980,,HUN,Hungary
1979,,HUN,Hungary
1978,,HUN,Hungary
1977,,HUN,Hungary
1976,,HUN,Hungary
1975,,HUN,Hungary
1974,,HUN,Hungary
1973,,HUN,Hungary
1972,,HUN,Hungary
1971,,HUN,Hungary
1970,,HUN,Hungary
1969,,HUN,Hungary
1968,,HUN,Hungary
1967,,HUN,Hungary
1966,,HUN,Hungary
1965,,HUN,Hungary
1964,,HUN,Hungary
1963,,HUN,Hungary
1962,,HUN,Hungary
1961,,HUN,Hungary
1960,,HUN,Hungary
2025,,ISL,Iceland
2024,,ISL,Iceland
2023,,ISL,Iceland
2022,,ISL,Iceland
2021,82.4,ISL,Iceland
2020,82.9,ISL,Iceland
2019,81.7,ISL,Iceland
2018,81.4,ISL,Iceland
2017,80.8,ISL,Iceland
2016,80.9,ISL,Iceland
2015,78.0,ISL,Iceland
2014,77.6,ISL,Iceland
2013,76.8,ISL,Iceland
2012,77.7,ISL,Iceland
2011,77.1,ISL,Iceland
2010,76.0,ISL,Iceland
2009,74.7,ISL,Iceland
2008,74.0,ISL,Iceland
2007,67.6,ISL,Iceland
2006,64.2,ISL,Iceland
2005,62.7,ISL,Iceland
2004,61.9,ISL,Iceland
2003,61.9,ISL,Iceland
2002,61.9,ISL,Iceland
2001,62.1,ISL,Iceland
2000,60.7,ISL,Iceland
1999,59.8,ISL,Iceland
1998,57.2,ISL,Iceland
1997,54.9,ISL,Iceland
1996,52.3,ISL,Iceland
1995,55.7,ISL,Iceland
1994,54.2,ISL,Iceland
1993,54.7,ISL,Iceland
1992,54.6,ISL,Iceland
1991,54.8,ISL,Iceland
1990,54.7,ISL,Iceland
1989,,ISL,Iceland
1988,,ISL,Iceland
1987,,ISL,Iceland
1986,,ISL,Iceland
1985,,ISL,Iceland
1984,,ISL,Iceland
1983,,ISL,Iceland
1982,,ISL,Iceland
1981,,ISL,Iceland
1980,,ISL,Iceland
1979,,ISL,Iceland
1978,,ISL,Iceland
1977,,ISL,Iceland
1976,,ISL,Iceland
1975,,ISL,Iceland
1974,,ISL,Iceland
1973,,ISL,Iceland
1972,,ISL,Iceland
1971,,ISL,Iceland
1970,,ISL,Iceland
1969,,ISL,Iceland
1968,,ISL,Iceland
1967,,ISL,Iceland
1966,,ISL,Iceland
1965,,ISL,Iceland
1964,,ISL,Iceland
1963,,ISL,Iceland
1962,,ISL,Iceland
1961,,ISL,Iceland
1960,,ISL,Iceland
2025,,IND,India
2024,,IND,India
2023,,IND,India
2022,,IND,India
2021,34.9,IND,India
2020,36.1,IND,India
2019,33.5,IND,India
2018,32.9,IND,India
2017,32.5,IND,India
2016,33.0,IND,India
2015,33.4,IND,India
2014,33.9,IND,India
2013,34.9,IND,India
2012,34.8,IND,India
2011,35.0,IND,India
2010,36.2,IND,India
2009,37.4,IND,India
2008,39.4,IND,India
2007,41.5,IND,India
2006,43.2,IND,India
2005,44.2,IND,India
2004,44.9,IND,India
2003,45.6,IND,India
2002,45.8,IND,India
2001,47.1,IND,India
2000,46.9,IND,India
1999,47.1,IND,India
1998,48.0,IND,India
1997,47.9,IND,India
1996,49.1,IND,India
1995,49.5,IND,India
1994,50.5,IND,India
1993,51.5,IND,India
1992,51.5,IND,India
1991,52.0,IND,India
1990,53.0,IND,India
1989,,IND,India
1988,,IND,India
1987,,IND,India
1986,,IND,India
1985,,IND,India
1984,,IND,India
1983,,IND,India
1982,,IND,India
1981,,IND,India
1980,,IND,India
1979,,IND,India
1978,,IND,India
1977,,IND,India
1976,,IND,India
1975,,IND,India
1974,,IND,India
1973,,IND,India
1972,,IND,India
1971,,IND,India
1970,,IND,India
1969,,IND,India
1968,,IND,India
1967,,IND,India
1966,,IND,India
1965,,IND,India
1964,,IND,India
1963,,IND,India
1962,,IND,India
1961,,IND,India
1960,,IND,India
2025,,IDN,Indonesia
2024,,IDN,Indonesia
2023,,IDN,Indonesia
2022,,IDN,Indonesia
2021,20.2,IDN,Indonesia
2020,21.9,IDN,Indonesia
2019,19.8,IDN,Indonesia
2018,22.0,IDN,Indonesia
2017,25.2,IDN,Indonesia
2016,27.8,IDN,Indonesia
2015,26.6,IDN,Indonesia
2014,29.3,IDN,Indonesia
2013,30.6,IDN,Indonesia
2012,30.1,IDN,Indonesia
2011,32.4,IDN,Indonesia
2010,36.0,IDN,Indonesia
2009,38.2,IDN,Indonesia
2008,41.1,IDN,Indonesia
2007,40.0,IDN,Indonesia
2006,40.1,IDN,Indonesia
2005,41.6,IDN,Indonesia
2004,41.5,IDN,Indonesia
2003,43.0,IDN,Indonesia
2002,44.7,IDN,Indonesia
2001,44.3,IDN,Indonesia
2000,45.6,IDN,Indonesia
1999,45.8,IDN,Indonesia
1998,48.9,IDN,Indonesia
1997,47.6,IDN,Indonesia
1996,49.3,IDN,Indonesia
1995,50.7,IDN,Indonesia
1994,53.4,IDN,Indonesia
1993,56.1,IDN,Indonesia
1992,57.5,IDN,Indonesia
1991,58.4,IDN,Indonesia
1990,59.2,IDN,Indonesia
1989,,IDN,Indonesia
1988,,IDN,Indonesia
1987,,IDN,Indonesia
1986,,IDN,Indonesia
1985,,IDN,Indonesia
1984,,IDN,Indonesia
1983,,IDN,Indonesia
1982,,IDN,Indonesia
1981,,IDN,Indonesia
1980,,IDN,Indonesia
1979,,IDN,Indonesia
1978,,IDN,Indonesia
1977,,IDN,Indonesia
1976,,IDN,Indonesia
1975,,IDN,Indonesia
1974,,IDN,Indonesia
1973,,IDN,Indonesia
1972,,IDN,Indonesia
1971,,IDN,Indonesia
1970,,IDN,Indonesia
1969,,IDN,Indonesia
1968,,IDN,Indonesia
1967,,IDN,Indonesia
1966,,IDN,Indonesia
1965,,IDN,Indonesia
1964,,IDN,Indonesia
1963,,IDN,Indonesia
1962,,IDN,Indonesia
1961,,IDN,Indonesia
1960,,IDN,Indonesia
2025,,IRN,"Iran, Islamic Rep."
2024,,IRN,"Iran, Islamic Rep."
2023,,IRN,"Iran, Islamic Rep."
2022,,IRN,"Iran, Islamic Rep."
2021,0.9,IRN,"Iran, Islamic Rep."
2020,0.9,IRN,"Iran, Islamic Rep."
2019,1.0,IRN,"Iran, Islamic Rep."
2018,1.0,IRN,"Iran, Islamic Rep."
2017,1.0,IRN,"Iran, Islamic Rep."
2016,1.0,IRN,"Iran, Islamic Rep."
2015,0.9,IRN,"Iran, Islamic Rep."
2014,0.9,IRN,"Iran, Islamic Rep."
2013,1.0,IRN,"Iran, Islamic Rep."
2012,0.9,IRN,"Iran, Islamic Rep."
2011,0.9,IRN,"Iran, Islamic Rep."
2010,0.9,IRN,"Iran, Islamic Rep."
2009,0.8,IRN,"Iran, Islamic Rep."
2008,0.7,IRN,"Iran, Islamic Rep."
2007,1.3,IRN,"Iran, Islamic Rep."
2006,1.4,IRN,"Iran, Islamic Rep."
2005,1.4,IRN,"Iran, Islamic Rep."
2004,0.7,IRN,"Iran, Islamic Rep."
2003,0.8,IRN,"Iran, Islamic Rep."
2002,0.7,IRN,"Iran, Islamic Rep."
2001,0.5,IRN,"Iran, Islamic Rep."
2000,0.4,IRN,"Iran, Islamic Rep."
1999,0.6,IRN,"Iran, Islamic Rep."
1998,0.8,IRN,"Iran, Islamic Rep."
1997,0.9,IRN,"Iran, Islamic Rep."
1996,1.0,IRN,"Iran, Islamic Rep."
1995,1.0,IRN,"Iran, Islamic Rep."
1994,1.1,IRN,"Iran, Islamic Rep."
1993,1.5,IRN,"Iran, Islamic Rep."
1992,1.4,IRN,"Iran, Islamic Rep."
1991,1.2,IRN,"Iran, Islamic Rep."
1990,1.2,IRN,"Iran, Islamic Rep."
1989,,IRN,"Iran, Islamic Rep."
1988,,IRN,"Iran, Islamic Rep."
1987,,IRN,"Iran, Islamic Rep."
1986,,IRN,"Iran, Islamic Rep."
1985,,IRN,"Iran, Islamic Rep."
1984,,IRN,"Iran, Islamic Rep."
1983,,IRN,"Iran, Islamic Rep."
1982,,IRN,"Iran, Islamic Rep."
1981,,IRN,"Iran, Islamic Rep."
1980,,IRN,"Iran, Islamic Rep."
1979,,IRN,"Iran, Islamic Rep."
1978,,IRN,"Iran, Islamic Rep."
1977,,IRN,"Iran, Islamic Rep."
1976,,IRN,"Iran, Islamic Rep."
1975,,IRN,"Iran, Islamic Rep."
1974,,IRN,"Iran, Islamic Rep."
1973,,IRN,"Iran, Islamic Rep."
1972,,IRN,"Iran, Islamic Rep."
1971,,IRN,"Iran, Islamic Rep."
1970,,IRN,"Iran, Islamic Rep."
1969,,IRN,"Iran, Islamic Rep."
1968,,IRN,"Iran, Islamic Rep."
1967,,IRN,"Iran, Islamic Rep."
1966,,IRN,"Iran, Islamic Rep."
1965,,IRN,"Iran, Islamic Rep."
1964,,IRN,"Iran, Islamic Rep."
1963,,IRN,"Iran, Islamic Rep."
1962,,IRN,"Iran, Islamic Rep."
1961,,IRN,"Iran, Islamic Rep."
1960,,IRN,"Iran, Islamic Rep."
2025,,IRQ,Iraq
2024,,IRQ,Iraq
2023,,IRQ,Iraq
2022,,IRQ,Iraq
2021,1.1,IRQ,Iraq
2020,1.1,IRQ,Iraq
2019,0.9,IRQ,Iraq
2018,0.5,IRQ,Iraq
2017,0.5,IRQ,Iraq
2016,0.9,IRQ,Iraq
2015,0.8,IRQ,Iraq
2014,1.0,IRQ,Iraq
2013,1.5,IRQ,Iraq
2012,1.3,IRQ,Iraq
2011,1.1,IRQ,Iraq
2010,1.7,IRQ,Iraq
2009,1.2,IRQ,Iraq
2008,1.1,IRQ,Iraq
2007,2.0,IRQ,Iraq
2006,2.6,IRQ,Iraq
2005,2.4,IRQ,Iraq
2004,0.4,IRQ,Iraq
2003,0.3,IRQ,Iraq
2002,0.3,IRQ,Iraq
2001,0.3,IRQ,Iraq
2000,0.4,IRQ,Iraq
1999,0.4,IRQ,Iraq
1998,0.4,IRQ,Iraq
1997,0.4,IRQ,Iraq
1996,0.4,IRQ,Iraq
1995,0.4,IRQ,Iraq
1994,0.4,IRQ,Iraq
1993,0.4,IRQ,Iraq
1992,0.5,IRQ,Iraq
1991,0.8,IRQ,Iraq
1990,1.6,IRQ,Iraq
1989,,IRQ,Iraq
1988,,IRQ,Iraq
1987,,IRQ,Iraq
1986,,IRQ,Iraq
1985,,IRQ,Iraq
1984,,IRQ,Iraq
1983,,IRQ,Iraq
1982,,IRQ,Iraq
1981,,IRQ,Iraq
1980,,IRQ,Iraq
1979,,IRQ,Iraq
1978,,IRQ,Iraq
1977,,IRQ,Iraq
1976,,IRQ,Iraq
1975,,IRQ,Iraq
1974,,IRQ,Iraq
1973,,IRQ,Iraq
1972,,IRQ,Iraq
1971,,IRQ,Iraq
1970,,IRQ,Iraq
1969,,IRQ,Iraq
1968,,IRQ,Iraq
1967,,IRQ,Iraq
1966,,IRQ,Iraq
1965,,IRQ,Iraq
1964,,IRQ,Iraq
1963,,IRQ,Iraq
1962,,IRQ,Iraq
1961,,IRQ,Iraq
1960,,IRQ,Iraq
2025,,IRL,Ireland
2024,,IRL,Ireland
2023,,IRL,Ireland
2022,,IRL,Ireland
2021,12.7,IRL,Ireland
2020,13.7,IRL,Ireland
2019,12.3,IRL,Ireland
2018,10.8,IRL,Ireland
2017,10.1,IRL,Ireland
2016,8.6,IRL,Ireland
2015,9.5,IRL,Ireland
2014,8.8,IRL,Ireland
2013,7.7,IRL,Ireland
2012,6.9,IRL,Ireland
2011,7.0,IRL,Ireland
2010,5.3,IRL,Ireland
2009,5.3,IRL,Ireland
2008,4.2,IRL,Ireland
2007,3.5,IRL,Ireland
2006,3.2,IRL,Ireland
2005,2.9,IRL,Ireland
2004,2.3,IRL,Ireland
2003,2.0,IRL,Ireland
2002,2.2,IRL,Ireland
2001,2.0,IRL,Ireland
2000,2.0,IRL,Ireland
1999,2.1,IRL,Ireland
1998,2.3,IRL,Ireland
1997,1.9,IRL,Ireland
1996,2.0,IRL,Ireland
1995,1.9,IRL,Ireland
1994,2.2,IRL,Ireland
1993,2.1,IRL,Ireland
1992,2.2,IRL,Ireland
1991,2.2,IRL,Ireland
1990,2.3,IRL,Ireland
1989,,IRL,Ireland
1988,,IRL,Ireland
1987,,IRL,Ireland
1986,,IRL,Ireland
1985,,IRL,Ireland
1984,,IRL,Ireland
1983,,IRL,Ireland
1982,,IRL,Ireland
1981,,IRL,Ireland
1980,,IRL,Ireland
1979,,IRL,Ireland
1978,,IRL,Ireland
1977,,IRL,Ireland
1976,,IRL,Ireland
1975,,IRL,Ireland
1974,,IRL,Ireland
1973,,IRL,Ireland
1972,,IRL,Ireland
1971,,IRL,Ireland
1970,,IRL,Ireland
1969,,IRL,Ireland
1968,,IRL,Ireland
1967,,IRL,Ireland
1966,,IRL,Ireland
1965,,IRL,Ireland
1964,,IRL,Ireland
1963,,IRL,Ireland
1962,,IRL,Ireland
1961,,IRL,Ireland
1960,,IRL,Ireland
2025,,IMN,Isle of Man
2024,,IMN,Isle of Man
2023,,IMN,Isle of Man
2022,2.7,IMN,Isle of Man
2021,3.2,IMN,Isle of Man
2020,2.0,IMN,Isle of Man
2019,1.9,IMN,Isle of Man
2018,2.0,IMN,Isle of Man
2017,1.9,IMN,Isle of Man
2016,1.9,IMN,Isle of Man
2015,2.2,IMN,Isle of Man
2014,1.9,IMN,Isle of Man
2013,2.1,IMN,Isle of Man
2012,3.5,IMN,Isle of Man
2011,2.9,IMN,Isle of Man
2010,1.9,IMN,Isle of Man
2009,1.9,IMN,Isle of Man
2008,1.3,IMN,Isle of Man
2007,1.9,IMN,Isle of Man
2006,3.3,IMN,Isle of Man
2005,2.7,IMN,Isle of Man
2004,6.3,IMN,Isle of Man
2003,1.1,IMN,Isle of Man
2002,1.5,IMN,Isle of Man
2001,,IMN,Isle of Man
2000,,IMN,Isle of Man
1999,,IMN,Isle of Man
1998,,IMN,Isle of Man
1997,,IMN,Isle of Man
1996,,IMN,Isle of Man
1995,,IMN,Isle of Man
1994,,IMN,Isle of Man
1993,,IMN,Isle of Man
1992,,IMN,Isle of Man
1991,,IMN,Isle of Man
1990,,IMN,Isle of Man
1989,,IMN,Isle of Man
1988,,IMN,Isle of Man
1987,,IMN,Isle of Man
1986,,IMN,Isle of Man
1985,,IMN,Isle of Man
1984,,IMN,Isle of Man
1983,,IMN,Isle of Man
1982,,IMN,Isle of Man
1981,,IMN,Isle of Man
1980,,IMN,Isle of Man
1979,,IMN,Isle of Man
1978,,IMN,Isle of Man
1977,,IMN,Isle of Man
1976,,IMN,Isle of Man
1975,,IMN,Isle of Man
1974,,IMN,Isle of Man
1973,,IMN,Isle of Man
1972,,IMN,Isle of Man
1971,,IMN,Isle of Man
1970,,IMN,Isle of Man
1969,,IMN,Isle of Man
1968,,IMN,Isle of Man
1967,,IMN,Isle of Man
1966,,IMN,Isle of Man
1965,,IMN,Isle of Man
1964,,IMN,Isle of Man
1963,,IMN,Isle of Man
1962,,IMN,Isle of Man
1961,,IMN,Isle of Man
1960,,IMN,Isle of Man
2025,,ISR,Israel
2024,,ISR,Israel
2023,,ISR,Israel
2022,,ISR,Israel
2021,6.2,ISR,Israel
2020,5.6,ISR,Israel
2019,4.5,ISR,Israel
2018,3.8,ISR,Israel
2017,3.9,ISR,Israel
2016,4.0,ISR,Israel
2015,3.7,ISR,Israel
2014,3.7,ISR,Israel
2013,3.3,ISR,Israel
2012,2.9,ISR,Israel
2011,9.1,ISR,Israel
2010,8.6,ISR,Israel
2009,8.5,ISR,Israel
2008,8.9,ISR,Israel
2007,6.7,ISR,Israel
2006,6.9,ISR,Israel
2005,7.0,ISR,Israel
2004,6.7,ISR,Israel
2003,6.5,ISR,Israel
2002,6.5,ISR,Israel
2001,6.3,ISR,Israel
2000,6.0,ISR,Israel
1999,5.9,ISR,Israel
1998,6.1,ISR,Israel
1997,5.7,ISR,Israel
1996,5.4,ISR,Israel
1995,5.4,ISR,Israel
1994,5.7,ISR,Israel
1993,5.9,ISR,Israel
1992,6.2,ISR,Israel
1991,6.0,ISR,Israel
1990,5.8,ISR,Israel
1989,,ISR,Israel
1988,,ISR,Israel
1987,,ISR,Israel
1986,,ISR,Israel
1985,,ISR,Israel
1984,,ISR,Israel
1983,,ISR,Israel
1982,,ISR,Israel
1981,,ISR,Israel
1980,,ISR,Israel
1979,,ISR,Israel
1978,,ISR,Israel
1977,,ISR,Israel
1976,,ISR,Israel
1975,,ISR,Israel
1974,,ISR,Israel
1973,,ISR,Israel
1972,,ISR,Israel
1971,,ISR,Israel
1970,,ISR,Israel
1969,,ISR,Israel
1968,,ISR,Israel
1967,,ISR,Israel
1966,,ISR,Israel
1965,,ISR,Israel
1964,,ISR,Israel
1963,,ISR,Israel
1962,,ISR,Israel
1961,,ISR,Israel
1960,,ISR,Israel
2025,,ITA,Italy
2024,,ITA,Italy
2023,,ITA,Italy
2022,,ITA,Italy
2021,17.5,ITA,Italy
2020,18.7,ITA,Italy
2019,17.3,ITA,Italy
2018,17.1,ITA,Italy
2017,16.4,ITA,Italy
2016,16.1,ITA,Italy
2015,16.6,ITA,Italy
2014,17.1,ITA,Italy
2013,16.3,ITA,Italy
2012,14.4,ITA,Italy
2011,11.9,ITA,Italy
2010,12.8,ITA,Italy
2009,12.5,ITA,Italy
2008,10.8,ITA,Italy
2007,8.7,ITA,Italy
2006,7.5,ITA,Italy
2005,6.7,ITA,Italy
2004,5.9,ITA,Italy
2003,6.2,ITA,Italy
2002,5.6,ITA,Italy
2001,5.4,ITA,Italy
2000,5.1,ITA,Italy
1999,5.0,ITA,Italy
1998,4.8,ITA,Italy
1997,4.8,ITA,Italy
1996,4.8,ITA,Italy
1995,4.5,ITA,Italy
1994,5.2,ITA,Italy
1993,4.8,ITA,Italy
1992,4.8,ITA,Italy
1991,4.7,ITA,Italy
1990,3.8,ITA,Italy
1989,,ITA,Italy
1988,,ITA,Italy
1987,,ITA,Italy
1986,,ITA,Italy
1985,,ITA,Italy
1984,,ITA,Italy
1983,,ITA,Italy
1982,,ITA,Italy
1981,,ITA,Italy
1980,,ITA,Italy
1979,,ITA,Italy
1978,,ITA,Italy
1977,,ITA,Italy
1976,,ITA,Italy
1975,,ITA,Italy
1974,,ITA,Italy
1973,,ITA,Italy
1972,,ITA,Italy
1971,,ITA,Italy
1970,,ITA,Italy
1969,,ITA,Italy
1968,,ITA,Italy
1967,,ITA,Italy
1966,,ITA,Italy
1965,,ITA,Italy
1964,,ITA,Italy
1963,,ITA,Italy
1962,,ITA,Italy
1961,,ITA,Italy
1960,,ITA,Italy
2025,,JAM,Jamaica
2024,,JAM,Jamaica
2023,,JAM,Jamaica
2022,,JAM,Jamaica
2021,10.5,JAM,Jamaica
2020,11.7,JAM,Jamaica
2019,9.2,JAM,Jamaica
2018,8.9,JAM,Jamaica
2017,11.0,JAM,Jamaica
2016,11.1,JAM,Jamaica
2015,12.1,JAM,Jamaica
2014,11.9,JAM,Jamaica
2013,11.4,JAM,Jamaica
2012,12.2,JAM,Jamaica
2011,9.8,JAM,Jamaica
2010,8.9,JAM,Jamaica
2009,7.4,JAM,Jamaica
2008,5.9,JAM,Jamaica
2007,5.3,JAM,Jamaica
2006,4.8,JAM,Jamaica
2005,5.4,JAM,Jamaica
2004,6.4,JAM,Jamaica
2003,8.1,JAM,Jamaica
2002,8.0,JAM,Jamaica
2001,7.9,JAM,Jamaica
2000,9.3,JAM,Jamaica
1999,10.0,JAM,Jamaica
1998,10.5,JAM,Jamaica
1997,12.9,JAM,Jamaica
1996,12.6,JAM,Jamaica
1995,13.7,JAM,Jamaica
1994,12.6,JAM,Jamaica
1993,14.3,JAM,Jamaica
1992,13.1,JAM,Jamaica
1991,12.4,JAM,Jamaica
1990,12.5,JAM,Jamaica
1989,,JAM,Jamaica
1988,,JAM,Jamaica
1987,,JAM,Jamaica
1986,,JAM,Jamaica
1985,,JAM,Jamaica
1984,,JAM,Jamaica
1983,,JAM,Jamaica
1982,,JAM,Jamaica
1981,,JAM,Jamaica
1980,,JAM,Jamaica
1979,,JAM,Jamaica
1978,,JAM,Jamaica
1977,,JAM,Jamaica
1976,,JAM,Jamaica
1975,,JAM,Jamaica
1974,,JAM,Jamaica
1973,,JAM,Jamaica
1972,,JAM,Jamaica
1971,,JAM,Jamaica
1970,,JAM,Jamaica
1969,,JAM,Jamaica
1968,,JAM,Jamaica
1967,,JAM,Jamaica
1966,,JAM,Jamaica
1965,,JAM,Jamaica
1964,,JAM,Jamaica
1963,,JAM,Jamaica
1962,,JAM,Jamaica
1961,,JAM,Jamaica
1960,,JAM,Jamaica
2025,,JPN,Japan
2024,,JPN,Japan
2023,,JPN,Japan
2022,,JPN,Japan
2021,8.8,JPN,Japan
2020,8.5,JPN,Japan
2019,7.8,JPN,Japan
2018,7.3,JPN,Japan
2017,6.9,JPN,Japan
2016,6.4,JPN,Japan
2015,6.2,JPN,Japan
2014,5.6,JPN,Japan
2013,5.0,JPN,Japan
2012,4.7,JPN,Japan
2011,4.8,JPN,Japan
2010,4.7,JPN,Japan
2009,4.5,JPN,Japan
2008,4.4,JPN,Japan
2007,4.3,JPN,Japan
2006,4.4,JPN,Japan
2005,4.0,JPN,Japan
2004,4.3,JPN,Japan
2003,4.2,JPN,Japan
2002,3.7,JPN,Japan
2001,3.5,JPN,Japan
2000,3.7,JPN,Japan
1999,3.7,JPN,Japan
1998,3.8,JPN,Japan
1997,3.8,JPN,Japan
1996,3.6,JPN,Japan
1995,3.7,JPN,Japan
1994,3.3,JPN,Japan
1993,4.2,JPN,Japan
1992,4.0,JPN,Japan
1991,4.5,JPN,Japan
1990,4.3,JPN,Japan
1989,,JPN,Japan
1988,,JPN,Japan
1987,,JPN,Japan
1986,,JPN,Japan
1985,,JPN,Japan
1984,,JPN,Japan
1983,,JPN,Japan
1982,,JPN,Japan
1981,,JPN,Japan
1980,,JPN,Japan
1979,,JPN,Japan
1978,,JPN,Japan
1977,,JPN,Japan
1976,,JPN,Japan
1975,,JPN,Japan
1974,,JPN,Japan
1973,,JPN,Japan
1972,,JPN,Japan
1971,,JPN,Japan
1970,,JPN,Japan
1969,,JPN,Japan
1968,,JPN,Japan
1967,,JPN,Japan
1966,,JPN,Japan
1965,,JPN,Japan
1964,,JPN,Japan
1963,,JPN,Japan
1962,,JPN,Japan
1961,,JPN,Japan
1960,,JPN,Japan
2025,,JOR,Jordan
2024,,JOR,Jordan
2023,,JOR,Jordan
2022,,JOR,Jordan
2021,11.5,JOR,Jordan
2020,10.7,JOR,Jordan
2019,8.5,JOR,Jordan
2018,7.2,JOR,Jordan
2017,5.3,JOR,Jordan
2016,4.7,JOR,Jordan
2015,3.2,JOR,Jordan
2014,3.1,JOR,Jordan
2013,3.1,JOR,Jordan
2012,2.9,JOR,Jordan
2011,3.0,JOR,Jordan
2010,3.0,JOR,Jordan
2009,2.8,JOR,Jordan
2008,2.7,JOR,Jordan
2007,2.3,JOR,Jordan
2006,2.3,JOR,Jordan
2005,1.7,JOR,Jordan
2004,1.8,JOR,Jordan
2003,2.0,JOR,Jordan
2002,2.1,JOR,Jordan
2001,2.1,JOR,Jordan
2000,2.1,JOR,Jordan
1999,2.2,JOR,Jordan
1998,2.2,JOR,Jordan
1997,2.1,JOR,Jordan
1996,2.2,JOR,Jordan
1995,2.2,JOR,Jordan
1994,2.3,JOR,Jordan
1993,2.5,JOR,Jordan
1992,2.5,JOR,Jordan
1991,2.9,JOR,Jordan
1990,2.8,JOR,Jordan
1989,,JOR,Jordan
1988,,JOR,Jordan
1987,,JOR,Jordan
1986,,JOR,Jordan
1985,,JOR,Jordan
1984,,JOR,Jordan
1983,,JOR,Jordan
1982,,JOR,Jordan
1981,,JOR,Jordan
1980,,JOR,Jordan
1979,,JOR,Jordan
1978,,JOR,Jordan
1977,,JOR,Jordan
1976,,JOR,Jordan
1975,,JOR,Jordan
1974,,JOR,Jordan
1973,,JOR,Jordan
1972,,JOR,Jordan
1971,,JOR,Jordan
1970,,JOR,Jordan
1969,,JOR,Jordan
1968,,JOR,Jordan
1967,,JOR,Jordan
1966,,JOR,Jordan
1965,,JOR,Jordan
1964,,JOR,Jordan
1963,,JOR,Jordan
1962,,JOR,Jordan
1961,,JOR,Jordan
1960,,JOR,Jordan
2025,,KAZ,Kazakhstan
2024,,KAZ,Kazakhstan
2023,,KAZ,Kazakhstan
2022,,KAZ,Kazakhstan
2021,2.0,KAZ,Kazakhstan
2020,1.8,KAZ,Kazakhstan
2019,1.9,KAZ,Kazakhstan
2018,1.9,KAZ,Kazakhstan
2017,2.0,KAZ,Kazakhstan
2016,2.1,KAZ,Kazakhstan
2015,1.7,KAZ,Kazakhstan
2014,1.3,KAZ,Kazakhstan
2013,1.2,KAZ,Kazakhstan
2012,1.3,KAZ,Kazakhstan
2011,1.4,KAZ,Kazakhstan
2010,1.4,KAZ,Kazakhstan
2009,1.3,KAZ,Kazakhstan
2008,1.1,KAZ,Kazakhstan
2007,1.8,KAZ,Kazakhstan
2006,2.1,KAZ,Kazakhstan
2005,2.1,KAZ,Kazakhstan
2004,1.9,KAZ,Kazakhstan
2003,2.3,KAZ,Kazakhstan
2002,2.8,KAZ,Kazakhstan
2001,2.4,KAZ,Kazakhstan
2000,2.5,KAZ,Kazakhstan
1999,1.8,KAZ,Kazakhstan
1998,1.5,KAZ,Kazakhstan
1997,1.7,KAZ,Kazakhstan
1996,1.6,KAZ,Kazakhstan
1995,1.6,KAZ,Kazakhstan
1994,1.8,KAZ,Kazakhstan
1993,1.3,KAZ,Kazakhstan
1992,1.2,KAZ,Kazakhstan
1991,1.3,KAZ,Kazakhstan
1990,1.4,KAZ,Kazakhstan
1989,,KAZ,Kazakhstan
1988,,KAZ,Kazakhstan
1987,,KAZ,Kazakhstan
1986,,KAZ,Kazakhstan
1985,,KAZ,Kazakhstan
1984,,KAZ,Kazakhstan
1983,,KAZ,Kazakhstan
1982,,KAZ,Kazakhstan
1981,,KAZ,Kazakhstan
1980,,KAZ,Kazakhstan
1979,,KAZ,Kazakhstan
1978,,KAZ,Kazakhstan
1977,,KAZ,Kazakhstan
1976,,KAZ,Kazakhstan
1975,,KAZ,Kazakhstan
1974,,KAZ,Kazakhstan
1973,,KAZ,Kazakhstan
1972,,KAZ,Kazakhstan
1971,,KAZ,Kazakhstan
1970,,KAZ,Kazakhstan
1969,,KAZ,Kazakhstan
1968,,KAZ,Kazakhstan
1967,,KAZ,Kazakhstan
1966,,KAZ,Kazakhstan
1965,,KAZ,Kazakhstan
1964,,KAZ,Kazakhstan
1963,,KAZ,Kazakhstan
1962,,KAZ,Kazakhstan
1961,,KAZ,Kazakhstan
1960,,KAZ,Kazakhstan
2025,,KEN,Kenya
2024,,KEN,Kenya
2023,,KEN,Kenya
2022,,KEN,Kenya
2021,67.7,KEN,Kenya
2020,69.0,KEN,Kenya
2019,68.1,KEN,Kenya
2018,68.7,KEN,Kenya
2017,68.1,KEN,Kenya
2016,68.3,KEN,Kenya
2015,69.2,KEN,Kenya
2014,71.8,KEN,Kenya
2013,74.3,KEN,Kenya
2012,76.2,KEN,Kenya
2011,74.7,KEN,Kenya
2010,74.0,KEN,Kenya
2009,75.6,KEN,Kenya
2008,78.2,KEN,Kenya
2007,78.2,KEN,Kenya
2006,77.6,KEN,Kenya
2005,79.2,KEN,Kenya
2004,80.3,KEN,Kenya
2003,81.6,KEN,Kenya
2002,78.8,KEN,Kenya
2001,78.3,KEN,Kenya
2000,76.8,KEN,Kenya
1999,77.7,KEN,Kenya
1998,77.9,KEN,Kenya
1997,78.1,KEN,Kenya
1996,77.2,KEN,Kenya
1995,78.2,KEN,Kenya
1994,79.3,KEN,Kenya
1993,79.1,KEN,Kenya
1992,78.4,KEN,Kenya
1991,77.8,KEN,Kenya
1990,76.5,KEN,Kenya
1989,,KEN,Kenya
1988,,KEN,Kenya
1987,,KEN,Kenya
1986,,KEN,Kenya
1985,,KEN,Kenya
1984,,KEN,Kenya
1983,,KEN,Kenya
1982,,KEN,Kenya
1981,,KEN,Kenya
1980,,KEN,Kenya
1979,,KEN,Kenya
1978,,KEN,Kenya
1977,,KEN,Kenya
1976,,KEN,Kenya
1975,,KEN,Kenya
1974,,KEN,Kenya
1973,,KEN,Kenya
1972,,KEN,Kenya
1971,,KEN,Kenya
1970,,KEN,Kenya
1969,,KEN,Kenya
1968,,KEN,Kenya
1967,,KEN,Kenya
1966,,KEN,Kenya
1965,,KEN,Kenya
1964,,KEN,Kenya
1963,,KEN,Kenya
1962,,KEN,Kenya
1961,,KEN,Kenya
1960,,KEN,Kenya
2025,,KIR,Kiribati
2024,,KIR,Kiribati
2023,,KIR,Kiribati
2022,41.9,KIR,Kiribati
2021,42.2,KIR,Kiribati
2020,42.2,KIR,Kiribati
2019,42.2,KIR,Kiribati
2018,42.3,KIR,Kiribati
2017,42.5,KIR,Kiribati
2016,48.1,KIR,Kiribati
2015,47.5,KIR,Kiribati
2014,48.0,KIR,Kiribati
2013,46.2,KIR,Kiribati
2012,48.7,KIR,Kiribati
2011,50.5,KIR,Kiribati
2010,50.1,KIR,Kiribati
2009,50.4,KIR,Kiribati
2008,49.7,KIR,Kiribati
2007,48.4,KIR,Kiribati
2006,48.1,KIR,Kiribati
2005,48.5,KIR,Kiribati
2004,50.5,KIR,Kiribati
2003,50.5,KIR,Kiribati
2002,53.0,KIR,Kiribati
2001,56.4,KIR,Kiribati
2000,54.7,KIR,Kiribati
1999,59.8,KIR,Kiribati
1998,59.1,KIR,Kiribati
1997,57.5,KIR,Kiribati
1996,55.3,KIR,Kiribati
1995,59.1,KIR,Kiribati
1994,59.9,KIR,Kiribati
1993,59.3,KIR,Kiribati
1992,63.2,KIR,Kiribati
1991,63.5,KIR,Kiribati
1990,64.0,KIR,Kiribati
1989,,KIR,Kiribati
1988,,KIR,Kiribati
1987,,KIR,Kiribati
1986,,KIR,Kiribati
1985,,KIR,Kiribati
1984,,KIR,Kiribati
1983,,KIR,Kiribati
1982,,KIR,Kiribati
1981,,KIR,Kiribati
1980,,KIR,Kiribati
1979,,KIR,Kiribati
1978,,KIR,Kiribati
1977,,KIR,Kiribati
1976,,KIR,Kiribati
1975,,KIR,Kiribati
1974,,KIR,Kiribati
1973,,KIR,Kiribati
1972,,KIR,Kiribati
1971,,KIR,Kiribati
1970,,KIR,Kiribati
1969,,KIR,Kiribati
1968,,KIR,Kiribati
1967,,KIR,Kiribati
1966,,KIR,Kiribati
1965,,KIR,Kiribati
1964,,KIR,Kiribati
1963,,KIR,Kiribati
1962,,KIR,Kiribati
1961,,KIR,Kiribati
1960,,KIR,Kiribati
2025,,PRK,"Korea, Dem. People's Rep."
2024,,PRK,"Korea, Dem. People's Rep."
2023,,PRK,"Korea, Dem. People's Rep."
2022,,PRK,"Korea, Dem. People's Rep."
2021,14.7,PRK,"Korea, Dem. People's Rep."
2020,11.2,PRK,"Korea, Dem. People's Rep."
2019,10.0,PRK,"Korea, Dem. People's Rep."
2018,11.9,PRK,"Korea, Dem. People's Rep."
2017,10.2,PRK,"Korea, Dem. People's Rep."
2016,24.0,PRK,"Korea, Dem. People's Rep."
2015,22.6,PRK,"Korea, Dem. People's Rep."
2014,18.5,PRK,"Korea, Dem. People's Rep."
2013,20.8,PRK,"Korea, Dem. People's Rep."
2012,15.4,PRK,"Korea, Dem. People's Rep."
2011,14.8,PRK,"Korea, Dem. People's Rep."
2010,11.0,PRK,"Korea, Dem. People's Rep."
2009,10.4,PRK,"Korea, Dem. People's Rep."
2008,10.2,PRK,"Korea, Dem. People's Rep."
2007,10.9,PRK,"Korea, Dem. People's Rep."
2006,9.0,PRK,"Korea, Dem. People's Rep."
2005,9.2,PRK,"Korea, Dem. People's Rep."
2004,9.4,PRK,"Korea, Dem. People's Rep."
2003,9.3,PRK,"Korea, Dem. People's Rep."
2002,9.0,PRK,"Korea, Dem. People's Rep."
2001,8.6,PRK,"Korea, Dem. People's Rep."
2000,8.7,PRK,"Korea, Dem. People's Rep."
1999,9.4,PRK,"Korea, Dem. People's Rep."
1998,9.9,PRK,"Korea, Dem. People's Rep."
1997,9.6,PRK,"Korea, Dem. People's Rep."
1996,10.2,PRK,"Korea, Dem. People's Rep."
1995,9.6,PRK,"Korea, Dem. People's Rep."
1994,9.0,PRK,"Korea, Dem. People's Rep."
1993,8.0,PRK,"Korea, Dem. People's Rep."
1992,7.7,PRK,"Korea, Dem. People's Rep."
1991,7.5,PRK,"Korea, Dem. People's Rep."
1990,7.2,PRK,"Korea, Dem. People's Rep."
1989,,PRK,"Korea, Dem. People's Rep."
1988,,PRK,"Korea, Dem. People's Rep."
1987,,PRK,"Korea, Dem. People's Rep."
1986,,PRK,"Korea, Dem. People's Rep."
1985,,PRK,"Korea, Dem. People's Rep."
1984,,PRK,"Korea, Dem. People's Rep."
1983,,PRK,"Korea, Dem. People's Rep."
1982,,PRK,"Korea, Dem. People's Rep."
1981,,PRK,"Korea, Dem. People's Rep."
1980,,PRK,"Korea, Dem. People's Rep."
1979,,PRK,"Korea, Dem. People's Rep."
1978,,PRK,"Korea, Dem. People's Rep."
1977,,PRK,"Korea, Dem. People's Rep."
1976,,PRK,"Korea, Dem. People's Rep."
1975,,PRK,"Korea, Dem. People's Rep."
1974,,PRK,"Korea, Dem. People's Rep."
1973,,PRK,"Korea, Dem. People's Rep."
1972,,PRK,"Korea, Dem. People's Rep."
1971,,PRK,"Korea, Dem. People's Rep."
1970,,PRK,"Korea, Dem. People's Rep."
1969,,PRK,"Korea, Dem. People's Rep."
1968,,PRK,"Korea, Dem. People's Rep."
1967,,PRK,"Korea, Dem. People's Rep."
1966,,PRK,"Korea, Dem. People's Rep."
1965,,PRK,"Korea, Dem. People's Rep."
1964,,PRK,"Korea, Dem. People's Rep."
1963,,PRK,"Korea, Dem. People's Rep."
1962,,PRK,"Korea, Dem. People's Rep."
1961,,PRK,"Korea, Dem. People's Rep."
1960,,PRK,"Korea, Dem. People's Rep."
2025,,KOR,"Korea, Rep."
2024,,KOR,"Korea, Rep."
2023,,KOR,"Korea, Rep."
2022,,KOR,"Korea, Rep."
2021,3.6,KOR,"Korea, Rep."
2020,3.6,KOR,"Korea, Rep."
2019,3.2,KOR,"Korea, Rep."
2018,3.2,KOR,"Korea, Rep."
2017,2.8,KOR,"Korea, Rep."
2016,2.6,KOR,"Korea, Rep."
2015,2.7,KOR,"Korea, Rep."
2014,2.9,KOR,"Korea, Rep."
2013,1.9,KOR,"Korea, Rep."
2012,1.6,KOR,"Korea, Rep."
2011,1.4,KOR,"Korea, Rep."
2010,1.3,KOR,"Korea, Rep."
2009,1.2,KOR,"Korea, Rep."
2008,1.1,KOR,"Korea, Rep."
2007,1.0,KOR,"Korea, Rep."
2006,0.9,KOR,"Korea, Rep."
2005,0.9,KOR,"Korea, Rep."
2004,0.8,KOR,"Korea, Rep."
2003,0.8,KOR,"Korea, Rep."
2002,0.7,KOR,"Korea, Rep."
2001,0.7,KOR,"Korea, Rep."
2000,0.7,KOR,"Korea, Rep."
1999,0.8,KOR,"Korea, Rep."
1998,0.9,KOR,"Korea, Rep."
1997,0.7,KOR,"Korea, Rep."
1996,0.6,KOR,"Korea, Rep."
1995,0.4,KOR,"Korea, Rep."
1994,0.4,KOR,"Korea, Rep."
1993,0.7,KOR,"Korea, Rep."
1992,0.8,KOR,"Korea, Rep."
1991,1.0,KOR,"Korea, Rep."
1990,1.6,KOR,"Korea, Rep."
1989,,KOR,"Korea, Rep."
1988,,KOR,"Korea, Rep."
1987,,KOR,"Korea, Rep."
1986,,KOR,"Korea, Rep."
1985,,KOR,"Korea, Rep."
1984,,KOR,"Korea, Rep."
1983,,KOR,"Korea, Rep."
1982,,KOR,"Korea, Rep."
1981,,KOR,"Korea, Rep."
1980,,KOR,"Korea, Rep."
1979,,KOR,"Korea, Rep."
1978,,KOR,"Korea, Rep."
1977,,KOR,"Korea, Rep."
1976,,KOR,"Korea, Rep."
1975,,KOR,"Korea, Rep."
1974,,KOR,"Korea, Rep."
1973,,KOR,"Korea, Rep."
1972,,KOR,"Korea, Rep."
1971,,KOR,"Korea, Rep."
1970,,KOR,"Korea, Rep."
1969,,KOR,"Korea, Rep."
1968,,KOR,"Korea, Rep."
1967,,KOR,"Korea, Rep."
1966,,KOR,"Korea, Rep."
1965,,KOR,"Korea, Rep."
1964,,KOR,"Korea, Rep."
1963,,KOR,"Korea, Rep."
1962,,KOR,"Korea, Rep."
1961,,KOR,"Korea, Rep."
1960,,KOR,"Korea, Rep."
2025,,XKX,Kosovo
2024,,XKX,Kosovo
2023,,XKX,Kosovo
2022,,XKX,Kosovo
2021,,XKX,Kosovo
2020,,XKX,Kosovo
2019,,XKX,Kosovo
2018,,XKX,Kosovo
2017,,XKX,Kosovo
2016,,XKX,Kosovo
2015,,XKX,Kosovo
2014,,XKX,Kosovo
2013,,XKX,Kosovo
2012,,XKX,Kosovo
2011,,XKX,Kosovo
2010,,XKX,Kosovo
2009,,XKX,Kosovo
2008,,XKX,Kosovo
2007,,XKX,Kosovo
2006,,XKX,Kosovo
2005,,XKX,Kosovo
2004,,XKX,Kosovo
2003,,XKX,Kosovo
2002,,XKX,Kosovo
2001,,XKX,Kosovo
2000,,XKX,Kosovo
1999,,XKX,Kosovo
1998,,XKX,Kosovo
1997,,XKX,Kosovo
1996,,XKX,Kosovo
1995,,XKX,Kosovo
1994,,XKX,Kosovo
1993,,XKX,Kosovo
1992,,XKX,Kosovo
1991,,XKX,Kosovo
1990,,XKX,Kosovo
1989,,XKX,Kosovo
1988,,XKX,Kosovo
1987,,XKX,Kosovo
1986,,XKX,Kosovo
1985,,XKX,Kosovo
1984,,XKX,Kosovo
1983,,XKX,Kosovo
1982,,XKX,Kosovo
1981,,XKX,Kosovo
1980,,XKX,Kosovo
1979,,XKX,Kosovo
1978,,XKX,Kosovo
1977,,XKX,Kosovo
1976,,XKX,Kosovo
1975,,XKX,Kosovo
1974,,XKX,Kosovo
1973,,XKX,Kosovo
1972,,XKX,Kosovo
1971,,XKX,Kosovo
1970,,XKX,Kosovo
1969,,XKX,Kosovo
1968,,XKX,Kosovo
1967,,XKX,Kosovo
1966,,XKX,Kosovo
1965,,XKX,Kosovo
1964,,XKX,Kosovo
1963,,XKX,Kosovo
1962,,XKX,Kosovo
1961,,XKX,Kosovo
1960,,XKX,Kosovo
2025,,KWT,Kuwait
2024,,KWT,Kuwait
2023,,KWT,Kuwait
2022,,KWT,Kuwait
2021,0.1,KWT,Kuwait
2020,0.1,KWT,Kuwait
2019,0.1,KWT,Kuwait
2018,0.0,KWT,Kuwait
2017,0.0,KWT,Kuwait
2016,0.0,KWT,Kuwait
2015,0.0,KWT,Kuwait
2014,0.0,KWT,Kuwait
2013,0.0,KWT,Kuwait
2012,0.0,KWT,Kuwait
2011,0.0,KWT,Kuwait
2010,0.0,KWT,Kuwait
2009,0.0,KWT,Kuwait
2008,0.0,KWT,Kuwait
2007,0.0,KWT,Kuwait
2006,0.0,KWT,Kuwait
2005,0.0,KWT,Kuwait
2004,0.0,KWT,Kuwait
2003,0.0,KWT,Kuwait
2002,0.0,KWT,Kuwait
2001,0.0,KWT,Kuwait
2000,0.0,KWT,Kuwait
1999,0.0,KWT,Kuwait
1998,0.0,KWT,Kuwait
1997,0.0,KWT,Kuwait
1996,0.1,KWT,Kuwait
1995,0.1,KWT,Kuwait
1994,0.0,KWT,Kuwait
1993,0.1,KWT,Kuwait
1992,0.2,KWT,Kuwait
1991,0.3,KWT,Kuwait
1990,0.2,KWT,Kuwait
1989,,KWT,Kuwait
1988,,KWT,Kuwait
1987,,KWT,Kuwait
1986,,KWT,Kuwait
1985,,KWT,Kuwait
1984,,KWT,Kuwait
1983,,KWT,Kuwait
1982,,KWT,Kuwait
1981,,KWT,Kuwait
1980,,KWT,Kuwait
1979,,KWT,Kuwait
1978,,KWT,Kuwait
1977,,KWT,Kuwait
1976,,KWT,Kuwait
1975,,KWT,Kuwait
1974,,KWT,Kuwait
1973,,KWT,Kuwait
1972,,KWT,Kuwait
1971,,KWT,Kuwait
1970,,KWT,Kuwait
1969,,KWT,Kuwait
1968,,KWT,Kuwait
1967,,KWT,Kuwait
1966,,KWT,Kuwait
1965,,KWT,Kuwait
1964,,KWT,Kuwait
1963,,KWT,Kuwait
1962,,KWT,Kuwait
1961,,KWT,Kuwait
1960,,KWT,Kuwait
2025,,KGZ,Kyrgyz Republic
2024,,KGZ,Kyrgyz Republic
2023,,KGZ,Kyrgyz Republic
2022,,KGZ,Kyrgyz Republic
2021,27.6,KGZ,Kyrgyz Republic
2020,30.0,KGZ,Kyrgyz Republic
2019,28.3,KGZ,Kyrgyz Republic
2018,23.4,KGZ,Kyrgyz Republic
2017,24.7,KGZ,Kyrgyz Republic
2016,22.2,KGZ,Kyrgyz Republic
2015,23.5,KGZ,Kyrgyz Republic
2014,26.6,KGZ,Kyrgyz Republic
2013,24.8,KGZ,Kyrgyz Republic
2012,22.4,KGZ,Kyrgyz Republic
2011,26.0,KGZ,Kyrgyz Republic
2010,25.6,KGZ,Kyrgyz Republic
2009,24.7,KGZ,Kyrgyz Republic
2008,22.0,KGZ,Kyrgyz Republic
2007,24.5,KGZ,Kyrgyz Republic
2006,27.8,KGZ,Kyrgyz Republic
2005,28.0,KGZ,Kyrgyz Republic
2004,27.7,KGZ,Kyrgyz Republic
2003,30.5,KGZ,Kyrgyz Republic
2002,28.3,KGZ,Kyrgyz Republic
2001,36.0,KGZ,Kyrgyz Republic
2000,35.2,KGZ,Kyrgyz Republic
1999,34.5,KGZ,Kyrgyz Republic
1998,25.1,KGZ,Kyrgyz Republic
1997,28.8,KGZ,Kyrgyz Republic
1996,29.5,KGZ,Kyrgyz Republic
1995,35.0,KGZ,Kyrgyz Republic
1994,26.5,KGZ,Kyrgyz Republic
1993,16.2,KGZ,Kyrgyz Republic
1992,13.0,KGZ,Kyrgyz Republic
1991,9.0,KGZ,Kyrgyz Republic
1990,7.9,KGZ,Kyrgyz Republic
1989,,KGZ,Kyrgyz Republic
1988,,KGZ,Kyrgyz Republic
1987,,KGZ,Kyrgyz Republic
1986,,KGZ,Kyrgyz Republic
1985,,KGZ,Kyrgyz Republic
1984,,KGZ,Kyrgyz Republic
1983,,KGZ,Kyrgyz Republic
1982,,KGZ,Kyrgyz Republic
1981,,KGZ,Kyrgyz Republic
1980,,KGZ,Kyrgyz Republic
1979,,KGZ,Kyrgyz Republic
1978,,KGZ,Kyrgyz Republic
1977,,KGZ,Kyrgyz Republic
1976,,KGZ,Kyrgyz Republic
1975,,KGZ,Kyrgyz Republic
1974,,KGZ,Kyrgyz Republic
1973,,KGZ,Kyrgyz Republic
1972,,KGZ,Kyrgyz Republic
1971,,KGZ,Kyrgyz Republic
1970,,KGZ,Kyrgyz Republic
1969,,KGZ,Kyrgyz Republic
1968,,KGZ,Kyrgyz Republic
1967,,KGZ,Kyrgyz Republic
1966,,KGZ,Kyrgyz Republic
1965,,KGZ,Kyrgyz Republic
1964,,KGZ,Kyrgyz Republic
1963,,KGZ,Kyrgyz Republic
1962,,KGZ,Kyrgyz Republic
1961,,KGZ,Kyrgyz Republic
1960,,KGZ,Kyrgyz Republic
2025,,LAO,Lao PDR
2024,,LAO,Lao PDR
2023,,LAO,Lao PDR
2022,49.2,LAO,Lao PDR
2021,51.5,LAO,Lao PDR
2020,50.6,LAO,Lao PDR
2019,50.5,LAO,Lao PDR
2018,50.2,LAO,Lao PDR
2017,50.6,LAO,Lao PDR
2016,51.7,LAO,Lao PDR
2015,53.3,LAO,Lao PDR
2014,58.2,LAO,Lao PDR
2013,58.6,LAO,Lao PDR
2012,62.4,LAO,Lao PDR
2011,63.6,LAO,Lao PDR
2010,64.8,LAO,Lao PDR
2009,66.4,LAO,Lao PDR
2008,69.3,LAO,Lao PDR
2007,70.7,LAO,Lao PDR
2006,69.8,LAO,Lao PDR
2005,73.9,LAO,Lao PDR
2004,74.0,LAO,Lao PDR
2003,78.7,LAO,Lao PDR
2002,80.2,LAO,Lao PDR
2001,81.1,LAO,Lao PDR
2000,81.5,LAO,Lao PDR
1999,86.6,LAO,Lao PDR
1998,86.6,LAO,Lao PDR
1997,84.6,LAO,Lao PDR
1996,84.9,LAO,Lao PDR
1995,85.6,LAO,Lao PDR
1994,86.3,LAO,Lao PDR
1993,86.7,LAO,Lao PDR
1992,87.0,LAO,Lao PDR
1991,88.0,LAO,Lao PDR
1990,88.4,LAO,Lao PDR
1989,,LAO,Lao PDR
1988,,LAO,Lao PDR
1987,,LAO,Lao PDR
1986,,LAO,Lao PDR
1985,,LAO,Lao PDR
1984,,LAO,Lao PDR
1983,,LAO,Lao PDR
1982,,LAO,Lao PDR
1981,,LAO,Lao PDR
1980,,LAO,Lao PDR
1979,,LAO,Lao PDR
1978,,LAO,Lao PDR
1977,,LAO,Lao PDR
1976,,LAO,Lao PDR
1975,,LAO,Lao PDR
1974,,LAO,Lao PDR
1973,,LAO,Lao PDR
1972,,LAO,Lao PDR
1971,,LAO,Lao PDR
1970,,LAO,Lao PDR
1969,,LAO,Lao PDR
1968,,LAO,Lao PDR
1967,,LAO,Lao PDR
1966,,LAO,Lao PDR
1965,,LAO,Lao PDR
1964,,LAO,Lao PDR
1963,,LAO,Lao PDR
1962,,LAO,Lao PDR
1961,,LAO,Lao PDR
1960,,LAO,Lao PDR
2025,,LVA,Latvia
2024,,LVA,Latvia
2023,,LVA,Latvia
2022,,LVA,Latvia
2021,44.0,LVA,Latvia
2020,43.8,LVA,Latvia
2019,41.5,LVA,Latvia
2018,41.0,LVA,Latvia
2017,42.6,LVA,Latvia
2016,38.5,LVA,Latvia
2015,38.1,LVA,Latvia
2014,40.2,LVA,Latvia
2013,39.6,LVA,Latvia
2012,40.4,LVA,Latvia
2011,35.5,LVA,Latvia
2010,33.1,LVA,Latvia
2009,38.4,LVA,Latvia
2008,33.7,LVA,Latvia
2007,33.1,LVA,Latvia
2006,34.0,LVA,Latvia
2005,36.3,LVA,Latvia
2004,36.1,LVA,Latvia
2003,34.3,LVA,Latvia
2002,34.4,LVA,Latvia
2001,35.4,LVA,Latvia
2000,35.8,LVA,Latvia
1999,36.3,LVA,Latvia
1998,35.4,LVA,Latvia
1997,32.9,LVA,Latvia
1996,32.0,LVA,Latvia
1995,32.4,LVA,Latvia
1994,28.3,LVA,Latvia
1993,25.4,LVA,Latvia
1992,21.6,LVA,Latvia
1991,18.7,LVA,Latvia
1990,17.6,LVA,Latvia
1989,,LVA,Latvia
1988,,LVA,Latvia
1987,,LVA,Latvia
1986,,LVA,Latvia
1985,,LVA,Latvia
1984,,LVA,Latvia
1983,,LVA,Latvia
1982,,LVA,Latvia
1981,,LVA,Latvia
1980,,LVA,Latvia
1979,,LVA,Latvia
1978,,LVA,Latvia
1977,,LVA,Latvia
1976,,LVA,Latvia
1975,,LVA,Latvia
1974,,LVA,Latvia
1973,,LVA,Latvia
1972,,LVA,Latvia
1971,,LVA,Latvia
1970,,LVA,Latvia
1969,,LVA,Latvia
1968,,LVA,Latvia
1967,,LVA,Latvia
1966,,LVA,Latvia
1965,,LVA,Latvia
1964,,LVA,Latvia
1963,,LVA,Latvia
1962,,LVA,Latvia
1961,,LVA,Latvia
1960,,LVA,Latvia
2025,,LBN,Lebanon
2024,,LBN,Lebanon
2023,,LBN,Lebanon
2022,,LBN,Lebanon
2021,6.8,LBN,Lebanon
2020,6.3,LBN,Lebanon
2019,5.1,LBN,Lebanon
2018,4.7,LBN,Lebanon
2017,4.0,LBN,Lebanon
2016,4.0,LBN,Lebanon
2015,4.2,LBN,Lebanon
2014,4.2,LBN,Lebanon
2013,5.9,LBN,Lebanon
2012,5.6,LBN,Lebanon
2011,6.2,LBN,Lebanon
2010,5.7,LBN,Lebanon
2009,4.3,LBN,Lebanon
2008,5.1,LBN,Lebanon
2007,7.3,LBN,Lebanon
2006,6.4,LBN,Lebanon
2005,6.4,LBN,Lebanon
2004,6.1,LBN,Lebanon
2003,7.0,LBN,Lebanon
2002,5.7,LBN,Lebanon
2001,4.6,LBN,Lebanon
2000,4.9,LBN,Lebanon
1999,4.3,LBN,Lebanon
1998,5.5,LBN,Lebanon
1997,4.4,LBN,Lebanon
1996,5.0,LBN,Lebanon
1995,4.4,LBN,Lebanon
1994,5.3,LBN,Lebanon
1993,5.4,LBN,Lebanon
1992,8.0,LBN,Lebanon
1991,8.5,LBN,Lebanon
1990,11.3,LBN,Lebanon
1989,,LBN,Lebanon
1988,,LBN,Lebanon
1987,,LBN,Lebanon
1986,,LBN,Lebanon
1985,,LBN,Lebanon
1984,,LBN,Lebanon
1983,,LBN,Lebanon
1982,,LBN,Lebanon
1981,,LBN,Lebanon
1980,,LBN,Lebanon
1979,,LBN,Lebanon
1978,,LBN,Lebanon
1977,,LBN,Lebanon
1976,,LBN,Lebanon
1975,,LBN,Lebanon
1974,,LBN,Lebanon
1973,,LBN,Lebanon
1972,,LBN,Lebanon
1971,,LBN,Lebanon
1970,,LBN,Lebanon
1969,,LBN,Lebanon
1968,,LBN,Lebanon
1967,,LBN,Lebanon
1966,,LBN,Lebanon
1965,,LBN,Lebanon
1964,,LBN,Lebanon
1963,,LBN,Lebanon
1962,,LBN,Lebanon
1961,,LBN,Lebanon
1960,,LBN,Lebanon
2025,,LSO,Lesotho
2024,,LSO,Lesotho
2023,,LSO,Lesotho
2022,34.9,LSO,Lesotho
2021,33.6,LSO,Lesotho
2020,43.2,LSO,Lesotho
2019,41.6,LSO,Lesotho
2018,42.5,LSO,Lesotho
2017,41.5,LSO,Lesotho
2016,45.1,LSO,Lesotho
2015,46.0,LSO,Lesotho
2014,43.2,LSO,Lesotho
2013,46.1,LSO,Lesotho
2012,40.8,LSO,Lesotho
2011,42.3,LSO,Lesotho
2010,53.0,LSO,Lesotho
2009,54.0,LSO,Lesotho
2008,55.0,LSO,Lesotho
2007,55.3,LSO,Lesotho
2006,55.5,LSO,Lesotho
2005,55.3,LSO,Lesotho
2004,55.4,LSO,Lesotho
2003,55.9,LSO,Lesotho
2002,56.2,LSO,Lesotho
2001,56.5,LSO,Lesotho
2000,56.7,LSO,Lesotho
1999,56.9,LSO,Lesotho
1998,50.6,LSO,Lesotho
1997,50.6,LSO,Lesotho
1996,50.8,LSO,Lesotho
1995,50.8,LSO,Lesotho
1994,50.8,LSO,Lesotho
1993,51.0,LSO,Lesotho
1992,51.4,LSO,Lesotho
1991,52.0,LSO,Lesotho
1990,52.0,LSO,Lesotho
1989,,LSO,Lesotho
1988,,LSO,Lesotho
1987,,LSO,Lesotho
1986,,LSO,Lesotho
1985,,LSO,Lesotho
1984,,LSO,Lesotho
1983,,LSO,Lesotho
1982,,LSO,Lesotho
1981,,LSO,Lesotho
1980,,LSO,Lesotho
1979,,LSO,Lesotho
1978,,LSO,Lesotho
1977,,LSO,Lesotho
1976,,LSO,Lesotho
1975,,LSO,Lesotho
1974,,LSO,Lesotho
1973,,LSO,Lesotho
1972,,LSO,Lesotho
1971,,LSO,Lesotho
1970,,LSO,Lesotho
1969,,LSO,Lesotho
1968,,LSO,Lesotho
1967,,LSO,Lesotho
1966,,LSO,Lesotho
1965,,LSO,Lesotho
1964,,LSO,Lesotho
1963,,LSO,Lesotho
1962,,LSO,Lesotho
1961,,LSO,Lesotho
1960,,LSO,Lesotho
2025,,LBR,Liberia
2024,,LBR,Liberia
2023,,LBR,Liberia
2022,92.8,LBR,Liberia
2021,93.2,LBR,Liberia
2020,93.0,LBR,Liberia
2019,89.7,LBR,Liberia
2018,94.4,LBR,Liberia
2017,93.6,LBR,Liberia
2016,92.8,LBR,Liberia
2015,91.9,LBR,Liberia
2014,91.2,LBR,Liberia
2013,87.5,LBR,Liberia
2012,86.2,LBR,Liberia
2011,87.1,LBR,Liberia
2010,88.6,LBR,Liberia
2009,91.8,LBR,Liberia
2008,91.8,LBR,Liberia
2007,89.8,LBR,Liberia
2006,87.6,LBR,Liberia
2005,87.8,LBR,Liberia
2004,89.6,LBR,Liberia
2003,90.3,LBR,Liberia
2002,91.1,LBR,Liberia
2001,91.6,LBR,Liberia
2000,91.3,LBR,Liberia
1999,90.5,LBR,Liberia
1998,88.5,LBR,Liberia
1997,88.1,LBR,Liberia
1996,87.5,LBR,Liberia
1995,87.0,LBR,Liberia
1994,87.1,LBR,Liberia
1993,87.7,LBR,Liberia
1992,89.0,LBR,Liberia
1991,90.1,LBR,Liberia
1990,89.1,LBR,Liberia
1989,,LBR,Liberia
1988,,LBR,Liberia
1987,,LBR,Liberia
1986,,LBR,Liberia
1985,,LBR,Liberia
1984,,LBR,Liberia
1983,,LBR,Liberia
1982,,LBR,Liberia
1981,,LBR,Liberia
1980,,LBR,Liberia
1979,,LBR,Liberia
1978,,LBR,Liberia
1977,,LBR,Liberia
1976,,LBR,Liberia
1975,,LBR,Liberia
1974,,LBR,Liberia
1973,,LBR,Liberia
1972,,LBR,Liberia
1971,,LBR,Liberia
1970,,LBR,Liberia
1969,,LBR,Liberia
1968,,LBR,Liberia
1967,,LBR,Liberia
1966,,LBR,Liberia
1965,,LBR,Liberia
1964,,LBR,Liberia
1963,,LBR,Liberia
1962,,LBR,Liberia
1961,,LBR,Liberia
1960,,LBR,Liberia
2025,,LBY,Libya
2024,,LBY,Libya
2023,,LBY,Libya
2022,,LBY,Libya
2021,3.1,LBY,Libya
2020,3.2,LBY,Libya
2019,3.0,LBY,Libya
2018,2.9,LBY,Libya
2017,2.9,LBY,Libya
2016,2.8,LBY,Libya
2015,2.9,LBY,Libya
2014,2.3,LBY,Libya
2013,2.4,LBY,Libya
2012,2.6,LBY,Libya
2011,3.2,LBY,Libya
2010,2.5,LBY,Libya
2009,2.6,LBY,Libya
2008,2.9,LBY,Libya
2007,3.1,LBY,Libya
2006,2.9,LBY,Libya
2005,2.7,LBY,Libya
2004,2.8,LBY,Libya
2003,2.9,LBY,Libya
2002,2.9,LBY,Libya
2001,2.9,LBY,Libya
2000,2.0,LBY,Libya
1999,2.0,LBY,Libya
1998,2.1,LBY,Libya
1997,2.1,LBY,Libya
1996,2.1,LBY,Libya
1995,2.2,LBY,Libya
1994,2.4,LBY,Libya
1993,2.7,LBY,Libya
1992,2.9,LBY,Libya
1991,3.0,LBY,Libya
1990,3.1,LBY,Libya
1989,,LBY,Libya
1988,,LBY,Libya
1987,,LBY,Libya
1986,,LBY,Libya
1985,,LBY,Libya
1984,,LBY,Libya
1983,,LBY,Libya
1982,,LBY,Libya
1981,,LBY,Libya
1980,,LBY,Libya
1979,,LBY,Libya
1978,,LBY,Libya
1977,,LBY,Libya
1976,,LBY,Libya
1975,,LBY,Libya
1974,,LBY,Libya
1973,,LBY,Libya
1972,,LBY,Libya
1971,,LBY,Libya
1970,,LBY,Libya
1969,,LBY,Libya
1968,,LBY,Libya
1967,,LBY,Libya
1966,,LBY,Libya
1965,,LBY,Libya
1964,,LBY,Libya
1963,,LBY,Libya
1962,,LBY,Libya
1961,,LBY,Libya
1960,,LBY,Libya
2025,,LIE,Liechtenstein
2024,,LIE,Liechtenstein
2023,,LIE,Liechtenstein
2022,56.9,LIE,Liechtenstein
2021,53.6,LIE,Liechtenstein
2020,55.2,LIE,Liechtenstein
2019,56.1,LIE,Liechtenstein
2018,56.8,LIE,Liechtenstein
2017,55.3,LIE,Liechtenstein
2016,55.8,LIE,Liechtenstein
2015,55.5,LIE,Liechtenstein
2014,55.0,LIE,Liechtenstein
2013,53.5,LIE,Liechtenstein
2012,55.5,LIE,Liechtenstein
2011,55.3,LIE,Liechtenstein
2010,52.3,LIE,Liechtenstein
2009,55.1,LIE,Liechtenstein
2008,53.0,LIE,Liechtenstein
2007,53.4,LIE,Liechtenstein
2006,50.8,LIE,Liechtenstein
2005,49.9,LIE,Liechtenstein
2004,50.3,LIE,Liechtenstein
2003,50.2,LIE,Liechtenstein
2002,51.3,LIE,Liechtenstein
2001,51.6,LIE,Liechtenstein
2000,54.0,LIE,Liechtenstein
1999,52.0,LIE,Liechtenstein
1998,52.6,LIE,Liechtenstein
1997,53.2,LIE,Liechtenstein
1996,51.8,LIE,Liechtenstein
1995,55.0,LIE,Liechtenstein
1994,56.5,LIE,Liechtenstein
1993,56.1,LIE,Liechtenstein
1992,57.7,LIE,Liechtenstein
1991,59.8,LIE,Liechtenstein
1990,64.8,LIE,Liechtenstein
1989,,LIE,Liechtenstein
1988,,LIE,Liechtenstein
1987,,LIE,Liechtenstein
1986,,LIE,Liechtenstein
1985,,LIE,Liechtenstein
1984,,LIE,Liechtenstein
1983,,LIE,Liechtenstein
1982,,LIE,Liechtenstein
1981,,LIE,Liechtenstein
1980,,LIE,Liechtenstein
1979,,LIE,Liechtenstein
1978,,LIE,Liechtenstein
1977,,LIE,Liechtenstein
1976,,LIE,Liechtenstein
1975,,LIE,Liechtenstein
1974,,LIE,Liechtenstein
1973,,LIE,Liechtenstein
1972,,LIE,Liechtenstein
1971,,LIE,Liechtenstein
1970,,LIE,Liechtenstein
1969,,LIE,Liechtenstein
1968,,LIE,Liechtenstein
1967,,LIE,Liechtenstein
1966,,LIE,Liechtenstein
1965,,LIE,Liechtenstein
1964,,LIE,Liechtenstein
1963,,LIE,Liechtenstein
1962,,LIE,Liechtenstein
1961,,LIE,Liechtenstein
1960,,LIE,Liechtenstein
2025,,LTU,Lithuania
2024,,LTU,Lithuania
2023,,LTU,Lithuania
2022,,LTU,Lithuania
2021,33.2,LTU,Lithuania
2020,31.7,LTU,Lithuania
2019,33.5,LTU,Lithuania
2018,33.7,LTU,Lithuania
2017,33.8,LTU,Lithuania
2016,31.5,LTU,Lithuania
2015,29.0,LTU,Lithuania
2014,27.7,LTU,Lithuania
2013,26.3,LTU,Lithuania
2012,23.9,LTU,Lithuania
2011,22.7,LTU,Lithuania
2010,21.5,LTU,Lithuania
2009,20.1,LTU,Lithuania
2008,18.3,LTU,Lithuania
2007,17.1,LTU,Lithuania
2006,17.5,LTU,Lithuania
2005,17.5,LTU,Lithuania
2004,18.1,LTU,Lithuania
2003,18.1,LTU,Lithuania
2002,17.9,LTU,Lithuania
2001,17.6,LTU,Lithuania
2000,17.2,LTU,Lithuania
1999,15.0,LTU,Lithuania
1998,12.9,LTU,Lithuania
1997,11.6,LTU,Lithuania
1996,11.5,LTU,Lithuania
1995,10.3,LTU,Lithuania
1994,9.8,LTU,Lithuania
1993,8.9,LTU,Lithuania
1992,4.6,LTU,Lithuania
1991,2.9,LTU,Lithuania
1990,3.1,LTU,Lithuania
1989,,LTU,Lithuania
1988,,LTU,Lithuania
1987,,LTU,Lithuania
1986,,LTU,Lithuania
1985,,LTU,Lithuania
1984,,LTU,Lithuania
1983,,LTU,Lithuania
1982,,LTU,Lithuania
1981,,LTU,Lithuania
1980,,LTU,Lithuania
1979,,LTU,Lithuania
1978,,LTU,Lithuania
1977,,LTU,Lithuania
1976,,LTU,Lithuania
1975,,LTU,Lithuania
1974,,LTU,Lithuania
1973,,LTU,Lithuania
1972,,LTU,Lithuania
1971,,LTU,Lithuania
1970,,LTU,Lithuania
1969,,LTU,Lithuania
1968,,LTU,Lithuania
1967,,LTU,Lithuania
1966,,LTU,Lithuania
1965,,LTU,Lithuania
1964,,LTU,Lithuania
1963,,LTU,Lithuania
1962,,LTU,Lithuania
1961,,LTU,Lithuania
1960,,LTU,Lithuania
2025,,LUX,Luxembourg
2024,,LUX,Luxembourg
2023,,LUX,Luxembourg
2022,,LUX,Luxembourg
2021,20.5,LUX,Luxembourg
2020,20.8,LUX,Luxembourg
2019,16.4,LUX,Luxembourg
2018,16.0,LUX,Luxembourg
2017,15.3,LUX,Luxembourg
2016,13.5,LUX,Luxembourg
2015,9.1,LUX,Luxembourg
2014,6.8,LUX,Luxembourg
2013,5.7,LUX,Luxembourg
2012,4.2,LUX,Luxembourg
2011,3.8,LUX,Luxembourg
2010,3.7,LUX,Luxembourg
2009,3.7,LUX,Luxembourg
2008,4.0,LUX,Luxembourg
2007,3.6,LUX,Luxembourg
2006,2.1,LUX,Luxembourg
2005,1.9,LUX,Luxembourg
2004,1.4,LUX,Luxembourg
2003,1.3,LUX,Luxembourg
2002,1.3,LUX,Luxembourg
2001,3.4,LUX,Luxembourg
2000,6.8,LUX,Luxembourg
1999,5.9,LUX,Luxembourg
1998,6.7,LUX,Luxembourg
1997,4.4,LUX,Luxembourg
1996,3.1,LUX,Luxembourg
1995,4.0,LUX,Luxembourg
1994,2.8,LUX,Luxembourg
1993,2.0,LUX,Luxembourg
1992,2.0,LUX,Luxembourg
1991,1.7,LUX,Luxembourg
1990,1.7,LUX,Luxembourg
1989,,LUX,Luxembourg
1988,,LUX,Luxembourg
1987,,LUX,Luxembourg
1986,,LUX,Luxembourg
1985,,LUX,Luxembourg
1984,,LUX,Luxembourg
1983,,LUX,Luxembourg
1982,,LUX,Luxembourg
1981,,LUX,Luxembourg
1980,,LUX,Luxembourg
1979,,LUX,Luxembourg
1978,,LUX,Luxembourg
1977,,LUX,Luxembourg
1976,,LUX,Luxembourg
1975,,LUX,Luxembourg
1974,,LUX,Luxembourg
1973,,LUX,Luxembourg
1972,,LUX,Luxembourg
1971,,LUX,Luxembourg
1970,,LUX,Luxembourg
1969,,LUX,Luxembourg
1968,,LUX,Luxembourg
1967,,LUX,Luxembourg
1966,,LUX,Luxembourg
1965,,LUX,Luxembourg
1964,,LUX,Luxembourg
1963,,LUX,Luxembourg
1962,,LUX,Luxembourg
1961,,LUX,Luxembourg
1960,,LUX,Luxembourg
2025,,MAC,"Macao SAR, China"
2024,,MAC,"Macao SAR, China"
2023,,MAC,"Macao SAR, China"
2022,11.0,MAC,"Macao SAR, China"
2021,13.6,MAC,"Macao SAR, China"
2020,11.0,MAC,"Macao SAR, China"
2019,8.4,MAC,"Macao SAR, China"
2018,8.4,MAC,"Macao SAR, China"
2017,3.9,MAC,"Macao SAR, China"
2016,5.4,MAC,"Macao SAR, China"
2015,5.4,MAC,"Macao SAR, China"
2014,11.4,MAC,"Macao SAR, China"
2013,16.6,MAC,"Macao SAR, China"
2012,11.1,MAC,"Macao SAR, China"
2011,6.4,MAC,"Macao SAR, China"
2010,5.5,MAC,"Macao SAR, China"
2009,3.0,MAC,"Macao SAR, China"
2008,4.7,MAC,"Macao SAR, China"
2007,3.4,MAC,"Macao SAR, China"
2006,2.8,MAC,"Macao SAR, China"
2005,2.3,MAC,"Macao SAR, China"
2004,2.5,MAC,"Macao SAR, China"
2003,2.4,MAC,"Macao SAR, China"
2002,1.4,MAC,"Macao SAR, China"
2001,0.9,MAC,"Macao SAR, China"
2000,0.2,MAC,"Macao SAR, China"
1999,0.2,MAC,"Macao SAR, China"
1998,0.2,MAC,"Macao SAR, China"
1997,0.2,MAC,"Macao SAR, China"
1996,0.5,MAC,"Macao SAR, China"
1995,0.6,MAC,"Macao SAR, China"
1994,0.6,MAC,"Macao SAR, China"
1993,0.6,MAC,"Macao SAR, China"
1992,0.7,MAC,"Macao SAR, China"
1991,0.8,MAC,"Macao SAR, China"
1990,0.8,MAC,"Macao SAR, China"
1989,,MAC,"Macao SAR, China"
1988,,MAC,"Macao SAR, China"
1987,,MAC,"Macao SAR, China"
1986,,MAC,"Macao SAR, China"
1985,,MAC,"Macao SAR, China"
1984,,MAC,"Macao SAR, China"
1983,,MAC,"Macao SAR, China"
1982,,MAC,"Macao SAR, China"
1981,,MAC,"Macao SAR, China"
1980,,MAC,"Macao SAR, China"
1979,,MAC,"Macao SAR, China"
1978,,MAC,"Macao SAR, China"
1977,,MAC,"Macao SAR, China"
1976,,MAC,"Macao SAR, China"
1975,,MAC,"Macao SAR, China"
1974,,MAC,"Macao SAR, China"
1973,,MAC,"Macao SAR, China"
1972,,MAC,"Macao SAR, China"
1971,,MAC,"Macao SAR, China"
1970,,MAC,"Macao SAR, China"
1969,,MAC,"Macao SAR, China"
1968,,MAC,"Macao SAR, China"
1967,,MAC,"Macao SAR, China"
1966,,MAC,"Macao SAR, China"
1965,,MAC,"Macao SAR, China"
1964,,MAC,"Macao SAR, China"
1963,,MAC,"Macao SAR, China"
1962,,MAC,"Macao SAR, China"
1961,,MAC,"Macao SAR, China"
1960,,MAC,"Macao SAR, China"
2025,,MDG,Madagascar
2024,,MDG,Madagascar
2023,,MDG,Madagascar
2022,83.1,MDG,Madagascar
2021,83.6,MDG,Madagascar
2020,84.7,MDG,Madagascar
2019,82.5,MDG,Madagascar
2018,84.2,MDG,Madagascar
2017,81.9,MDG,Madagascar
2016,83.8,MDG,Madagascar
2015,83.9,MDG,Madagascar
2014,82.2,MDG,Madagascar
2013,81.4,MDG,Madagascar
2012,83.3,MDG,Madagascar
2011,84.5,MDG,Madagascar
2010,86.7,MDG,Madagascar
2009,87.2,MDG,Madagascar
2008,86.4,MDG,Madagascar
2007,86.2,MDG,Madagascar
2006,85.9,MDG,Madagascar
2005,84.9,MDG,Madagascar
2004,84.3,MDG,Madagascar
2003,84.8,MDG,Madagascar
2002,87.2,MDG,Madagascar
2001,84.1,MDG,Madagascar
2000,82.2,MDG,Madagascar
1999,82.7,MDG,Madagascar
1998,82.7,MDG,Madagascar
1997,83.1,MDG,Madagascar
1996,85.5,MDG,Madagascar
1995,86.1,MDG,Madagascar
1994,86.0,MDG,Madagascar
1993,87.0,MDG,Madagascar
1992,86.7,MDG,Madagascar
1991,86.6,MDG,Madagascar
1990,87.2,MDG,Madagascar
1989,,MDG,Madagascar
1988,,MDG,Madagascar
1987,,MDG,Madagascar
1986,,MDG,Madagascar
1985,,MDG,Madagascar
1984,,MDG,Madagascar
1983,,MDG,Madagascar
1982,,MDG,Madagascar
1981,,MDG,Madagascar
1980,,MDG,Madagascar
1979,,MDG,Madagascar
1978,,MDG,Madagascar
1977,,MDG,Madagascar
1976,,MDG,Madagascar
1975,,MDG,Madagascar
1974,,MDG,Madagascar
1973,,MDG,Madagascar
1972,,MDG,Madagascar
1971,,MDG,Madagascar
1970,,MDG,Madagascar
1969,,MDG,Madagascar
1968,,MDG,Madagascar
1967,,MDG,Madagascar
1966,,MDG,Madagascar
1965,,MDG,Madagascar
1964,,MDG,Madagascar
1963,,MDG,Madagascar
1962,,MDG,Madagascar
1961,,MDG,Madagascar
1960,,MDG,Madagascar
2025,,MWI,Malawi
2024,,MWI,Malawi
2023,,MWI,Malawi
2022,62.9,MWI,Malawi
2021,71.1,MWI,Malawi
2020,71.5,MWI,Malawi
2019,70.9,MWI,Malawi
2018,73.2,MWI,Malawi
2017,76.9,MWI,Malawi
2016,78.9,MWI,Malawi
2015,81.0,MWI,Malawi
2014,82.8,MWI,Malawi
2013,79.8,MWI,Malawi
2012,80.2,MWI,Malawi
2011,80.2,MWI,Malawi
2010,81.2,MWI,Malawi
2009,80.0,MWI,Malawi
2008,80.4,MWI,Malawi
2007,82.2,MWI,Malawi
2006,82.8,MWI,Malawi
2005,83.2,MWI,Malawi
2004,82.4,MWI,Malawi
2003,82.8,MWI,Malawi
2002,83.3,MWI,Malawi
2001,83.1,MWI,Malawi
2000,82.6,MWI,Malawi
1999,81.0,MWI,Malawi
1998,81.9,MWI,Malawi
1997,81.2,MWI,Malawi
1996,81.4,MWI,Malawi
1995,81.7,MWI,Malawi
1994,82.0,MWI,Malawi
1993,81.3,MWI,Malawi
1992,82.7,MWI,Malawi
1991,82.6,MWI,Malawi
1990,84.0,MWI,Malawi
1989,,MWI,Malawi
1988,,MWI,Malawi
1987,,MWI,Malawi
1986,,MWI,Malawi
1985,,MWI,Malawi
1984,,MWI,Malawi
1983,,MWI,Malawi
1982,,MWI,Malawi
1981,,MWI,Malawi
1980,,MWI,Malawi
1979,,MWI,Malawi
1978,,MWI,Malawi
1977,,MWI,Malawi
1976,,MWI,Malawi
1975,,MWI,Malawi
1974,,MWI,Malawi
1973,,MWI,Malawi
1972,,MWI,Malawi
1971,,MWI,Malawi
1970,,MWI,Malawi
1969,,MWI,Malawi
1968,,MWI,Malawi
1967,,MWI,Malawi
1966,,MWI,Malawi
1965,,MWI,Malawi
1964,,MWI,Malawi
1963,,MWI,Malawi
1962,,MWI,Malawi
1961,,MWI,Malawi
1960,,MWI,Malawi
2025,,MYS,Malaysia
2024,,MYS,Malaysia
2023,,MYS,Malaysia
2022,,MYS,Malaysia
2021,7.5,MYS,Malaysia
2020,7.0,MYS,Malaysia
2019,5.7,MYS,Malaysia
2018,5.3,MYS,Malaysia
2017,5.2,MYS,Malaysia
2016,4.4,MYS,Malaysia
2015,3.4,MYS,Malaysia
2014,3.0,MYS,Malaysia
2013,2.8,MYS,Malaysia
2012,2.5,MYS,Malaysia
2011,2.2,MYS,Malaysia
2010,2.0,MYS,Malaysia
2009,2.3,MYS,Malaysia
2008,3.0,MYS,Malaysia
2007,2.8,MYS,Malaysia
2006,3.1,MYS,Malaysia
2005,3.0,MYS,Malaysia
2004,3.2,MYS,Malaysia
2003,3.3,MYS,Malaysia
2002,3.5,MYS,Malaysia
2001,4.2,MYS,Malaysia
2000,4.4,MYS,Malaysia
1999,4.9,MYS,Malaysia
1998,4.5,MYS,Malaysia
1997,4.2,MYS,Malaysia
1996,4.9,MYS,Malaysia
1995,6.1,MYS,Malaysia
1994,6.8,MYS,Malaysia
1993,6.7,MYS,Malaysia
1992,6.9,MYS,Malaysia
1991,7.6,MYS,Malaysia
1990,8.3,MYS,Malaysia
1989,,MYS,Malaysia
1988,,MYS,Malaysia
1987,,MYS,Malaysia
1986,,MYS,Malaysia
1985,,MYS,Malaysia
1984,,MYS,Malaysia
1983,,MYS,Malaysia
1982,,MYS,Malaysia
1981,,MYS,Malaysia
1980,,MYS,Malaysia
1979,,MYS,Malaysia
1978,,MYS,Malaysia
1977,,MYS,Malaysia
1976,,MYS,Malaysia
1975,,MYS,Malaysia
1974,,MYS,Malaysia
1973,,MYS,Malaysia
1972,,MYS,Malaysia
1971,,MYS,Malaysia
1970,,MYS,Malaysia
1969,,MYS,Malaysia
1968,,MYS,Malaysia
1967,,MYS,Malaysia
1966,,MYS,Malaysia
1965,,MYS,Malaysia
1964,,MYS,Malaysia
1963,,MYS,Malaysia
1962,,MYS,Malaysia
1961,,MYS,Malaysia
1960,,MYS,Malaysia
2025,,MDV,Maldives
2024,,MDV,Maldives
2023,,MDV,Maldives
2022,1.2,MDV,Maldives
2021,1.4,MDV,Maldives
2020,1.6,MDV,Maldives
2019,1.3,MDV,Maldives
2018,1.3,MDV,Maldives
2017,1.3,MDV,Maldives
2016,1.2,MDV,Maldives
2015,1.5,MDV,Maldives
2014,1.2,MDV,Maldives
2013,1.3,MDV,Maldives
2012,1.2,MDV,Maldives
2011,1.3,MDV,Maldives
2010,1.4,MDV,Maldives
2009,1.5,MDV,Maldives
2008,1.5,MDV,Maldives
2007,1.5,MDV,Maldives
2006,1.6,MDV,Maldives
2005,2.0,MDV,Maldives
2004,1.7,MDV,Maldives
2003,2.2,MDV,Maldives
2002,1.8,MDV,Maldives
2001,2.3,MDV,Maldives
2000,2.3,MDV,Maldives
1999,2.2,MDV,Maldives
1998,3.0,MDV,Maldives
1997,2.7,MDV,Maldives
1996,3.2,MDV,Maldives
1995,3.3,MDV,Maldives
1994,4.0,MDV,Maldives
1993,3.8,MDV,Maldives
1992,3.1,MDV,Maldives
1991,4.4,MDV,Maldives
1990,4.5,MDV,Maldives
1989,,MDV,Maldives
1988,,MDV,Maldives
1987,,MDV,Maldives
1986,,MDV,Maldives
1985,,MDV,Maldives
1984,,MDV,Maldives
1983,,MDV,Maldives
1982,,MDV,Maldives
1981,,MDV,Maldives
1980,,MDV,Maldives
1979,,MDV,Maldives
1978,,MDV,Maldives
1977,,MDV,Maldives
1976,,MDV,Maldives
1975,,MDV,Maldives
1974,,MDV,Maldives
1973,,MDV,Maldives
1972,,MDV,Maldives
1971,,MDV,Maldives
1970,,MDV,Maldives
1969,,MDV,Maldives
1968,,MDV,Maldives
1967,,MDV,Maldives
1966,,MDV,Maldives
1965,,MDV,Maldives
1964,,MDV,Maldives
1963,,MDV,Maldives
1962,,MDV,Maldives
1961,,MDV,Maldives
1960,,MDV,Maldives
2025,,MLI,Mali
2024,,MLI,Mali
2023,,MLI,Mali
2022,71.1,MLI,Mali
2021,71.2,MLI,Mali
2020,72.8,MLI,Mali
2019,74.9,MLI,Mali
2018,77.2,MLI,Mali
2017,77.0,MLI,Mali
2016,77.9,MLI,Mali
2015,81.2,MLI,Mali
2014,84.6,MLI,Mali
2013,84.8,MLI,Mali
2012,81.2,MLI,Mali
2011,83.6,MLI,Mali
2010,84.0,MLI,Mali
2009,78.7,MLI,Mali
2008,75.0,MLI,Mali
2007,78.9,MLI,Mali
2006,81.7,MLI,Mali
2005,82.3,MLI,Mali
2004,81.5,MLI,Mali
2003,85.8,MLI,Mali
2002,83.6,MLI,Mali
2001,82.1,MLI,Mali
2000,83.5,MLI,Mali
1999,84.6,MLI,Mali
1998,84.8,MLI,Mali
1997,84.6,MLI,Mali
1996,85.4,MLI,Mali
1995,85.1,MLI,Mali
1994,85.6,MLI,Mali
1993,86.6,MLI,Mali
1992,86.9,MLI,Mali
1991,87.6,MLI,Mali
1990,87.2,MLI,Mali
1989,,MLI,Mali
1988,,MLI,Mali
1987,,MLI,Mali
1986,,MLI,Mali
1985,,MLI,Mali
1984,,MLI,Mali
1983,,MLI,Mali
1982,,MLI,Mali
1981,,MLI,Mali
1980,,MLI,Mali
1979,,MLI,Mali
1978,,MLI,Mali
1977,,MLI,Mali
1976,,MLI,Mali
1975,,MLI,Mali
1974,,MLI,Mali
1973,,MLI,Mali
1972,,MLI,Mali
1971,,MLI,Mali
1970,,MLI,Mali
1969,,MLI,Mali
1968,,MLI,Mali
1967,,MLI,Mali
1966,,MLI,Mali
1965,,MLI,Mali
1964,,MLI,Mali
1963,,MLI,Mali
1962,,MLI,Mali
1961,,MLI,Mali
1960,,MLI,Mali
2025,,MLT,Malta
2024,,MLT,Malta
2023,,MLT,Malta
2022,,MLT,Malta
2021,8.6,MLT,Malta
2020,9.2,MLT,Malta
2019,7.4,MLT,Malta
2018,7.6,MLT,Malta
2017,7.3,MLT,Malta
2016,9.2,MLT,Malta
2015,6.0,MLT,Malta
2014,4.5,MLT,Malta
2013,3.2,MLT,Malta
2012,2.7,MLT,Malta
2011,2.0,MLT,Malta
2010,1.2,MLT,Malta
2009,0.3,MLT,Malta
2008,0.2,MLT,Malta
2007,0.2,MLT,Malta
2006,0.2,MLT,Malta
2005,0.1,MLT,Malta
2004,0.1,MLT,Malta
2003,0.1,MLT,Malta
2002,0.1,MLT,Malta
2001,0.0,MLT,Malta
2000,0.0,MLT,Malta
1999,0.0,MLT,Malta
1998,0.0,MLT,Malta
1997,0.0,MLT,Malta
1996,0.0,MLT,Malta
1995,0.0,MLT,Malta
1994,0.0,MLT,Malta
1993,0.0,MLT,Malta
1992,0.0,MLT,Malta
1991,0.0,MLT,Malta
1990,0.0,MLT,Malta
1989,,MLT,Malta
1988,,MLT,Malta
1987,,MLT,Malta
1986,,MLT,Malta
1985,,MLT,Malta
1984,,MLT,Malta
1983,,MLT,Malta
1982,,MLT,Malta
1981,,MLT,Malta
1980,,MLT,Malta
1979,,MLT,Malta
1978,,MLT,Malta
1977,,MLT,Malta
1976,,MLT,Malta
1975,,MLT,Malta
1974,,MLT,Malta
1973,,MLT,Malta
1972,,MLT,Malta
1971,,MLT,Malta
1970,,MLT,Malta
1969,,MLT,Malta
1968,,MLT,Malta
1967,,MLT,Malta
1966,,MLT,Malta
1965,,MLT,Malta
1964,,MLT,Malta
1963,,MLT,Malta
1962,,MLT,Malta
1961,,MLT,Malta
1960,,MLT,Malta
2025,,MHL,Marshall Islands
2024,,MHL,Marshall Islands
2023,,MHL,Marshall Islands
2022,12.2,MHL,Marshall Islands
2021,12.1,MHL,Marshall Islands
2020,12.0,MHL,Marshall Islands
2019,12.1,MHL,Marshall Islands
2018,12.0,MHL,Marshall Islands
2017,12.0,MHL,Marshall Islands
2016,12.1,MHL,Marshall Islands
2015,11.7,MHL,Marshall Islands
2014,12.2,MHL,Marshall Islands
2013,12.4,MHL,Marshall Islands
2012,12.0,MHL,Marshall Islands
2011,12.3,MHL,Marshall Islands
2010,13.7,MHL,Marshall Islands
2009,14.0,MHL,Marshall Islands
2008,14.8,MHL,Marshall Islands
2007,15.2,MHL,Marshall Islands
2006,17.0,MHL,Marshall Islands
2005,18.4,MHL,Marshall Islands
2004,18.4,MHL,Marshall Islands
2003,18.6,MHL,Marshall Islands
2002,18.6,MHL,Marshall Islands
2001,19.1,MHL,Marshall Islands
2000,19.6,MHL,Marshall Islands
1999,19.4,MHL,Marshall Islands
1998,19.6,MHL,Marshall Islands
1997,19.7,MHL,Marshall Islands
1996,19.6,MHL,Marshall Islands
1995,19.4,MHL,Marshall Islands
1994,19.4,MHL,Marshall Islands
1993,19.0,MHL,Marshall Islands
1992,19.3,MHL,Marshall Islands
1991,,MHL,Marshall Islands
1990,,MHL,Marshall Islands
1989,,MHL,Marshall Islands
1988,,MHL,Marshall Islands
1987,,MHL,Marshall Islands
1986,,MHL,Marshall Islands
1985,,MHL,Marshall Islands
1984,,MHL,Marshall Islands
1983,,MHL,Marshall Islands
1982,,MHL,Marshall Islands
1981,,MHL,Marshall Islands
1980,,MHL,Marshall Islands
1979,,MHL,Marshall Islands
1978,,MHL,Marshall Islands
1977,,MHL,Marshall Islands
1976,,MHL,Marshall Islands
1975,,MHL,Marshall Islands
1974,,MHL,Marshall Islands
1973,,MHL,Marshall Islands
1972,,MHL,Marshall Islands
1971,,MHL,Marshall Islands
1970,,MHL,Marshall Islands
1969,,MHL,Marshall Islands
1968,,MHL,Marshall Islands
1967,,MHL,Marshall Islands
1966,,MHL,Marshall Islands
1965,,MHL,Marshall Islands
1964,,MHL,Marshall Islands
1963,,MHL,Marshall Islands
1962,,MHL,Marshall Islands
1961,,MHL,Marshall Islands
1960,,MHL,Marshall Islands
2025,,MRT,Mauritania
2024,,MRT,Mauritania
2023,,MRT,Mauritania
2022,19.6,MRT,Mauritania
2021,22.1,MRT,Mauritania
2020,20.9,MRT,Mauritania
2019,21.2,MRT,Mauritania
2018,21.6,MRT,Mauritania
2017,25.5,MRT,Mauritania
2016,31.7,MRT,Mauritania
2015,28.3,MRT,Mauritania
2014,31.0,MRT,Mauritania
2013,35.1,MRT,Mauritania
2012,31.9,MRT,Mauritania
2011,33.3,MRT,Mauritania
2010,34.0,MRT,Mauritania
2009,33.4,MRT,Mauritania
2008,35.8,MRT,Mauritania
2007,35.6,MRT,Mauritania
2006,39.1,MRT,Mauritania
2005,38.8,MRT,Mauritania
2004,38.6,MRT,Mauritania
2003,40.2,MRT,Mauritania
2002,42.1,MRT,Mauritania
2001,44.2,MRT,Mauritania
2000,44.4,MRT,Mauritania
1999,43.9,MRT,Mauritania
1998,46.0,MRT,Mauritania
1997,43.8,MRT,Mauritania
1996,43.9,MRT,Mauritania
1995,45.2,MRT,Mauritania
1994,45.5,MRT,Mauritania
1993,46.1,MRT,Mauritania
1992,46.4,MRT,Mauritania
1991,46.7,MRT,Mauritania
1990,47.0,MRT,Mauritania
1989,,MRT,Mauritania
1988,,MRT,Mauritania
1987,,MRT,Mauritania
1986,,MRT,Mauritania
1985,,MRT,Mauritania
1984,,MRT,Mauritania
1983,,MRT,Mauritania
1982,,MRT,Mauritania
1981,,MRT,Mauritania
1980,,MRT,Mauritania
1979,,MRT,Mauritania
1978,,MRT,Mauritania
1977,,MRT,Mauritania
1976,,MRT,Mauritania
1975,,MRT,Mauritania
1974,,MRT,Mauritania
1973,,MRT,Mauritania
1972,,MRT,Mauritania
1971,,MRT,Mauritania
1970,,MRT,Mauritania
1969,,MRT,Mauritania
1968,,MRT,Mauritania
1967,,MRT,Mauritania
1966,,MRT,Mauritania
1965,,MRT,Mauritania
1964,,MRT,Mauritania
1963,,MRT,Mauritania
1962,,MRT,Mauritania
1961,,MRT,Mauritania
1960,,MRT,Mauritania
2025,,MUS,Mauritius
2024,,MUS,Mauritius
2023,,MUS,Mauritius
2022,,MUS,Mauritius
2021,8.6,MUS,Mauritius
2020,9.4,MUS,Mauritius
2019,8.9,MUS,Mauritius
2018,9.2,MUS,Mauritius
2017,9.4,MUS,Mauritius
2016,10.3,MUS,Mauritius
2015,11.5,MUS,Mauritius
2014,10.6,MUS,Mauritius
2013,11.4,MUS,Mauritius
2012,11.4,MUS,Mauritius
2011,12.0,MUS,Mauritius
2010,12.8,MUS,Mauritius
2009,12.8,MUS,Mauritius
2008,12.7,MUS,Mauritius
2007,15.7,MUS,Mauritius
2006,16.4,MUS,Mauritius
2005,17.6,MUS,Mauritius
2004,19.1,MUS,Mauritius
2003,18.9,MUS,Mauritius
2002,17.9,MUS,Mauritius
2001,20.1,MUS,Mauritius
2000,20.4,MUS,Mauritius
1999,21.0,MUS,Mauritius
1998,33.5,MUS,Mauritius
1997,36.5,MUS,Mauritius
1996,35.6,MUS,Mauritius
1995,38.8,MUS,Mauritius
1994,35.4,MUS,Mauritius
1993,38.8,MUS,Mauritius
1992,43.2,MUS,Mauritius
1991,43.4,MUS,Mauritius
1990,47.1,MUS,Mauritius
1989,,MUS,Mauritius
1988,,MUS,Mauritius
1987,,MUS,Mauritius
1986,,MUS,Mauritius
1985,,MUS,Mauritius
1984,,MUS,Mauritius
1983,,MUS,Mauritius
1982,,MUS,Mauritius
1981,,MUS,Mauritius
1980,,MUS,Mauritius
1979,,MUS,Mauritius
1978,,MUS,Mauritius
1977,,MUS,Mauritius
1976,,MUS,Mauritius
1975,,MUS,Mauritius
1974,,MUS,Mauritius
1973,,MUS,Mauritius
1972,,MUS,Mauritius
1971,,MUS,Mauritius
1970,,MUS,Mauritius
1969,,MUS,Mauritius
1968,,MUS,Mauritius
1967,,MUS,Mauritius
1966,,MUS,Mauritius
1965,,MUS,Mauritius
1964,,MUS,Mauritius
1963,,MUS,Mauritius
1962,,MUS,Mauritius
1961,,MUS,Mauritius
1960,,MUS,Mauritius
2025,,MEX,Mexico
2024,,MEX,Mexico
2023,,MEX,Mexico
2022,,MEX,Mexico
2021,13.0,MEX,Mexico
2020,12.3,MEX,Mexico
2019,10.3,MEX,Mexico
2018,10.3,MEX,Mexico
2017,10.1,MEX,Mexico
2016,9.2,MEX,Mexico
2015,9.2,MEX,Mexico
2014,9.8,MEX,Mexico
2013,9.2,MEX,Mexico
2012,9.0,MEX,Mexico
2011,9.1,MEX,Mexico
2010,9.4,MEX,Mexico
2009,9.2,MEX,Mexico
2008,9.8,MEX,Mexico
2007,9.5,MEX,Mexico
2006,9.8,MEX,Mexico
2005,10.3,MEX,Mexico
2004,10.2,MEX,Mexico
2003,10.2,MEX,Mexico
2002,10.7,MEX,Mexico
2001,11.3,MEX,Mexico
2000,12.2,MEX,Mexico
1999,12.8,MEX,Mexico
1998,12.2,MEX,Mexico
1997,12.7,MEX,Mexico
1996,13.1,MEX,Mexico
1995,13.3,MEX,Mexico
1994,11.9,MEX,Mexico
1993,13.3,MEX,Mexico
1992,13.4,MEX,Mexico
1991,13.2,MEX,Mexico
1990,14.4,MEX,Mexico
1989,,MEX,Mexico
1988,,MEX,Mexico
1987,,MEX,Mexico
1986,,MEX,Mexico
1985,,MEX,Mexico
1984,,MEX,Mexico
1983,,MEX,Mexico
1982,,MEX,Mexico
1981,,MEX,Mexico
1980,,MEX,Mexico
1979,,MEX,Mexico
1978,,MEX,Mexico
1977,,MEX,Mexico
1976,,MEX,Mexico
1975,,MEX,Mexico
1974,,MEX,Mexico
1973,,MEX,Mexico
1972,,MEX,Mexico
1971,,MEX,Mexico
1970,,MEX,Mexico
1969,,MEX,Mexico
1968,,MEX,Mexico
1967,,MEX,Mexico
1966,,MEX,Mexico
1965,,MEX,Mexico
1964,,MEX,Mexico
1963,,MEX,Mexico
1962,,MEX,Mexico
1961,,MEX,Mexico
1960,,MEX,Mexico
2025,,FSM,"Micronesia, Fed. Sts."
2024,,FSM,"Micronesia, Fed. Sts."
2023,,FSM,"Micronesia, Fed. Sts."
2022,2.0,FSM,"Micronesia, Fed. Sts."
2021,2.1,FSM,"Micronesia, Fed. Sts."
2020,2.0,FSM,"Micronesia, Fed. Sts."
2019,2.0,FSM,"Micronesia, Fed. Sts."
2018,2.0,FSM,"Micronesia, Fed. Sts."
2017,1.7,FSM,"Micronesia, Fed. Sts."
2016,1.9,FSM,"Micronesia, Fed. Sts."
2015,1.7,FSM,"Micronesia, Fed. Sts."
2014,1.5,FSM,"Micronesia, Fed. Sts."
2013,1.4,FSM,"Micronesia, Fed. Sts."
2012,1.4,FSM,"Micronesia, Fed. Sts."
2011,1.6,FSM,"Micronesia, Fed. Sts."
2010,2.0,FSM,"Micronesia, Fed. Sts."
2009,1.1,FSM,"Micronesia, Fed. Sts."
2008,1.4,FSM,"Micronesia, Fed. Sts."
2007,1.2,FSM,"Micronesia, Fed. Sts."
2006,1.4,FSM,"Micronesia, Fed. Sts."
2005,1.4,FSM,"Micronesia, Fed. Sts."
2004,1.0,FSM,"Micronesia, Fed. Sts."
2003,0.9,FSM,"Micronesia, Fed. Sts."
2002,1.6,FSM,"Micronesia, Fed. Sts."
2001,1.4,FSM,"Micronesia, Fed. Sts."
2000,1.3,FSM,"Micronesia, Fed. Sts."
1999,0.6,FSM,"Micronesia, Fed. Sts."
1998,0.8,FSM,"Micronesia, Fed. Sts."
1997,0.8,FSM,"Micronesia, Fed. Sts."
1996,0.8,FSM,"Micronesia, Fed. Sts."
1995,0.8,FSM,"Micronesia, Fed. Sts."
1994,0.9,FSM,"Micronesia, Fed. Sts."
1993,1.0,FSM,"Micronesia, Fed. Sts."
1992,0.9,FSM,"Micronesia, Fed. Sts."
1991,,FSM,"Micronesia, Fed. Sts."
1990,,FSM,"Micronesia, Fed. Sts."
1989,,FSM,"Micronesia, Fed. Sts."
1988,,FSM,"Micronesia, Fed. Sts."
1987,,FSM,"Micronesia, Fed. Sts."
1986,,FSM,"Micronesia, Fed. Sts."
1985,,FSM,"Micronesia, Fed. Sts."
1984,,FSM,"Micronesia, Fed. Sts."
1983,,FSM,"Micronesia, Fed. Sts."
1982,,FSM,"Micronesia, Fed. Sts."
1981,,FSM,"Micronesia, Fed. Sts."
1980,,FSM,"Micronesia, Fed. Sts."
1979,,FSM,"Micronesia, Fed. Sts."
1978,,FSM,"Micronesia, Fed. Sts."
1977,,FSM,"Micronesia, Fed. Sts."
1976,,FSM,"Micronesia, Fed. Sts."
1975,,FSM,"Micronesia, Fed. Sts."
1974,,FSM,"Micronesia, Fed. Sts."
1973,,FSM,"Micronesia, Fed. Sts."
1972,,FSM,"Micronesia, Fed. Sts."
1971,,FSM,"Micronesia, Fed. Sts."
1970,,FSM,"Micronesia, Fed. Sts."
1969,,FSM,"Micronesia, Fed. Sts."
1968,,FSM,"Micronesia, Fed. Sts."
1967,,FSM,"Micronesia, Fed. Sts."
1966,,FSM,"Micronesia, Fed. Sts."
1965,,FSM,"Micronesia, Fed. Sts."
1964,,FSM,"Micronesia, Fed. Sts."
1963,,FSM,"Micronesia, Fed. Sts."
1962,,FSM,"Micronesia, Fed. Sts."
1961,,FSM,"Micronesia, Fed. Sts."
1960,,FSM,"Micronesia, Fed. Sts."
2025,,MDA,Moldova
2024,,MDA,Moldova
2023,,MDA,Moldova
2022,,MDA,Moldova
2021,21.4,MDA,Moldova
2020,22.3,MDA,Moldova
2019,22.0,MDA,Moldova
2018,25.3,MDA,Moldova
2017,26.1,MDA,Moldova
2016,25.3,MDA,Moldova
2015,24.7,MDA,Moldova
2014,24.3,MDA,Moldova
2013,23.8,MDA,Moldova
2012,22.1,MDA,Moldova
2011,20.4,MDA,Moldova
2010,20.0,MDA,Moldova
2009,4.8,MDA,Moldova
2008,4.9,MDA,Moldova
2007,4.4,MDA,Moldova
2006,5.0,MDA,Moldova
2005,4.3,MDA,Moldova
2004,4.8,MDA,Moldova
2003,5.9,MDA,Moldova
2002,5.8,MDA,Moldova
2001,5.6,MDA,Moldova
2000,5.7,MDA,Moldova
1999,4.9,MDA,Moldova
1998,4.1,MDA,Moldova
1997,3.9,MDA,Moldova
1996,3.7,MDA,Moldova
1995,2.8,MDA,Moldova
1994,2.6,MDA,Moldova
1993,2.4,MDA,Moldova
1992,2.2,MDA,Moldova
1991,1.6,MDA,Moldova
1990,1.1,MDA,Moldova
1989,,MDA,Moldova
1988,,MDA,Moldova
1987,,MDA,Moldova
1986,,MDA,Moldova
1985,,MDA,Moldova
1984,,MDA,Moldova
1983,,MDA,Moldova
1982,,MDA,Moldova
1981,,MDA,Moldova
1980,,MDA,Moldova
1979,,MDA,Moldova
1978,,MDA,Moldova
1977,,MDA,Moldova
1976,,MDA,Moldova
1975,,MDA,Moldova
1974,,MDA,Moldova
1973,,MDA,Moldova
1972,,MDA,Moldova
1971,,MDA,Moldova
1970,,MDA,Moldova
1969,,MDA,Moldova
1968,,MDA,Moldova
1967,,MDA,Moldova
1966,,MDA,Moldova
1965,,MDA,Moldova
1964,,MDA,Moldova
1963,,MDA,Moldova
1962,,MDA,Moldova
1961,,MDA,Moldova
1960,,MDA,Moldova
2025,,MCO,Monaco
2024,,MCO,Monaco
2023,,MCO,Monaco
2022,,MCO,Monaco
2021,,MCO,Monaco
2020,,MCO,Monaco
2019,,MCO,Monaco
2018,,MCO,Monaco
2017,,MCO,Monaco
2016,,MCO,Monaco
2015,,MCO,Monaco
2014,,MCO,Monaco
2013,,MCO,Monaco
2012,,MCO,Monaco
2011,,MCO,Monaco
2010,,MCO,Monaco
2009,,MCO,Monaco
2008,,MCO,Monaco
2007,,MCO,Monaco
2006,,MCO,Monaco
2005,,MCO,Monaco
2004,,MCO,Monaco
2003,,MCO,Monaco
2002,,MCO,Monaco
2001,,MCO,Monaco
2000,,MCO,Monaco
1999,,MCO,Monaco
1998,,MCO,Monaco
1997,,MCO,Monaco
1996,,MCO,Monaco
1995,,MCO,Monaco
1994,,MCO,Monaco
1993,,MCO,Monaco
1992,,MCO,Monaco
1991,,MCO,Monaco
1990,,MCO,Monaco
1989,,MCO,Monaco
1988,,MCO,Monaco
1987,,MCO,Monaco
1986,,MCO,Monaco
1985,,MCO,Monaco
1984,,MCO,Monaco
1983,,MCO,Monaco
1982,,MCO,Monaco
1981,,MCO,Monaco
1980,,MCO,Monaco
1979,,MCO,Monaco
1978,,MCO,Monaco
1977,,MCO,Monaco
1976,,MCO,Monaco
1975,,MCO,Monaco
1974,,MCO,Monaco
1973,,MCO,Monaco
1972,,MCO,Monaco
1971,,MCO,Monaco
1970,,MCO,Monaco
1969,,MCO,Monaco
1968,,MCO,Monaco
1967,,MCO,Monaco
1966,,MCO,Monaco
1965,,MCO,Monaco
1964,,MCO,Monaco
1963,,MCO,Monaco
1962,,MCO,Monaco
1961,,MCO,Monaco
1960,,MCO,Monaco
2025,,MNG,Mongolia
2024,,MNG,Mongolia
2023,,MNG,Mongolia
2022,,MNG,Mongolia
2021,3.0,MNG,Mongolia
2020,2.9,MNG,Mongolia
2019,2.3,MNG,Mongolia
2018,2.1,MNG,Mongolia
2017,1.8,MNG,Mongolia
2016,3.4,MNG,Mongolia
2015,3.5,MNG,Mongolia
2014,3.3,MNG,Mongolia
2013,3.0,MNG,Mongolia
2012,3.0,MNG,Mongolia
2011,4.0,MNG,Mongolia
2010,4.5,MNG,Mongolia
2009,4.4,MNG,Mongolia
2008,4.7,MNG,Mongolia
2007,4.7,MNG,Mongolia
2006,4.5,MNG,Mongolia
2005,5.3,MNG,Mongolia
2004,5.8,MNG,Mongolia
2003,6.1,MNG,Mongolia
2002,6.5,MNG,Mongolia
2001,6.1,MNG,Mongolia
2000,5.7,MNG,Mongolia
1999,3.6,MNG,Mongolia
1998,3.7,MNG,Mongolia
1997,3.4,MNG,Mongolia
1996,3.4,MNG,Mongolia
1995,3.0,MNG,Mongolia
1994,3.0,MNG,Mongolia
1993,2.7,MNG,Mongolia
1992,2.4,MNG,Mongolia
1991,2.0,MNG,Mongolia
1990,1.9,MNG,Mongolia
1989,,MNG,Mongolia
1988,,MNG,Mongolia
1987,,MNG,Mongolia
1986,,MNG,Mongolia
1985,,MNG,Mongolia
1984,,MNG,Mongolia
1983,,MNG,Mongolia
1982,,MNG,Mongolia
1981,,MNG,Mongolia
1980,,MNG,Mongolia
1979,,MNG,Mongolia
1978,,MNG,Mongolia
1977,,MNG,Mongolia
1976,,MNG,Mongolia
1975,,MNG,Mongolia
1974,,MNG,Mongolia
1973,,MNG,Mongolia
1972,,MNG,Mongolia
1971,,MNG,Mongolia
1970,,MNG,Mongolia
1969,,MNG,Mongolia
1968,,MNG,Mongolia
1967,,MNG,Mongolia
1966,,MNG,Mongolia
1965,,MNG,Mongolia
1964,,MNG,Mongolia
1963,,MNG,Mongolia
1962,,MNG,Mongolia
1961,,MNG,Mongolia
1960,,MNG,Mongolia
2025,,MNE,Montenegro
2024,,MNE,Montenegro
2023,,MNE,Montenegro
2022,,MNE,Montenegro
2021,39.6,MNE,Montenegro
2020,39.6,MNE,Montenegro
2019,38.7,MNE,Montenegro
2018,40.6,MNE,Montenegro
2017,37.8,MNE,Montenegro
2016,43.9,MNE,Montenegro
2015,43.0,MNE,Montenegro
2014,46.0,MNE,Montenegro
2013,49.3,MNE,Montenegro
2012,45.9,MNE,Montenegro
2011,42.8,MNE,Montenegro
2010,49.1,MNE,Montenegro
2009,49.2,MNE,Montenegro
2008,38.8,MNE,Montenegro
2007,42.3,MNE,Montenegro
2006,44.8,MNE,Montenegro
2005,47.6,MNE,Montenegro
2004,,MNE,Montenegro
2003,,MNE,Montenegro
2002,,MNE,Montenegro
2001,,MNE,Montenegro
2000,,MNE,Montenegro
1999,,MNE,Montenegro
1998,,MNE,Montenegro
1997,,MNE,Montenegro
1996,,MNE,Montenegro
1995,,MNE,Montenegro
1994,,MNE,Montenegro
1993,,MNE,Montenegro
1992,,MNE,Montenegro
1991,,MNE,Montenegro
1990,,MNE,Montenegro
1989,,MNE,Montenegro
1988,,MNE,Montenegro
1987,,MNE,Montenegro
1986,,MNE,Montenegro
1985,,MNE,Montenegro
1984,,MNE,Montenegro
1983,,MNE,Montenegro
1982,,MNE,Montenegro
1981,,MNE,Montenegro
1980,,MNE,Montenegro
1979,,MNE,Montenegro
1978,,MNE,Montenegro
1977,,MNE,Montenegro
1976,,MNE,Montenegro
1975,,MNE,Montenegro
1974,,MNE,Montenegro
1973,,MNE,Montenegro
1972,,MNE,Montenegro
1971,,MNE,Montenegro
1970,,MNE,Montenegro
1969,,MNE,Montenegro
1968,,MNE,Montenegro
1967,,MNE,Montenegro
1966,,MNE,Montenegro
1965,,MNE,Montenegro
1964,,MNE,Montenegro
1963,,MNE,Montenegro
1962,,MNE,Montenegro
1961,,MNE,Montenegro
1960,,MNE,Montenegro
2025,,MAR,Morocco
2024,,MAR,Morocco
2023,,MAR,Morocco
2022,,MAR,Morocco
2021,10.9,MAR,Morocco
2020,11.1,MAR,Morocco
2019,10.7,MAR,Morocco
2018,10.9,MAR,Morocco
2017,10.4,MAR,Morocco
2016,11.1,MAR,Morocco
2015,11.2,MAR,Morocco
2014,11.1,MAR,Morocco
2013,11.6,MAR,Morocco
2012,10.9,MAR,Morocco
2011,11.8,MAR,Morocco
2010,13.9,MAR,Morocco
2009,14.2,MAR,Morocco
2008,14.4,MAR,Morocco
2007,16.6,MAR,Morocco
2006,18.2,MAR,Morocco
2005,20.0,MAR,Morocco
2004,22.4,MAR,Morocco
2003,16.1,MAR,Morocco
2002,15.1,MAR,Morocco
2001,15.3,MAR,Morocco
2000,15.5,MAR,Morocco
1999,15.9,MAR,Morocco
1998,17.6,MAR,Morocco
1997,18.8,MAR,Morocco
1996,19.1,MAR,Morocco
1995,17.7,MAR,Morocco
1994,19.0,MAR,Morocco
1993,19.0,MAR,Morocco
1992,21.6,MAR,Morocco
1991,23.0,MAR,Morocco
1990,22.4,MAR,Morocco
1989,,MAR,Morocco
1988,,MAR,Morocco
1987,,MAR,Morocco
1986,,MAR,Morocco
1985,,MAR,Morocco
1984,,MAR,Morocco
1983,,MAR,Morocco
1982,,MAR,Morocco
1981,,MAR,Morocco
1980,,MAR,Morocco
1979,,MAR,Morocco
1978,,MAR,Morocco
1977,,MAR,Morocco
1976,,MAR,Morocco
1975,,MAR,Morocco
1974,,MAR,Morocco
1973,,MAR,Morocco
1972,,MAR,Morocco
1971,,MAR,Morocco
1970,,MAR,Morocco
1969,,MAR,Morocco
1968,,MAR,Morocco
1967,,MAR,Morocco
1966,,MAR,Morocco
1965,,MAR,Morocco
1964,,MAR,Morocco
1963,,MAR,Morocco
1962,,MAR,Morocco
1961,,MAR,Morocco
1960,,MAR,Morocco
2025,,MOZ,Mozambique
2024,,MOZ,Mozambique
2023,,MOZ,Mozambique
2022,,MOZ,Mozambique
2021,76.9,MOZ,Mozambique
2020,80.2,MOZ,Mozambique
2019,77.5,MOZ,Mozambique
2018,79.0,MOZ,Mozambique
2017,78.2,MOZ,Mozambique
2016,77.4,MOZ,Mozambique
2015,80.1,MOZ,Mozambique
2014,81.2,MOZ,Mozambique
2013,83.1,MOZ,Mozambique
2012,84.5,MOZ,Mozambique
2011,85.4,MOZ,Mozambique
2010,84.9,MOZ,Mozambique
2009,86.1,MOZ,Mozambique
2008,88.1,MOZ,Mozambique
2007,87.5,MOZ,Mozambique
2006,93.1,MOZ,Mozambique
2005,93.7,MOZ,Mozambique
2004,92.9,MOZ,Mozambique
2003,92.7,MOZ,Mozambique
2002,93.2,MOZ,Mozambique
2001,93.0,MOZ,Mozambique
2000,93.6,MOZ,Mozambique
1999,94.2,MOZ,Mozambique
1998,94.0,MOZ,Mozambique
1997,92.6,MOZ,Mozambique
1996,93.1,MOZ,Mozambique
1995,92.8,MOZ,Mozambique
1994,93.1,MOZ,Mozambique
1993,91.8,MOZ,Mozambique
1992,93.0,MOZ,Mozambique
1991,94.2,MOZ,Mozambique
1990,93.0,MOZ,Mozambique
1989,,MOZ,Mozambique
1988,,MOZ,Mozambique
1987,,MOZ,Mozambique
1986,,MOZ,Mozambique
1985,,MOZ,Mozambique
1984,,MOZ,Mozambique
1983,,MOZ,Mozambique
1982,,MOZ,Mozambique
1981,,MOZ,Mozambique
1980,,MOZ,Mozambique
1979,,MOZ,Mozambique
1978,,MOZ,Mozambique
1977,,MOZ,Mozambique
1976,,MOZ,Mozambique
1975,,MOZ,Mozambique
1974,,MOZ,Mozambique
1973,,MOZ,Mozambique
1972,,MOZ,Mozambique
1971,,MOZ,Mozambique
1970,,MOZ,Mozambique
1969,,MOZ,Mozambique
1968,,MOZ,Mozambique
1967,,MOZ,Mozambique
1966,,MOZ,Mozambique
1965,,MOZ,Mozambique
1964,,MOZ,Mozambique
1963,,MOZ,Mozambique
1962,,MOZ,Mozambique
1961,,MOZ,Mozambique
1960,,MOZ,Mozambique
2025,,MMR,Myanmar
2024,,MMR,Myanmar
2023,,MMR,Myanmar
2022,,MMR,Myanmar
2021,62.9,MMR,Myanmar
2020,59.2,MMR,Myanmar
2019,58.5,MMR,Myanmar
2018,59.4,MMR,Myanmar
2017,59.5,MMR,Myanmar
2016,68.8,MMR,Myanmar
2015,70.0,MMR,Myanmar
2014,72.0,MMR,Myanmar
2013,75.6,MMR,Myanmar
2012,78.1,MMR,Myanmar
2011,83.8,MMR,Myanmar
2010,84.6,MMR,Myanmar
2009,85.8,MMR,Myanmar
2008,85.6,MMR,Myanmar
2007,80.5,MMR,Myanmar
2006,81.3,MMR,Myanmar
2005,79.6,MMR,Myanmar
2004,80.2,MMR,Myanmar
2003,79.9,MMR,Myanmar
2002,83.0,MMR,Myanmar
2001,82.5,MMR,Myanmar
2000,80.2,MMR,Myanmar
1999,81.9,MMR,Myanmar
1998,83.4,MMR,Myanmar
1997,85.2,MMR,Myanmar
1996,84.6,MMR,Myanmar
1995,85.2,MMR,Myanmar
1994,88.0,MMR,Myanmar
1993,89.2,MMR,Myanmar
1992,90.8,MMR,Myanmar
1991,91.1,MMR,Myanmar
1990,90.9,MMR,Myanmar
1989,,MMR,Myanmar
1988,,MMR,Myanmar
1987,,MMR,Myanmar
1986,,MMR,Myanmar
1985,,MMR,Myanmar
1984,,MMR,Myanmar
1983,,MMR,Myanmar
1982,,MMR,Myanmar
1981,,MMR,Myanmar
1980,,MMR,Myanmar
1979,,MMR,Myanmar
1978,,MMR,Myanmar
1977,,MMR,Myanmar
1976,,MMR,Myanmar
1975,,MMR,Myanmar
1974,,MMR,Myanmar
1973,,MMR,Myanmar
1972,,MMR,Myanmar
1971,,MMR,Myanmar
1970,,MMR,Myanmar
1969,,MMR,Myanmar
1968,,MMR,Myanmar
1967,,MMR,Myanmar
1966,,MMR,Myanmar
1965,,MMR,Myanmar
1964,,MMR,Myanmar
1963,,MMR,Myanmar
1962,,MMR,Myanmar
1961,,MMR,Myanmar
1960,,MMR,Myanmar
2025,,NAM,Namibia
2024,,NAM,Namibia
2023,,NAM,Namibia
2022,,NAM,Namibia
2021,30.0,NAM,Namibia
2020,31.2,NAM,Namibia
2019,30.2,NAM,Namibia
2018,30.9,NAM,Namibia
2017,30.2,NAM,Namibia
2016,29.2,NAM,Namibia
2015,29.3,NAM,Namibia
2014,30.2,NAM,Namibia
2013,30.7,NAM,Namibia
2012,31.9,NAM,Namibia
2011,31.6,NAM,Namibia
2010,31.2,NAM,Namibia
2009,33.4,NAM,Namibia
2008,32.5,NAM,Namibia
2007,36.5,NAM,Namibia
2006,35.8,NAM,Namibia
2005,34.6,NAM,Namibia
2004,34.8,NAM,Namibia
2003,33.3,NAM,Namibia
2002,33.8,NAM,Namibia
2001,30.4,NAM,Namibia
2000,34.8,NAM,Namibia
1999,32.7,NAM,Namibia
1998,31.7,NAM,Namibia
1997,30.6,NAM,Namibia
1996,31.4,NAM,Namibia
1995,32.1,NAM,Namibia
1994,32.8,NAM,Namibia
1993,38.0,NAM,Namibia
1992,40.3,NAM,Namibia
1991,42.5,NAM,Namibia
1990,,NAM,Namibia
1989,,NAM,Namibia
1988,,NAM,Namibia
1987,,NAM,Namibia
1986,,NAM,Namibia
1985,,NAM,Namibia
1984,,NAM,Namibia
1983,,NAM,Namibia
1982,,NAM,Namibia
1981,,NAM,Namibia
1980,,NAM,Namibia
1979,,NAM,Namibia
1978,,NAM,Namibia
1977,,NAM,Namibia
1976,,NAM,Namibia
1975,,NAM,Namibia
1974,,NAM,Namibia
1973,,NAM,Namibia
1972,,NAM,Namibia
1971,,NAM,Namibia
1970,,NAM,Namibia
1969,,NAM,Namibia
1968,,NAM,Namibia
1967,,NAM,Namibia
1966,,NAM,Namibia
1965,,NAM,Namibia
1964,,NAM,Namibia
1963,,NAM,Namibia
1962,,NAM,Namibia
1961,,NAM,Namibia
1960,,NAM,Namibia
2025,,NRU,Naoero
2024,,NRU,Naoero
2023,,NRU,Naoero
2022,1.9,NRU,Naoero
2021,1.6,NRU,Naoero
2020,1.3,NRU,Naoero
2019,0.6,NRU,Naoero
2018,0.7,NRU,Naoero
2017,0.6,NRU,Naoero
2016,0.2,NRU,Naoero
2015,0.1,NRU,Naoero
2014,0.0,NRU,Naoero
2013,0.1,NRU,Naoero
2012,0.1,NRU,Naoero
2011,0.0,NRU,Naoero
2010,0.0,NRU,Naoero
2009,0.0,NRU,Naoero
2008,0.1,NRU,Naoero
2007,0.1,NRU,Naoero
2006,0.1,NRU,Naoero
2005,0.0,NRU,Naoero
2004,0.0,NRU,Naoero
2003,0.0,NRU,Naoero
2002,0.0,NRU,Naoero
2001,0.0,NRU,Naoero
2000,0.0,NRU,Naoero
1999,0.0,NRU,Naoero
1998,0.0,NRU,Naoero
1997,0.0,NRU,Naoero
1996,0.0,NRU,Naoero
1995,0.0,NRU,Naoero
1994,0.0,NRU,Naoero
1993,0.0,NRU,Naoero
1992,0.0,NRU,Naoero
1991,0.0,NRU,Naoero
1990,0.0,NRU,Naoero
1989,,NRU,Naoero
1988,,NRU,Naoero
1987,,NRU,Naoero
1986,,NRU,Naoero
1985,,NRU,Naoero
1984,,NRU,Naoero
1983,,NRU,Naoero
1982,,NRU,Naoero
1981,,NRU,Naoero
1980,,NRU,Naoero
1979,,NRU,Naoero
1978,,NRU,Naoero
1977,,NRU,Naoero
1976,,NRU,Naoero
1975,,NRU,Naoero
1974,,NRU,Naoero
1973,,NRU,Naoero
1972,,NRU,Naoero
1971,,NRU,Naoero
1970,,NRU,Naoero
1969,,NRU,Naoero
1968,,NRU,Naoero
1967,,NRU,Naoero
1966,,NRU,Naoero
1965,,NRU,Naoero
1964,,NRU,Naoero
1963,,NRU,Naoero
1962,,NRU,Naoero
1961,,NRU,Naoero
1960,,NRU,Naoero
2025,,NPL,Nepal
2024,,NPL,Nepal
2023,,NPL,Nepal
2022,,NPL,Nepal
2021,73.7,NPL,Nepal
2020,73.1,NPL,Nepal
2019,78.2,NPL,Nepal
2018,75.0,NPL,Nepal
2017,76.8,NPL,Nepal
2016,79.4,NPL,Nepal
2015,85.2,NPL,Nepal
2014,84.0,NPL,Nepal
2013,86.0,NPL,Nepal
2012,84.7,NPL,Nepal
2011,87.0,NPL,Nepal
2010,87.3,NPL,Nepal
2009,88.9,NPL,Nepal
2008,90.5,NPL,Nepal
2007,91.3,NPL,Nepal
2006,91.2,NPL,Nepal
2005,89.5,NPL,Nepal
2004,90.3,NPL,Nepal
2003,89.4,NPL,Nepal
2002,90.0,NPL,Nepal
2001,87.8,NPL,Nepal
2000,88.3,NPL,Nepal
1999,88.0,NPL,Nepal
1998,90.5,NPL,Nepal
1997,90.7,NPL,Nepal
1996,91.5,NPL,Nepal
1995,91.7,NPL,Nepal
1994,92.4,NPL,Nepal
1993,93.6,NPL,Nepal
1992,94.2,NPL,Nepal
1991,94.2,NPL,Nepal
1990,95.1,NPL,Nepal
1989,,NPL,Nepal
1988,,NPL,Nepal
1987,,NPL,Nepal
1986,,NPL,Nepal
1985,,NPL,Nepal
1984,,NPL,Nepal
1983,,NPL,Nepal
1982,,NPL,Nepal
1981,,NPL,Nepal
1980,,NPL,Nepal
1979,,NPL,Nepal
1978,,NPL,Nepal
1977,,NPL,Nepal
1976,,NPL,Nepal
1975,,NPL,Nepal
1974,,NPL,Nepal
1973,,NPL,Nepal
1972,,NPL,Nepal
1971,,NPL,Nepal
1970,,NPL,Nepal
1969,,NPL,Nepal
1968,,NPL,Nepal
1967,,NPL,Nepal
1966,,NPL,Nepal
1965,,NPL,Nepal
1964,,NPL,Nepal
1963,,NPL,Nepal
1962,,NPL,Nepal
1961,,NPL,Nepal
1960,,NPL,Nepal
2025,,NLD,Netherlands
2024,,NLD,Netherlands
2023,,NLD,Netherlands
2022,,NLD,Netherlands
2021,12.2,NLD,Netherlands
2020,10.7,NLD,Netherlands
2019,8.6,NLD,Netherlands
2018,7.4,NLD,Netherlands
2017,6.4,NLD,Netherlands
2016,5.6,NLD,Netherlands
2015,5.8,NLD,Netherlands
2014,5.6,NLD,Netherlands
2013,5.0,NLD,Netherlands
2012,4.9,NLD,Netherlands
2011,4.7,NLD,Netherlands
2010,3.9,NLD,Netherlands
2009,4.4,NLD,Netherlands
2008,3.9,NLD,Netherlands
2007,3.7,NLD,Netherlands
2006,3.1,NLD,Netherlands
2005,2.7,NLD,Netherlands
2004,2.2,NLD,Netherlands
2003,1.9,NLD,Netherlands
2002,1.9,NLD,Netherlands
2001,1.8,NLD,Netherlands
2000,1.7,NLD,Netherlands
1999,1.6,NLD,Netherlands
1998,1.6,NLD,Netherlands
1997,1.5,NLD,Netherlands
1996,1.3,NLD,Netherlands
1995,1.2,NLD,Netherlands
1994,1.2,NLD,Netherlands
1993,1.2,NLD,Netherlands
1992,1.2,NLD,Netherlands
1991,1.1,NLD,Netherlands
1990,1.2,NLD,Netherlands
1989,,NLD,Netherlands
1988,,NLD,Netherlands
1987,,NLD,Netherlands
1986,,NLD,Netherlands
1985,,NLD,Netherlands
1984,,NLD,Netherlands
1983,,NLD,Netherlands
1982,,NLD,Netherlands
1981,,NLD,Netherlands
1980,,NLD,Netherlands
1979,,NLD,Netherlands
1978,,NLD,Netherlands
1977,,NLD,Netherlands
1976,,NLD,Netherlands
1975,,NLD,Netherlands
1974,,NLD,Netherlands
1973,,NLD,Netherlands
1972,,NLD,Netherlands
1971,,NLD,Netherlands
1970,,NLD,Netherlands
1969,,NLD,Netherlands
1968,,NLD,Netherlands
1967,,NLD,Netherlands
1966,,NLD,Netherlands
1965,,NLD,Netherlands
1964,,NLD,Netherlands
1963,,NLD,Netherlands
1962,,NLD,Netherlands
1961,,NLD,Netherlands
1960,,NLD,Netherlands
2025,,NCL,New Caledonia
2024,,NCL,New Caledonia
2023,,NCL,New Caledonia
2022,9.6,NCL,New Caledonia
2021,8.3,NCL,New Caledonia
2020,6.1,NCL,New Caledonia
2019,5.2,NCL,New Caledonia
2018,4.6,NCL,New Caledonia
2017,5.1,NCL,New Caledonia
2016,3.7,NCL,New Caledonia
2015,5.1,NCL,New Caledonia
2014,4.3,NCL,New Caledonia
2013,6.6,NCL,New Caledonia
2012,6.2,NCL,New Caledonia
2011,5.9,NCL,New Caledonia
2010,4.8,NCL,New Caledonia
2009,7.0,NCL,New Caledonia
2008,7.8,NCL,New Caledonia
2007,5.8,NCL,New Caledonia
2006,4.5,NCL,New Caledonia
2005,5.1,NCL,New Caledonia
2004,5.2,NCL,New Caledonia
2003,4.9,NCL,New Caledonia
2002,5.3,NCL,New Caledonia
2001,6.7,NCL,New Caledonia
2000,7.5,NCL,New Caledonia
1999,9.5,NCL,New Caledonia
1998,8.5,NCL,New Caledonia
1997,8.0,NCL,New Caledonia
1996,7.1,NCL,New Caledonia
1995,4.8,NCL,New Caledonia
1994,5.8,NCL,New Caledonia
1993,5.8,NCL,New Caledonia
1992,7.0,NCL,New Caledonia
1991,7.8,NCL,New Caledonia
1990,10.6,NCL,New Caledonia
1989,,NCL,New Caledonia
1988,,NCL,New Caledonia
1987,,NCL,New Caledonia
1986,,NCL,New Caledonia
1985,,NCL,New Caledonia
1984,,NCL,New Caledonia
1983,,NCL,New Caledonia
1982,,NCL,New Caledonia
1981,,NCL,New Caledonia
1980,,NCL,New Caledonia
1979,,NCL,New Caledonia
1978,,NCL,New Caledonia
1977,,NCL,New Caledonia
1976,,NCL,New Caledonia
1975,,NCL,New Caledonia
1974,,NCL,New Caledonia
1973,,NCL,New Caledonia
1972,,NCL,New Caledonia
1971,,NCL,New Caledonia
1970,,NCL,New Caledonia
1969,,NCL,New Caledonia
1968,,NCL,New Caledonia
1967,,NCL,New Caledonia
1966,,NCL,New Caledonia
1965,,NCL,New Caledonia
1964,,NCL,New Caledonia
1963,,NCL,New Caledonia
1962,,NCL,New Caledonia
1961,,NCL,New Caledonia
1960,,NCL,New Caledonia
2025,,NZL,New Zealand
2024,,NZL,New Zealand
2023,,NZL,New Zealand
2022,,NZL,New Zealand
2021,28.9,NZL,New Zealand
2020,28.7,NZL,New Zealand
2019,28.0,NZL,New Zealand
2018,28.9,NZL,New Zealand
2017,28.4,NZL,New Zealand
2016,30.1,NZL,New Zealand
2015,29.3,NZL,New Zealand
2014,29.0,NZL,New Zealand
2013,28.3,NZL,New Zealand
2012,28.8,NZL,New Zealand
2011,30.3,NZL,New Zealand
2010,29.4,NZL,New Zealand
2009,28.5,NZL,New Zealand
2008,26.1,NZL,New Zealand
2007,27.0,NZL,New Zealand
2006,27.0,NZL,New Zealand
2005,26.8,NZL,New Zealand
2004,28.2,NZL,New Zealand
2003,25.9,NZL,New Zealand
2002,26.6,NZL,New Zealand
2001,24.6,NZL,New Zealand
2000,26.4,NZL,New Zealand
1999,26.4,NZL,New Zealand
1998,27.3,NZL,New Zealand
1997,25.9,NZL,New Zealand
1996,27.6,NZL,New Zealand
1995,28.7,NZL,New Zealand
1994,28.2,NZL,New Zealand
1993,27.3,NZL,New Zealand
1992,25.6,NZL,New Zealand
1991,27.6,NZL,New Zealand
1990,28.0,NZL,New Zealand
1989,,NZL,New Zealand
1988,,NZL,New Zealand
1987,,NZL,New Zealand
1986,,NZL,New Zealand
1985,,NZL,New Zealand
1984,,NZL,New Zealand
1983,,NZL,New Zealand
1982,,NZL,New Zealand
1981,,NZL,New Zealand
1980,,NZL,New Zealand
1979,,NZL,New Zealand
1978,,NZL,New Zealand
1977,,NZL,New Zealand
1976,,NZL,New Zealand
1975,,NZL,New Zealand
1974,,NZL,New Zealand
1973,,NZL,New Zealand
1972,,NZL,New Zealand
1971,,NZL,New Zealand
1970,,NZL,New Zealand
1969,,NZL,New Zealand
1968,,NZL,New Zealand
1967,,NZL,New Zealand
1966,,NZL,New Zealand
1965,,NZL,New Zealand
1964,,NZL,New Zealand
1963,,NZL,New Zealand
1962,,NZL,New Zealand
1961,,NZL,New Zealand
1960,,NZL,New Zealand
2025,,NIC,Nicaragua
2024,,NIC,Nicaragua
2023,,NIC,Nicaragua
2022,,NIC,Nicaragua
2021,50.4,NIC,Nicaragua
2020,52.2,NIC,Nicaragua
2019,50.5,NIC,Nicaragua
2018,51.3,NIC,Nicaragua
2017,48.9,NIC,Nicaragua
2016,49.5,NIC,Nicaragua
2015,50.0,NIC,Nicaragua
2014,53.0,NIC,Nicaragua
2013,54.3,NIC,Nicaragua
2012,53.3,NIC,Nicaragua
2011,53.3,NIC,Nicaragua
2010,54.4,NIC,Nicaragua
2009,54.6,NIC,Nicaragua
2008,53.8,NIC,Nicaragua
2007,52.6,NIC,Nicaragua
2006,53.3,NIC,Nicaragua
2005,52.8,NIC,Nicaragua
2004,51.2,NIC,Nicaragua
2003,51.5,NIC,Nicaragua
2002,54.7,NIC,Nicaragua
2001,56.7,NIC,Nicaragua
2000,58.4,NIC,Nicaragua
1999,59.4,NIC,Nicaragua
1998,60.5,NIC,Nicaragua
1997,62.8,NIC,Nicaragua
1996,63.9,NIC,Nicaragua
1995,64.6,NIC,Nicaragua
1994,64.6,NIC,Nicaragua
1993,67.7,NIC,Nicaragua
1992,67.2,NIC,Nicaragua
1991,70.6,NIC,Nicaragua
1990,68.8,NIC,Nicaragua
1989,,NIC,Nicaragua
1988,,NIC,Nicaragua
1987,,NIC,Nicaragua
1986,,NIC,Nicaragua
1985,,NIC,Nicaragua
1984,,NIC,Nicaragua
1983,,NIC,Nicaragua
1982,,NIC,Nicaragua
1981,,NIC,Nicaragua
1980,,NIC,Nicaragua
1979,,NIC,Nicaragua
1978,,NIC,Nicaragua
1977,,NIC,Nicaragua
1976,,NIC,Nicaragua
1975,,NIC,Nicaragua
1974,,NIC,Nicaragua
1973,,NIC,Nicaragua
1972,,NIC,Nicaragua
1971,,NIC,Nicaragua
1970,,NIC,Nicaragua
1969,,NIC,Nicaragua
1968,,NIC,Nicaragua
1967,,NIC,Nicaragua
1966,,NIC,Nicaragua
1965,,NIC,Nicaragua
1964,,NIC,Nicaragua
1963,,NIC,Nicaragua
1962,,NIC,Nicaragua
1961,,NIC,Nicaragua
1960,,NIC,Nicaragua
2025,,NER,Niger
2024,,NER,Niger
2023,,NER,Niger
2022,,NER,Niger
2021,79.6,NER,Niger
2020,81.9,NER,Niger
2019,80.7,NER,Niger
2018,82.0,NER,Niger
2017,82.0,NER,Niger
2016,80.2,NER,Niger
2015,78.9,NER,Niger
2014,78.1,NER,Niger
2013,78.7,NER,Niger
2012,72.7,NER,Niger
2011,77.2,NER,Niger
2010,80.7,NER,Niger
2009,83.2,NER,Niger
2008,86.1,NER,Niger
2007,86.2,NER,Niger
2006,87.4,NER,Niger
2005,87.5,NER,Niger
2004,87.0,NER,Niger
2003,87.0,NER,Niger
2002,87.7,NER,Niger
2001,87.7,NER,Niger
2000,87.6,NER,Niger
1999,93.0,NER,Niger
1998,93.1,NER,Niger
1997,93.5,NER,Niger
1996,91.9,NER,Niger
1995,93.4,NER,Niger
1994,92.6,NER,Niger
1993,92.0,NER,Niger
1992,92.8,NER,Niger
1991,92.1,NER,Niger
1990,91.4,NER,Niger
1989,,NER,Niger
1988,,NER,Niger
1987,,NER,Niger
1986,,NER,Niger
1985,,NER,Niger
1984,,NER,Niger
1983,,NER,Niger
1982,,NER,Niger
1981,,NER,Niger
1980,,NER,Niger
1979,,NER,Niger
1978,,NER,Niger
1977,,NER,Niger
1976,,NER,Niger
1975,,NER,Niger
1974,,NER,Niger
1973,,NER,Niger
1972,,NER,Niger
1971,,NER,Niger
1970,,NER,Niger
1969,,NER,Niger
1968,,NER,Niger
1967,,NER,Niger
1966,,NER,Niger
1965,,NER,Niger
1964,,NER,Niger
1963,,NER,Niger
1962,,NER,Niger
1961,,NER,Niger
1960,,NER,Niger
2025,,NGA,Nigeria
2024,,NGA,Nigeria
2023,,NGA,Nigeria
2022,,NGA,Nigeria
2021,80.3,NGA,Nigeria
2020,81.8,NGA,Nigeria
2019,80.1,NGA,Nigeria
2018,80.8,NGA,Nigeria
2017,81.6,NGA,Nigeria
2016,81.1,NGA,Nigeria
2015,81.3,NGA,Nigeria
2014,79.9,NGA,Nigeria
2013,81.4,NGA,Nigeria
2012,83.9,NGA,Nigeria
2011,84.1,NGA,Nigeria
2010,86.0,NGA,Nigeria
2009,88.1,NGA,Nigeria
2008,85.7,NGA,Nigeria
2007,87.1,NGA,Nigeria
2006,85.8,NGA,Nigeria
2005,83.9,NGA,Nigeria
2004,84.0,NGA,Nigeria
2003,82.9,NGA,Nigeria
2002,84.5,NGA,Nigeria
2001,84.5,NGA,Nigeria
2000,86.0,NGA,Nigeria
1999,87.2,NGA,Nigeria
1998,87.2,NGA,Nigeria
1997,85.6,NGA,Nigeria
1996,87.1,NGA,Nigeria
1995,88.0,NGA,Nigeria
1994,88.6,NGA,Nigeria
1993,86.3,NGA,Nigeria
1992,84.5,NGA,Nigeria
1991,86.5,NGA,Nigeria
1990,87.8,NGA,Nigeria
1989,,NGA,Nigeria
1988,,NGA,Nigeria
1987,,NGA,Nigeria
1986,,NGA,Nigeria
1985,,NGA,Nigeria
1984,,NGA,Nigeria
1983,,NGA,Nigeria
1982,,NGA,Nigeria
1981,,NGA,Nigeria
1980,,NGA,Nigeria
1979,,NGA,Nigeria
1978,,NGA,Nigeria
1977,,NGA,Nigeria
1976,,NGA,Nigeria
1975,,NGA,Nigeria
1974,,NGA,Nigeria
1973,,NGA,Nigeria
1972,,NGA,Nigeria
1971,,NGA,Nigeria
1970,,NGA,Nigeria
1969,,NGA,Nigeria
1968,,NGA,Nigeria
1967,,NGA,Nigeria
1966,,NGA,Nigeria
1965,,NGA,Nigeria
1964,,NGA,Nigeria
1963,,NGA,Nigeria
1962,,NGA,Nigeria
1961,,NGA,Nigeria
1960,,NGA,Nigeria
2025,,MKD,North Macedonia
2024,,MKD,North Macedonia
2023,,MKD,North Macedonia
2022,,MKD,North Macedonia
2021,19.5,MKD,North Macedonia
2020,20.0,MKD,North Macedonia
2019,17.0,MKD,North Macedonia
2018,20.9,MKD,North Macedonia
2017,19.0,MKD,North Macedonia
2016,21.4,MKD,North Macedonia
2015,23.9,MKD,North Macedonia
2014,21.2,MKD,North Macedonia
2013,21.2,MKD,North Macedonia
2012,18.3,MKD,North Macedonia
2011,18.6,MKD,North Macedonia
2010,22.3,MKD,North Macedonia
2009,18.4,MKD,North Macedonia
2008,15.6,MKD,North Macedonia
2007,15.7,MKD,North Macedonia
2006,19.8,MKD,North Macedonia
2005,19.0,MKD,North Macedonia
2004,18.2,MKD,North Macedonia
2003,17.3,MKD,North Macedonia
2002,14.6,MKD,North Macedonia
2001,15.2,MKD,North Macedonia
2000,19.4,MKD,North Macedonia
1999,17.7,MKD,North Macedonia
1998,15.1,MKD,North Macedonia
1997,15.9,MKD,North Macedonia
1996,14.2,MKD,North Macedonia
1995,17.8,MKD,North Macedonia
1994,16.6,MKD,North Macedonia
1993,14.8,MKD,North Macedonia
1992,16.0,MKD,North Macedonia
1991,4.4,MKD,North Macedonia
1990,2.4,MKD,North Macedonia
1989,,MKD,North Macedonia
1988,,MKD,North Macedonia
1987,,MKD,North Macedonia
1986,,MKD,North Macedonia
1985,,MKD,North Macedonia
1984,,MKD,North Macedonia
1983,,MKD,North Macedonia
1982,,MKD,North Macedonia
1981,,MKD,North Macedonia
1980,,MKD,North Macedonia
1979,,MKD,North Macedonia
1978,,MKD,North Macedonia
1977,,MKD,North Macedonia
1976,,MKD,North Macedonia
1975,,MKD,North Macedonia
1974,,MKD,North Macedonia
1973,,MKD,North Macedonia
1972,,MKD,North Macedonia
1971,,MKD,North Macedonia
1970,,MKD,North Macedonia
1969,,MKD,North Macedonia
1968,,MKD,North Macedonia
1967,,MKD,North Macedonia
1966,,MKD,North Macedonia
1965,,MKD,North Macedonia
1964,,MKD,North Macedonia
1963,,MKD,North Macedonia
1962,,MKD,North Macedonia
1961,,MKD,North Macedonia
1960,,MKD,North Macedonia
2025,,MNP,Northern Mariana Islands
2024,,MNP,Northern Mariana Islands
2023,,MNP,Northern Mariana Islands
2022,0.5,MNP,Northern Mariana Islands
2021,0.5,MNP,Northern Mariana Islands
2020,0.3,MNP,Northern Mariana Islands
2019,0.0,MNP,Northern Mariana Islands
2018,0.0,MNP,Northern Mariana Islands
2017,0.0,MNP,Northern Mariana Islands
2016,0.0,MNP,Northern Mariana Islands
2015,0.0,MNP,Northern Mariana Islands
2014,0.0,MNP,Northern Mariana Islands
2013,0.0,MNP,Northern Mariana Islands
2012,0.0,MNP,Northern Mariana Islands
2011,0.0,MNP,Northern Mariana Islands
2010,0.0,MNP,Northern Mariana Islands
2009,0.0,MNP,Northern Mariana Islands
2008,0.0,MNP,Northern Mariana Islands
2007,0.0,MNP,Northern Mariana Islands
2006,0.0,MNP,Northern Mariana Islands
2005,0.0,MNP,Northern Mariana Islands
2004,0.0,MNP,Northern Mariana Islands
2003,0.0,MNP,Northern Mariana Islands
2002,0.0,MNP,Northern Mariana Islands
2001,0.0,MNP,Northern Mariana Islands
2000,0.0,MNP,Northern Mariana Islands
1999,0.0,MNP,Northern Mariana Islands
1998,0.0,MNP,Northern Mariana Islands
1997,0.0,MNP,Northern Mariana Islands
1996,0.0,MNP,Northern Mariana Islands
1995,0.0,MNP,Northern Mariana Islands
1994,0.0,MNP,Northern Mariana Islands
1993,0.0,MNP,Northern Mariana Islands
1992,0.0,MNP,Northern Mariana Islands
1991,,MNP,Northern Mariana Islands
1990,,MNP,Northern Mariana Islands
1989,,MNP,Northern Mariana Islands
1988,,MNP,Northern Mariana Islands
1987,,MNP,Northern Mariana Islands
1986,,MNP,Northern Mariana Islands
1985,,MNP,Northern Mariana Islands
1984,,MNP,Northern Mariana Islands
1983,,MNP,Northern Mariana Islands
1982,,MNP,Northern Mariana Islands
1981,,MNP,Northern Mariana Islands
1980,,MNP,Northern Mariana Islands
1979,,MNP,Northern Mariana Islands
1978,,MNP,Northern Mariana Islands
1977,,MNP,Northern Mariana Islands
1976,,MNP,Northern Mariana Islands
1975,,MNP,Northern Mariana Islands
1974,,MNP,Northern Mariana Islands
1973,,MNP,Northern Mariana Islands
1972,,MNP,Northern Mariana Islands
1971,,MNP,Northern Mariana Islands
1970,,MNP,Northern Mariana Islands
1969,,MNP,Northern Mariana Islands
1968,,MNP,Northern Mariana Islands
1967,,MNP,Northern Mariana Islands
1966,,MNP,Northern Mariana Islands
1965,,MNP,Northern Mariana Islands
1964,,MNP,Northern Mariana Islands
1963,,MNP,Northern Mariana Islands
1962,,MNP,Northern Mariana Islands
1961,,MNP,Northern Mariana Islands
1960,,MNP,Northern Mariana Islands
2025,,NOR,Norway
2024,,NOR,Norway
2023,,NOR,Norway
2022,,NOR,Norway
2021,61.4,NOR,Norway
2020,60.9,NOR,Norway
2019,59.8,NOR,Norway
2018,58.9,NOR,Norway
2017,58.9,NOR,Norway
2016,57.7,NOR,Norway
2015,56.5,NOR,Norway
2014,55.8,NOR,Norway
2013,56.6,NOR,Norway
2012,56.9,NOR,Norway
2011,56.0,NOR,Norway
2010,56.0,NOR,Norway
2009,56.7,NOR,Norway
2008,58.5,NOR,Norway
2007,57.4,NOR,Norway
2006,57.0,NOR,Norway
2005,58.6,NOR,Norway
2004,56.9,NOR,Norway
2003,56.2,NOR,Norway
2002,59.5,NOR,Norway
2001,59.6,NOR,Norway
2000,60.2,NOR,Norway
1999,59.4,NOR,Norway
1998,59.5,NOR,Norway
1997,58.8,NOR,Norway
1996,57.9,NOR,Norway
1995,60.0,NOR,Norway
1994,60.4,NOR,Norway
1993,61.1,NOR,Norway
1992,61.4,NOR,Norway
1991,60.8,NOR,Norway
1990,59.2,NOR,Norway
1989,,NOR,Norway
1988,,NOR,Norway
1987,,NOR,Norway
1986,,NOR,Norway
1985,,NOR,Norway
1984,,NOR,Norway
1983,,NOR,Norway
1982,,NOR,Norway
1981,,NOR,Norway
1980,,NOR,Norway
1979,,NOR,Norway
1978,,NOR,Norway
1977,,NOR,Norway
1976,,NOR,Norway
1975,,NOR,Norway
1974,,NOR,Norway
1973,,NOR,Norway
1972,,NOR,Norway
1971,,NOR,Norway
1970,,NOR,Norway
1969,,NOR,Norway
1968,,NOR,Norway
1967,,NOR,Norway
1966,,NOR,Norway
1965,,NOR,Norway
1964,,NOR,Norway
1963,,NOR,Norway
1962,,NOR,Norway
1961,,NOR,Norway
1960,,NOR,Norway
2025,,OMN,Oman
2024,,OMN,Oman
2023,,OMN,Oman
2022,,OMN,Oman
2021,0.1,OMN,Oman
2020,0.1,OMN,Oman
2019,0.0,OMN,Oman
2018,0.0,OMN,Oman
2017,0.0,OMN,Oman
2016,0.0,OMN,Oman
2015,0.0,OMN,Oman
2014,0.0,OMN,Oman
2013,0.0,OMN,Oman
2012,0.0,OMN,Oman
2011,0.0,OMN,Oman
2010,0.0,OMN,Oman
2009,0.0,OMN,Oman
2008,0.0,OMN,Oman
2007,0.0,OMN,Oman
2006,0.0,OMN,Oman
2005,0.0,OMN,Oman
2004,0.0,OMN,Oman
2003,0.0,OMN,Oman
2002,0.0,OMN,Oman
2001,0.0,OMN,Oman
2000,0.0,OMN,Oman
1999,0.0,OMN,Oman
1998,0.0,OMN,Oman
1997,0.0,OMN,Oman
1996,0.0,OMN,Oman
1995,0.0,OMN,Oman
1994,0.0,OMN,Oman
1993,0.0,OMN,Oman
1992,0.0,OMN,Oman
1991,0.0,OMN,Oman
1990,0.0,OMN,Oman
1989,,OMN,Oman
1988,,OMN,Oman
1987,,OMN,Oman
1986,,OMN,Oman
1985,,OMN,Oman
1984,,OMN,Oman
1983,,OMN,Oman
1982,,OMN,Oman
1981,,OMN,Oman
1980,,OMN,Oman
1979,,OMN,Oman
1978,,OMN,Oman
1977,,OMN,Oman
1976,,OMN,Oman
1975,,OMN,Oman
1974,,OMN,Oman
1973,,OMN,Oman
1972,,OMN,Oman
1971,,OMN,Oman
1970,,OMN,Oman
1969,,OMN,Oman
1968,,OMN,Oman
1967,,OMN,Oman
1966,,OMN,Oman
1965,,OMN,Oman
1964,,OMN,Oman
1963,,OMN,Oman
1962,,OMN,Oman
1961,,OMN,Oman
1960,,OMN,Oman
2025,,PAK,Pakistan
2024,,PAK,Pakistan
2023,,PAK,Pakistan
2022,,PAK,Pakistan
2021,41.6,PAK,Pakistan
2020,42.7,PAK,Pakistan
2019,45.9,PAK,Pakistan
2018,43.4,PAK,Pakistan
2017,42.1,PAK,Pakistan
2016,43.7,PAK,Pakistan
2015,45.9,PAK,Pakistan
2014,47.2,PAK,Pakistan
2013,48.1,PAK,Pakistan
2012,47.2,PAK,Pakistan
2011,46.8,PAK,Pakistan
2010,47.4,PAK,Pakistan
2009,46.4,PAK,Pakistan
2008,46.6,PAK,Pakistan
2007,44.9,PAK,Pakistan
2006,47.0,PAK,Pakistan
2005,48.0,PAK,Pakistan
2004,47.9,PAK,Pakistan
2003,50.1,PAK,Pakistan
2002,51.4,PAK,Pakistan
2001,51.5,PAK,Pakistan
2000,51.0,PAK,Pakistan
1999,50.2,PAK,Pakistan
1998,51.6,PAK,Pakistan
1997,51.9,PAK,Pakistan
1996,52.2,PAK,Pakistan
1995,53.1,PAK,Pakistan
1994,54.2,PAK,Pakistan
1993,54.1,PAK,Pakistan
1992,56.0,PAK,Pakistan
1991,58.1,PAK,Pakistan
1990,57.5,PAK,Pakistan
1989,,PAK,Pakistan
1988,,PAK,Pakistan
1987,,PAK,Pakistan
1986,,PAK,Pakistan
1985,,PAK,Pakistan
1984,,PAK,Pakistan
1983,,PAK,Pakistan
1982,,PAK,Pakistan
1981,,PAK,Pakistan
1980,,PAK,Pakistan
1979,,PAK,Pakistan
1978,,PAK,Pakistan
1977,,PAK,Pakistan
1976,,PAK,Pakistan
1975,,PAK,Pakistan
1974,,PAK,Pakistan
1973,,PAK,Pakistan
1972,,PAK,Pakistan
1971,,PAK,Pakistan
1970,,PAK,Pakistan
1969,,PAK,Pakistan
1968,,PAK,Pakistan
1967,,PAK,Pakistan
1966,,PAK,Pakistan
1965,,PAK,Pakistan
1964,,PAK,Pakistan
1963,,PAK,Pakistan
1962,,PAK,Pakistan
1961,,PAK,Pakistan
1960,,PAK,Pakistan
2025,,PLW,Palau
2024,,PLW,Palau
2023,,PLW,Palau
2022,0.9,PLW,Palau
2021,0.9,PLW,Palau
2020,0.9,PLW,Palau
2019,0.9,PLW,Palau
2018,0.6,PLW,Palau
2017,0.6,PLW,Palau
2016,0.6,PLW,Palau
2015,0.4,PLW,Palau
2014,0.3,PLW,Palau
2013,0.0,PLW,Palau
2012,0.0,PLW,Palau
2011,0.0,PLW,Palau
2010,0.0,PLW,Palau
2009,0.0,PLW,Palau
2008,0.0,PLW,Palau
2007,0.0,PLW,Palau
2006,0.0,PLW,Palau
2005,0.0,PLW,Palau
2004,0.0,PLW,Palau
2003,0.0,PLW,Palau
2002,0.0,PLW,Palau
2001,0.0,PLW,Palau
2000,0.0,PLW,Palau
1999,0.0,PLW,Palau
1998,0.0,PLW,Palau
1997,0.0,PLW,Palau
1996,0.0,PLW,Palau
1995,0.0,PLW,Palau
1994,0.0,PLW,Palau
1993,0.0,PLW,Palau
1992,0.0,PLW,Palau
1991,,PLW,Palau
1990,,PLW,Palau
1989,,PLW,Palau
1988,,PLW,Palau
1987,,PLW,Palau
1986,,PLW,Palau
1985,,PLW,Palau
1984,,PLW,Palau
1983,,PLW,Palau
1982,,PLW,Palau
1981,,PLW,Palau
1980,,PLW,Palau
1979,,PLW,Palau
1978,,PLW,Palau
1977,,PLW,Palau
1976,,PLW,Palau
1975,,PLW,Palau
1974,,PLW,Palau
1973,,PLW,Palau
1972,,PLW,Palau
1971,,PLW,Palau
1970,,PLW,Palau
1969,,PLW,Palau
1968,,PLW,Palau
1967,,PLW,Palau
1966,,PLW,Palau
1965,,PLW,Palau
1964,,PLW,Palau
1963,,PLW,Palau
1962,,PLW,Palau
1961,,PLW,Palau
1960,,PLW,Palau
2025,,PAN,Panama
2024,,PAN,Panama
2023,,PAN,Panama
2022,,PAN,Panama
2021,28.0,PAN,Panama
2020,28.5,PAN,Panama
2019,19.0,PAN,Panama
2018,24.5,PAN,Panama
2017,23.6,PAN,Panama
2016,22.1,PAN,Panama
2015,22.0,PAN,Panama
2014,19.8,PAN,Panama
2013,20.7,PAN,Panama
2012,21.2,PAN,Panama
2011,19.7,PAN,Panama
2010,20.6,PAN,Panama
2009,20.4,PAN,Panama
2008,23.4,PAN,Panama
2007,22.8,PAN,Panama
2006,22.1,PAN,Panama
2005,22.8,PAN,Panama
2004,28.2,PAN,Panama
2003,27.4,PAN,Panama
2002,28.7,PAN,Panama
2001,24.0,PAN,Panama
2000,27.7,PAN,Panama
1999,33.7,PAN,Panama
1998,31.4,PAN,Panama
1997,36.5,PAN,Panama
1996,36.8,PAN,Panama
1995,34.8,PAN,Panama
1994,37.8,PAN,Panama
1993,39.9,PAN,Panama
1992,39.7,PAN,Panama
1991,40.7,PAN,Panama
1990,43.0,PAN,Panama
1989,,PAN,Panama
1988,,PAN,Panama
1987,,PAN,Panama
1986,,PAN,Panama
1985,,PAN,Panama
1984,,PAN,Panama
1983,,PAN,Panama
1982,,PAN,Panama
1981,,PAN,Panama
1980,,PAN,Panama
1979,,PAN,Panama
1978,,PAN,Panama
1977,,PAN,Panama
1976,,PAN,Panama
1975,,PAN,Panama
1974,,PAN,Panama
1973,,PAN,Panama
1972,,PAN,Panama
1971,,PAN,Panama
1970,,PAN,Panama
1969,,PAN,Panama
1968,,PAN,Panama
1967,,PAN,Panama
1966,,PAN,Panama
1965,,PAN,Panama
1964,,PAN,Panama
1963,,PAN,Panama
1962,,PAN,Panama
1961,,PAN,Panama
1960,,PAN,Panama
2025,,PNG,Papua New Guinea
2024,,PNG,Papua New Guinea
2023,,PNG,Papua New Guinea
2022,54.6,PNG,Papua New Guinea
2021,54.5,PNG,Papua New Guinea
2020,53.6,PNG,Papua New Guinea
2019,53.2,PNG,Papua New Guinea
2018,53.4,PNG,Papua New Guinea
2017,54.7,PNG,Papua New Guinea
2016,54.8,PNG,Papua New Guinea
2015,55.3,PNG,Papua New Guinea
2014,56.9,PNG,Papua New Guinea
2013,58.3,PNG,Papua New Guinea
2012,55.5,PNG,Papua New Guinea
2011,54.7,PNG,Papua New Guinea
2010,55.2,PNG,Papua New Guinea
2009,56.0,PNG,Papua New Guinea
2008,56.9,PNG,Papua New Guinea
2007,57.1,PNG,Papua New Guinea
2006,58.9,PNG,Papua New Guinea
2005,58.6,PNG,Papua New Guinea
2004,57.5,PNG,Papua New Guinea
2003,60.4,PNG,Papua New Guinea
2002,62.5,PNG,Papua New Guinea
2001,63.4,PNG,Papua New Guinea
2000,66.4,PNG,Papua New Guinea
1999,68.7,PNG,Papua New Guinea
1998,67.7,PNG,Papua New Guinea
1997,68.7,PNG,Papua New Guinea
1996,69.9,PNG,Papua New Guinea
1995,70.7,PNG,Papua New Guinea
1994,69.4,PNG,Papua New Guinea
1993,71.2,PNG,Papua New Guinea
1992,71.6,PNG,Papua New Guinea
1991,71.7,PNG,Papua New Guinea
1990,71.7,PNG,Papua New Guinea
1989,,PNG,Papua New Guinea
1988,,PNG,Papua New Guinea
1987,,PNG,Papua New Guinea
1986,,PNG,Papua New Guinea
1985,,PNG,Papua New Guinea
1984,,PNG,Papua New Guinea
1983,,PNG,Papua New Guinea
1982,,PNG,Papua New Guinea
1981,,PNG,Papua New Guinea
1980,,PNG,Papua New Guinea
1979,,PNG,Papua New Guinea
1978,,PNG,Papua New Guinea
1977,,PNG,Papua New Guinea
1976,,PNG,Papua New Guinea
1975,,PNG,Papua New Guinea
1974,,PNG,Papua New Guinea
1973,,PNG,Papua New Guinea
1972,,PNG,Papua New Guinea
1971,,PNG,Papua New Guinea
1970,,PNG,Papua New Guinea
1969,,PNG,Papua New Guinea
1968,,PNG,Papua New Guinea
1967,,PNG,Papua New Guinea
1966,,PNG,Papua New Guinea
1965,,PNG,Papua New Guinea
1964,,PNG,Papua New Guinea
1963,,PNG,Papua New Guinea
1962,,PNG,Papua New Guinea
1961,,PNG,Papua New Guinea
1960,,PNG,Papua New Guinea
2025,,PRY,Paraguay
2024,,PRY,Paraguay
2023,,PRY,Paraguay
2022,,PRY,Paraguay
2021,58.8,PRY,Paraguay
2020,61.5,PRY,Paraguay
2019,60.1,PRY,Paraguay
2018,59.2,PRY,Paraguay
2017,60.1,PRY,Paraguay
2016,62.5,PRY,Paraguay
2015,60.5,PRY,Paraguay
2014,62.5,PRY,Paraguay
2013,62.5,PRY,Paraguay
2012,63.4,PRY,Paraguay
2011,62.5,PRY,Paraguay
2010,63.6,PRY,Paraguay
2009,65.4,PRY,Paraguay
2008,65.8,PRY,Paraguay
2007,68.4,PRY,Paraguay
2006,66.5,PRY,Paraguay
2005,68.8,PRY,Paraguay
2004,66.8,PRY,Paraguay
2003,67.0,PRY,Paraguay
2002,67.7,PRY,Paraguay
2001,69.8,PRY,Paraguay
2000,70.4,PRY,Paraguay
1999,65.9,PRY,Paraguay
1998,67.4,PRY,Paraguay
1997,69.5,PRY,Paraguay
1996,70.8,PRY,Paraguay
1995,70.2,PRY,Paraguay
1994,69.9,PRY,Paraguay
1993,72.6,PRY,Paraguay
1992,75.7,PRY,Paraguay
1991,79.2,PRY,Paraguay
1990,78.5,PRY,Paraguay
1989,,PRY,Paraguay
1988,,PRY,Paraguay
1987,,PRY,Paraguay
1986,,PRY,Paraguay
1985,,PRY,Paraguay
1984,,PRY,Paraguay
1983,,PRY,Paraguay
1982,,PRY,Paraguay
1981,,PRY,Paraguay
1980,,PRY,Paraguay
1979,,PRY,Paraguay
1978,,PRY,Paraguay
1977,,PRY,Paraguay
1976,,PRY,Paraguay
1975,,PRY,Paraguay
1974,,PRY,Paraguay
1973,,PRY,Paraguay
1972,,PRY,Paraguay
1971,,PRY,Paraguay
1970,,PRY,Paraguay
1969,,PRY,Paraguay
1968,,PRY,Paraguay
1967,,PRY,Paraguay
1966,,PRY,Paraguay
1965,,PRY,Paraguay
1964,,PRY,Paraguay
1963,,PRY,Paraguay
1962,,PRY,Paraguay
1961,,PRY,Paraguay
1960,,PRY,Paraguay
2025,,PER,Peru
2024,,PER,Peru
2023,,PER,Peru
2022,,PER,Peru
2021,30.6,PER,Peru
2020,31.6,PER,Peru
2019,27.1,PER,Peru
2018,27.9,PER,Peru
2017,27.6,PER,Peru
2016,27.2,PER,Peru
2015,27.4,PER,Peru
2014,28.6,PER,Peru
2013,28.4,PER,Peru
2012,30.8,PER,Peru
2011,30.6,PER,Peru
2010,32.2,PER,Peru
2009,32.9,PER,Peru
2008,33.7,PER,Peru
2007,36.0,PER,Peru
2006,38.7,PER,Peru
2005,38.4,PER,Peru
2004,37.8,PER,Peru
2003,40.9,PER,Peru
2002,40.2,PER,Peru
2001,41.2,PER,Peru
2000,38.6,PER,Peru
1999,36.7,PER,Peru
1998,39.4,PER,Peru
1997,31.7,PER,Peru
1996,31.7,PER,Peru
1995,33.3,PER,Peru
1994,35.9,PER,Peru
1993,37.1,PER,Peru
1992,37.3,PER,Peru
1991,39.9,PER,Peru
1990,39.4,PER,Peru
1989,,PER,Peru
1988,,PER,Peru
1987,,PER,Peru
1986,,PER,Peru
1985,,PER,Peru
1984,,PER,Peru
1983,,PER,Peru
1982,,PER,Peru
1981,,PER,Peru
1980,,PER,Peru
1979,,PER,Peru
1978,,PER,Peru
1977,,PER,Peru
1976,,PER,Peru
1975,,PER,Peru
1974,,PER,Peru
1973,,PER,Peru
1972,,PER,Peru
1971,,PER,Peru
1970,,PER,Peru
1969,,PER,Peru
1968,,PER,Peru
1967,,PER,Peru
1966,,PER,Peru
1965,,PER,Peru
1964,,PER,Peru
1963,,PER,Peru
1962,,PER,Peru
1961,,PER,Peru
1960,,PER,Peru
2025,,PHL,Philippines
2024,,PHL,Philippines
2023,,PHL,Philippines
2022,,PHL,Philippines
2021,28.0,PHL,Philippines
2020,29.1,PHL,Philippines
2019,26.9,PHL,Philippines
2018,27.6,PHL,Philippines
2017,27.8,PHL,Philippines
2016,28.6,PHL,Philippines
2015,30.8,PHL,Philippines
2014,32.4,PHL,Philippines
2013,33.1,PHL,Philippines
2012,34.1,PHL,Philippines
2011,33.8,PHL,Philippines
2010,32.7,PHL,Philippines
2009,34.1,PHL,Philippines
2008,33.9,PHL,Philippines
2007,32.4,PHL,Philippines
2006,33.3,PHL,Philippines
2005,31.3,PHL,Philippines
2004,30.2,PHL,Philippines
2003,30.9,PHL,Philippines
2002,31.8,PHL,Philippines
2001,32.9,PHL,Philippines
2000,33.9,PHL,Philippines
1999,33.6,PHL,Philippines
1998,32.8,PHL,Philippines
1997,33.4,PHL,Philippines
1996,35.8,PHL,Philippines
1995,37.8,PHL,Philippines
1994,43.1,PHL,Philippines
1993,44.1,PHL,Philippines
1992,47.7,PHL,Philippines
1991,51.3,PHL,Philippines
1990,49.5,PHL,Philippines
1989,,PHL,Philippines
1988,,PHL,Philippines
1987,,PHL,Philippines
1986,,PHL,Philippines
1985,,PHL,Philippines
1984,,PHL,Philippines
1983,,PHL,Philippines
1982,,PHL,Philippines
1981,,PHL,Philippines
1980,,PHL,Philippines
1979,,PHL,Philippines
1978,,PHL,Philippines
1977,,PHL,Philippines
1976,,PHL,Philippines
1975,,PHL,Philippines
1974,,PHL,Philippines
1973,,PHL,Philippines
1972,,PHL,Philippines
1971,,PHL,Philippines
1970,,PHL,Philippines
1969,,PHL,Philippines
1968,,PHL,Philippines
1967,,PHL,Philippines
1966,,PHL,Philippines
1965,,PHL,Philippines
1964,,PHL,Philippines
1963,,PHL,Philippines
1962,,PHL,Philippines
1961,,PHL,Philippines
1960,,PHL,Philippines
2025,,POL,Poland
2024,,POL,Poland
2023,,POL,Poland
2022,,POL,Poland
2021,15.2,POL,Poland
2020,16.1,POL,Poland
2019,15.6,POL,Poland
2018,15.1,POL,Poland
2017,11.1,POL,Poland
2016,11.3,POL,Poland
2015,11.9,POL,Poland
2014,11.6,POL,Poland
2013,11.4,POL,Poland
2012,10.9,POL,Poland
2011,10.4,POL,Poland
2010,9.5,POL,Poland
2009,8.8,POL,Poland
2008,8.0,POL,Poland
2007,7.3,POL,Poland
2006,7.2,POL,Poland
2005,7.2,POL,Poland
2004,7.3,POL,Poland
2003,7.3,POL,Poland
2002,7.5,POL,Poland
2001,7.3,POL,Poland
2000,6.9,POL,Poland
1999,6.4,POL,Poland
1998,6.5,POL,Poland
1997,6.0,POL,Poland
1996,5.9,POL,Poland
1995,6.3,POL,Poland
1994,6.2,POL,Poland
1993,6.1,POL,Poland
1992,2.3,POL,Poland
1991,2.1,POL,Poland
1990,2.5,POL,Poland
1989,,POL,Poland
1988,,POL,Poland
1987,,POL,Poland
1986,,POL,Poland
1985,,POL,Poland
1984,,POL,Poland
1983,,POL,Poland
1982,,POL,Poland
1981,,POL,Poland
1980,,POL,Poland
1979,,POL,Poland
1978,,POL,Poland
1977,,POL,Poland
1976,,POL,Poland
1975,,POL,Poland
1974,,POL,Poland
1973,,POL,Poland
1972,,POL,Poland
1971,,POL,Poland
1970,,POL,Poland
1969,,POL,Poland
1968,,POL,Poland
1967,,POL,Poland
1966,,POL,Poland
1965,,POL,Poland
1964,,POL,Poland
1963,,POL,Poland
1962,,POL,Poland
1961,,POL,Poland
1960,,POL,Poland
2025,,PRT,Portugal
2024,,PRT,Portugal
2023,,PRT,Portugal
2022,,PRT,Portugal
2021,32.3,PRT,Portugal
2020,31.3,PRT,Portugal
2019,28.2,PRT,Portugal
2018,27.5,PRT,Portugal
2017,24.4,PRT,Portugal
2016,29.0,PRT,Portugal
2015,27.2,PRT,Portugal
2014,30.5,PRT,Portugal
2013,30.2,PRT,Portugal
2012,25.5,PRT,Portugal
2011,27.2,PRT,Portugal
2010,27.8,PRT,Portugal
2009,24.9,PRT,Portugal
2008,23.2,PRT,Portugal
2007,23.1,PRT,Portugal
2006,22.3,PRT,Portugal
2005,18.1,PRT,Portugal
2004,19.9,PRT,Portugal
2003,22.1,PRT,Portugal
2002,18.3,PRT,Portugal
2001,20.8,PRT,Portugal
2000,20.1,PRT,Portugal
1999,19.0,PRT,Portugal
1998,22.4,PRT,Portugal
1997,24.6,PRT,Portugal
1996,25.4,PRT,Portugal
1995,23.7,PRT,Portugal
1994,25.0,PRT,Portugal
1993,24.4,PRT,Portugal
1992,22.4,PRT,Portugal
1991,25.8,PRT,Portugal
1990,27.0,PRT,Portugal
1989,,PRT,Portugal
1988,,PRT,Portugal
1987,,PRT,Portugal
1986,,PRT,Portugal
1985,,PRT,Portugal
1984,,PRT,Portugal
1983,,PRT,Portugal
1982,,PRT,Portugal
1981,,PRT,Portugal
1980,,PRT,Portugal
1979,,PRT,Portugal
1978,,PRT,Portugal
1977,,PRT,Portugal
1976,,PRT,Portugal
1975,,PRT,Portugal
1974,,PRT,Portugal
1973,,PRT,Portugal
1972,,PRT,Portugal
1971,,PRT,Portugal
1970,,PRT,Portugal
1969,,PRT,Portugal
1968,,PRT,Portugal
1967,,PRT,Portugal
1966,,PRT,Portugal
1965,,PRT,Portugal
1964,,PRT,Portugal
1963,,PRT,Portugal
1962,,PRT,Portugal
1961,,PRT,Portugal
1960,,PRT,Portugal
2025,,PRI,Puerto Rico (US)
2024,,PRI,Puerto Rico (US)
2023,,PRI,Puerto Rico (US)
2022,2.5,PRI,Puerto Rico (US)
2021,2.6,PRI,Puerto Rico (US)
2020,2.5,PRI,Puerto Rico (US)
2019,2.4,PRI,Puerto Rico (US)
2018,1.4,PRI,Puerto Rico (US)
2017,2.3,PRI,Puerto Rico (US)
2016,1.9,PRI,Puerto Rico (US)
2015,1.9,PRI,Puerto Rico (US)
2014,1.6,PRI,Puerto Rico (US)
2013,1.4,PRI,Puerto Rico (US)
2012,0.5,PRI,Puerto Rico (US)
2011,0.7,PRI,Puerto Rico (US)
2010,0.4,PRI,Puerto Rico (US)
2009,0.5,PRI,Puerto Rico (US)
2008,0.5,PRI,Puerto Rico (US)
2007,0.5,PRI,Puerto Rico (US)
2006,0.5,PRI,Puerto Rico (US)
2005,0.6,PRI,Puerto Rico (US)
2004,0.5,PRI,Puerto Rico (US)
2003,0.5,PRI,Puerto Rico (US)
2002,0.5,PRI,Puerto Rico (US)
2001,0.5,PRI,Puerto Rico (US)
2000,0.6,PRI,Puerto Rico (US)
1999,0.7,PRI,Puerto Rico (US)
1998,0.5,PRI,Puerto Rico (US)
1997,0.5,PRI,Puerto Rico (US)
1996,0.7,PRI,Puerto Rico (US)
1995,0.5,PRI,Puerto Rico (US)
1994,0.2,PRI,Puerto Rico (US)
1993,0.8,PRI,Puerto Rico (US)
1992,1.8,PRI,Puerto Rico (US)
1991,1.8,PRI,Puerto Rico (US)
1990,1.8,PRI,Puerto Rico (US)
1989,,PRI,Puerto Rico (US)
1988,,PRI,Puerto Rico (US)
1987,,PRI,Puerto Rico (US)
1986,,PRI,Puerto Rico (US)
1985,,PRI,Puerto Rico (US)
1984,,PRI,Puerto Rico (US)
1983,,PRI,Puerto Rico (US)
1982,,PRI,Puerto Rico (US)
1981,,PRI,Puerto Rico (US)
1980,,PRI,Puerto Rico (US)
1979,,PRI,Puerto Rico (US)
1978,,PRI,Puerto Rico (US)
1977,,PRI,Puerto Rico (US)
1976,,PRI,Puerto Rico (US)
1975,,PRI,Puerto Rico (US)
1974,,PRI,Puerto Rico (US)
1973,,PRI,Puerto Rico (US)
1972,,PRI,Puerto Rico (US)
1971,,PRI,Puerto Rico (US)
1970,,PRI,Puerto Rico (US)
1969,,PRI,Puerto Rico (US)
1968,,PRI,Puerto Rico (US)
1967,,PRI,Puerto Rico (US)
1966,,PRI,Puerto Rico (US)
1965,,PRI,Puerto Rico (US)
1964,,PRI,Puerto Rico (US)
1963,,PRI,Puerto Rico (US)
1962,,PRI,Puerto Rico (US)
1961,,PRI,Puerto Rico (US)
1960,,PRI,Puerto Rico (US)
2025,,QAT,Qatar
2024,,QAT,Qatar
2023,,QAT,Qatar
2022,,QAT,Qatar
2021,0.0,QAT,Qatar
2020,0.0,QAT,Qatar
2019,0.1,QAT,Qatar
2018,0.0,QAT,Qatar
2017,0.1,QAT,Qatar
2016,0.1,QAT,Qatar
2015,0.0,QAT,Qatar
2014,0.0,QAT,Qatar
2013,0.0,QAT,Qatar
2012,0.0,QAT,Qatar
2011,0.1,QAT,Qatar
2010,0.1,QAT,Qatar
2009,0.1,QAT,Qatar
2008,0.1,QAT,Qatar
2007,0.1,QAT,Qatar
2006,0.1,QAT,Qatar
2005,0.0,QAT,Qatar
2004,0.0,QAT,Qatar
2003,0.0,QAT,Qatar
2002,0.1,QAT,Qatar
2001,0.1,QAT,Qatar
2000,0.1,QAT,Qatar
1999,0.1,QAT,Qatar
1998,0.1,QAT,Qatar
1997,0.1,QAT,Qatar
1996,0.1,QAT,Qatar
1995,0.1,QAT,Qatar
1994,0.0,QAT,Qatar
1993,0.0,QAT,Qatar
1992,0.1,QAT,Qatar
1991,0.2,QAT,Qatar
1990,0.2,QAT,Qatar
1989,,QAT,Qatar
1988,,QAT,Qatar
1987,,QAT,Qatar
1986,,QAT,Qatar
1985,,QAT,Qatar
1984,,QAT,Qatar
1983,,QAT,Qatar
1982,,QAT,Qatar
1981,,QAT,Qatar
1980,,QAT,Qatar
1979,,QAT,Qatar
1978,,QAT,Qatar
1977,,QAT,Qatar
1976,,QAT,Qatar
1975,,QAT,Qatar
1974,,QAT,Qatar
1973,,QAT,Qatar
1972,,QAT,Qatar
1971,,QAT,Qatar
1970,,QAT,Qatar
1969,,QAT,Qatar
1968,,QAT,Qatar
1967,,QAT,Qatar
1966,,QAT,Qatar
1965,,QAT,Qatar
1964,,QAT,Qatar
1963,,QAT,Qatar
1962,,QAT,Qatar
1961,,QAT,Qatar
1960,,QAT,Qatar
2025,,ROU,Romania
2024,,ROU,Romania
2023,,ROU,Romania
2022,,ROU,Romania
2021,23.6,ROU,Romania
2020,24.1,ROU,Romania
2019,23.5,ROU,Romania
2018,23.0,ROU,Romania
2017,23.4,ROU,Romania
2016,24.4,ROU,Romania
2015,23.7,ROU,Romania
2014,24.3,ROU,Romania
2013,23.1,ROU,Romania
2012,21.5,ROU,Romania
2011,21.1,ROU,Romania
2010,24.1,ROU,Romania
2009,22.1,ROU,Romania
2008,20.4,ROU,Romania
2007,18.2,ROU,Romania
2006,17.4,ROU,Romania
2005,18.5,ROU,Romania
2004,17.3,ROU,Romania
2003,15.7,ROU,Romania
2002,14.4,ROU,Romania
2001,13.4,ROU,Romania
2000,16.4,ROU,Romania
1999,17.7,ROU,Romania
1998,16.3,ROU,Romania
1997,15.8,ROU,Romania
1996,11.9,ROU,Romania
1995,8.6,ROU,Romania
1994,7.6,ROU,Romania
1993,7.2,ROU,Romania
1992,5.6,ROU,Romania
1991,5.0,ROU,Romania
1990,3.4,ROU,Romania
1989,,ROU,Romania
1988,,ROU,Romania
1987,,ROU,Romania
1986,,ROU,Romania
1985,,ROU,Romania
1984,,ROU,Romania
1983,,ROU,Romania
1982,,ROU,Romania
1981,,ROU,Romania
1980,,ROU,Romania
1979,,ROU,Romania
1978,,ROU,Romania
1977,,ROU,Romania
1976,,ROU,Romania
1975,,ROU,Romania
1974,,ROU,Romania
1973,,ROU,Romania
1972,,ROU,Romania
1971,,ROU,Romania
1970,,ROU,Romania
1969,,ROU,Romania
1968,,ROU,Romania
1967,,ROU,Romania
1966,,ROU,Romania
1965,,ROU,Romania
1964,,ROU,Romania
1963,,ROU,Romania
1962,,ROU,Romania
1961,,ROU,Romania
1960,,ROU,Romania
2025,,RUS,Russian Federation
2024,,RUS,Russian Federation
2023,,RUS,Russian Federation
2022,,RUS,Russian Federation
2021,3.5,RUS,Russian Federation
2020,3.7,RUS,Russian Federation
2019,3.2,RUS,Russian Federation
2018,3.2,RUS,Russian Federation
2017,3.2,RUS,Russian Federation
2016,3.4,RUS,Russian Federation
2015,3.2,RUS,Russian Federation
2014,3.3,RUS,Russian Federation
2013,3.6,RUS,Russian Federation
2012,3.2,RUS,Russian Federation
2011,3.2,RUS,Russian Federation
2010,3.3,RUS,Russian Federation
2009,3.6,RUS,Russian Federation
2008,3.3,RUS,Russian Federation
2007,3.7,RUS,Russian Federation
2006,3.5,RUS,Russian Federation
2005,3.6,RUS,Russian Federation
2004,3.5,RUS,Russian Federation
2003,3.3,RUS,Russian Federation
2002,3.5,RUS,Russian Federation
2001,3.6,RUS,Russian Federation
2000,3.5,RUS,Russian Federation
1999,3.8,RUS,Russian Federation
1998,3.6,RUS,Russian Federation
1997,3.8,RUS,Russian Federation
1996,3.7,RUS,Russian Federation
1995,3.9,RUS,Russian Federation
1994,3.9,RUS,Russian Federation
1993,4.0,RUS,Russian Federation
1992,4.0,RUS,Russian Federation
1991,3.8,RUS,Russian Federation
1990,3.8,RUS,Russian Federation
1989,,RUS,Russian Federation
1988,,RUS,Russian Federation
1987,,RUS,Russian Federation
1986,,RUS,Russian Federation
1985,,RUS,Russian Federation
1984,,RUS,Russian Federation
1983,,RUS,Russian Federation
1982,,RUS,Russian Federation
1981,,RUS,Russian Federation
1980,,RUS,Russian Federation
1979,,RUS,Russian Federation
1978,,RUS,Russian Federation
1977,,RUS,Russian Federation
1976,,RUS,Russian Federation
1975,,RUS,Russian Federation
1974,,RUS,Russian Federation
1973,,RUS,Russian Federation
1972,,RUS,Russian Federation
1971,,RUS,Russian Federation
1970,,RUS,Russian Federation
1969,,RUS,Russian Federation
1968,,RUS,Russian Federation
1967,,RUS,Russian Federation
1966,,RUS,Russian Federation
1965,,RUS,Russian Federation
1964,,RUS,Russian Federation
1963,,RUS,Russian Federation
1962,,RUS,Russian Federation
1961,,RUS,Russian Federation
1960,,RUS,Russian Federation
2025,,RWA,Rwanda
2024,,RWA,Rwanda
2023,,RWA,Rwanda
2022,79.9,RWA,Rwanda
2021,79.4,RWA,Rwanda
2020,81.7,RWA,Rwanda
2019,81.8,RWA,Rwanda
2018,82.8,RWA,Rwanda
2017,84.5,RWA,Rwanda
2016,85.5,RWA,Rwanda
2015,86.3,RWA,Rwanda
2014,88.0,RWA,Rwanda
2013,88.5,RWA,Rwanda
2012,88.8,RWA,Rwanda
2011,89.7,RWA,Rwanda
2010,90.5,RWA,Rwanda
2009,90.5,RWA,Rwanda
2008,90.6,RWA,Rwanda
2007,90.3,RWA,Rwanda
2006,90.6,RWA,Rwanda
2005,89.2,RWA,Rwanda
2004,87.6,RWA,Rwanda
2003,87.3,RWA,Rwanda
2002,87.1,RWA,Rwanda
2001,86.9,RWA,Rwanda
2000,86.8,RWA,Rwanda
1999,90.8,RWA,Rwanda
1998,90.8,RWA,Rwanda
1997,91.1,RWA,Rwanda
1996,89.2,RWA,Rwanda
1995,88.4,RWA,Rwanda
1994,78.5,RWA,Rwanda
1993,81.3,RWA,Rwanda
1992,81.6,RWA,Rwanda
1991,81.8,RWA,Rwanda
1990,80.1,RWA,Rwanda
1989,,RWA,Rwanda
1988,,RWA,Rwanda
1987,,RWA,Rwanda
1986,,RWA,Rwanda
1985,,RWA,Rwanda
1984,,RWA,Rwanda
1983,,RWA,Rwanda
1982,,RWA,Rwanda
1981,,RWA,Rwanda
1980,,RWA,Rwanda
1979,,RWA,Rwanda
1978,,RWA,Rwanda
1977,,RWA,Rwanda
1976,,RWA,Rwanda
1975,,RWA,Rwanda
1974,,RWA,Rwanda
1973,,RWA,Rwanda
1972,,RWA,Rwanda
1971,,RWA,Rwanda
1970,,RWA,Rwanda
1969,,RWA,Rwanda
1968,,RWA,Rwanda
1967,,RWA,Rwanda
1966,,RWA,Rwanda
1965,,RWA,Rwanda
1964,,RWA,Rwanda
1963,,RWA,Rwanda
1962,,RWA,Rwanda
1961,,RWA,Rwanda
1960,,RWA,Rwanda
2025,,WSM,Samoa
2024,,WSM,Samoa
2023,,WSM,Samoa
2022,35.9,WSM,Samoa
2021,36.0,WSM,Samoa
2020,35.6,WSM,Samoa
2019,34.2,WSM,Samoa
2018,36.6,WSM,Samoa
2017,35.8,WSM,Samoa
2016,36.8,WSM,Samoa
2015,37.1,WSM,Samoa
2014,41.4,WSM,Samoa
2013,42.6,WSM,Samoa
2012,40.2,WSM,Samoa
2011,40.6,WSM,Samoa
2010,41.9,WSM,Samoa
2009,43.2,WSM,Samoa
2008,45.0,WSM,Samoa
2007,43.2,WSM,Samoa
2006,46.0,WSM,Samoa
2005,48.9,WSM,Samoa
2004,48.8,WSM,Samoa
2003,52.4,WSM,Samoa
2002,49.6,WSM,Samoa
2001,52.4,WSM,Samoa
2000,59.7,WSM,Samoa
1999,57.9,WSM,Samoa
1998,58.0,WSM,Samoa
1997,59.1,WSM,Samoa
1996,58.2,WSM,Samoa
1995,58.6,WSM,Samoa
1994,60.0,WSM,Samoa
1993,59.2,WSM,Samoa
1992,60.6,WSM,Samoa
1991,61.8,WSM,Samoa
1990,64.0,WSM,Samoa
1989,,WSM,Samoa
1988,,WSM,Samoa
1987,,WSM,Samoa
1986,,WSM,Samoa
1985,,WSM,Samoa
1984,,WSM,Samoa
1983,,WSM,Samoa
1982,,WSM,Samoa
1981,,WSM,Samoa
1980,,WSM,Samoa
1979,,WSM,Samoa
1978,,WSM,Samoa
1977,,WSM,Samoa
1976,,WSM,Samoa
1975,,WSM,Samoa
1974,,WSM,Samoa
1973,,WSM,Samoa
1972,,WSM,Samoa
1971,,WSM,Samoa
1970,,WSM,Samoa
1969,,WSM,Samoa
1968,,WSM,Samoa
1967,,WSM,Samoa
1966,,WSM,Samoa
1965,,WSM,Samoa
1964,,WSM,Samoa
1963,,WSM,Samoa
1962,,WSM,Samoa
1961,,WSM,Samoa
1960,,WSM,Samoa
2025,,SMR,San Marino
2024,,SMR,San Marino
2023,,SMR,San Marino
2022,,SMR,San Marino
2021,,SMR,San Marino
2020,,SMR,San Marino
2019,,SMR,San Marino
2018,,SMR,San Marino
2017,,SMR,San Marino
2016,,SMR,San Marino
2015,,SMR,San Marino
2014,,SMR,San Marino
2013,,SMR,San Marino
2012,,SMR,San Marino
2011,,SMR,San Marino
2010,,SMR,San Marino
2009,,SMR,San Marino
2008,,SMR,San Marino
2007,,SMR,San Marino
2006,,SMR,San Marino
2005,,SMR,San Marino
2004,,SMR,San Marino
2003,,SMR,San Marino
2002,,SMR,San Marino
2001,,SMR,San Marino
2000,,SMR,San Marino
1999,,SMR,San Marino
1998,,SMR,San Marino
1997,,SMR,San Marino
1996,,SMR,San Marino
1995,,SMR,San Marino
1994,,SMR,San Marino
1993,,SMR,San Marino
1992,,SMR,San Marino
1991,,SMR,San Marino
1990,,SMR,San Marino
1989,,SMR,San Marino
1988,,SMR,San Marino
1987,,SMR,San Marino
1986,,SMR,San Marino
1985,,SMR,San Marino
1984,,SMR,San Marino
1983,,SMR,San Marino
1982,,SMR,San Marino
1981,,SMR,San Marino
1980,,SMR,San Marino
1979,,SMR,San Marino
1978,,SMR,San Marino
1977,,SMR,San Marino
1976,,SMR,San Marino
1975,,SMR,San Marino
1974,,SMR,San Marino
1973,,SMR,San Marino
1972,,SMR,San Marino
1971,,SMR,San Marino
1970,,SMR,San Marino
1969,,SMR,San Marino
1968,,SMR,San Marino
1967,,SMR,San Marino
1966,,SMR,San Marino
1965,,SMR,San Marino
1964,,SMR,San Marino
1963,,SMR,San Marino
1962,,SMR,San Marino
1961,,SMR,San Marino
1960,,SMR,San Marino
2025,,STP,Sao Tome and Principe
2024,,STP,Sao Tome and Principe
2023,,STP,Sao Tome and Principe
2022,42.5,STP,Sao Tome and Principe
2021,40.8,STP,Sao Tome and Principe
2020,41.6,STP,Sao Tome and Principe
2019,38.6,STP,Sao Tome and Principe
2018,40.6,STP,Sao Tome and Principe
2017,39.2,STP,Sao Tome and Principe
2016,38.1,STP,Sao Tome and Principe
2015,39.2,STP,Sao Tome and Principe
2014,38.4,STP,Sao Tome and Principe
2013,42.8,STP,Sao Tome and Principe
2012,40.1,STP,Sao Tome and Principe
2011,42.4,STP,Sao Tome and Principe
2010,38.2,STP,Sao Tome and Principe
2009,45.4,STP,Sao Tome and Principe
2008,46.0,STP,Sao Tome and Principe
2007,47.7,STP,Sao Tome and Principe
2006,47.3,STP,Sao Tome and Principe
2005,47.9,STP,Sao Tome and Principe
2004,48.9,STP,Sao Tome and Principe
2003,51.8,STP,Sao Tome and Principe
2002,55.3,STP,Sao Tome and Principe
2001,55.5,STP,Sao Tome and Principe
2000,54.7,STP,Sao Tome and Principe
1999,56.7,STP,Sao Tome and Principe
1998,55.1,STP,Sao Tome and Principe
1997,56.1,STP,Sao Tome and Principe
1996,55.6,STP,Sao Tome and Principe
1995,53.9,STP,Sao Tome and Principe
1994,53.4,STP,Sao Tome and Principe
1993,54.5,STP,Sao Tome and Principe
1992,54.2,STP,Sao Tome and Principe
1991,50.9,STP,Sao Tome and Principe
1990,50.9,STP,Sao Tome and Principe
1989,,STP,Sao Tome and Principe
1988,,STP,Sao Tome and Principe
1987,,STP,Sao Tome and Principe
1986,,STP,Sao Tome and Principe
1985,,STP,Sao Tome and Principe
1984,,STP,Sao Tome and Principe
1983,,STP,Sao Tome and Principe
1982,,STP,Sao Tome and Principe
1981,,STP,Sao Tome and Principe
1980,,STP,Sao Tome and Principe
1979,,STP,Sao Tome and Principe
1978,,STP,Sao Tome and Principe
1977,,STP,Sao Tome and Principe
1976,,STP,Sao Tome and Principe
1975,,STP,Sao Tome and Principe
1974,,STP,Sao Tome and Principe
1973,,STP,Sao Tome and Principe
1972,,STP,Sao Tome and Principe
1971,,STP,Sao Tome and Principe
1970,,STP,Sao Tome and Principe
1969,,STP,Sao Tome and Principe
1968,,STP,Sao Tome and Principe
1967,,STP,Sao Tome and Principe
1966,,STP,Sao Tome and Principe
1965,,STP,Sao Tome and Principe
1964,,STP,Sao Tome and Principe
1963,,STP,Sao Tome and Principe
1962,,STP,Sao Tome and Principe
1961,,STP,Sao Tome and Principe
1960,,STP,Sao Tome and Principe
2025,,SAU,Saudi Arabia
2024,,SAU,Saudi Arabia
2023,,SAU,Saudi Arabia
2022,,SAU,Saudi Arabia
2021,0.1,SAU,Saudi Arabia
2020,0.1,SAU,Saudi Arabia
2019,0.0,SAU,Saudi Arabia
2018,0.0,SAU,Saudi Arabia
2017,0.0,SAU,Saudi Arabia
2016,0.0,SAU,Saudi Arabia
2015,0.0,SAU,Saudi Arabia
2014,0.0,SAU,Saudi Arabia
2013,0.0,SAU,Saudi Arabia
2012,0.0,SAU,Saudi Arabia
2011,0.0,SAU,Saudi Arabia
2010,0.0,SAU,Saudi Arabia
2009,0.0,SAU,Saudi Arabia
2008,0.0,SAU,Saudi Arabia
2007,0.0,SAU,Saudi Arabia
2006,0.0,SAU,Saudi Arabia
2005,0.0,SAU,Saudi Arabia
2004,0.0,SAU,Saudi Arabia
2003,0.0,SAU,Saudi Arabia
2002,0.0,SAU,Saudi Arabia
2001,0.0,SAU,Saudi Arabia
2000,0.0,SAU,Saudi Arabia
1999,0.0,SAU,Saudi Arabia
1998,0.0,SAU,Saudi Arabia
1997,0.0,SAU,Saudi Arabia
1996,0.0,SAU,Saudi Arabia
1995,0.0,SAU,Saudi Arabia
1994,0.0,SAU,Saudi Arabia
1993,0.0,SAU,Saudi Arabia
1992,0.0,SAU,Saudi Arabia
1991,0.0,SAU,Saudi Arabia
1990,0.0,SAU,Saudi Arabia
1989,,SAU,Saudi Arabia
1988,,SAU,Saudi Arabia
1987,,SAU,Saudi Arabia
1986,,SAU,Saudi Arabia
1985,,SAU,Saudi Arabia
1984,,SAU,Saudi Arabia
1983,,SAU,Saudi Arabia
1982,,SAU,Saudi Arabia
1981,,SAU,Saudi Arabia
1980,,SAU,Saudi Arabia
1979,,SAU,Saudi Arabia
1978,,SAU,Saudi Arabia
1977,,SAU,Saudi Arabia
1976,,SAU,Saudi Arabia
1975,,SAU,Saudi Arabia
1974,,SAU,Saudi Arabia
1973,,SAU,Saudi Arabia
1972,,SAU,Saudi Arabia
1971,,SAU,Saudi Arabia
1970,,SAU,Saudi Arabia
1969,,SAU,Saudi Arabia
1968,,SAU,Saudi Arabia
1967,,SAU,Saudi Arabia
1966,,SAU,Saudi Arabia
1965,,SAU,Saudi Arabia
1964,,SAU,Saudi Arabia
1963,,SAU,Saudi Arabia
1962,,SAU,Saudi Arabia
1961,,SAU,Saudi Arabia
1960,,SAU,Saudi Arabia
2025,,SEN,Senegal
2024,,SEN,Senegal
2023,,SEN,Senegal
2022,,SEN,Senegal
2021,35.4,SEN,Senegal
2020,38.7,SEN,Senegal
2019,36.2,SEN,Senegal
2018,34.2,SEN,Senegal
2017,36.8,SEN,Senegal
2016,36.7,SEN,Senegal
2015,39.1,SEN,Senegal
2014,42.5,SEN,Senegal
2013,42.7,SEN,Senegal
2012,49.6,SEN,Senegal
2011,48.0,SEN,Senegal
2010,49.5,SEN,Senegal
2009,51.3,SEN,Senegal
2008,39.8,SEN,Senegal
2007,40.0,SEN,Senegal
2006,43.4,SEN,Senegal
2005,40.3,SEN,Senegal
2004,39.9,SEN,Senegal
2003,43.7,SEN,Senegal
2002,43.8,SEN,Senegal
2001,45.8,SEN,Senegal
2000,47.5,SEN,Senegal
1999,45.9,SEN,Senegal
1998,48.0,SEN,Senegal
1997,50.7,SEN,Senegal
1996,52.5,SEN,Senegal
1995,53.2,SEN,Senegal
1994,54.8,SEN,Senegal
1993,55.1,SEN,Senegal
1992,53.7,SEN,Senegal
1991,55.3,SEN,Senegal
1990,55.5,SEN,Senegal
1989,,SEN,Senegal
1988,,SEN,Senegal
1987,,SEN,Senegal
1986,,SEN,Senegal
1985,,SEN,Senegal
1984,,SEN,Senegal
1983,,SEN,Senegal
1982,,SEN,Senegal
1981,,SEN,Senegal
1980,,SEN,Senegal
1979,,SEN,Senegal
1978,,SEN,Senegal
1977,,SEN,Senegal
1976,,SEN,Senegal
1975,,SEN,Senegal
1974,,SEN,Senegal
1973,,SEN,Senegal
1972,,SEN,Senegal
1971,,SEN,Senegal
1970,,SEN,Senegal
1969,,SEN,Senegal
1968,,SEN,Senegal
1967,,SEN,Senegal
1966,,SEN,Senegal
1965,,SEN,Senegal
1964,,SEN,Senegal
1963,,SEN,Senegal
1962,,SEN,Senegal
1961,,SEN,Senegal
1960,,SEN,Senegal
2025,,SRB,Serbia
2024,,SRB,Serbia
2023,,SRB,Serbia
2022,,SRB,Serbia
2021,27.2,SRB,Serbia
2020,26.0,SRB,Serbia
2019,21.4,SRB,Serbia
2018,21.0,SRB,Serbia
2017,20.0,SRB,Serbia
2016,20.9,SRB,Serbia
2015,21.2,SRB,Serbia
2014,23.2,SRB,Serbia
2013,20.0,SRB,Serbia
2012,19.5,SRB,Serbia
2011,17.4,SRB,Serbia
2010,20.5,SRB,Serbia
2009,20.7,SRB,Serbia
2008,15.5,SRB,Serbia
2007,14.0,SRB,Serbia
2006,15.3,SRB,Serbia
2005,16.1,SRB,Serbia
2004,14.6,SRB,Serbia
2003,15.7,SRB,Serbia
2002,18.0,SRB,Serbia
2001,19.6,SRB,Serbia
2000,22.1,SRB,Serbia
1999,22.1,SRB,Serbia
1998,15.5,SRB,Serbia
1997,15.2,SRB,Serbia
1996,18.0,SRB,Serbia
1995,23.3,SRB,Serbia
1994,20.9,SRB,Serbia
1993,19.2,SRB,Serbia
1992,17.8,SRB,Serbia
1991,17.2,SRB,Serbia
1990,14.5,SRB,Serbia
1989,,SRB,Serbia
1988,,SRB,Serbia
1987,,SRB,Serbia
1986,,SRB,Serbia
1985,,SRB,Serbia
1984,,SRB,Serbia
1983,,SRB,Serbia
1982,,SRB,Serbia
1981,,SRB,Serbia
1980,,SRB,Serbia
1979,,SRB,Serbia
1978,,SRB,Serbia
1977,,SRB,Serbia
1976,,SRB,Serbia
1975,,SRB,Serbia
1974,,SRB,Serbia
1973,,SRB,Serbia
1972,,SRB,Serbia
1971,,SRB,Serbia
1970,,SRB,Serbia
1969,,SRB,Serbia
1968,,SRB,Serbia
1967,,SRB,Serbia
1966,,SRB,Serbia
1965,,SRB,Serbia
1964,,SRB,Serbia
1963,,SRB,Serbia
1962,,SRB,Serbia
1961,,SRB,Serbia
1960,,SRB,Serbia
2025,,SYC,Seychelles
2024,,SYC,Seychelles
2023,,SYC,Seychelles
2022,1.9,SYC,Seychelles
2021,1.7,SYC,Seychelles
2020,1.3,SYC,Seychelles
2019,1.2,SYC,Seychelles
2018,1.2,SYC,Seychelles
2017,1.2,SYC,Seychelles
2016,1.2,SYC,Seychelles
2015,1.4,SYC,Seychelles
2014,1.4,SYC,Seychelles
2013,1.5,SYC,Seychelles
2012,0.8,SYC,Seychelles
2011,0.8,SYC,Seychelles
2010,0.7,SYC,Seychelles
2009,0.8,SYC,Seychelles
2008,0.9,SYC,Seychelles
2007,1.0,SYC,Seychelles
2006,0.9,SYC,Seychelles
2005,0.9,SYC,Seychelles
2004,1.0,SYC,Seychelles
2003,1.1,SYC,Seychelles
2002,1.1,SYC,Seychelles
2001,1.3,SYC,Seychelles
2000,1.5,SYC,Seychelles
1999,1.8,SYC,Seychelles
1998,1.9,SYC,Seychelles
1997,2.1,SYC,Seychelles
1996,2.3,SYC,Seychelles
1995,3.0,SYC,Seychelles
1994,2.8,SYC,Seychelles
1993,3.1,SYC,Seychelles
1992,3.3,SYC,Seychelles
1991,3.5,SYC,Seychelles
1990,4.2,SYC,Seychelles
1989,,SYC,Seychelles
1988,,SYC,Seychelles
1987,,SYC,Seychelles
1986,,SYC,Seychelles
1985,,SYC,Seychelles
1984,,SYC,Seychelles
1983,,SYC,Seychelles
1982,,SYC,Seychelles
1981,,SYC,Seychelles
1980,,SYC,Seychelles
1979,,SYC,Seychelles
1978,,SYC,Seychelles
1977,,SYC,Seychelles
1976,,SYC,Seychelles
1975,,SYC,Seychelles
1974,,SYC,Seychelles
1973,,SYC,Seychelles
1972,,SYC,Seychelles
1971,,SYC,Seychelles
1970,,SYC,Seychelles
1969,,SYC,Seychelles
1968,,SYC,Seychelles
1967,,SYC,Seychelles
1966,,SYC,Seychelles
1965,,SYC,Seychelles
1964,,SYC,Seychelles
1963,,SYC,Seychelles
1962,,SYC,Seychelles
1961,,SYC,Seychelles
1960,,SYC,Seychelles
2025,,SLE,Sierra Leone
2024,,SLE,Sierra Leone
2023,,SLE,Sierra Leone
2022,71.6,SLE,Sierra Leone
2021,71.1,SLE,Sierra Leone
2020,75.1,SLE,Sierra Leone
2019,75.4,SLE,Sierra Leone
2018,75.9,SLE,Sierra Leone
2017,74.6,SLE,Sierra Leone
2016,73.6,SLE,Sierra Leone
2015,74.0,SLE,Sierra Leone
2014,73.0,SLE,Sierra Leone
2013,74.6,SLE,Sierra Leone
2012,79.1,SLE,Sierra Leone
2011,81.0,SLE,Sierra Leone
2010,84.9,SLE,Sierra Leone
2009,86.1,SLE,Sierra Leone
2008,86.0,SLE,Sierra Leone
2007,86.3,SLE,Sierra Leone
2006,84.4,SLE,Sierra Leone
2005,88.1,SLE,Sierra Leone
2004,86.5,SLE,Sierra Leone
2003,86.5,SLE,Sierra Leone
2002,88.0,SLE,Sierra Leone
2001,91.2,SLE,Sierra Leone
2000,93.3,SLE,Sierra Leone
1999,95.0,SLE,Sierra Leone
1998,94.6,SLE,Sierra Leone
1997,94.5,SLE,Sierra Leone
1996,94.3,SLE,Sierra Leone
1995,93.8,SLE,Sierra Leone
1994,92.7,SLE,Sierra Leone
1993,93.0,SLE,Sierra Leone
1992,92.5,SLE,Sierra Leone
1991,91.8,SLE,Sierra Leone
1990,92.3,SLE,Sierra Leone
1989,,SLE,Sierra Leone
1988,,SLE,Sierra Leone
1987,,SLE,Sierra Leone
1986,,SLE,Sierra Leone
1985,,SLE,Sierra Leone
1984,,SLE,Sierra Leone
1983,,SLE,Sierra Leone
1982,,SLE,Sierra Leone
1981,,SLE,Sierra Leone
1980,,SLE,Sierra Leone
1979,,SLE,Sierra Leone
1978,,SLE,Sierra Leone
1977,,SLE,Sierra Leone
1976,,SLE,Sierra Leone
1975,,SLE,Sierra Leone
1974,,SLE,Sierra Leone
1973,,SLE,Sierra Leone
1972,,SLE,Sierra Leone
1971,,SLE,Sierra Leone
1970,,SLE,Sierra Leone
1969,,SLE,Sierra Leone
1968,,SLE,Sierra Leone
1967,,SLE,Sierra Leone
1966,,SLE,Sierra Leone
1965,,SLE,Sierra Leone
1964,,SLE,Sierra Leone
1963,,SLE,Sierra Leone
1962,,SLE,Sierra Leone
1961,,SLE,Sierra Leone
1960,,SLE,Sierra Leone
2025,,SGP,Singapore
2024,,SGP,Singapore
2023,,SGP,Singapore
2022,,SGP,Singapore
2021,1.1,SGP,Singapore
2020,0.9,SGP,Singapore
2019,0.9,SGP,Singapore
2018,0.8,SGP,Singapore
2017,0.7,SGP,Singapore
2016,0.7,SGP,Singapore
2015,0.7,SGP,Singapore
2014,0.6,SGP,Singapore
2013,0.6,SGP,Singapore
2012,0.5,SGP,Singapore
2011,0.5,SGP,Singapore
2010,0.5,SGP,Singapore
2009,0.5,SGP,Singapore
2008,0.5,SGP,Singapore
2007,0.5,SGP,Singapore
2006,0.5,SGP,Singapore
2005,0.5,SGP,Singapore
2004,0.5,SGP,Singapore
2003,0.6,SGP,Singapore
2002,0.6,SGP,Singapore
2001,0.6,SGP,Singapore
2000,0.3,SGP,Singapore
1999,0.4,SGP,Singapore
1998,0.4,SGP,Singapore
1997,0.4,SGP,Singapore
1996,0.5,SGP,Singapore
1995,0.4,SGP,Singapore
1994,0.5,SGP,Singapore
1993,0.5,SGP,Singapore
1992,0.5,SGP,Singapore
1991,0.5,SGP,Singapore
1990,0.2,SGP,Singapore
1989,,SGP,Singapore
1988,,SGP,Singapore
1987,,SGP,Singapore
1986,,SGP,Singapore
1985,,SGP,Singapore
1984,,SGP,Singapore
1983,,SGP,Singapore
1982,,SGP,Singapore
1981,,SGP,Singapore
1980,,SGP,Singapore
1979,,SGP,Singapore
1978,,SGP,Singapore
1977,,SGP,Singapore
1976,,SGP,Singapore
1975,,SGP,Singapore
1974,,SGP,Singapore
1973,,SGP,Singapore
1972,,SGP,Singapore
1971,,SGP,Singapore
1970,,SGP,Singapore
1969,,SGP,Singapore
1968,,SGP,Singapore
1967,,SGP,Singapore
1966,,SGP,Singapore
1965,,SGP,Singapore
1964,,SGP,Singapore
1963,,SGP,Singapore
1962,,SGP,Singapore
1961,,SGP,Singapore
1960,,SGP,Singapore
2025,,SXM,Sint Maarten (Dutch part)
2024,,SXM,Sint Maarten (Dutch part)
2023,,SXM,Sint Maarten (Dutch part)
2022,0.0,SXM,Sint Maarten (Dutch part)
2021,0.0,SXM,Sint Maarten (Dutch part)
2020,0.0,SXM,Sint Maarten (Dutch part)
2019,0.0,SXM,Sint Maarten (Dutch part)
2018,0.0,SXM,Sint Maarten (Dutch part)
2017,0.0,SXM,Sint Maarten (Dutch part)
2016,0.0,SXM,Sint Maarten (Dutch part)
2015,0.0,SXM,Sint Maarten (Dutch part)
2014,0.0,SXM,Sint Maarten (Dutch part)
2013,0.0,SXM,Sint Maarten (Dutch part)
2012,0.0,SXM,Sint Maarten (Dutch part)
2011,,SXM,Sint Maarten (Dutch part)
2010,,SXM,Sint Maarten (Dutch part)
2009,,SXM,Sint Maarten (Dutch part)
2008,,SXM,Sint Maarten (Dutch part)
2007,,SXM,Sint Maarten (Dutch part)
2006,,SXM,Sint Maarten (Dutch part)
2005,,SXM,Sint Maarten (Dutch part)
2004,,SXM,Sint Maarten (Dutch part)
2003,,SXM,Sint Maarten (Dutch part)
2002,,SXM,Sint Maarten (Dutch part)
2001,,SXM,Sint Maarten (Dutch part)
2000,,SXM,Sint Maarten (Dutch part)
1999,,SXM,Sint Maarten (Dutch part)
1998,,SXM,Sint Maarten (Dutch part)
1997,,SXM,Sint Maarten (Dutch part)
1996,,SXM,Sint Maarten (Dutch part)
1995,,SXM,Sint Maarten (Dutch part)
1994,,SXM,Sint Maarten (Dutch part)
1993,,SXM,Sint Maarten (Dutch part)
1992,,SXM,Sint Maarten (Dutch part)
1991,,SXM,Sint Maarten (Dutch part)
1990,,SXM,Sint Maarten (Dutch part)
1989,,SXM,Sint Maarten (Dutch part)
1988,,SXM,Sint Maarten (Dutch part)
1987,,SXM,Sint Maarten (Dutch part)
1986,,SXM,Sint Maarten (Dutch part)
1985,,SXM,Sint Maarten (Dutch part)
1984,,SXM,Sint Maarten (Dutch part)
1983,,SXM,Sint Maarten (Dutch part)
1982,,SXM,Sint Maarten (Dutch part)
1981,,SXM,Sint Maarten (Dutch part)
1980,,SXM,Sint Maarten (Dutch part)
1979,,SXM,Sint Maarten (Dutch part)
1978,,SXM,Sint Maarten (Dutch part)
1977,,SXM,Sint Maarten (Dutch part)
1976,,SXM,Sint Maarten (Dutch part)
1975,,SXM,Sint Maarten (Dutch part)
1974,,SXM,Sint Maarten (Dutch part)
1973,,SXM,Sint Maarten (Dutch part)
1972,,SXM,Sint Maarten (Dutch part)
1971,,SXM,Sint Maarten (Dutch part)
1970,,SXM,Sint Maarten (Dutch part)
1969,,SXM,Sint Maarten (Dutch part)
1968,,SXM,Sint Maarten (Dutch part)
1967,,SXM,Sint Maarten (Dutch part)
1966,,SXM,Sint Maarten (Dutch part)
1965,,SXM,Sint Maarten (Dutch part)
1964,,SXM,Sint Maarten (Dutch part)
1963,,SXM,Sint Maarten (Dutch part)
1962,,SXM,Sint Maarten (Dutch part)
1961,,SXM,Sint Maarten (Dutch part)
1960,,SXM,Sint Maarten (Dutch part)
2025,,SVK,Slovak Republic
2024,,SVK,Slovak Republic
2023,,SVK,Slovak Republic
2022,,SVK,Slovak Republic
2021,17.9,SVK,Slovak Republic
2020,17.6,SVK,Slovak Republic
2019,17.6,SVK,Slovak Republic
2018,12.4,SVK,Slovak Republic
2017,12.4,SVK,Slovak Republic
2016,13.1,SVK,Slovak Republic
2015,13.4,SVK,Slovak Republic
2014,12.2,SVK,Slovak Republic
2013,10.7,SVK,Slovak Republic
2012,10.5,SVK,Slovak Republic
2011,10.4,SVK,Slovak Republic
2010,10.3,SVK,Slovak Republic
2009,10.0,SVK,Slovak Republic
2008,7.6,SVK,Slovak Republic
2007,8.2,SVK,Slovak Republic
2006,6.6,SVK,Slovak Republic
2005,6.3,SVK,Slovak Republic
2004,6.2,SVK,Slovak Republic
2003,5.3,SVK,Slovak Republic
2002,5.5,SVK,Slovak Republic
2001,6.0,SVK,Slovak Republic
2000,3.7,SVK,Slovak Republic
1999,3.8,SVK,Slovak Republic
1998,3.6,SVK,Slovak Republic
1997,3.9,SVK,Slovak Republic
1996,3.9,SVK,Slovak Republic
1995,4.2,SVK,Slovak Republic
1994,4.7,SVK,Slovak Republic
1993,4.1,SVK,Slovak Republic
1992,2.3,SVK,Slovak Republic
1991,2.1,SVK,Slovak Republic
1990,2.2,SVK,Slovak Republic
1989,,SVK,Slovak Republic
1988,,SVK,Slovak Republic
1987,,SVK,Slovak Republic
1986,,SVK,Slovak Republic
1985,,SVK,Slovak Republic
1984,,SVK,Slovak Republic
1983,,SVK,Slovak Republic
1982,,SVK,Slovak Republic
1981,,SVK,Slovak Republic
1980,,SVK,Slovak Republic
1979,,SVK,Slovak Republic
1978,,SVK,Slovak Republic
1977,,SVK,Slovak Republic
1976,,SVK,Slovak Republic
1975,,SVK,Slovak Republic
1974,,SVK,Slovak Republic
1973,,SVK,Slovak Republic
1972,,SVK,Slovak Republic
1971,,SVK,Slovak Republic
1970,,SVK,Slovak Republic
1969,,SVK,Slovak Republic
1968,,SVK,Slovak Republic
1967,,SVK,Slovak Republic
1966,,SVK,Slovak Republic
1965,,SVK,Slovak Republic
1964,,SVK,Slovak Republic
1963,,SVK,Slovak Republic
1962,,SVK,Slovak Republic
1961,,SVK,Slovak Republic
1960,,SVK,Slovak Republic
2025,,SVN,Slovenia
2024,,SVN,Slovenia
2023,,SVN,Slovenia
2022,,SVN,Slovenia
2021,23.4,SVN,Slovenia
2020,22.7,SVN,Slovenia
2019,20.9,SVN,Slovenia
2018,20.6,SVN,Slovenia
2017,19.7,SVN,Slovenia
2016,21.0,SVN,Slovenia
2015,21.4,SVN,Slovenia
2014,22.9,SVN,Slovenia
2013,22.5,SVN,Slovenia
2012,20.2,SVN,Slovenia
2011,19.1,SVN,Slovenia
2010,20.1,SVN,Slovenia
2009,19.6,SVN,Slovenia
2008,17.6,SVN,Slovenia
2007,18.4,SVN,Slovenia
2006,17.4,SVN,Slovenia
2005,18.6,SVN,Slovenia
2004,17.8,SVN,Slovenia
2003,16.9,SVN,Slovenia
2002,16.3,SVN,Slovenia
2001,18.7,SVN,Slovenia
2000,18.0,SVN,Slovenia
1999,10.9,SVN,Slovenia
1998,11.1,SVN,Slovenia
1997,10.2,SVN,Slovenia
1996,11.1,SVN,Slovenia
1995,11.5,SVN,Slovenia
1994,12.3,SVN,Slovenia
1993,12.4,SVN,Slovenia
1992,13.9,SVN,Slovenia
1991,13.1,SVN,Slovenia
1990,12.3,SVN,Slovenia
1989,,SVN,Slovenia
1988,,SVN,Slovenia
1987,,SVN,Slovenia
1986,,SVN,Slovenia
1985,,SVN,Slovenia
1984,,SVN,Slovenia
1983,,SVN,Slovenia
1982,,SVN,Slovenia
1981,,SVN,Slovenia
1980,,SVN,Slovenia
1979,,SVN,Slovenia
1978,,SVN,Slovenia
1977,,SVN,Slovenia
1976,,SVN,Slovenia
1975,,SVN,Slovenia
1974,,SVN,Slovenia
1973,,SVN,Slovenia
1972,,SVN,Slovenia
1971,,SVN,Slovenia
1970,,SVN,Slovenia
1969,,SVN,Slovenia
1968,,SVN,Slovenia
1967,,SVN,Slovenia
1966,,SVN,Slovenia
1965,,SVN,Slovenia
1964,,SVN,Slovenia
1963,,SVN,Slovenia
1962,,SVN,Slovenia
1961,,SVN,Slovenia
1960,,SVN,Slovenia
2025,,SLB,Solomon Islands
2024,,SLB,Solomon Islands
2023,,SLB,Solomon Islands
2022,50.1,SLB,Solomon Islands
2021,49.1,SLB,Solomon Islands
2020,49.0,SLB,Solomon Islands
2019,48.4,SLB,Solomon Islands
2018,48.6,SLB,Solomon Islands
2017,49.0,SLB,Solomon Islands
2016,48.7,SLB,Solomon Islands
2015,48.6,SLB,Solomon Islands
2014,45.9,SLB,Solomon Islands
2013,41.8,SLB,Solomon Islands
2012,43.8,SLB,Solomon Islands
2011,43.6,SLB,Solomon Islands
2010,45.1,SLB,Solomon Islands
2009,45.8,SLB,Solomon Islands
2008,46.7,SLB,Solomon Islands
2007,47.4,SLB,Solomon Islands
2006,48.9,SLB,Solomon Islands
2005,49.7,SLB,Solomon Islands
2004,49.9,SLB,Solomon Islands
2003,51.5,SLB,Solomon Islands
2002,52.8,SLB,Solomon Islands
2001,54.1,SLB,Solomon Islands
2000,55.3,SLB,Solomon Islands
1999,55.3,SLB,Solomon Islands
1998,52.5,SLB,Solomon Islands
1997,53.1,SLB,Solomon Islands
1996,52.5,SLB,Solomon Islands
1995,54.1,SLB,Solomon Islands
1994,54.5,SLB,Solomon Islands
1993,56.1,SLB,Solomon Islands
1992,57.7,SLB,Solomon Islands
1991,59.0,SLB,Solomon Islands
1990,60.2,SLB,Solomon Islands
1989,,SLB,Solomon Islands
1988,,SLB,Solomon Islands
1987,,SLB,Solomon Islands
1986,,SLB,Solomon Islands
1985,,SLB,Solomon Islands
1984,,SLB,Solomon Islands
1983,,SLB,Solomon Islands
1982,,SLB,Solomon Islands
1981,,SLB,Solomon Islands
1980,,SLB,Solomon Islands
1979,,SLB,Solomon Islands
1978,,SLB,Solomon Islands
1977,,SLB,Solomon Islands
1976,,SLB,Solomon Islands
1975,,SLB,Solomon Islands
1974,,SLB,Solomon Islands
1973,,SLB,Solomon Islands
1972,,SLB,Solomon Islands
1971,,SLB,Solomon Islands
1970,,SLB,Solomon Islands
1969,,SLB,Solomon Islands
1968,,SLB,Solomon Islands
1967,,SLB,Solomon Islands
1966,,SLB,Solomon Islands
1965,,SLB,Solomon Islands
1964,,SLB,Solomon Islands
1963,,SLB,Solomon Islands
1962,,SLB,Solomon Islands
1961,,SLB,Solomon Islands
1960,,SLB,Solomon Islands
2025,,SOM,"Somalia, Fed. Rep."
2024,,SOM,"Somalia, Fed. Rep."
2023,,SOM,"Somalia, Fed. Rep."
2022,95.4,SOM,"Somalia, Fed. Rep."
2021,95.4,SOM,"Somalia, Fed. Rep."
2020,95.5,SOM,"Somalia, Fed. Rep."
2019,95.0,SOM,"Somalia, Fed. Rep."
2018,94.9,SOM,"Somalia, Fed. Rep."
2017,94.9,SOM,"Somalia, Fed. Rep."
2016,94.8,SOM,"Somalia, Fed. Rep."
2015,94.5,SOM,"Somalia, Fed. Rep."
2014,94.6,SOM,"Somalia, Fed. Rep."
2013,94.4,SOM,"Somalia, Fed. Rep."
2012,93.9,SOM,"Somalia, Fed. Rep."
2011,93.7,SOM,"Somalia, Fed. Rep."
2010,93.6,SOM,"Somalia, Fed. Rep."
2009,93.6,SOM,"Somalia, Fed. Rep."
2008,93.4,SOM,"Somalia, Fed. Rep."
2007,93.0,SOM,"Somalia, Fed. Rep."
2006,93.5,SOM,"Somalia, Fed. Rep."
2005,93.3,SOM,"Somalia, Fed. Rep."
2004,93.0,SOM,"Somalia, Fed. Rep."
2003,92.8,SOM,"Somalia, Fed. Rep."
2002,92.6,SOM,"Somalia, Fed. Rep."
2001,93.3,SOM,"Somalia, Fed. Rep."
2000,93.3,SOM,"Somalia, Fed. Rep."
1999,92.9,SOM,"Somalia, Fed. Rep."
1998,92.5,SOM,"Somalia, Fed. Rep."
1997,91.7,SOM,"Somalia, Fed. Rep."
1996,91.0,SOM,"Somalia, Fed. Rep."
1995,90.6,SOM,"Somalia, Fed. Rep."
1994,89.9,SOM,"Somalia, Fed. Rep."
1993,89.4,SOM,"Somalia, Fed. Rep."
1992,88.8,SOM,"Somalia, Fed. Rep."
1991,87.6,SOM,"Somalia, Fed. Rep."
1990,86.3,SOM,"Somalia, Fed. Rep."
1989,,SOM,"Somalia, Fed. Rep."
1988,,SOM,"Somalia, Fed. Rep."
1987,,SOM,"Somalia, Fed. Rep."
1986,,SOM,"Somalia, Fed. Rep."
1985,,SOM,"Somalia, Fed. Rep."
1984,,SOM,"Somalia, Fed. Rep."
1983,,SOM,"Somalia, Fed. Rep."
1982,,SOM,"Somalia, Fed. Rep."
1981,,SOM,"Somalia, Fed. Rep."
1980,,SOM,"Somalia, Fed. Rep."
1979,,SOM,"Somalia, Fed. Rep."
1978,,SOM,"Somalia, Fed. Rep."
1977,,SOM,"Somalia, Fed. Rep."
1976,,SOM,"Somalia, Fed. Rep."
1975,,SOM,"Somalia, Fed. Rep."
1974,,SOM,"Somalia, Fed. Rep."
1973,,SOM,"Somalia, Fed. Rep."
1972,,SOM,"Somalia, Fed. Rep."
1971,,SOM,"Somalia, Fed. Rep."
1970,,SOM,"Somalia, Fed. Rep."
1969,,SOM,"Somalia, Fed. Rep."
1968,,SOM,"Somalia, Fed. Rep."
1967,,SOM,"Somalia, Fed. Rep."
1966,,SOM,"Somalia, Fed. Rep."
1965,,SOM,"Somalia, Fed. Rep."
1964,,SOM,"Somalia, Fed. Rep."
1963,,SOM,"Somalia, Fed. Rep."
1962,,SOM,"Somalia, Fed. Rep."
1961,,SOM,"Somalia, Fed. Rep."
1960,,SOM,"Somalia, Fed. Rep."
2025,,ZAF,South Africa
2024,,ZAF,South Africa
2023,,ZAF,South Africa
2022,,ZAF,South Africa
2021,9.7,ZAF,South Africa
2020,9.8,ZAF,South Africa
2019,8.7,ZAF,South Africa
2018,8.0,ZAF,South Africa
2017,7.9,ZAF,South Africa
2016,7.8,ZAF,South Africa
2015,7.6,ZAF,South Africa
2014,7.6,ZAF,South Africa
2013,7.8,ZAF,South Africa
2012,8.3,ZAF,South Africa
2011,9.0,ZAF,South Africa
2010,9.4,ZAF,South Africa
2009,9.2,ZAF,South Africa
2008,9.7,ZAF,South Africa
2007,8.7,ZAF,South Africa
2006,9.3,ZAF,South Africa
2005,9.7,ZAF,South Africa
2004,11.0,ZAF,South Africa
2003,11.8,ZAF,South Africa
2002,13.3,ZAF,South Africa
2001,15.0,ZAF,South Africa
2000,16.2,ZAF,South Africa
1999,17.7,ZAF,South Africa
1998,17.3,ZAF,South Africa
1997,17.1,ZAF,South Africa
1996,17.4,ZAF,South Africa
1995,18.1,ZAF,South Africa
1994,18.6,ZAF,South Africa
1993,18.6,ZAF,South Africa
1992,18.4,ZAF,South Africa
1991,17.5,ZAF,South Africa
1990,16.6,ZAF,South Africa
1989,,ZAF,South Africa
1988,,ZAF,South Africa
1987,,ZAF,South Africa
1986,,ZAF,South Africa
1985,,ZAF,South Africa
1984,,ZAF,South Africa
1983,,ZAF,South Africa
1982,,ZAF,South Africa
1981,,ZAF,South Africa
1980,,ZAF,South Africa
1979,,ZAF,South Africa
1978,,ZAF,South Africa
1977,,ZAF,South Africa
1976,,ZAF,South Africa
1975,,ZAF,South Africa
1974,,ZAF,South Africa
1973,,ZAF,South Africa
1972,,ZAF,South Africa
1971,,ZAF,South Africa
1970,,ZAF,South Africa
1969,,ZAF,South Africa
1968,,ZAF,South Africa
1967,,ZAF,South Africa
1966,,ZAF,South Africa
1965,,ZAF,South Africa
1964,,ZAF,South Africa
1963,,ZAF,South Africa
1962,,ZAF,South Africa
1961,,ZAF,South Africa
1960,,ZAF,South Africa
2025,,SSD,South Sudan
2024,,SSD,South Sudan
2023,,SSD,South Sudan
2022,,SSD,South Sudan
2021,32.4,SSD,South Sudan
2020,32.8,SSD,South Sudan
2019,31.4,SSD,South Sudan
2018,31.5,SSD,South Sudan
2017,35.1,SSD,South Sudan
2016,28.7,SSD,South Sudan
2015,27.5,SSD,South Sudan
2014,29.4,SSD,South Sudan
2013,30.1,SSD,South Sudan
2012,30.6,SSD,South Sudan
2011,,SSD,South Sudan
2010,,SSD,South Sudan
2009,,SSD,South Sudan
2008,,SSD,South Sudan
2007,,SSD,South Sudan
2006,,SSD,South Sudan
2005,,SSD,South Sudan
2004,,SSD,South Sudan
2003,,SSD,South Sudan
2002,,SSD,South Sudan
2001,,SSD,South Sudan
2000,,SSD,South Sudan
1999,,SSD,South Sudan
1998,,SSD,South Sudan
1997,,SSD,South Sudan
1996,,SSD,South Sudan
1995,,SSD,South Sudan
1994,,SSD,South Sudan
1993,,SSD,South Sudan
1992,,SSD,South Sudan
1991,,SSD,South Sudan
1990,,SSD,South Sudan
1989,,SSD,South Sudan
1988,,SSD,South Sudan
1987,,SSD,South Sudan
1986,,SSD,South Sudan
1985,,SSD,South Sudan
1984,,SSD,South Sudan
1983,,SSD,South Sudan
1982,,SSD,South Sudan
1981,,SSD,South Sudan
1980,,SSD,South Sudan
1979,,SSD,South Sudan
1978,,SSD,South Sudan
1977,,SSD,South Sudan
1976,,SSD,South Sudan
1975,,SSD,South Sudan
1974,,SSD,South Sudan
1973,,SSD,South Sudan
1972,,SSD,South Sudan
1971,,SSD,South Sudan
1970,,SSD,South Sudan
1969,,SSD,South Sudan
1968,,SSD,South Sudan
1967,,SSD,South Sudan
1966,,SSD,South Sudan
1965,,SSD,South Sudan
1964,,SSD,South Sudan
1963,,SSD,South Sudan
1962,,SSD,South Sudan
1961,,SSD,South Sudan
1960,,SSD,South Sudan
2025,,ESP,Spain
2024,,ESP,Spain
2023,,ESP,Spain
2022,,ESP,Spain
2021,19.0,ESP,Spain
2020,19.3,ESP,Spain
2019,16.7,ESP,Spain
2018,16.9,ESP,Spain
2017,15.2,ESP,Spain
2016,16.7,ESP,Spain
2015,16.3,ESP,Spain
2014,17.3,ESP,Spain
2013,16.9,ESP,Spain
2012,15.8,ESP,Spain
2011,14.7,ESP,Spain
2010,14.4,ESP,Spain
2009,12.2,ESP,Spain
2008,9.7,ESP,Spain
2007,9.0,ESP,Spain
2006,8.5,ESP,Spain
2005,7.3,ESP,Spain
2004,8.0,ESP,Spain
2003,8.9,ESP,Spain
2002,7.4,ESP,Spain
2001,8.9,ESP,Spain
2000,7.9,ESP,Spain
1999,7.7,ESP,Spain
1998,8.9,ESP,Spain
1997,9.2,ESP,Spain
1996,10.1,ESP,Spain
1995,8.3,ESP,Spain
1994,9.2,ESP,Spain
1993,9.1,ESP,Spain
1992,8.2,ESP,Spain
1991,9.9,ESP,Spain
1990,10.6,ESP,Spain
1989,,ESP,Spain
1988,,ESP,Spain
1987,,ESP,Spain
1986,,ESP,Spain
1985,,ESP,Spain
1984,,ESP,Spain
1983,,ESP,Spain
1982,,ESP,Spain
1981,,ESP,Spain
1980,,ESP,Spain
1979,,ESP,Spain
1978,,ESP,Spain
1977,,ESP,Spain
1976,,ESP,Spain
1975,,ESP,Spain
1974,,ESP,Spain
1973,,ESP,Spain
1972,,ESP,Spain
1971,,ESP,Spain
1970,,ESP,Spain
1969,,ESP,Spain
1968,,ESP,Spain
1967,,ESP,Spain
1966,,ESP,Spain
1965,,ESP,Spain
1964,,ESP,Spain
1963,,ESP,Spain
1962,,ESP,Spain
1961,,ESP,Spain
1960,,ESP,Spain
2025,,LKA,Sri Lanka
2024,,LKA,Sri Lanka
2023,,LKA,Sri Lanka
2022,,LKA,Sri Lanka
2021,48.8,LKA,Sri Lanka
2020,49.3,LKA,Sri Lanka
2019,46.1,LKA,Sri Lanka
2018,47.9,LKA,Sri Lanka
2017,45.8,LKA,Sri Lanka
2016,45.1,LKA,Sri Lanka
2015,51.3,LKA,Sri Lanka
2014,54.2,LKA,Sri Lanka
2013,56.9,LKA,Sri Lanka
2012,52.9,LKA,Sri Lanka
2011,56.4,LKA,Sri Lanka
2010,61.9,LKA,Sri Lanka
2009,63.5,LKA,Sri Lanka
2008,61.6,LKA,Sri Lanka
2007,60.2,LKA,Sri Lanka
2006,62.2,LKA,Sri Lanka
2005,60.1,LKA,Sri Lanka
2004,61.6,LKA,Sri Lanka
2003,61.3,LKA,Sri Lanka
2002,62.1,LKA,Sri Lanka
2001,62.9,LKA,Sri Lanka
2000,64.2,LKA,Sri Lanka
1999,63.2,LKA,Sri Lanka
1998,64.2,LKA,Sri Lanka
1997,65.9,LKA,Sri Lanka
1996,64.4,LKA,Sri Lanka
1995,69.9,LKA,Sri Lanka
1994,70.6,LKA,Sri Lanka
1993,74.2,LKA,Sri Lanka
1992,75.3,LKA,Sri Lanka
1991,78.0,LKA,Sri Lanka
1990,78.1,LKA,Sri Lanka
1989,,LKA,Sri Lanka
1988,,LKA,Sri Lanka
1987,,LKA,Sri Lanka
1986,,LKA,Sri Lanka
1985,,LKA,Sri Lanka
1984,,LKA,Sri Lanka
1983,,LKA,Sri Lanka
1982,,LKA,Sri Lanka
1981,,LKA,Sri Lanka
1980,,LKA,Sri Lanka
1979,,LKA,Sri Lanka
1978,,LKA,Sri Lanka
1977,,LKA,Sri Lanka
1976,,LKA,Sri Lanka
1975,,LKA,Sri Lanka
1974,,LKA,Sri Lanka
1973,,LKA,Sri Lanka
1972,,LKA,Sri Lanka
1971,,LKA,Sri Lanka
1970,,LKA,Sri Lanka
1969,,LKA,Sri Lanka
1968,,LKA,Sri Lanka
1967,,LKA,Sri Lanka
1966,,LKA,Sri Lanka
1965,,LKA,Sri Lanka
1964,,LKA,Sri Lanka
1963,,LKA,Sri Lanka
1962,,LKA,Sri Lanka
1961,,LKA,Sri Lanka
1960,,LKA,Sri Lanka
2025,,KNA,St. Kitts and Nevis
2024,,KNA,St. Kitts and Nevis
2023,,KNA,St. Kitts and Nevis
2022,1.5,KNA,St. Kitts and Nevis
2021,1.6,KNA,St. Kitts and Nevis
2020,1.6,KNA,St. Kitts and Nevis
2019,1.3,KNA,St. Kitts and Nevis
2018,1.3,KNA,St. Kitts and Nevis
2017,1.3,KNA,St. Kitts and Nevis
2016,1.7,KNA,St. Kitts and Nevis
2015,1.6,KNA,St. Kitts and Nevis
2014,1.6,KNA,St. Kitts and Nevis
2013,1.4,KNA,St. Kitts and Nevis
2012,1.3,KNA,St. Kitts and Nevis
2011,0.9,KNA,St. Kitts and Nevis
2010,1.0,KNA,St. Kitts and Nevis
2009,0.0,KNA,St. Kitts and Nevis
2008,0.0,KNA,St. Kitts and Nevis
2007,0.0,KNA,St. Kitts and Nevis
2006,0.0,KNA,St. Kitts and Nevis
2005,25.3,KNA,St. Kitts and Nevis
2004,22.0,KNA,St. Kitts and Nevis
2003,26.3,KNA,St. Kitts and Nevis
2002,24.3,KNA,St. Kitts and Nevis
2001,26.0,KNA,St. Kitts and Nevis
2000,26.4,KNA,St. Kitts and Nevis
1999,27.2,KNA,St. Kitts and Nevis
1998,32.0,KNA,St. Kitts and Nevis
1997,33.9,KNA,St. Kitts and Nevis
1996,30.4,KNA,St. Kitts and Nevis
1995,36.5,KNA,St. Kitts and Nevis
1994,41.1,KNA,St. Kitts and Nevis
1993,38.6,KNA,St. Kitts and Nevis
1992,33.6,KNA,St. Kitts and Nevis
1991,33.9,KNA,St. Kitts and Nevis
1990,39.9,KNA,St. Kitts and Nevis
1989,,KNA,St. Kitts and Nevis
1988,,KNA,St. Kitts and Nevis
1987,,KNA,St. Kitts and Nevis
1986,,KNA,St. Kitts and Nevis
1985,,KNA,St. Kitts and Nevis
1984,,KNA,St. Kitts and Nevis
1983,,KNA,St. Kitts and Nevis
1982,,KNA,St. Kitts and Nevis
1981,,KNA,St. Kitts and Nevis
1980,,KNA,St. Kitts and Nevis
1979,,KNA,St. Kitts and Nevis
1978,,KNA,St. Kitts and Nevis
1977,,KNA,St. Kitts and Nevis
1976,,KNA,St. Kitts and Nevis
1975,,KNA,St. Kitts and Nevis
1974,,KNA,St. Kitts and Nevis
1973,,KNA,St. Kitts and Nevis
1972,,KNA,St. Kitts and Nevis
1971,,KNA,St. Kitts and Nevis
1970,,KNA,St. Kitts and Nevis
1969,,KNA,St. Kitts and Nevis
1968,,KNA,St. Kitts and Nevis
1967,,KNA,St. Kitts and Nevis
1966,,KNA,St. Kitts and Nevis
1965,,KNA,St. Kitts and Nevis
1964,,KNA,St. Kitts and Nevis
1963,,KNA,St. Kitts and Nevis
1962,,KNA,St. Kitts and Nevis
1961,,KNA,St. Kitts and Nevis
1960,,KNA,St. Kitts and Nevis
2025,,LCA,St. Lucia
2024,,LCA,St. Lucia
2023,,LCA,St. Lucia
2022,9.7,LCA,St. Lucia
2021,9.7,LCA,St. Lucia
2020,10.0,LCA,St. Lucia
2019,10.0,LCA,St. Lucia
2018,10.2,LCA,St. Lucia
2017,10.2,LCA,St. Lucia
2016,11.2,LCA,St. Lucia
2015,11.5,LCA,St. Lucia
2014,11.7,LCA,St. Lucia
2013,12.1,LCA,St. Lucia
2012,12.4,LCA,St. Lucia
2011,12.9,LCA,St. Lucia
2010,13.2,LCA,St. Lucia
2009,15.1,LCA,St. Lucia
2008,15.5,LCA,St. Lucia
2007,16.3,LCA,St. Lucia
2006,16.9,LCA,St. Lucia
2005,18.4,LCA,St. Lucia
2004,18.4,LCA,St. Lucia
2003,20.0,LCA,St. Lucia
2002,21.7,LCA,St. Lucia
2001,22.2,LCA,St. Lucia
2000,24.0,LCA,St. Lucia
1999,24.0,LCA,St. Lucia
1998,25.1,LCA,St. Lucia
1997,27.7,LCA,St. Lucia
1996,27.4,LCA,St. Lucia
1995,29.7,LCA,St. Lucia
1994,30.8,LCA,St. Lucia
1993,33.8,LCA,St. Lucia
1992,36.7,LCA,St. Lucia
1991,41.2,LCA,St. Lucia
1990,43.1,LCA,St. Lucia
1989,,LCA,St. Lucia
1988,,LCA,St. Lucia
1987,,LCA,St. Lucia
1986,,LCA,St. Lucia
1985,,LCA,St. Lucia
1984,,LCA,St. Lucia
1983,,LCA,St. Lucia
1982,,LCA,St. Lucia
1981,,LCA,St. Lucia
1980,,LCA,St. Lucia
1979,,LCA,St. Lucia
1978,,LCA,St. Lucia
1977,,LCA,St. Lucia
1976,,LCA,St. Lucia
1975,,LCA,St. Lucia
1974,,LCA,St. Lucia
1973,,LCA,St. Lucia
1972,,LCA,St. Lucia
1971,,LCA,St. Lucia
1970,,LCA,St. Lucia
1969,,LCA,St. Lucia
1968,,LCA,St. Lucia
1967,,LCA,St. Lucia
1966,,LCA,St. Lucia
1965,,LCA,St. Lucia
1964,,LCA,St. Lucia
1963,,LCA,St. Lucia
1962,,LCA,St. Lucia
1961,,LCA,St. Lucia
1960,,LCA,St. Lucia
2025,,MAF,St. Martin (French part)
2024,,MAF,St. Martin (French part)
2023,,MAF,St. Martin (French part)
2022,,MAF,St. Martin (French part)
2021,,MAF,St. Martin (French part)
2020,,MAF,St. Martin (French part)
2019,,MAF,St. Martin (French part)
2018,,MAF,St. Martin (French part)
2017,,MAF,St. Martin (French part)
2016,,MAF,St. Martin (French part)
2015,,MAF,St. Martin (French part)
2014,,MAF,St. Martin (French part)
2013,,MAF,St. Martin (French part)
2012,,MAF,St. Martin (French part)
2011,,MAF,St. Martin (French part)
2010,,MAF,St. Martin (French part)
2009,,MAF,St. Martin (French part)
2008,,MAF,St. Martin (French part)
2007,,MAF,St. Martin (French part)
2006,,MAF,St. Martin (French part)
2005,,MAF,St. Martin (French part)
2004,,MAF,St. Martin (French part)
2003,,MAF,St. Martin (French part)
2002,,MAF,St. Martin (French part)
2001,,MAF,St. Martin (French part)
2000,,MAF,St. Martin (French part)
1999,,MAF,St. Martin (French part)
1998,,MAF,St. Martin (French part)
1997,,MAF,St. Martin (French part)
1996,,MAF,St. Martin (French part)
1995,,MAF,St. Martin (French part)
1994,,MAF,St. Martin (French part)
1993,,MAF,St. Martin (French part)
1992,,MAF,St. Martin (French part)
1991,,MAF,St. Martin (French part)
1990,,MAF,St. Martin (French part)
1989,,MAF,St. Martin (French part)
1988,,MAF,St. Martin (French part)
1987,,MAF,St. Martin (French part)
1986,,MAF,St. Martin (French part)
1985,,MAF,St. Martin (French part)
1984,,MAF,St. Martin (French part)
1983,,MAF,St. Martin (French part)
1982,,MAF,St. Martin (French part)
1981,,MAF,St. Martin (French part)
1980,,MAF,St. Martin (French part)
1979,,MAF,St. Martin (French part)
1978,,MAF,St. Martin (French part)
1977,,MAF,St. Martin (French part)
1976,,MAF,St. Martin (French part)
1975,,MAF,St. Martin (French part)
1974,,MAF,St. Martin (French part)
1973,,MAF,St. Martin (French part)
1972,,MAF,St. Martin (French part)
1971,,MAF,St. Martin (French part)
1970,,MAF,St. Martin (French part)
1969,,MAF,St. Martin (French part)
1968,,MAF,St. Martin (French part)
1967,,MAF,St. Martin (French part)
1966,,MAF,St. Martin (French part)
1965,,MAF,St. Martin (French part)
1964,,MAF,St. Martin (French part)
1963,,MAF,St. Martin (French part)
1962,,MAF,St. Martin (French part)
1961,,MAF,St. Martin (French part)
1960,,MAF,St. Martin (French part)
2025,,VCT,St. Vincent and the Grenadines
2024,,VCT,St. Vincent and the Grenadines
2023,,VCT,St. Vincent and the Grenadines
2022,5.1,VCT,St. Vincent and the Grenadines
2021,5.0,VCT,St. Vincent and the Grenadines
2020,5.2,VCT,St. Vincent and the Grenadines
2019,5.4,VCT,St. Vincent and the Grenadines
2018,4.9,VCT,St. Vincent and the Grenadines
2017,5.3,VCT,St. Vincent and the Grenadines
2016,4.1,VCT,St. Vincent and the Grenadines
2015,4.3,VCT,St. Vincent and the Grenadines
2014,3.3,VCT,St. Vincent and the Grenadines
2013,5.4,VCT,St. Vincent and the Grenadines
2012,5.0,VCT,St. Vincent and the Grenadines
2011,6.1,VCT,St. Vincent and the Grenadines
2010,5.1,VCT,St. Vincent and the Grenadines
2009,4.1,VCT,St. Vincent and the Grenadines
2008,5.3,VCT,St. Vincent and the Grenadines
2007,4.7,VCT,St. Vincent and the Grenadines
2006,5.3,VCT,St. Vincent and the Grenadines
2005,5.8,VCT,St. Vincent and the Grenadines
2004,5.9,VCT,St. Vincent and the Grenadines
2003,5.6,VCT,St. Vincent and the Grenadines
2002,6.1,VCT,St. Vincent and the Grenadines
2001,6.2,VCT,St. Vincent and the Grenadines
2000,8.5,VCT,St. Vincent and the Grenadines
1999,6.5,VCT,St. Vincent and the Grenadines
1998,7.2,VCT,St. Vincent and the Grenadines
1997,8.8,VCT,St. Vincent and the Grenadines
1996,9.0,VCT,St. Vincent and the Grenadines
1995,9.1,VCT,St. Vincent and the Grenadines
1994,10.5,VCT,St. Vincent and the Grenadines
1993,12.3,VCT,St. Vincent and the Grenadines
1992,13.2,VCT,St. Vincent and the Grenadines
1991,11.6,VCT,St. Vincent and the Grenadines
1990,15.4,VCT,St. Vincent and the Grenadines
1989,,VCT,St. Vincent and the Grenadines
1988,,VCT,St. Vincent and the Grenadines
1987,,VCT,St. Vincent and the Grenadines
1986,,VCT,St. Vincent and the Grenadines
1985,,VCT,St. Vincent and the Grenadines
1984,,VCT,St. Vincent and the Grenadines
1983,,VCT,St. Vincent and the Grenadines
1982,,VCT,St. Vincent and the Grenadines
1981,,VCT,St. Vincent and the Grenadines
1980,,VCT,St. Vincent and the Grenadines
1979,,VCT,St. Vincent and the Grenadines
1978,,VCT,St. Vincent and the Grenadines
1977,,VCT,St. Vincent and the Grenadines
1976,,VCT,St. Vincent and the Grenadines
1975,,VCT,St. Vincent and the Grenadines
1974,,VCT,St. Vincent and the Grenadines
1973,,VCT,St. Vincent and the Grenadines
1972,,VCT,St. Vincent and the Grenadines
1971,,VCT,St. Vincent and the Grenadines
1970,,VCT,St. Vincent and the Grenadines
1969,,VCT,St. Vincent and the Grenadines
1968,,VCT,St. Vincent and the Grenadines
1967,,VCT,St. Vincent and the Grenadines
1966,,VCT,St. Vincent and the Grenadines
1965,,VCT,St. Vincent and the Grenadines
1964,,VCT,St. Vincent and the Grenadines
1963,,VCT,St. Vincent and the Grenadines
1962,,VCT,St. Vincent and the Grenadines
1961,,VCT,St. Vincent and the Grenadines
1960,,VCT,St. Vincent and the Grenadines
2025,,SDN,Sudan
2024,,SDN,Sudan
2023,,SDN,Sudan
2022,,SDN,Sudan
2021,61.0,SDN,Sudan
2020,62.6,SDN,Sudan
2019,59.4,SDN,Sudan
2018,59.8,SDN,Sudan
2017,59.4,SDN,Sudan
2016,58.9,SDN,Sudan
2015,61.9,SDN,Sudan
2014,63.7,SDN,Sudan
2013,64.3,SDN,Sudan
2012,63.7,SDN,Sudan
2011,63.7,SDN,Sudan
2010,61.3,SDN,Sudan
2009,63.1,SDN,Sudan
2008,63.5,SDN,Sudan
2007,65.6,SDN,Sudan
2006,69.2,SDN,Sudan
2005,72.3,SDN,Sudan
2004,75.4,SDN,Sudan
2003,77.0,SDN,Sudan
2002,76.8,SDN,Sudan
2001,79.4,SDN,Sudan
2000,80.4,SDN,Sudan
1999,80.8,SDN,Sudan
1998,81.9,SDN,Sudan
1997,80.5,SDN,Sudan
1996,83.6,SDN,Sudan
1995,81.5,SDN,Sudan
1994,79.5,SDN,Sudan
1993,85.6,SDN,Sudan
1992,77.4,SDN,Sudan
1991,76.2,SDN,Sudan
1990,73.3,SDN,Sudan
1989,,SDN,Sudan
1988,,SDN,Sudan
1987,,SDN,Sudan
1986,,SDN,Sudan
1985,,SDN,Sudan
1984,,SDN,Sudan
1983,,SDN,Sudan
1982,,SDN,Sudan
1981,,SDN,Sudan
1980,,SDN,Sudan
1979,,SDN,Sudan
1978,,SDN,Sudan
1977,,SDN,Sudan
1976,,SDN,Sudan
1975,,SDN,Sudan
1974,,SDN,Sudan
1973,,SDN,Sudan
1972,,SDN,Sudan
1971,,SDN,Sudan
1970,,SDN,Sudan
1969,,SDN,Sudan
1968,,SDN,Sudan
1967,,SDN,Sudan
1966,,SDN,Sudan
1965,,SDN,Sudan
1964,,SDN,Sudan
1963,,SDN,Sudan
1962,,SDN,Sudan
1961,,SDN,Sudan
1960,,SDN,Sudan
2025,,SUR,Suriname
2024,,SUR,Suriname
2023,,SUR,Suriname
2022,,SUR,Suriname
2021,14.5,SUR,Suriname
2020,14.6,SUR,Suriname
2019,14.9,SUR,Suriname
2018,18.3,SUR,Suriname
2017,15.5,SUR,Suriname
2016,11.1,SUR,Suriname
2015,11.6,SUR,Suriname
2014,12.8,SUR,Suriname
2013,17.6,SUR,Suriname
2012,15.8,SUR,Suriname
2011,21.2,SUR,Suriname
2010,22.1,SUR,Suriname
2009,26.5,SUR,Suriname
2008,26.2,SUR,Suriname
2007,24.6,SUR,Suriname
2006,22.1,SUR,Suriname
2005,18.9,SUR,Suriname
2004,22.6,SUR,Suriname
2003,24.6,SUR,Suriname
2002,27.8,SUR,Suriname
2001,24.1,SUR,Suriname
2000,23.6,SUR,Suriname
1999,,SUR,Suriname
1998,,SUR,Suriname
1997,,SUR,Suriname
1996,,SUR,Suriname
1995,,SUR,Suriname
1994,,SUR,Suriname
1993,,SUR,Suriname
1992,,SUR,Suriname
1991,,SUR,Suriname
1990,,SUR,Suriname
1989,,SUR,Suriname
1988,,SUR,Suriname
1987,,SUR,Suriname
1986,,SUR,Suriname
1985,,SUR,Suriname
1984,,SUR,Suriname
1983,,SUR,Suriname
1982,,SUR,Suriname
1981,,SUR,Suriname
1980,,SUR,Suriname
1979,,SUR,Suriname
1978,,SUR,Suriname
1977,,SUR,Suriname
1976,,SUR,Suriname
1975,,SUR,Suriname
1974,,SUR,Suriname
1973,,SUR,Suriname
1972,,SUR,Suriname
1971,,SUR,Suriname
1970,,SUR,Suriname
1969,,SUR,Suriname
1968,,SUR,Suriname
1967,,SUR,Suriname
1966,,SUR,Suriname
1965,,SUR,Suriname
1964,,SUR,Suriname
1963,,SUR,Suriname
1962,,SUR,Suriname
1961,,SUR,Suriname
1960,,SUR,Suriname
2025,,SWE,Sweden
2024,,SWE,Sweden
2023,,SWE,Sweden
2022,,SWE,Sweden
2021,57.9,SWE,Sweden
2020,57.8,SWE,Sweden
2019,52.9,SWE,Sweden
2018,51.6,SWE,Sweden
2017,51.8,SWE,Sweden
2016,50.9,SWE,Sweden
2015,51.9,SWE,Sweden
2014,48.6,SWE,Sweden
2013,47.3,SWE,Sweden
2012,48.3,SWE,Sweden
2011,45.4,SWE,Sweden
2010,44.7,SWE,Sweden
2009,45.7,SWE,Sweden
2008,43.2,SWE,Sweden
2007,41.8,SWE,Sweden
2006,40.1,SWE,Sweden
2005,39.3,SWE,Sweden
2004,35.5,SWE,Sweden
2003,34.6,SWE,Sweden
2002,35.9,SWE,Sweden
2001,37.4,SWE,Sweden
2000,39.8,SWE,Sweden
1999,34.6,SWE,Sweden
1998,35.5,SWE,Sweden
1997,35.5,SWE,Sweden
1996,31.4,SWE,Sweden
1995,33.9,SWE,Sweden
1994,31.4,SWE,Sweden
1993,34.4,SWE,Sweden
1992,33.2,SWE,Sweden
1991,32.5,SWE,Sweden
1990,34.1,SWE,Sweden
1989,,SWE,Sweden
1988,,SWE,Sweden
1987,,SWE,Sweden
1986,,SWE,Sweden
1985,,SWE,Sweden
1984,,SWE,Sweden
1983,,SWE,Sweden
1982,,SWE,Sweden
1981,,SWE,Sweden
1980,,SWE,Sweden
1979,,SWE,Sweden
1978,,SWE,Sweden
1977,,SWE,Sweden
1976,,SWE,Sweden
1975,,SWE,Sweden
1974,,SWE,Sweden
1973,,SWE,Sweden
1972,,SWE,Sweden
1971,,SWE,Sweden
1970,,SWE,Sweden
1969,,SWE,Sweden
1968,,SWE,Sweden
1967,,SWE,Sweden
1966,,SWE,Sweden
1965,,SWE,Sweden
1964,,SWE,Sweden
1963,,SWE,Sweden
1962,,SWE,Sweden
1961,,SWE,Sweden
1960,,SWE,Sweden
2025,,CHE,Switzerland
2024,,CHE,Switzerland
2023,,CHE,Switzerland
2022,,CHE,Switzerland
2021,27.7,CHE,Switzerland
2020,26.4,CHE,Switzerland
2019,24.8,CHE,Switzerland
2018,24.2,CHE,Switzerland
2017,25.0,CHE,Switzerland
2016,24.1,CHE,Switzerland
2015,23.9,CHE,Switzerland
2014,22.2,CHE,Switzerland
2013,21.8,CHE,Switzerland
2012,21.9,CHE,Switzerland
2011,20.6,CHE,Switzerland
2010,20.6,CHE,Switzerland
2009,20.0,CHE,Switzerland
2008,19.6,CHE,Switzerland
2007,19.3,CHE,Switzerland
2006,18.1,CHE,Switzerland
2005,18.7,CHE,Switzerland
2004,18.1,CHE,Switzerland
2003,18.0,CHE,Switzerland
2002,18.2,CHE,Switzerland
2001,18.7,CHE,Switzerland
2000,18.2,CHE,Switzerland
1999,18.4,CHE,Switzerland
1998,17.1,CHE,Switzerland
1997,17.4,CHE,Switzerland
1996,16.7,CHE,Switzerland
1995,17.6,CHE,Switzerland
1994,18.3,CHE,Switzerland
1993,18.0,CHE,Switzerland
1992,17.0,CHE,Switzerland
1991,17.1,CHE,Switzerland
1990,16.8,CHE,Switzerland
1989,,CHE,Switzerland
1988,,CHE,Switzerland
1987,,CHE,Switzerland
1986,,CHE,Switzerland
1985,,CHE,Switzerland
1984,,CHE,Switzerland
1983,,CHE,Switzerland
1982,,CHE,Switzerland
1981,,CHE,Switzerland
1980,,CHE,Switzerland
1979,,CHE,Switzerland
1978,,CHE,Switzerland
1977,,CHE,Switzerland
1976,,CHE,Switzerland
1975,,CHE,Switzerland
1974,,CHE,Switzerland
1973,,CHE,Switzerland
1972,,CHE,Switzerland
1971,,CHE,Switzerland
1970,,CHE,Switzerland
1969,,CHE,Switzerland
1968,,CHE,Switzerland
1967,,CHE,Switzerland
1966,,CHE,Switzerland
1965,,CHE,Switzerland
1964,,CHE,Switzerland
1963,,CHE,Switzerland
1962,,CHE,Switzerland
1961,,CHE,Switzerland
1960,,CHE,Switzerland
2025,,SYR,Syrian Arab Republic
2024,,SYR,Syrian Arab Republic
2023,,SYR,Syrian Arab Republic
2022,,SYR,Syrian Arab Republic
2021,1.1,SYR,Syrian Arab Republic
2020,1.1,SYR,Syrian Arab Republic
2019,1.0,SYR,Syrian Arab Republic
2018,0.9,SYR,Syrian Arab Republic
2017,1.1,SYR,Syrian Arab Republic
2016,1.3,SYR,Syrian Arab Republic
2015,0.6,SYR,Syrian Arab Republic
2014,2.7,SYR,Syrian Arab Republic
2013,3.1,SYR,Syrian Arab Republic
2012,2.0,SYR,Syrian Arab Republic
2011,1.6,SYR,Syrian Arab Republic
2010,1.4,SYR,Syrian Arab Republic
2009,0.9,SYR,Syrian Arab Republic
2008,1.2,SYR,Syrian Arab Republic
2007,1.5,SYR,Syrian Arab Republic
2006,1.8,SYR,Syrian Arab Republic
2005,2.1,SYR,Syrian Arab Republic
2004,2.6,SYR,Syrian Arab Republic
2003,1.9,SYR,Syrian Arab Republic
2002,1.6,SYR,Syrian Arab Republic
2001,2.1,SYR,Syrian Arab Republic
2000,2.0,SYR,Syrian Arab Republic
1999,1.8,SYR,Syrian Arab Republic
1998,1.6,SYR,Syrian Arab Republic
1997,1.7,SYR,Syrian Arab Republic
1996,1.6,SYR,Syrian Arab Republic
1995,1.8,SYR,Syrian Arab Republic
1994,2.0,SYR,Syrian Arab Republic
1993,2.2,SYR,Syrian Arab Republic
1992,2.2,SYR,Syrian Arab Republic
1991,2.1,SYR,Syrian Arab Republic
1990,2.4,SYR,Syrian Arab Republic
1989,,SYR,Syrian Arab Republic
1988,,SYR,Syrian Arab Republic
1987,,SYR,Syrian Arab Republic
1986,,SYR,Syrian Arab Republic
1985,,SYR,Syrian Arab Republic
1984,,SYR,Syrian Arab Republic
1983,,SYR,Syrian Arab Republic
1982,,SYR,Syrian Arab Republic
1981,,SYR,Syrian Arab Republic
1980,,SYR,Syrian Arab Republic
1979,,SYR,Syrian Arab Republic
1978,,SYR,Syrian Arab Republic
1977,,SYR,Syrian Arab Republic
1976,,SYR,Syrian Arab Republic
1975,,SYR,Syrian Arab Republic
1974,,SYR,Syrian Arab Republic
1973,,SYR,Syrian Arab Republic
1972,,SYR,Syrian Arab Republic
1971,,SYR,Syrian Arab Republic
1970,,SYR,Syrian Arab Republic
1969,,SYR,Syrian Arab Republic
1968,,SYR,Syrian Arab Republic
1967,,SYR,Syrian Arab Republic
1966,,SYR,Syrian Arab Republic
1965,,SYR,Syrian Arab Republic
1964,,SYR,Syrian Arab Republic
1963,,SYR,Syrian Arab Republic
1962,,SYR,Syrian Arab Republic
1961,,SYR,Syrian Arab Republic
1960,,SYR,Syrian Arab Republic
2025,,TJK,Tajikistan
2024,,TJK,Tajikistan
2023,,TJK,Tajikistan
2022,,TJK,Tajikistan
2021,34.9,TJK,Tajikistan
2020,38.8,TJK,Tajikistan
2019,40.1,TJK,Tajikistan
2018,41.6,TJK,Tajikistan
2017,44.2,TJK,Tajikistan
2016,43.7,TJK,Tajikistan
2015,48.1,TJK,Tajikistan
2014,45.9,TJK,Tajikistan
2013,55.1,TJK,Tajikistan
2012,55.8,TJK,Tajikistan
2011,60.0,TJK,Tajikistan
2010,61.8,TJK,Tajikistan
2009,60.6,TJK,Tajikistan
2008,54.6,TJK,Tajikistan
2007,53.8,TJK,Tajikistan
2006,61.6,TJK,Tajikistan
2005,63.7,TJK,Tajikistan
2004,61.4,TJK,Tajikistan
2003,64.6,TJK,Tajikistan
2002,64.2,TJK,Tajikistan
2001,64.1,TJK,Tajikistan
2000,62.4,TJK,Tajikistan
1999,59.7,TJK,Tajikistan
1998,55.8,TJK,Tajikistan
1997,56.8,TJK,Tajikistan
1996,62.7,TJK,Tajikistan
1995,60.6,TJK,Tajikistan
1994,57.2,TJK,Tajikistan
1993,44.0,TJK,Tajikistan
1992,37.4,TJK,Tajikistan
1991,31.0,TJK,Tajikistan
1990,29.6,TJK,Tajikistan
1989,,TJK,Tajikistan
1988,,TJK,Tajikistan
1987,,TJK,Tajikistan
1986,,TJK,Tajikistan
1985,,TJK,Tajikistan
1984,,TJK,Tajikistan
1983,,TJK,Tajikistan
1982,,TJK,Tajikistan
1981,,TJK,Tajikistan
1980,,TJK,Tajikistan
1979,,TJK,Tajikistan
1978,,TJK,Tajikistan
1977,,TJK,Tajikistan
1976,,TJK,Tajikistan
1975,,TJK,Tajikistan
1974,,TJK,Tajikistan
1973,,TJK,Tajikistan
1972,,TJK,Tajikistan
1971,,TJK,Tajikistan
1970,,TJK,Tajikistan
1969,,TJK,Tajikistan
1968,,TJK,Tajikistan
1967,,TJK,Tajikistan
1966,,TJK,Tajikistan
1965,,TJK,Tajikistan
1964,,TJK,Tajikistan
1963,,TJK,Tajikistan
1962,,TJK,Tajikistan
1961,,TJK,Tajikistan
1960,,TJK,Tajikistan
2025,,TZA,Tanzania
2024,,TZA,Tanzania
2023,,TZA,Tanzania
2022,,TZA,Tanzania
2021,78.3,TZA,Tanzania
2020,80.8,TZA,Tanzania
2019,80.4,TZA,Tanzania
2018,81.3,TZA,Tanzania
2017,82.0,TZA,Tanzania
2016,81.7,TZA,Tanzania
2015,82.8,TZA,Tanzania
2014,84.7,TZA,Tanzania
2013,84.5,TZA,Tanzania
2012,85.2,TZA,Tanzania
2011,87.6,TZA,Tanzania
2010,89.4,TZA,Tanzania
2009,91.0,TZA,Tanzania
2008,90.3,TZA,Tanzania
2007,90.6,TZA,Tanzania
2006,89.9,TZA,Tanzania
2005,90.3,TZA,Tanzania
2004,91.3,TZA,Tanzania
2003,92.4,TZA,Tanzania
2002,92.4,TZA,Tanzania
2001,93.1,TZA,Tanzania
2000,93.6,TZA,Tanzania
1999,94.2,TZA,Tanzania
1998,93.1,TZA,Tanzania
1997,92.7,TZA,Tanzania
1996,92.1,TZA,Tanzania
1995,93.3,TZA,Tanzania
1994,95.2,TZA,Tanzania
1993,94.1,TZA,Tanzania
1992,93.7,TZA,Tanzania
1991,93.6,TZA,Tanzania
1990,93.3,TZA,Tanzania
1989,,TZA,Tanzania
1988,,TZA,Tanzania
1987,,TZA,Tanzania
1986,,TZA,Tanzania
1985,,TZA,Tanzania
1984,,TZA,Tanzania
1983,,TZA,Tanzania
1982,,TZA,Tanzania
1981,,TZA,Tanzania
1980,,TZA,Tanzania
1979,,TZA,Tanzania
1978,,TZA,Tanzania
1977,,TZA,Tanzania
1976,,TZA,Tanzania
1975,,TZA,Tanzania
1974,,TZA,Tanzania
1973,,TZA,Tanzania
1972,,TZA,Tanzania
1971,,TZA,Tanzania
1970,,TZA,Tanzania
1969,,TZA,Tanzania
1968,,TZA,Tanzania
1967,,TZA,Tanzania
1966,,TZA,Tanzania
1965,,TZA,Tanzania
1964,,TZA,Tanzania
1963,,TZA,Tanzania
1962,,TZA,Tanzania
1961,,TZA,Tanzania
1960,,TZA,Tanzania
2025,,THA,Thailand
2024,,THA,Thailand
2023,,THA,Thailand
2022,,THA,Thailand
2021,19.0,THA,Thailand
2020,20.9,THA,Thailand
2019,23.9,THA,Thailand
2018,23.7,THA,Thailand
2017,22.2,THA,Thailand
2016,22.4,THA,Thailand
2015,22.6,THA,Thailand
2014,24.4,THA,Thailand
2013,23.2,THA,Thailand
2012,23.6,THA,Thailand
2011,23.0,THA,Thailand
2010,22.8,THA,Thailand
2009,22.8,THA,Thailand
2008,22.6,THA,Thailand
2007,21.6,THA,Thailand
2006,20.5,THA,Thailand
2005,20.1,THA,Thailand
2004,19.9,THA,Thailand
2003,20.2,THA,Thailand
2002,19.9,THA,Thailand
2001,19.9,THA,Thailand
2000,21.8,THA,Thailand
1999,21.1,THA,Thailand
1998,21.5,THA,Thailand
1997,21.1,THA,Thailand
1996,21.0,THA,Thailand
1995,22.6,THA,Thailand
1994,23.8,THA,Thailand
1993,26.4,THA,Thailand
1992,31.7,THA,Thailand
1991,33.0,THA,Thailand
1990,33.5,THA,Thailand
1989,,THA,Thailand
1988,,THA,Thailand
1987,,THA,Thailand
1986,,THA,Thailand
1985,,THA,Thailand
1984,,THA,Thailand
1983,,THA,Thailand
1982,,THA,Thailand
1981,,THA,Thailand
1980,,THA,Thailand
1979,,THA,Thailand
1978,,THA,Thailand
1977,,THA,Thailand
1976,,THA,Thailand
1975,,THA,Thailand
1974,,THA,Thailand
1973,,THA,Thailand
1972,,THA,Thailand
1971,,THA,Thailand
1970,,THA,Thailand
1969,,THA,Thailand
1968,,THA,Thailand
1967,,THA,Thailand
1966,,THA,Thailand
1965,,THA,Thailand
1964,,THA,Thailand
1963,,THA,Thailand
1962,,THA,Thailand
1961,,THA,Thailand
1960,,THA,Thailand
2025,,TLS,Timor-Leste
2024,,TLS,Timor-Leste
2023,,TLS,Timor-Leste
2022,11.4,TLS,Timor-Leste
2021,12.1,TLS,Timor-Leste
2020,11.4,TLS,Timor-Leste
2019,11.7,TLS,Timor-Leste
2018,12.7,TLS,Timor-Leste
2017,13.2,TLS,Timor-Leste
2016,12.7,TLS,Timor-Leste
2015,18.0,TLS,Timor-Leste
2014,18.1,TLS,Timor-Leste
2013,22.6,TLS,Timor-Leste
2012,25.6,TLS,Timor-Leste
2011,32.8,TLS,Timor-Leste
2010,34.8,TLS,Timor-Leste
2009,36.9,TLS,Timor-Leste
2008,39.7,TLS,Timor-Leste
2007,41.9,TLS,Timor-Leste
2006,41.9,TLS,Timor-Leste
2005,43.6,TLS,Timor-Leste
2004,44.0,TLS,Timor-Leste
2003,47.9,TLS,Timor-Leste
2002,48.2,TLS,Timor-Leste
2001,,TLS,Timor-Leste
2000,,TLS,Timor-Leste
1999,,TLS,Timor-Leste
1998,,TLS,Timor-Leste
1997,,TLS,Timor-Leste
1996,,TLS,Timor-Leste
1995,,TLS,Timor-Leste
1994,,TLS,Timor-Leste
1993,,TLS,Timor-Leste
1992,,TLS,Timor-Leste
1991,,TLS,Timor-Leste
1990,,TLS,Timor-Leste
1989,,TLS,Timor-Leste
1988,,TLS,Timor-Leste
1987,,TLS,Timor-Leste
1986,,TLS,Timor-Leste
1985,,TLS,Timor-Leste
1984,,TLS,Timor-Leste
1983,,TLS,Timor-Leste
1982,,TLS,Timor-Leste
1981,,TLS,Timor-Leste
1980,,TLS,Timor-Leste
1979,,TLS,Timor-Leste
1978,,TLS,Timor-Leste
1977,,TLS,Timor-Leste
1976,,TLS,Timor-Leste
1975,,TLS,Timor-Leste
1974,,TLS,Timor-Leste
1973,,TLS,Timor-Leste
1972,,TLS,Timor-Leste
1971,,TLS,Timor-Leste
1970,,TLS,Timor-Leste
1969,,TLS,Timor-Leste
1968,,TLS,Timor-Leste
1967,,TLS,Timor-Leste
1966,,TLS,Timor-Leste
1965,,TLS,Timor-Leste
1964,,TLS,Timor-Leste
1963,,TLS,Timor-Leste
1962,,TLS,Timor-Leste
1961,,TLS,Timor-Leste
1960,,TLS,Timor-Leste
2025,,TGO,Togo
2024,,TGO,Togo
2023,,TGO,Togo
2022,,TGO,Togo
2021,75.1,TGO,Togo
2020,76.2,TGO,Togo
2019,78.6,TGO,Togo
2018,76.7,TGO,Togo
2017,78.4,TGO,Togo
2016,80.7,TGO,Togo
2015,81.0,TGO,Togo
2014,81.4,TGO,Togo
2013,76.2,TGO,Togo
2012,72.7,TGO,Togo
2011,69.1,TGO,Togo
2010,65.8,TGO,Togo
2009,63.4,TGO,Togo
2008,76.5,TGO,Togo
2007,79.9,TGO,Togo
2006,79.7,TGO,Togo
2005,77.2,TGO,Togo
2004,76.1,TGO,Togo
2003,74.8,TGO,Togo
2002,78.7,TGO,Togo
2001,82.0,TGO,Togo
2000,77.1,TGO,Togo
1999,73.1,TGO,Togo
1998,77.8,TGO,Togo
1997,79.6,TGO,Togo
1996,73.1,TGO,Togo
1995,81.5,TGO,Togo
1994,81.6,TGO,Togo
1993,91.5,TGO,Togo
1992,85.8,TGO,Togo
1991,82.1,TGO,Togo
1990,78.7,TGO,Togo
1989,,TGO,Togo
1988,,TGO,Togo
1987,,TGO,Togo
1986,,TGO,Togo
1985,,TGO,Togo
1984,,TGO,Togo
1983,,TGO,Togo
1982,,TGO,Togo
1981,,TGO,Togo
1980,,TGO,Togo
1979,,TGO,Togo
1978,,TGO,Togo
1977,,TGO,Togo
1976,,TGO,Togo
1975,,TGO,Togo
1974,,TGO,Togo
1973,,TGO,Togo
1972,,TGO,Togo
1971,,TGO,Togo
1970,,TGO,Togo
1969,,TGO,Togo
1968,,TGO,Togo
1967,,TGO,Togo
1966,,TGO,Togo
1965,,TGO,Togo
1964,,TGO,Togo
1963,,TGO,Togo
1962,,TGO,Togo
1961,,TGO,Togo
1960,,TGO,Togo
2025,,TON,Tonga
2024,,TON,Tonga
2023,,TON,Tonga
2022,2.3,TON,Tonga
2021,1.8,TON,Tonga
2020,1.9,TON,Tonga
2019,1.8,TON,Tonga
2018,1.8,TON,Tonga
2017,2.0,TON,Tonga
2016,2.0,TON,Tonga
2015,1.9,TON,Tonga
2014,1.7,TON,Tonga
2013,1.6,TON,Tonga
2012,1.1,TON,Tonga
2011,1.1,TON,Tonga
2010,1.0,TON,Tonga
2009,1.8,TON,Tonga
2008,2.0,TON,Tonga
2007,2.2,TON,Tonga
2006,1.9,TON,Tonga
2005,2.1,TON,Tonga
2004,2.1,TON,Tonga
2003,2.0,TON,Tonga
2002,2.5,TON,Tonga
2001,2.7,TON,Tonga
2000,2.5,TON,Tonga
1999,1.0,TON,Tonga
1998,1.2,TON,Tonga
1997,1.3,TON,Tonga
1996,1.5,TON,Tonga
1995,1.2,TON,Tonga
1994,1.2,TON,Tonga
1993,1.4,TON,Tonga
1992,1.6,TON,Tonga
1991,1.3,TON,Tonga
1990,1.4,TON,Tonga
1989,,TON,Tonga
1988,,TON,Tonga
1987,,TON,Tonga
1986,,TON,Tonga
1985,,TON,Tonga
1984,,TON,Tonga
1983,,TON,Tonga
1982,,TON,Tonga
1981,,TON,Tonga
1980,,TON,Tonga
1979,,TON,Tonga
1978,,TON,Tonga
1977,,TON,Tonga
1976,,TON,Tonga
1975,,TON,Tonga
1974,,TON,Tonga
1973,,TON,Tonga
1972,,TON,Tonga
1971,,TON,Tonga
1970,,TON,Tonga
1969,,TON,Tonga
1968,,TON,Tonga
1967,,TON,Tonga
1966,,TON,Tonga
1965,,TON,Tonga
1964,,TON,Tonga
1963,,TON,Tonga
1962,,TON,Tonga
1961,,TON,Tonga
1960,,TON,Tonga
2025,,TTO,Trinidad and Tobago
2024,,TTO,Trinidad and Tobago
2023,,TTO,Trinidad and Tobago
2022,,TTO,Trinidad and Tobago
2021,0.5,TTO,Trinidad and Tobago
2020,0.5,TTO,Trinidad and Tobago
2019,0.4,TTO,Trinidad and Tobago
2018,0.5,TTO,Trinidad and Tobago
2017,0.4,TTO,Trinidad and Tobago
2016,0.4,TTO,Trinidad and Tobago
2015,0.4,TTO,Trinidad and Tobago
2014,0.3,TTO,Trinidad and Tobago
2013,0.4,TTO,Trinidad and Tobago
2012,0.4,TTO,Trinidad and Tobago
2011,0.4,TTO,Trinidad and Tobago
2010,0.4,TTO,Trinidad and Tobago
2009,0.5,TTO,Trinidad and Tobago
2008,0.5,TTO,Trinidad and Tobago
2007,0.4,TTO,Trinidad and Tobago
2006,0.6,TTO,Trinidad and Tobago
2005,0.5,TTO,Trinidad and Tobago
2004,0.6,TTO,Trinidad and Tobago
2003,0.6,TTO,Trinidad and Tobago
2002,0.7,TTO,Trinidad and Tobago
2001,0.7,TTO,Trinidad and Tobago
2000,0.8,TTO,Trinidad and Tobago
1999,0.9,TTO,Trinidad and Tobago
1998,0.9,TTO,Trinidad and Tobago
1997,0.9,TTO,Trinidad and Tobago
1996,1.0,TTO,Trinidad and Tobago
1995,1.2,TTO,Trinidad and Tobago
1994,1.3,TTO,Trinidad and Tobago
1993,1.3,TTO,Trinidad and Tobago
1992,1.3,TTO,Trinidad and Tobago
1991,1.3,TTO,Trinidad and Tobago
1990,1.2,TTO,Trinidad and Tobago
1989,,TTO,Trinidad and Tobago
1988,,TTO,Trinidad and Tobago
1987,,TTO,Trinidad and Tobago
1986,,TTO,Trinidad and Tobago
1985,,TTO,Trinidad and Tobago
1984,,TTO,Trinidad and Tobago
1983,,TTO,Trinidad and Tobago
1982,,TTO,Trinidad and Tobago
1981,,TTO,Trinidad and Tobago
1980,,TTO,Trinidad and Tobago
1979,,TTO,Trinidad and Tobago
1978,,TTO,Trinidad and Tobago
1977,,TTO,Trinidad and Tobago
1976,,TTO,Trinidad and Tobago
1975,,TTO,Trinidad and Tobago
1974,,TTO,Trinidad and Tobago
1973,,TTO,Trinidad and Tobago
1972,,TTO,Trinidad and Tobago
1971,,TTO,Trinidad and Tobago
1970,,TTO,Trinidad and Tobago
1969,,TTO,Trinidad and Tobago
1968,,TTO,Trinidad and Tobago
1967,,TTO,Trinidad and Tobago
1966,,TTO,Trinidad and Tobago
1965,,TTO,Trinidad and Tobago
1964,,TTO,Trinidad and Tobago
1963,,TTO,Trinidad and Tobago
1962,,TTO,Trinidad and Tobago
1961,,TTO,Trinidad and Tobago
1960,,TTO,Trinidad and Tobago
2025,,TUN,Tunisia
2024,,TUN,Tunisia
2023,,TUN,Tunisia
2022,,TUN,Tunisia
2021,11.6,TUN,Tunisia
2020,12.9,TUN,Tunisia
2019,12.2,TUN,Tunisia
2018,11.9,TUN,Tunisia
2017,11.8,TUN,Tunisia
2016,12.4,TUN,Tunisia
2015,12.5,TUN,Tunisia
2014,12.9,TUN,Tunisia
2013,13.2,TUN,Tunisia
2012,13.0,TUN,Tunisia
2011,13.2,TUN,Tunisia
2010,12.6,TUN,Tunisia
2009,16.1,TUN,Tunisia
2008,14.6,TUN,Tunisia
2007,14.3,TUN,Tunisia
2006,14.3,TUN,Tunisia
2005,14.2,TUN,Tunisia
2004,13.9,TUN,Tunisia
2003,14.1,TUN,Tunisia
2002,14.6,TUN,Tunisia
2001,14.2,TUN,Tunisia
2000,14.2,TUN,Tunisia
1999,14.5,TUN,Tunisia
1998,14.5,TUN,Tunisia
1997,14.4,TUN,Tunisia
1996,14.4,TUN,Tunisia
1995,14.4,TUN,Tunisia
1994,14.2,TUN,Tunisia
1993,13.9,TUN,Tunisia
1992,14.2,TUN,Tunisia
1991,14.8,TUN,Tunisia
1990,14.5,TUN,Tunisia
1989,,TUN,Tunisia
1988,,TUN,Tunisia
1987,,TUN,Tunisia
1986,,TUN,Tunisia
1985,,TUN,Tunisia
1984,,TUN,Tunisia
1983,,TUN,Tunisia
1982,,TUN,Tunisia
1981,,TUN,Tunisia
1980,,TUN,Tunisia
1979,,TUN,Tunisia
1978,,TUN,Tunisia
1977,,TUN,Tunisia
1976,,TUN,Tunisia
1975,,TUN,Tunisia
1974,,TUN,Tunisia
1973,,TUN,Tunisia
1972,,TUN,Tunisia
1971,,TUN,Tunisia
1970,,TUN,Tunisia
1969,,TUN,Tunisia
1968,,TUN,Tunisia
1967,,TUN,Tunisia
1966,,TUN,Tunisia
1965,,TUN,Tunisia
1964,,TUN,Tunisia
1963,,TUN,Tunisia
1962,,TUN,Tunisia
1961,,TUN,Tunisia
1960,,TUN,Tunisia
2025,,TUR,Turkiye
2024,,TUR,Turkiye
2023,,TUR,Turkiye
2022,,TUR,Turkiye
2021,12.0,TUR,Turkiye
2020,13.7,TUR,Turkiye
2019,14.1,TUR,Turkiye
2018,11.8,TUR,Turkiye
2017,11.4,TUR,Turkiye
2016,13.2,TUR,Turkiye
2015,13.3,TUR,Turkiye
2014,11.5,TUR,Turkiye
2013,13.8,TUR,Turkiye
2012,13.0,TUR,Turkiye
2011,12.7,TUR,Turkiye
2010,14.2,TUR,Turkiye
2009,13.1,TUR,Turkiye
2008,12.5,TUR,Turkiye
2007,12.5,TUR,Turkiye
2006,14.2,TUR,Turkiye
2005,15.3,TUR,Turkiye
2004,16.8,TUR,Turkiye
2003,16.3,TUR,Turkiye
2002,17.5,TUR,Turkiye
2001,18.1,TUR,Turkiye
2000,17.3,TUR,Turkiye
1999,20.5,TUR,Turkiye
1998,21.5,TUR,Turkiye
1997,20.7,TUR,Turkiye
1996,21.0,TUR,Turkiye
1995,21.9,TUR,Turkiye
1994,24.0,TUR,Turkiye
1993,23.6,TUR,Turkiye
1992,24.0,TUR,Turkiye
1991,24.0,TUR,Turkiye
1990,24.4,TUR,Turkiye
1989,,TUR,Turkiye
1988,,TUR,Turkiye
1987,,TUR,Turkiye
1986,,TUR,Turkiye
1985,,TUR,Turkiye
1984,,TUR,Turkiye
1983,,TUR,Turkiye
1982,,TUR,Turkiye
1981,,TUR,Turkiye
1980,,TUR,Turkiye
1979,,TUR,Turkiye
1978,,TUR,Turkiye
1977,,TUR,Turkiye
1976,,TUR,Turkiye
1975,,TUR,Turkiye
1974,,TUR,Turkiye
1973,,TUR,Turkiye
1972,,TUR,Turkiye
1971,,TUR,Turkiye
1970,,TUR,Turkiye
1969,,TUR,Turkiye
1968,,TUR,Turkiye
1967,,TUR,Turkiye
1966,,TUR,Turkiye
1965,,TUR,Turkiye
1964,,TUR,Turkiye
1963,,TUR,Turkiye
1962,,TUR,Turkiye
1961,,TUR,Turkiye
1960,,TUR,Turkiye
2025,,TKM,Turkmenistan
2024,,TKM,Turkmenistan
2023,,TKM,Turkmenistan
2022,,TKM,Turkmenistan
2021,0.1,TKM,Turkmenistan
2020,0.1,TKM,Turkmenistan
2019,0.1,TKM,Turkmenistan
2018,0.1,TKM,Turkmenistan
2017,0.1,TKM,Turkmenistan
2016,0.1,TKM,Turkmenistan
2015,0.1,TKM,Turkmenistan
2014,0.1,TKM,Turkmenistan
2013,0.1,TKM,Turkmenistan
2012,0.0,TKM,Turkmenistan
2011,0.1,TKM,Turkmenistan
2010,0.1,TKM,Turkmenistan
2009,0.1,TKM,Turkmenistan
2008,0.1,TKM,Turkmenistan
2007,0.1,TKM,Turkmenistan
2006,0.1,TKM,Turkmenistan
2005,0.1,TKM,Turkmenistan
2004,0.1,TKM,Turkmenistan
2003,0.1,TKM,Turkmenistan
2002,0.1,TKM,Turkmenistan
2001,0.1,TKM,Turkmenistan
2000,0.1,TKM,Turkmenistan
1999,0.1,TKM,Turkmenistan
1998,0.1,TKM,Turkmenistan
1997,0.0,TKM,Turkmenistan
1996,0.0,TKM,Turkmenistan
1995,0.0,TKM,Turkmenistan
1994,0.0,TKM,Turkmenistan
1993,0.0,TKM,Turkmenistan
1992,0.0,TKM,Turkmenistan
1991,0.0,TKM,Turkmenistan
1990,0.0,TKM,Turkmenistan
1989,,TKM,Turkmenistan
1988,,TKM,Turkmenistan
1987,,TKM,Turkmenistan
1986,,TKM,Turkmenistan
1985,,TKM,Turkmenistan
1984,,TKM,Turkmenistan
1983,,TKM,Turkmenistan
1982,,TKM,Turkmenistan
1981,,TKM,Turkmenistan
1980,,TKM,Turkmenistan
1979,,TKM,Turkmenistan
1978,,TKM,Turkmenistan
1977,,TKM,Turkmenistan
1976,,TKM,Turkmenistan
1975,,TKM,Turkmenistan
1974,,TKM,Turkmenistan
1973,,TKM,Turkmenistan
1972,,TKM,Turkmenistan
1971,,TKM,Turkmenistan
1970,,TKM,Turkmenistan
1969,,TKM,Turkmenistan
1968,,TKM,Turkmenistan
1967,,TKM,Turkmenistan
1966,,TKM,Turkmenistan
1965,,TKM,Turkmenistan
1964,,TKM,Turkmenistan
1963,,TKM,Turkmenistan
1962,,TKM,Turkmenistan
1961,,TKM,Turkmenistan
1960,,TKM,Turkmenistan
2025,,TCA,Turks and Caicos Islands
2024,,TCA,Turks and Caicos Islands
2023,,TCA,Turks and Caicos Islands
2022,0.8,TCA,Turks and Caicos Islands
2021,0.8,TCA,Turks and Caicos Islands
2020,0.5,TCA,Turks and Caicos Islands
2019,0.5,TCA,Turks and Caicos Islands
2018,0.4,TCA,Turks and Caicos Islands
2017,0.3,TCA,Turks and Caicos Islands
2016,0.4,TCA,Turks and Caicos Islands
2015,0.4,TCA,Turks and Caicos Islands
2014,0.4,TCA,Turks and Caicos Islands
2013,0.4,TCA,Turks and Caicos Islands
2012,0.4,TCA,Turks and Caicos Islands
2011,0.4,TCA,Turks and Caicos Islands
2010,0.3,TCA,Turks and Caicos Islands
2009,0.3,TCA,Turks and Caicos Islands
2008,0.3,TCA,Turks and Caicos Islands
2007,0.3,TCA,Turks and Caicos Islands
2006,0.3,TCA,Turks and Caicos Islands
2005,0.4,TCA,Turks and Caicos Islands
2004,0.4,TCA,Turks and Caicos Islands
2003,0.4,TCA,Turks and Caicos Islands
2002,0.4,TCA,Turks and Caicos Islands
2001,0.4,TCA,Turks and Caicos Islands
2000,0.4,TCA,Turks and Caicos Islands
1999,0.5,TCA,Turks and Caicos Islands
1998,0.5,TCA,Turks and Caicos Islands
1997,0.5,TCA,Turks and Caicos Islands
1996,0.6,TCA,Turks and Caicos Islands
1995,0.5,TCA,Turks and Caicos Islands
1994,0.5,TCA,Turks and Caicos Islands
1993,0.5,TCA,Turks and Caicos Islands
1992,0.3,TCA,Turks and Caicos Islands
1991,0.5,TCA,Turks and Caicos Islands
1990,0.8,TCA,Turks and Caicos Islands
1989,,TCA,Turks and Caicos Islands
1988,,TCA,Turks and Caicos Islands
1987,,TCA,Turks and Caicos Islands
1986,,TCA,Turks and Caicos Islands
1985,,TCA,Turks and Caicos Islands
1984,,TCA,Turks and Caicos Islands
1983,,TCA,Turks and Caicos Islands
1982,,TCA,Turks and Caicos Islands
1981,,TCA,Turks and Caicos Islands
1980,,TCA,Turks and Caicos Islands
1979,,TCA,Turks and Caicos Islands
1978,,TCA,Turks and Caicos Islands
1977,,TCA,Turks and Caicos Islands
1976,,TCA,Turks and Caicos Islands
1975,,TCA,Turks and Caicos Islands
1974,,TCA,Turks and Caicos Islands
1973,,TCA,Turks and Caicos Islands
1972,,TCA,Turks and Caicos Islands
1971,,TCA,Turks and Caicos Islands
1970,,TCA,Turks and Caicos Islands
1969,,TCA,Turks and Caicos Islands
1968,,TCA,Turks and Caicos Islands
1967,,TCA,Turks and Caicos Islands
1966,,TCA,Turks and Caicos Islands
1965,,TCA,Turks and Caicos Islands
1964,,TCA,Turks and Caicos Islands
1963,,TCA,Turks and Caicos Islands
1962,,TCA,Turks and Caicos Islands
1961,,TCA,Turks and Caicos Islands
1960,,TCA,Turks and Caicos Islands
2025,,TUV,Tuvalu
2024,,TUV,Tuvalu
2023,,TUV,Tuvalu
2022,5.2,TUV,Tuvalu
2021,5.0,TUV,Tuvalu
2020,5.0,TUV,Tuvalu
2019,6.3,TUV,Tuvalu
2018,6.4,TUV,Tuvalu
2017,7.0,TUV,Tuvalu
2016,7.3,TUV,Tuvalu
2015,3.0,TUV,Tuvalu
2014,0.7,TUV,Tuvalu
2013,0.7,TUV,Tuvalu
2012,0.3,TUV,Tuvalu
2011,0.2,TUV,Tuvalu
2010,0.4,TUV,Tuvalu
2009,0.2,TUV,Tuvalu
2008,0.2,TUV,Tuvalu
2007,0.0,TUV,Tuvalu
2006,0.0,TUV,Tuvalu
2005,0.0,TUV,Tuvalu
2004,0.0,TUV,Tuvalu
2003,0.0,TUV,Tuvalu
2002,0.0,TUV,Tuvalu
2001,0.0,TUV,Tuvalu
2000,0.0,TUV,Tuvalu
1999,0.0,TUV,Tuvalu
1998,0.0,TUV,Tuvalu
1997,0.0,TUV,Tuvalu
1996,0.0,TUV,Tuvalu
1995,0.0,TUV,Tuvalu
1994,0.0,TUV,Tuvalu
1993,0.0,TUV,Tuvalu
1992,0.0,TUV,Tuvalu
1991,0.0,TUV,Tuvalu
1990,0.0,TUV,Tuvalu
1989,,TUV,Tuvalu
1988,,TUV,Tuvalu
1987,,TUV,Tuvalu
1986,,TUV,Tuvalu
1985,,TUV,Tuvalu
1984,,TUV,Tuvalu
1983,,TUV,Tuvalu
1982,,TUV,Tuvalu
1981,,TUV,Tuvalu
1980,,TUV,Tuvalu
1979,,TUV,Tuvalu
1978,,TUV,Tuvalu
1977,,TUV,Tuvalu
1976,,TUV,Tuvalu
1975,,TUV,Tuvalu
1974,,TUV,Tuvalu
1973,,TUV,Tuvalu
1972,,TUV,Tuvalu
1971,,TUV,Tuvalu
1970,,TUV,Tuvalu
1969,,TUV,Tuvalu
1968,,TUV,Tuvalu
1967,,TUV,Tuvalu
1966,,TUV,Tuvalu
1965,,TUV,Tuvalu
1964,,TUV,Tuvalu
1963,,TUV,Tuvalu
1962,,TUV,Tuvalu
1961,,TUV,Tuvalu
1960,,TUV,Tuvalu
2025,,UGA,Uganda
2024,,UGA,Uganda
2023,,UGA,Uganda
2022,90.9,UGA,Uganda
2021,91.0,UGA,Uganda
2020,91.6,UGA,Uganda
2019,90.5,UGA,Uganda
2018,90.5,UGA,Uganda
2017,91.3,UGA,Uganda
2016,91.4,UGA,Uganda
2015,91.7,UGA,Uganda
2014,92.4,UGA,Uganda
2013,93.1,UGA,Uganda
2012,93.4,UGA,Uganda
2011,93.3,UGA,Uganda
2010,93.6,UGA,Uganda
2009,94.3,UGA,Uganda
2008,94.1,UGA,Uganda
2007,94.1,UGA,Uganda
2006,94.2,UGA,Uganda
2005,94.5,UGA,Uganda
2004,95.3,UGA,Uganda
2003,95.6,UGA,Uganda
2002,95.6,UGA,Uganda
2001,95.5,UGA,Uganda
2000,95.3,UGA,Uganda
1999,95.5,UGA,Uganda
1998,95.4,UGA,Uganda
1997,95.9,UGA,Uganda
1996,96.3,UGA,Uganda
1995,96.5,UGA,Uganda
1994,97.3,UGA,Uganda
1993,96.8,UGA,Uganda
1992,96.7,UGA,Uganda
1991,96.6,UGA,Uganda
1990,96.6,UGA,Uganda
1989,,UGA,Uganda
1988,,UGA,Uganda
1987,,UGA,Uganda
1986,,UGA,Uganda
1985,,UGA,Uganda
1984,,UGA,Uganda
1983,,UGA,Uganda
1982,,UGA,Uganda
1981,,UGA,Uganda
1980,,UGA,Uganda
1979,,UGA,Uganda
1978,,UGA,Uganda
1977,,UGA,Uganda
1976,,UGA,Uganda
1975,,UGA,Uganda
1974,,UGA,Uganda
1973,,UGA,Uganda
1972,,UGA,Uganda
1971,,UGA,Uganda
1970,,UGA,Uganda
1969,,UGA,Uganda
1968,,UGA,Uganda
1967,,UGA,Uganda
1966,,UGA,Uganda
1965,,UGA,Uganda
1964,,UGA,Uganda
1963,,UGA,Uganda
1962,,UGA,Uganda
1961,,UGA,Uganda
1960,,UGA,Uganda
2025,,UKR,Ukraine
2024,,UKR,Ukraine
2023,,UKR,Ukraine
2022,,UKR,Ukraine
2021,8.9,UKR,Ukraine
2020,8.7,UKR,Ukraine
2019,7.4,UKR,Ukraine
2018,6.9,UKR,Ukraine
2017,6.5,UKR,Ukraine
2016,5.5,UKR,Ukraine
2015,4.2,UKR,Ukraine
2014,3.5,UKR,Ukraine
2013,3.5,UKR,Ukraine
2012,2.9,UKR,Ukraine
2011,2.7,UKR,Ukraine
2010,2.9,UKR,Ukraine
2009,3.0,UKR,Ukraine
2008,2.7,UKR,Ukraine
2007,2.4,UKR,Ukraine
2006,1.8,UKR,Ukraine
2005,1.3,UKR,Ukraine
2004,1.2,UKR,Ukraine
2003,1.0,UKR,Ukraine
2002,1.0,UKR,Ukraine
2001,1.2,UKR,Ukraine
2000,1.2,UKR,Ukraine
1999,1.4,UKR,Ukraine
1998,1.6,UKR,Ukraine
1997,1.0,UKR,Ukraine
1996,0.9,UKR,Ukraine
1995,1.0,UKR,Ukraine
1994,1.1,UKR,Ukraine
1993,0.9,UKR,Ukraine
1992,0.6,UKR,Ukraine
1991,0.7,UKR,Ukraine
1990,0.7,UKR,Ukraine
1989,,UKR,Ukraine
1988,,UKR,Ukraine
1987,,UKR,Ukraine
1986,,UKR,Ukraine
1985,,UKR,Ukraine
1984,,UKR,Ukraine
1983,,UKR,Ukraine
1982,,UKR,Ukraine
1981,,UKR,Ukraine
1980,,UKR,Ukraine
1979,,UKR,Ukraine
1978,,UKR,Ukraine
1977,,UKR,Ukraine
1976,,UKR,Ukraine
1975,,UKR,Ukraine
1974,,UKR,Ukraine
1973,,UKR,Ukraine
1972,,UKR,Ukraine
1971,,UKR,Ukraine
1970,,UKR,Ukraine
1969,,UKR,Ukraine
1968,,UKR,Ukraine
1967,,UKR,Ukraine
1966,,UKR,Ukraine
1965,,UKR,Ukraine
1964,,UKR,Ukraine
1963,,UKR,Ukraine
1962,,UKR,Ukraine
1961,,UKR,Ukraine
1960,,UKR,Ukraine
2025,,ARE,United Arab Emirates
2024,,ARE,United Arab Emirates
2023,,ARE,United Arab Emirates
2022,,ARE,United Arab Emirates
2021,1.0,ARE,United Arab Emirates
2020,0.9,ARE,United Arab Emirates
2019,0.7,ARE,United Arab Emirates
2018,0.3,ARE,United Arab Emirates
2017,0.2,ARE,United Arab Emirates
2016,0.1,ARE,United Arab Emirates
2015,0.1,ARE,United Arab Emirates
2014,0.1,ARE,United Arab Emirates
2013,0.1,ARE,United Arab Emirates
2012,0.1,ARE,United Arab Emirates
2011,0.1,ARE,United Arab Emirates
2010,0.1,ARE,United Arab Emirates
2009,0.1,ARE,United Arab Emirates
2008,0.1,ARE,United Arab Emirates
2007,0.1,ARE,United Arab Emirates
2006,0.1,ARE,United Arab Emirates
2005,0.1,ARE,United Arab Emirates
2004,0.1,ARE,United Arab Emirates
2003,0.1,ARE,United Arab Emirates
2002,0.1,ARE,United Arab Emirates
2001,0.1,ARE,United Arab Emirates
2000,0.1,ARE,United Arab Emirates
1999,0.1,ARE,United Arab Emirates
1998,0.1,ARE,United Arab Emirates
1997,0.1,ARE,United Arab Emirates
1996,0.1,ARE,United Arab Emirates
1995,0.1,ARE,United Arab Emirates
1994,0.1,ARE,United Arab Emirates
1993,0.1,ARE,United Arab Emirates
1992,0.2,ARE,United Arab Emirates
1991,0.0,ARE,United Arab Emirates
1990,0.0,ARE,United Arab Emirates
1989,,ARE,United Arab Emirates
1988,,ARE,United Arab Emirates
1987,,ARE,United Arab Emirates
1986,,ARE,United Arab Emirates
1985,,ARE,United Arab Emirates
1984,,ARE,United Arab Emirates
1983,,ARE,United Arab Emirates
1982,,ARE,United Arab Emirates
1981,,ARE,United Arab Emirates
1980,,ARE,United Arab Emirates
1979,,ARE,United Arab Emirates
1978,,ARE,United Arab Emirates
1977,,ARE,United Arab Emirates
1976,,ARE,United Arab Emirates
1975,,ARE,United Arab Emirates
1974,,ARE,United Arab Emirates
1973,,ARE,United Arab Emirates
1972,,ARE,United Arab Emirates
1971,,ARE,United Arab Emirates
1970,,ARE,United Arab Emirates
1969,,ARE,United Arab Emirates
1968,,ARE,United Arab Emirates
1967,,ARE,United Arab Emirates
1966,,ARE,United Arab Emirates
1965,,ARE,United Arab Emirates
1964,,ARE,United Arab Emirates
1963,,ARE,United Arab Emirates
1962,,ARE,United Arab Emirates
1961,,ARE,United Arab Emirates
1960,,ARE,United Arab Emirates
2025,,GBR,United Kingdom
2024,,GBR,United Kingdom
2023,,GBR,United Kingdom
2022,,GBR,United Kingdom
2021,12.2,GBR,United Kingdom
2020,13.6,GBR,United Kingdom
2019,11.4,GBR,United Kingdom
2018,10.2,GBR,United Kingdom
2017,8.8,GBR,United Kingdom
2016,7.7,GBR,United Kingdom
2015,7.7,GBR,United Kingdom
2014,6.6,GBR,United Kingdom
2013,5.2,GBR,United Kingdom
2012,4.2,GBR,United Kingdom
2011,4.0,GBR,United Kingdom
2010,3.2,GBR,United Kingdom
2009,3.0,GBR,United Kingdom
2008,2.4,GBR,United Kingdom
2007,1.8,GBR,United Kingdom
2006,1.6,GBR,United Kingdom
2005,1.4,GBR,United Kingdom
2004,1.1,GBR,United Kingdom
2003,0.9,GBR,United Kingdom
2002,1.0,GBR,United Kingdom
2001,0.8,GBR,United Kingdom
2000,1.0,GBR,United Kingdom
1999,0.9,GBR,United Kingdom
1998,1.0,GBR,United Kingdom
1997,1.0,GBR,United Kingdom
1996,0.9,GBR,United Kingdom
1995,1.1,GBR,United Kingdom
1994,1.0,GBR,United Kingdom
1993,0.8,GBR,United Kingdom
1992,0.8,GBR,United Kingdom
1991,0.6,GBR,United Kingdom
1990,0.7,GBR,United Kingdom
1989,,GBR,United Kingdom
1988,,GBR,United Kingdom
1987,,GBR,United Kingdom
1986,,GBR,United Kingdom
1985,,GBR,United Kingdom
1984,,GBR,United Kingdom
1983,,GBR,United Kingdom
1982,,GBR,United Kingdom
1981,,GBR,United Kingdom
1980,,GBR,United Kingdom
1979,,GBR,United Kingdom
1978,,GBR,United Kingdom
1977,,GBR,United Kingdom
1976,,GBR,United Kingdom
1975,,GBR,United Kingdom
1974,,GBR,United Kingdom
1973,,GBR,United Kingdom
1972,,GBR,United Kingdom
1971,,GBR,United Kingdom
1970,,GBR,United Kingdom
1969,,GBR,United Kingdom
1968,,GBR,United Kingdom
1967,,GBR,United Kingdom
1966,,GBR,United Kingdom
1965,,GBR,United Kingdom
1964,,GBR,United Kingdom
1963,,GBR,United Kingdom
1962,,GBR,United Kingdom
1961,,GBR,United Kingdom
1960,,GBR,United Kingdom
2025,,USA,United States
2024,,USA,United States
2023,,USA,United States
2022,,USA,United States
2021,10.9,USA,United States
2020,11.0,USA,United States
2019,10.2,USA,United States
2018,9.9,USA,United States
2017,9.7,USA,United States
2016,9.3,USA,United States
2015,8.9,USA,United States
2014,9.0,USA,United States
2013,8.9,USA,United States
2012,8.5,USA,United States
2011,8.4,USA,United States
2010,7.4,USA,United States
2009,7.3,USA,United States
2008,6.8,USA,United States
2007,6.3,USA,United States
2006,6.4,USA,United States
2005,5.8,USA,United States
2004,5.5,USA,United States
2003,5.3,USA,United States
2002,4.8,USA,United States
2001,4.7,USA,United States
2000,5.4,USA,United States
1999,5.7,USA,United States
1998,4.5,USA,United States
1997,4.5,USA,United States
1996,4.8,USA,United States
1995,4.7,USA,United States
1994,4.1,USA,United States
1993,4.3,USA,United States
1992,4.8,USA,United States
1991,4.5,USA,United States
1990,4.2,USA,United States
1989,,USA,United States
1988,,USA,United States
1987,,USA,United States
1986,,USA,United States
1985,,USA,United States
1984,,USA,United States
1983,,USA,United States
1982,,USA,United States
1981,,USA,United States
1980,,USA,United States
1979,,USA,United States
1978,,USA,United States
1977,,USA,United States
1976,,USA,United States
1975,,USA,United States
1974,,USA,United States
1973,,USA,United States
1972,,USA,United States
1971,,USA,United States
1970,,USA,United States
1969,,USA,United States
1968,,USA,United States
1967,,USA,United States
1966,,USA,United States
1965,,USA,United States
1964,,USA,United States
1963,,USA,United States
1962,,USA,United States
1961,,USA,United States
1960,,USA,United States
2025,,URY,Uruguay
2024,,URY,Uruguay
2023,,URY,Uruguay
2022,,URY,Uruguay
2021,57.8,URY,Uruguay
2020,61.2,URY,Uruguay
2019,59.3,URY,Uruguay
2018,60.8,URY,Uruguay
2017,60.8,URY,Uruguay
2016,60.3,URY,Uruguay
2015,59.4,URY,Uruguay
2014,56.7,URY,Uruguay
2013,51.9,URY,Uruguay
2012,47.9,URY,Uruguay
2011,49.7,URY,Uruguay
2010,53.3,URY,Uruguay
2009,44.6,URY,Uruguay
2008,44.1,URY,Uruguay
2007,43.2,URY,Uruguay
2006,37.6,URY,Uruguay
2005,41.3,URY,Uruguay
2004,39.3,URY,Uruguay
2003,43.8,URY,Uruguay
2002,43.2,URY,Uruguay
2001,41.6,URY,Uruguay
2000,38.7,URY,Uruguay
1999,33.3,URY,Uruguay
1998,36.9,URY,Uruguay
1997,37.7,URY,Uruguay
1996,37.5,URY,Uruguay
1995,41.0,URY,Uruguay
1994,42.2,URY,Uruguay
1993,42.7,URY,Uruguay
1992,43.3,URY,Uruguay
1991,43.7,URY,Uruguay
1990,44.8,URY,Uruguay
1989,,URY,Uruguay
1988,,URY,Uruguay
1987,,URY,Uruguay
1986,,URY,Uruguay
1985,,URY,Uruguay
1984,,URY,Uruguay
1983,,URY,Uruguay
1982,,URY,Uruguay
1981,,URY,Uruguay
1980,,URY,Uruguay
1979,,URY,Uruguay
1978,,URY,Uruguay
1977,,URY,Uruguay
1976,,URY,Uruguay
1975,,URY,Uruguay
1974,,URY,Uruguay
1973,,URY,Uruguay
1972,,URY,Uruguay
1971,,URY,Uruguay
1970,,URY,Uruguay
1969,,URY,Uruguay
1968,,URY,Uruguay
1967,,URY,Uruguay
1966,,URY,Uruguay
1965,,URY,Uruguay
1964,,URY,Uruguay
1963,,URY,Uruguay
1962,,URY,Uruguay
1961,,URY,Uruguay
1960,,URY,Uruguay
2025,,UZB,Uzbekistan
2024,,UZB,Uzbekistan
2023,,UZB,Uzbekistan
2022,,UZB,Uzbekistan
2021,1.0,UZB,Uzbekistan
2020,1.0,UZB,Uzbekistan
2019,1.6,UZB,Uzbekistan
2018,1.5,UZB,Uzbekistan
2017,1.7,UZB,Uzbekistan
2016,1.6,UZB,Uzbekistan
2015,1.7,UZB,Uzbekistan
2014,1.4,UZB,Uzbekistan
2013,1.2,UZB,Uzbekistan
2012,1.3,UZB,Uzbekistan
2011,0.9,UZB,Uzbekistan
2010,1.3,UZB,Uzbekistan
2009,1.2,UZB,Uzbekistan
2008,0.8,UZB,Uzbekistan
2007,0.9,UZB,Uzbekistan
2006,0.8,UZB,Uzbekistan
2005,1.6,UZB,Uzbekistan
2004,1.0,UZB,Uzbekistan
2003,1.4,UZB,Uzbekistan
2002,1.0,UZB,Uzbekistan
2001,0.8,UZB,Uzbekistan
2000,0.7,UZB,Uzbekistan
1999,1.5,UZB,Uzbekistan
1998,1.2,UZB,Uzbekistan
1997,1.4,UZB,Uzbekistan
1996,1.7,UZB,Uzbekistan
1995,1.5,UZB,Uzbekistan
1994,1.6,UZB,Uzbekistan
1993,1.6,UZB,Uzbekistan
1992,1.4,UZB,Uzbekistan
1991,1.2,UZB,Uzbekistan
1990,1.3,UZB,Uzbekistan
1989,,UZB,Uzbekistan
1988,,UZB,Uzbekistan
1987,,UZB,Uzbekistan
1986,,UZB,Uzbekistan
1985,,UZB,Uzbekistan
1984,,UZB,Uzbekistan
1983,,UZB,Uzbekistan
1982,,UZB,Uzbekistan
1981,,UZB,Uzbekistan
1980,,UZB,Uzbekistan
1979,,UZB,Uzbekistan
1978,,UZB,Uzbekistan
1977,,UZB,Uzbekistan
1976,,UZB,Uzbekistan
1975,,UZB,Uzbekistan
1974,,UZB,Uzbekistan
1973,,UZB,Uzbekistan
1972,,UZB,Uzbekistan
1971,,UZB,Uzbekistan
1970,,UZB,Uzbekistan
1969,,UZB,Uzbekistan
1968,,UZB,Uzbekistan
1967,,UZB,Uzbekistan
1966,,UZB,Uzbekistan
1965,,UZB,Uzbekistan
1964,,UZB,Uzbekistan
1963,,UZB,Uzbekistan
1962,,UZB,Uzbekistan
1961,,UZB,Uzbekistan
1960,,UZB,Uzbekistan
2025,,VUT,Vanuatu
2024,,VUT,Vanuatu
2023,,VUT,Vanuatu
2022,25.0,VUT,Vanuatu
2021,24.6,VUT,Vanuatu
2020,26.0,VUT,Vanuatu
2019,31.6,VUT,Vanuatu
2018,29.7,VUT,Vanuatu
2017,35.7,VUT,Vanuatu
2016,33.1,VUT,Vanuatu
2015,35.6,VUT,Vanuatu
2014,31.5,VUT,Vanuatu
2013,40.9,VUT,Vanuatu
2012,39.0,VUT,Vanuatu
2011,35.8,VUT,Vanuatu
2010,38.1,VUT,Vanuatu
2009,38.7,VUT,Vanuatu
2008,52.1,VUT,Vanuatu
2007,51.6,VUT,Vanuatu
2006,55.3,VUT,Vanuatu
2005,54.9,VUT,Vanuatu
2004,55.4,VUT,Vanuatu
2003,52.7,VUT,Vanuatu
2002,53.3,VUT,Vanuatu
2001,51.3,VUT,Vanuatu
2000,49.5,VUT,Vanuatu
1999,50.5,VUT,Vanuatu
1998,49.3,VUT,Vanuatu
1997,46.7,VUT,Vanuatu
1996,44.3,VUT,Vanuatu
1995,45.4,VUT,Vanuatu
1994,43.5,VUT,Vanuatu
1993,40.3,VUT,Vanuatu
1992,37.3,VUT,Vanuatu
1991,31.9,VUT,Vanuatu
1990,27.6,VUT,Vanuatu
1989,,VUT,Vanuatu
1988,,VUT,Vanuatu
1987,,VUT,Vanuatu
1986,,VUT,Vanuatu
1985,,VUT,Vanuatu
1984,,VUT,Vanuatu
1983,,VUT,Vanuatu
1982,,VUT,Vanuatu
1981,,VUT,Vanuatu
1980,,VUT,Vanuatu
1979,,VUT,Vanuatu
1978,,VUT,Vanuatu
1977,,VUT,Vanuatu
1976,,VUT,Vanuatu
1975,,VUT,Vanuatu
1974,,VUT,Vanuatu
1973,,VUT,Vanuatu
1972,,VUT,Vanuatu
1971,,VUT,Vanuatu
1970,,VUT,Vanuatu
1969,,VUT,Vanuatu
1968,,VUT,Vanuatu
1967,,VUT,Vanuatu
1966,,VUT,Vanuatu
1965,,VUT,Vanuatu
1964,,VUT,Vanuatu
1963,,VUT,Vanuatu
1962,,VUT,Vanuatu
1961,,VUT,Vanuatu
1960,,VUT,Vanuatu
2025,,VEN,"Venezuela, RB"
2024,,VEN,"Venezuela, RB"
2023,,VEN,"Venezuela, RB"
2022,,VEN,"Venezuela, RB"
2021,33.7,VEN,"Venezuela, RB"
2020,31.2,VEN,"Venezuela, RB"
2019,15.8,VEN,"Venezuela, RB"
2018,14.6,VEN,"Venezuela, RB"
2017,14.3,VEN,"Venezuela, RB"
2016,14.6,VEN,"Venezuela, RB"
2015,15.4,VEN,"Venezuela, RB"
2014,12.1,VEN,"Venezuela, RB"
2013,15.4,VEN,"Venezuela, RB"
2012,13.8,VEN,"Venezuela, RB"
2011,14.8,VEN,"Venezuela, RB"
2010,13.8,VEN,"Venezuela, RB"
2009,16.2,VEN,"Venezuela, RB"
2008,16.4,VEN,"Venezuela, RB"
2007,16.6,VEN,"Venezuela, RB"
2006,15.6,VEN,"Venezuela, RB"
2005,14.2,VEN,"Venezuela, RB"
2004,14.6,VEN,"Venezuela, RB"
2003,13.4,VEN,"Venezuela, RB"
2002,12.8,VEN,"Venezuela, RB"
2001,14.0,VEN,"Venezuela, RB"
2000,15.3,VEN,"Venezuela, RB"
1999,15.0,VEN,"Venezuela, RB"
1998,13.7,VEN,"Venezuela, RB"
1997,13.9,VEN,"Venezuela, RB"
1996,12.9,VEN,"Venezuela, RB"
1995,13.2,VEN,"Venezuela, RB"
1994,13.8,VEN,"Venezuela, RB"
1993,13.2,VEN,"Venezuela, RB"
1992,14.2,VEN,"Venezuela, RB"
1991,13.2,VEN,"Venezuela, RB"
1990,12.0,VEN,"Venezuela, RB"
1989,,VEN,"Venezuela, RB"
1988,,VEN,"Venezuela, RB"
1987,,VEN,"Venezuela, RB"
1986,,VEN,"Venezuela, RB"
1985,,VEN,"Venezuela, RB"
1984,,VEN,"Venezuela, RB"
1983,,VEN,"Venezuela, RB"
1982,,VEN,"Venezuela, RB"
1981,,VEN,"Venezuela, RB"
1980,,VEN,"Venezuela, RB"
1979,,VEN,"Venezuela, RB"
1978,,VEN,"Venezuela, RB"
1977,,VEN,"Venezuela, RB"
1976,,VEN,"Venezuela, RB"
1975,,VEN,"Venezuela, RB"
1974,,VEN,"Venezuela, RB"
1973,,VEN,"Venezuela, RB"
1972,,VEN,"Venezuela, RB"
1971,,VEN,"Venezuela, RB"
1970,,VEN,"Venezuela, RB"
1969,,VEN,"Venezuela, RB"
1968,,VEN,"Venezuela, RB"
1967,,VEN,"Venezuela, RB"
1966,,VEN,"Venezuela, RB"
1965,,VEN,"Venezuela, RB"
1964,,VEN,"Venezuela, RB"
1963,,VEN,"Venezuela, RB"
1962,,VEN,"Venezuela, RB"
1961,,VEN,"Venezuela, RB"
1960,,VEN,"Venezuela, RB"
2025,,VNM,Viet Nam
2024,,VNM,Viet Nam
2023,,VNM,Viet Nam
2022,,VNM,Viet Nam
2021,24.2,VNM,Viet Nam
2020,18.9,VNM,Viet Nam
2019,20.4,VNM,Viet Nam
2018,24.3,VNM,Viet Nam
2017,28.3,VNM,Viet Nam
2016,26.8,VNM,Viet Nam
2015,27.8,VNM,Viet Nam
2014,36.7,VNM,Viet Nam
2013,37.4,VNM,Viet Nam
2012,37.9,VNM,Viet Nam
2011,36.3,VNM,Viet Nam
2010,34.6,VNM,Viet Nam
2009,37.0,VNM,Viet Nam
2008,39.3,VNM,Viet Nam
2007,41.9,VNM,Viet Nam
2006,44.2,VNM,Viet Nam
2005,44.1,VNM,Viet Nam
2004,45.8,VNM,Viet Nam
2003,50.8,VNM,Viet Nam
2002,52.2,VNM,Viet Nam
2001,56.1,VNM,Viet Nam
2000,57.7,VNM,Viet Nam
1999,59.3,VNM,Viet Nam
1998,59.2,VNM,Viet Nam
1997,60.5,VNM,Viet Nam
1996,62.6,VNM,Viet Nam
1995,64.9,VNM,Viet Nam
1994,67.8,VNM,Viet Nam
1993,70.6,VNM,Viet Nam
1992,74.5,VNM,Viet Nam
1991,75.5,VNM,Viet Nam
1990,75.9,VNM,Viet Nam
1989,,VNM,Viet Nam
1988,,VNM,Viet Nam
1987,,VNM,Viet Nam
1986,,VNM,Viet Nam
1985,,VNM,Viet Nam
1984,,VNM,Viet Nam
1983,,VNM,Viet Nam
1982,,VNM,Viet Nam
1981,,VNM,Viet Nam
1980,,VNM,Viet Nam
1979,,VNM,Viet Nam
1978,,VNM,Viet Nam
1977,,VNM,Viet Nam
1976,,VNM,Viet Nam
1975,,VNM,Viet Nam
1974,,VNM,Viet Nam
1973,,VNM,Viet Nam
1972,,VNM,Viet Nam
1971,,VNM,Viet Nam
1970,,VNM,Viet Nam
1969,,VNM,Viet Nam
1968,,VNM,Viet Nam
1967,,VNM,Viet Nam
1966,,VNM,Viet Nam
1965,,VNM,Viet Nam
1964,,VNM,Viet Nam
1963,,VNM,Viet Nam
1962,,VNM,Viet Nam
1961,,VNM,Viet Nam
1960,,VNM,Viet Nam
2025,,VIR,Virgin Islands (U.S.)
2024,,VIR,Virgin Islands (U.S.)
2023,,VIR,Virgin Islands (U.S.)
2022,5.9,VIR,Virgin Islands (U.S.)
2021,5.9,VIR,Virgin Islands (U.S.)
2020,5.9,VIR,Virgin Islands (U.S.)
2019,6.2,VIR,Virgin Islands (U.S.)
2018,5.8,VIR,Virgin Islands (U.S.)
2017,5.3,VIR,Virgin Islands (U.S.)
2016,5.7,VIR,Virgin Islands (U.S.)
2015,5.6,VIR,Virgin Islands (U.S.)
2014,4.2,VIR,Virgin Islands (U.S.)
2013,2.9,VIR,Virgin Islands (U.S.)
2012,2.0,VIR,Virgin Islands (U.S.)
2011,1.2,VIR,Virgin Islands (U.S.)
2010,0.7,VIR,Virgin Islands (U.S.)
2009,0.8,VIR,Virgin Islands (U.S.)
2008,0.7,VIR,Virgin Islands (U.S.)
2007,0.7,VIR,Virgin Islands (U.S.)
2006,0.7,VIR,Virgin Islands (U.S.)
2005,0.7,VIR,Virgin Islands (U.S.)
2004,0.6,VIR,Virgin Islands (U.S.)
2003,0.6,VIR,Virgin Islands (U.S.)
2002,0.6,VIR,Virgin Islands (U.S.)
2001,0.6,VIR,Virgin Islands (U.S.)
2000,0.5,VIR,Virgin Islands (U.S.)
1999,0.5,VIR,Virgin Islands (U.S.)
1998,0.5,VIR,Virgin Islands (U.S.)
1997,0.5,VIR,Virgin Islands (U.S.)
1996,0.5,VIR,Virgin Islands (U.S.)
1995,0.5,VIR,Virgin Islands (U.S.)
1994,0.5,VIR,Virgin Islands (U.S.)
1993,0.5,VIR,Virgin Islands (U.S.)
1992,0.5,VIR,Virgin Islands (U.S.)
1991,0.5,VIR,Virgin Islands (U.S.)
1990,0.5,VIR,Virgin Islands (U.S.)
1989,,VIR,Virgin Islands (U.S.)
1988,,VIR,Virgin Islands (U.S.)
1987,,VIR,Virgin Islands (U.S.)
1986,,VIR,Virgin Islands (U.S.)
1985,,VIR,Virgin Islands (U.S.)
1984,,VIR,Virgin Islands (U.S.)
1983,,VIR,Virgin Islands (U.S.)
1982,,VIR,Virgin Islands (U.S.)
1981,,VIR,Virgin Islands (U.S.)
1980,,VIR,Virgin Islands (U.S.)
1979,,VIR,Virgin Islands (U.S.)
1978,,VIR,Virgin Islands (U.S.)
1977,,VIR,Virgin Islands (U.S.)
1976,,VIR,Virgin Islands (U.S.)
1975,,VIR,Virgin Islands (U.S.)
1974,,VIR,Virgin Islands (U.S.)
1973,,VIR,Virgin Islands (U.S.)
1972,,VIR,Virgin Islands (U.S.)
1971,,VIR,Virgin Islands (U.S.)
1970,,VIR,Virgin Islands (U.S.)
1969,,VIR,Virgin Islands (U.S.)
1968,,VIR,Virgin Islands (U.S.)
1967,,VIR,Virgin Islands (U.S.)
1966,,VIR,Virgin Islands (U.S.)
1965,,VIR,Virgin Islands (U.S.)
1964,,VIR,Virgin Islands (U.S.)
1963,,VIR,Virgin Islands (U.S.)
1962,,VIR,Virgin Islands (U.S.)
1961,,VIR,Virgin Islands (U.S.)
1960,,VIR,Virgin Islands (U.S.)
2025,,PSE,West Bank and Gaza
2024,,PSE,West Bank and Gaza
2023,,PSE,West Bank and Gaza
2022,15.4,PSE,West Bank and Gaza
2021,15.4,PSE,West Bank and Gaza
2020,15.0,PSE,West Bank and Gaza
2019,13.9,PSE,West Bank and Gaza
2018,12.7,PSE,West Bank and Gaza
2017,10.5,PSE,West Bank and Gaza
2016,12.3,PSE,West Bank and Gaza
2015,11.0,PSE,West Bank and Gaza
2014,10.8,PSE,West Bank and Gaza
2013,11.7,PSE,West Bank and Gaza
2012,12.2,PSE,West Bank and Gaza
2011,15.4,PSE,West Bank and Gaza
2010,14.1,PSE,West Bank and Gaza
2009,16.5,PSE,West Bank and Gaza
2008,20.1,PSE,West Bank and Gaza
2007,20.5,PSE,West Bank and Gaza
2006,18.1,PSE,West Bank and Gaza
2005,22.8,PSE,West Bank and Gaza
2004,23.1,PSE,West Bank and Gaza
2003,21.7,PSE,West Bank and Gaza
2002,21.8,PSE,West Bank and Gaza
2001,17.1,PSE,West Bank and Gaza
2000,17.5,PSE,West Bank and Gaza
1999,15.9,PSE,West Bank and Gaza
1998,16.4,PSE,West Bank and Gaza
1997,17.2,PSE,West Bank and Gaza
1996,20.2,PSE,West Bank and Gaza
1995,21.0,PSE,West Bank and Gaza
1994,21.0,PSE,West Bank and Gaza
1993,21.3,PSE,West Bank and Gaza
1992,21.5,PSE,West Bank and Gaza
1991,22.0,PSE,West Bank and Gaza
1990,22.1,PSE,West Bank and Gaza
1989,,PSE,West Bank and Gaza
1988,,PSE,West Bank and Gaza
1987,,PSE,West Bank and Gaza
1986,,PSE,West Bank and Gaza
1985,,PSE,West Bank and Gaza
1984,,PSE,West Bank and Gaza
1983,,PSE,West Bank and Gaza
1982,,PSE,West Bank and Gaza
1981,,PSE,West Bank and Gaza
1980,,PSE,West Bank and Gaza
1979,,PSE,West Bank and Gaza
1978,,PSE,West Bank and Gaza
1977,,PSE,West Bank and Gaza
1976,,PSE,West Bank and Gaza
1975,,PSE,West Bank and Gaza
1974,,PSE,West Bank and Gaza
1973,,PSE,West Bank and Gaza
1972,,PSE,West Bank and Gaza
1971,,PSE,West Bank and Gaza
1970,,PSE,West Bank and Gaza
1969,,PSE,West Bank and Gaza
1968,,PSE,West Bank and Gaza
1967,,PSE,West Bank and Gaza
1966,,PSE,West Bank and Gaza
1965,,PSE,West Bank and Gaza
1964,,PSE,West Bank and Gaza
1963,,PSE,West Bank and Gaza
1962,,PSE,West Bank and Gaza
1961,,PSE,West Bank and Gaza
1960,,PSE,West Bank and Gaza
2025,,YEM,"Yemen, Rep."
2024,,YEM,"Yemen, Rep."
2023,,YEM,"Yemen, Rep."
2022,,YEM,"Yemen, Rep."
2021,3.7,YEM,"Yemen, Rep."
2020,3.5,YEM,"Yemen, Rep."
2019,3.0,YEM,"Yemen, Rep."
2018,2.9,YEM,"Yemen, Rep."
2017,3.0,YEM,"Yemen, Rep."
2016,2.6,YEM,"Yemen, Rep."
2015,2.0,YEM,"Yemen, Rep."
2014,0.8,YEM,"Yemen, Rep."
2013,0.8,YEM,"Yemen, Rep."
2012,1.1,YEM,"Yemen, Rep."
2011,0.9,YEM,"Yemen, Rep."
2010,0.8,YEM,"Yemen, Rep."
2009,0.7,YEM,"Yemen, Rep."
2008,0.7,YEM,"Yemen, Rep."
2007,0.8,YEM,"Yemen, Rep."
2006,0.8,YEM,"Yemen, Rep."
2005,0.7,YEM,"Yemen, Rep."
2004,0.8,YEM,"Yemen, Rep."
2003,0.8,YEM,"Yemen, Rep."
2002,0.9,YEM,"Yemen, Rep."
2001,0.9,YEM,"Yemen, Rep."
2000,0.9,YEM,"Yemen, Rep."
1999,1.0,YEM,"Yemen, Rep."
1998,1.1,YEM,"Yemen, Rep."
1997,1.1,YEM,"Yemen, Rep."
1996,1.2,YEM,"Yemen, Rep."
1995,1.2,YEM,"Yemen, Rep."
1994,1.4,YEM,"Yemen, Rep."
1993,1.5,YEM,"Yemen, Rep."
1992,1.3,YEM,"Yemen, Rep."
1991,1.4,YEM,"Yemen, Rep."
1990,1.8,YEM,"Yemen, Rep."
1989,,YEM,"Yemen, Rep."
1988,,YEM,"Yemen, Rep."
1987,,YEM,"Yemen, Rep."
1986,,YEM,"Yemen, Rep."
1985,,YEM,"Yemen, Rep."
1984,,YEM,"Yemen, Rep."
1983,,YEM,"Yemen, Rep."
1982,,YEM,"Yemen, Rep."
1981,,YEM,"Yemen, Rep."
1980,,YEM,"Yemen, Rep."
1979,,YEM,"Yemen, Rep."
1978,,YEM,"Yemen, Rep."
1977,,YEM,"Yemen, Rep."
1976,,YEM,"Yemen, Rep."
1975,,YEM,"Yemen, Rep."
1974,,YEM,"Yemen, Rep."
1973,,YEM,"Yemen, Rep."
1972,,YEM,"Yemen, Rep."
1971,,YEM,"Yemen, Rep."
1970,,YEM,"Yemen, Rep."
1969,,YEM,"Yemen, Rep."
1968,,YEM,"Yemen, Rep."
1967,,YEM,"Yemen, Rep."
1966,,YEM,"Yemen, Rep."
1965,,YEM,"Yemen, Rep."
1964,,YEM,"Yemen, Rep."
1963,,YEM,"Yemen, Rep."
1962,,YEM,"Yemen, Rep."
1961,,YEM,"Yemen, Rep."
1960,,YEM,"Yemen, Rep."
2025,,ZMB,Zambia
2024,,ZMB,Zambia
2023,,ZMB,Zambia
2022,,ZMB,Zambia
2021,83.0,ZMB,Zambia
2020,85.4,ZMB,Zambia
2019,86.1,ZMB,Zambia
2018,83.8,ZMB,Zambia
2017,83.5,ZMB,Zambia
2016,84.0,ZMB,Zambia
2015,84.0,ZMB,Zambia
2014,84.6,ZMB,Zambia
2013,85.3,ZMB,Zambia
2012,85.4,ZMB,Zambia
2011,87.9,ZMB,Zambia
2010,89.2,ZMB,Zambia
2009,89.2,ZMB,Zambia
2008,89.8,ZMB,Zambia
2007,90.7,ZMB,Zambia
2006,89.7,ZMB,Zambia
2005,88.9,ZMB,Zambia
2004,89.4,ZMB,Zambia
2003,89.3,ZMB,Zambia
2002,89.6,ZMB,Zambia
2001,89.8,ZMB,Zambia
2000,90.0,ZMB,Zambia
1999,89.8,ZMB,Zambia
1998,87.8,ZMB,Zambia
1997,87.0,ZMB,Zambia
1996,89.6,ZMB,Zambia
1995,87.1,ZMB,Zambia
1994,86.9,ZMB,Zambia
1993,85.2,ZMB,Zambia
1992,82.7,ZMB,Zambia
1991,82.3,ZMB,Zambia
1990,83.0,ZMB,Zambia
1989,,ZMB,Zambia
1988,,ZMB,Zambia
1987,,ZMB,Zambia
1986,,ZMB,Zambia
1985,,ZMB,Zambia
1984,,ZMB,Zambia
1983,,ZMB,Zambia
1982,,ZMB,Zambia
1981,,ZMB,Zambia
1980,,ZMB,Zambia
1979,,ZMB,Zambia
1978,,ZMB,Zambia
1977,,ZMB,Zambia
1976,,ZMB,Zambia
1975,,ZMB,Zambia
1974,,ZMB,Zambia
1973,,ZMB,Zambia
1972,,ZMB,Zambia
1971,,ZMB,Zambia
1970,,ZMB,Zambia
1969,,ZMB,Zambia
1968,,ZMB,Zambia
1967,,ZMB,Zambia
1966,,ZMB,Zambia
1965,,ZMB,Zambia
1964,,ZMB,Zambia
1963,,ZMB,Zambia
1962,,ZMB,Zambia
1961,,ZMB,Zambia
1960,,ZMB,Zambia
2025,,ZWE,Zimbabwe
2024,,ZWE,Zimbabwe
2023,,ZWE,Zimbabwe
2022,,ZWE,Zimbabwe
2021,82.4,ZWE,Zimbabwe
2020,84.1,ZWE,Zimbabwe
2019,81.0,ZWE,Zimbabwe
2018,79.7,ZWE,Zimbabwe
2017,82.0,ZWE,Zimbabwe
2016,81.7,ZWE,Zimbabwe
2015,80.8,ZWE,Zimbabwe
2014,80.8,ZWE,Zimbabwe
2013,79.3,ZWE,Zimbabwe
2012,77.0,ZWE,Zimbabwe
2011,77.2,ZWE,Zimbabwe
2010,81.2,ZWE,Zimbabwe
2009,82.6,ZWE,Zimbabwe
2008,81.6,ZWE,Zimbabwe
2007,78.0,ZWE,Zimbabwe
2006,78.7,ZWE,Zimbabwe
2005,80.3,ZWE,Zimbabwe
2004,81.8,ZWE,Zimbabwe
2003,78.0,ZWE,Zimbabwe
2002,74.7,ZWE,Zimbabwe
2001,72.3,ZWE,Zimbabwe
2000,69.5,ZWE,Zimbabwe
1999,64.4,ZWE,Zimbabwe
1998,67.8,ZWE,Zimbabwe
1997,67.4,ZWE,Zimbabwe
1996,66.7,ZWE,Zimbabwe
1995,67.1,ZWE,Zimbabwe
1994,68.5,ZWE,Zimbabwe
1993,64.4,ZWE,Zimbabwe
1992,64.4,ZWE,Zimbabwe
1991,63.7,ZWE,Zimbabwe
1990,64.0,ZWE,Zimbabwe
1989,,ZWE,Zimbabwe
1988,,ZWE,Zimbabwe
1987,,ZWE,Zimbabwe
1986,,ZWE,Zimbabwe
1985,,ZWE,Zimbabwe
1984,,ZWE,Zimbabwe
1983,,ZWE,Zimbabwe
1982,,ZWE,Zimbabwe
1981,,ZWE,Zimbabwe
1980,,ZWE,Zimbabwe
1979,,ZWE,Zimbabwe
1978,,ZWE,Zimbabwe
1977,,ZWE,Zimbabwe
1976,,ZWE,Zimbabwe
1975,,ZWE,Zimbabwe
1974,,ZWE,Zimbabwe
1973,,ZWE,Zimbabwe
1972,,ZWE,Zimbabwe
1971,,ZWE,Zimbabwe
1970,,ZWE,Zimbabwe
1969,,ZWE,Zimbabwe
1968,,ZWE,Zimbabwe
1967,,ZWE,Zimbabwe
1966,,ZWE,Zimbabwe
1965,,ZWE,Zimbabwe
1964,,ZWE,Zimbabwe
1963,,ZWE,Zimbabwe
1962,,ZWE,Zimbabwe
1961,,ZWE,Zimbabwe
1960,,ZWE,Zimbabwe
